ISO-10303-21;
HEADER;
/* Generated by software containing ST-Developer
 * from STEP Tools, Inc. (www.steptools.com) 
 */

FILE_DESCRIPTION(
/* description */ ('FreeCAD Model'),
/* implementation_level */ '2;1');

FILE_NAME(
/* name */ 'PAM8904JPR.step',
/* time_stamp */ '2026-08-24T09:30:46+02:00',
/* author */ (''),
/* organization */ (''),
/* preprocessor_version */ 'ST-DEVELOPER v20.1',
/* originating_system */ 'Autodesk Translation Framework v15.8.0.0',
/* authorisation */ '');

FILE_SCHEMA (('AUTOMOTIVE_DESIGN { 1 0 10303 214 3 1 1 }'));
ENDSEC;

DATA;
#10=MECHANICAL_DESIGN_GEOMETRIC_PRESENTATION_REPRESENTATION('',(#13,#14,
#15,#16,#17,#18,#19,#20,#21,#22,#23,#24,#25,#26),#4648);
#11=SHAPE_REPRESENTATION_RELATIONSHIP('SRR','None',#4655,#12);
#12=ADVANCED_BREP_SHAPE_REPRESENTATION('',(#27,#28,#29,#30,#31,#32,#33,
#34,#35,#36,#37,#38,#39,#40),#4647);
#13=STYLED_ITEM('',(#4665),#27);
#14=STYLED_ITEM('',(#4666),#28);
#15=STYLED_ITEM('',(#4666),#29);
#16=STYLED_ITEM('',(#4666),#30);
#17=STYLED_ITEM('',(#4666),#31);
#18=STYLED_ITEM('',(#4666),#32);
#19=STYLED_ITEM('',(#4666),#33);
#20=STYLED_ITEM('',(#4666),#34);
#21=STYLED_ITEM('',(#4666),#35);
#22=STYLED_ITEM('',(#4666),#36);
#23=STYLED_ITEM('',(#4666),#37);
#24=STYLED_ITEM('',(#4666),#38);
#25=STYLED_ITEM('',(#4666),#39);
#26=STYLED_ITEM('',(#4666),#40);
#27=MANIFOLD_SOLID_BREP('Body1',#2839);
#28=MANIFOLD_SOLID_BREP('Body2',#2840);
#29=MANIFOLD_SOLID_BREP('Body3',#2841);
#30=MANIFOLD_SOLID_BREP('Body4',#2842);
#31=MANIFOLD_SOLID_BREP('Body5',#2843);
#32=MANIFOLD_SOLID_BREP('Body6',#2844);
#33=MANIFOLD_SOLID_BREP('Body7',#2845);
#34=MANIFOLD_SOLID_BREP('Body8',#2846);
#35=MANIFOLD_SOLID_BREP('Body9',#2847);
#36=MANIFOLD_SOLID_BREP('Body10',#2848);
#37=MANIFOLD_SOLID_BREP('Body11',#2849);
#38=MANIFOLD_SOLID_BREP('Body12',#2850);
#39=MANIFOLD_SOLID_BREP('Body13',#2851);
#40=MANIFOLD_SOLID_BREP('Body14',#2852);
#41=CYLINDRICAL_SURFACE('',#2870,0.125);
#42=CYLINDRICAL_SURFACE('',#2880,0.1);
#43=CYLINDRICAL_SURFACE('',#2884,0.1);
#44=CYLINDRICAL_SURFACE('',#2903,0.1);
#45=CYLINDRICAL_SURFACE('',#2907,0.1);
#46=CYLINDRICAL_SURFACE('',#2919,0.1);
#47=CYLINDRICAL_SURFACE('',#2923,0.1);
#48=CYLINDRICAL_SURFACE('',#2935,0.1);
#49=CYLINDRICAL_SURFACE('',#2939,0.1);
#50=CYLINDRICAL_SURFACE('',#2951,0.1);
#51=CYLINDRICAL_SURFACE('',#2955,0.1);
#52=CYLINDRICAL_SURFACE('',#2967,0.1);
#53=CYLINDRICAL_SURFACE('',#2971,0.1);
#54=CYLINDRICAL_SURFACE('',#2983,0.1);
#55=CYLINDRICAL_SURFACE('',#2987,0.1);
#56=CYLINDRICAL_SURFACE('',#2999,0.1);
#57=CYLINDRICAL_SURFACE('',#3003,0.1);
#58=CYLINDRICAL_SURFACE('',#3015,0.1);
#59=CYLINDRICAL_SURFACE('',#3019,0.1);
#60=CYLINDRICAL_SURFACE('',#3031,0.1);
#61=CYLINDRICAL_SURFACE('',#3035,0.1);
#62=CYLINDRICAL_SURFACE('',#3047,0.1);
#63=CYLINDRICAL_SURFACE('',#3051,0.1);
#64=CYLINDRICAL_SURFACE('',#3063,0.1);
#65=CYLINDRICAL_SURFACE('',#3067,0.1);
#66=FACE_BOUND('',#277,.T.);
#67=CIRCLE('',#2867,0.125);
#68=CIRCLE('',#2871,0.125);
#69=CIRCLE('',#2881,0.1);
#70=CIRCLE('',#2882,0.1);
#71=CIRCLE('',#2885,0.1);
#72=CIRCLE('',#2886,0.1);
#73=CIRCLE('',#2904,0.1);
#74=CIRCLE('',#2905,0.1);
#75=CIRCLE('',#2908,0.1);
#76=CIRCLE('',#2909,0.1);
#77=CIRCLE('',#2920,0.1);
#78=CIRCLE('',#2921,0.1);
#79=CIRCLE('',#2924,0.1);
#80=CIRCLE('',#2925,0.1);
#81=CIRCLE('',#2936,0.1);
#82=CIRCLE('',#2937,0.1);
#83=CIRCLE('',#2940,0.1);
#84=CIRCLE('',#2941,0.1);
#85=CIRCLE('',#2952,0.1);
#86=CIRCLE('',#2953,0.1);
#87=CIRCLE('',#2956,0.1);
#88=CIRCLE('',#2957,0.1);
#89=CIRCLE('',#2968,0.1);
#90=CIRCLE('',#2969,0.1);
#91=CIRCLE('',#2972,0.1);
#92=CIRCLE('',#2973,0.1);
#93=CIRCLE('',#2984,0.1);
#94=CIRCLE('',#2985,0.1);
#95=CIRCLE('',#2988,0.1);
#96=CIRCLE('',#2989,0.1);
#97=CIRCLE('',#3000,0.1);
#98=CIRCLE('',#3001,0.1);
#99=CIRCLE('',#3004,0.1);
#100=CIRCLE('',#3005,0.1);
#101=CIRCLE('',#3016,0.1);
#102=CIRCLE('',#3017,0.1);
#103=CIRCLE('',#3020,0.1);
#104=CIRCLE('',#3021,0.1);
#105=CIRCLE('',#3032,0.1);
#106=CIRCLE('',#3033,0.1);
#107=CIRCLE('',#3036,0.1);
#108=CIRCLE('',#3037,0.1);
#109=CIRCLE('',#3048,0.1);
#110=CIRCLE('',#3049,0.1);
#111=CIRCLE('',#3052,0.1);
#112=CIRCLE('',#3053,0.1);
#113=CIRCLE('',#3064,0.1);
#114=CIRCLE('',#3065,0.1);
#115=CIRCLE('',#3068,0.1);
#116=CIRCLE('',#3069,0.1);
#117=FACE_OUTER_BOUND('',#276,.T.);
#118=FACE_OUTER_BOUND('',#278,.T.);
#119=FACE_OUTER_BOUND('',#279,.T.);
#120=FACE_OUTER_BOUND('',#280,.T.);
#121=FACE_OUTER_BOUND('',#281,.T.);
#122=FACE_OUTER_BOUND('',#282,.T.);
#123=FACE_OUTER_BOUND('',#283,.T.);
#124=FACE_OUTER_BOUND('',#284,.T.);
#125=FACE_OUTER_BOUND('',#285,.T.);
#126=FACE_OUTER_BOUND('',#286,.T.);
#127=FACE_OUTER_BOUND('',#287,.T.);
#128=FACE_OUTER_BOUND('',#288,.T.);
#129=FACE_OUTER_BOUND('',#289,.T.);
#130=FACE_OUTER_BOUND('',#290,.T.);
#131=FACE_OUTER_BOUND('',#291,.T.);
#132=FACE_OUTER_BOUND('',#292,.T.);
#133=FACE_OUTER_BOUND('',#293,.T.);
#134=FACE_OUTER_BOUND('',#294,.T.);
#135=FACE_OUTER_BOUND('',#295,.T.);
#136=FACE_OUTER_BOUND('',#296,.T.);
#137=FACE_OUTER_BOUND('',#297,.T.);
#138=FACE_OUTER_BOUND('',#298,.T.);
#139=FACE_OUTER_BOUND('',#299,.T.);
#140=FACE_OUTER_BOUND('',#300,.T.);
#141=FACE_OUTER_BOUND('',#301,.T.);
#142=FACE_OUTER_BOUND('',#302,.T.);
#143=FACE_OUTER_BOUND('',#303,.T.);
#144=FACE_OUTER_BOUND('',#304,.T.);
#145=FACE_OUTER_BOUND('',#305,.T.);
#146=FACE_OUTER_BOUND('',#306,.T.);
#147=FACE_OUTER_BOUND('',#307,.T.);
#148=FACE_OUTER_BOUND('',#308,.T.);
#149=FACE_OUTER_BOUND('',#309,.T.);
#150=FACE_OUTER_BOUND('',#310,.T.);
#151=FACE_OUTER_BOUND('',#311,.T.);
#152=FACE_OUTER_BOUND('',#312,.T.);
#153=FACE_OUTER_BOUND('',#313,.T.);
#154=FACE_OUTER_BOUND('',#314,.T.);
#155=FACE_OUTER_BOUND('',#315,.T.);
#156=FACE_OUTER_BOUND('',#316,.T.);
#157=FACE_OUTER_BOUND('',#317,.T.);
#158=FACE_OUTER_BOUND('',#318,.T.);
#159=FACE_OUTER_BOUND('',#319,.T.);
#160=FACE_OUTER_BOUND('',#320,.T.);
#161=FACE_OUTER_BOUND('',#321,.T.);
#162=FACE_OUTER_BOUND('',#322,.T.);
#163=FACE_OUTER_BOUND('',#323,.T.);
#164=FACE_OUTER_BOUND('',#324,.T.);
#165=FACE_OUTER_BOUND('',#325,.T.);
#166=FACE_OUTER_BOUND('',#326,.T.);
#167=FACE_OUTER_BOUND('',#327,.T.);
#168=FACE_OUTER_BOUND('',#328,.T.);
#169=FACE_OUTER_BOUND('',#329,.T.);
#170=FACE_OUTER_BOUND('',#330,.T.);
#171=FACE_OUTER_BOUND('',#331,.T.);
#172=FACE_OUTER_BOUND('',#332,.T.);
#173=FACE_OUTER_BOUND('',#333,.T.);
#174=FACE_OUTER_BOUND('',#334,.T.);
#175=FACE_OUTER_BOUND('',#335,.T.);
#176=FACE_OUTER_BOUND('',#336,.T.);
#177=FACE_OUTER_BOUND('',#337,.T.);
#178=FACE_OUTER_BOUND('',#338,.T.);
#179=FACE_OUTER_BOUND('',#339,.T.);
#180=FACE_OUTER_BOUND('',#340,.T.);
#181=FACE_OUTER_BOUND('',#341,.T.);
#182=FACE_OUTER_BOUND('',#342,.T.);
#183=FACE_OUTER_BOUND('',#343,.T.);
#184=FACE_OUTER_BOUND('',#344,.T.);
#185=FACE_OUTER_BOUND('',#345,.T.);
#186=FACE_OUTER_BOUND('',#346,.T.);
#187=FACE_OUTER_BOUND('',#347,.T.);
#188=FACE_OUTER_BOUND('',#348,.T.);
#189=FACE_OUTER_BOUND('',#349,.T.);
#190=FACE_OUTER_BOUND('',#350,.T.);
#191=FACE_OUTER_BOUND('',#351,.T.);
#192=FACE_OUTER_BOUND('',#352,.T.);
#193=FACE_OUTER_BOUND('',#353,.T.);
#194=FACE_OUTER_BOUND('',#354,.T.);
#195=FACE_OUTER_BOUND('',#355,.T.);
#196=FACE_OUTER_BOUND('',#356,.T.);
#197=FACE_OUTER_BOUND('',#357,.T.);
#198=FACE_OUTER_BOUND('',#358,.T.);
#199=FACE_OUTER_BOUND('',#359,.T.);
#200=FACE_OUTER_BOUND('',#360,.T.);
#201=FACE_OUTER_BOUND('',#361,.T.);
#202=FACE_OUTER_BOUND('',#362,.T.);
#203=FACE_OUTER_BOUND('',#363,.T.);
#204=FACE_OUTER_BOUND('',#364,.T.);
#205=FACE_OUTER_BOUND('',#365,.T.);
#206=FACE_OUTER_BOUND('',#366,.T.);
#207=FACE_OUTER_BOUND('',#367,.T.);
#208=FACE_OUTER_BOUND('',#368,.T.);
#209=FACE_OUTER_BOUND('',#369,.T.);
#210=FACE_OUTER_BOUND('',#370,.T.);
#211=FACE_OUTER_BOUND('',#371,.T.);
#212=FACE_OUTER_BOUND('',#372,.T.);
#213=FACE_OUTER_BOUND('',#373,.T.);
#214=FACE_OUTER_BOUND('',#374,.T.);
#215=FACE_OUTER_BOUND('',#375,.T.);
#216=FACE_OUTER_BOUND('',#376,.T.);
#217=FACE_OUTER_BOUND('',#377,.T.);
#218=FACE_OUTER_BOUND('',#378,.T.);
#219=FACE_OUTER_BOUND('',#379,.T.);
#220=FACE_OUTER_BOUND('',#380,.T.);
#221=FACE_OUTER_BOUND('',#381,.T.);
#222=FACE_OUTER_BOUND('',#382,.T.);
#223=FACE_OUTER_BOUND('',#383,.T.);
#224=FACE_OUTER_BOUND('',#384,.T.);
#225=FACE_OUTER_BOUND('',#385,.T.);
#226=FACE_OUTER_BOUND('',#386,.T.);
#227=FACE_OUTER_BOUND('',#387,.T.);
#228=FACE_OUTER_BOUND('',#388,.T.);
#229=FACE_OUTER_BOUND('',#389,.T.);
#230=FACE_OUTER_BOUND('',#390,.T.);
#231=FACE_OUTER_BOUND('',#391,.T.);
#232=FACE_OUTER_BOUND('',#392,.T.);
#233=FACE_OUTER_BOUND('',#393,.T.);
#234=FACE_OUTER_BOUND('',#394,.T.);
#235=FACE_OUTER_BOUND('',#395,.T.);
#236=FACE_OUTER_BOUND('',#396,.T.);
#237=FACE_OUTER_BOUND('',#397,.T.);
#238=FACE_OUTER_BOUND('',#398,.T.);
#239=FACE_OUTER_BOUND('',#399,.T.);
#240=FACE_OUTER_BOUND('',#400,.T.);
#241=FACE_OUTER_BOUND('',#401,.T.);
#242=FACE_OUTER_BOUND('',#402,.T.);
#243=FACE_OUTER_BOUND('',#403,.T.);
#244=FACE_OUTER_BOUND('',#404,.T.);
#245=FACE_OUTER_BOUND('',#405,.T.);
#246=FACE_OUTER_BOUND('',#406,.T.);
#247=FACE_OUTER_BOUND('',#407,.T.);
#248=FACE_OUTER_BOUND('',#408,.T.);
#249=FACE_OUTER_BOUND('',#409,.T.);
#250=FACE_OUTER_BOUND('',#410,.T.);
#251=FACE_OUTER_BOUND('',#411,.T.);
#252=FACE_OUTER_BOUND('',#412,.T.);
#253=FACE_OUTER_BOUND('',#413,.T.);
#254=FACE_OUTER_BOUND('',#414,.T.);
#255=FACE_OUTER_BOUND('',#415,.T.);
#256=FACE_OUTER_BOUND('',#416,.T.);
#257=FACE_OUTER_BOUND('',#417,.T.);
#258=FACE_OUTER_BOUND('',#418,.T.);
#259=FACE_OUTER_BOUND('',#419,.T.);
#260=FACE_OUTER_BOUND('',#420,.T.);
#261=FACE_OUTER_BOUND('',#421,.T.);
#262=FACE_OUTER_BOUND('',#422,.T.);
#263=FACE_OUTER_BOUND('',#423,.T.);
#264=FACE_OUTER_BOUND('',#424,.T.);
#265=FACE_OUTER_BOUND('',#425,.T.);
#266=FACE_OUTER_BOUND('',#426,.T.);
#267=FACE_OUTER_BOUND('',#427,.T.);
#268=FACE_OUTER_BOUND('',#428,.T.);
#269=FACE_OUTER_BOUND('',#429,.T.);
#270=FACE_OUTER_BOUND('',#430,.T.);
#271=FACE_OUTER_BOUND('',#431,.T.);
#272=FACE_OUTER_BOUND('',#432,.T.);
#273=FACE_OUTER_BOUND('',#433,.T.);
#274=FACE_OUTER_BOUND('',#434,.T.);
#275=FACE_OUTER_BOUND('',#435,.T.);
#276=EDGE_LOOP('',(#1766,#1767,#1768,#1769));
#277=EDGE_LOOP('',(#1770));
#278=EDGE_LOOP('',(#1771,#1772,#1773,#1774));
#279=EDGE_LOOP('',(#1775,#1776,#1777,#1778));
#280=EDGE_LOOP('',(#1779,#1780,#1781,#1782));
#281=EDGE_LOOP('',(#1783));
#282=EDGE_LOOP('',(#1784,#1785,#1786,#1787));
#283=EDGE_LOOP('',(#1788,#1789,#1790,#1791));
#284=EDGE_LOOP('',(#1792,#1793,#1794,#1795));
#285=EDGE_LOOP('',(#1796,#1797,#1798,#1799));
#286=EDGE_LOOP('',(#1800,#1801,#1802,#1803));
#287=EDGE_LOOP('',(#1804,#1805,#1806,#1807));
#288=EDGE_LOOP('',(#1808,#1809,#1810,#1811));
#289=EDGE_LOOP('',(#1812,#1813,#1814,#1815));
#290=EDGE_LOOP('',(#1816,#1817,#1818,#1819));
#291=EDGE_LOOP('',(#1820,#1821,#1822,#1823));
#292=EDGE_LOOP('',(#1824,#1825,#1826,#1827));
#293=EDGE_LOOP('',(#1828,#1829,#1830,#1831));
#294=EDGE_LOOP('',(#1832,#1833,#1834,#1835));
#295=EDGE_LOOP('',(#1836,#1837,#1838,#1839,#1840,#1841,#1842,#1843,#1844,
#1845));
#296=EDGE_LOOP('',(#1846,#1847,#1848,#1849,#1850,#1851,#1852,#1853,#1854,
#1855));
#297=EDGE_LOOP('',(#1856,#1857,#1858,#1859));
#298=EDGE_LOOP('',(#1860,#1861,#1862,#1863));
#299=EDGE_LOOP('',(#1864,#1865,#1866,#1867));
#300=EDGE_LOOP('',(#1868,#1869,#1870,#1871));
#301=EDGE_LOOP('',(#1872,#1873,#1874,#1875));
#302=EDGE_LOOP('',(#1876,#1877,#1878,#1879,#1880));
#303=EDGE_LOOP('',(#1881,#1882,#1883,#1884,#1885));
#304=EDGE_LOOP('',(#1886,#1887,#1888,#1889));
#305=EDGE_LOOP('',(#1890,#1891,#1892,#1893));
#306=EDGE_LOOP('',(#1894,#1895,#1896,#1897));
#307=EDGE_LOOP('',(#1898,#1899,#1900,#1901));
#308=EDGE_LOOP('',(#1902,#1903,#1904,#1905));
#309=EDGE_LOOP('',(#1906,#1907,#1908,#1909));
#310=EDGE_LOOP('',(#1910,#1911,#1912,#1913));
#311=EDGE_LOOP('',(#1914,#1915,#1916,#1917));
#312=EDGE_LOOP('',(#1918,#1919,#1920,#1921));
#313=EDGE_LOOP('',(#1922,#1923,#1924,#1925));
#314=EDGE_LOOP('',(#1926,#1927,#1928,#1929,#1930,#1931,#1932,#1933,#1934,
#1935));
#315=EDGE_LOOP('',(#1936,#1937,#1938,#1939,#1940,#1941,#1942,#1943,#1944,
#1945));
#316=EDGE_LOOP('',(#1946,#1947,#1948,#1949));
#317=EDGE_LOOP('',(#1950,#1951,#1952,#1953));
#318=EDGE_LOOP('',(#1954,#1955,#1956,#1957));
#319=EDGE_LOOP('',(#1958,#1959,#1960,#1961));
#320=EDGE_LOOP('',(#1962,#1963,#1964,#1965));
#321=EDGE_LOOP('',(#1966,#1967,#1968,#1969));
#322=EDGE_LOOP('',(#1970,#1971,#1972,#1973));
#323=EDGE_LOOP('',(#1974,#1975,#1976,#1977));
#324=EDGE_LOOP('',(#1978,#1979,#1980,#1981));
#325=EDGE_LOOP('',(#1982,#1983,#1984,#1985));
#326=EDGE_LOOP('',(#1986,#1987,#1988,#1989,#1990,#1991,#1992,#1993,#1994,
#1995));
#327=EDGE_LOOP('',(#1996,#1997,#1998,#1999,#2000,#2001,#2002,#2003,#2004,
#2005));
#328=EDGE_LOOP('',(#2006,#2007,#2008,#2009));
#329=EDGE_LOOP('',(#2010,#2011,#2012,#2013));
#330=EDGE_LOOP('',(#2014,#2015,#2016,#2017));
#331=EDGE_LOOP('',(#2018,#2019,#2020,#2021));
#332=EDGE_LOOP('',(#2022,#2023,#2024,#2025));
#333=EDGE_LOOP('',(#2026,#2027,#2028,#2029));
#334=EDGE_LOOP('',(#2030,#2031,#2032,#2033));
#335=EDGE_LOOP('',(#2034,#2035,#2036,#2037));
#336=EDGE_LOOP('',(#2038,#2039,#2040,#2041));
#337=EDGE_LOOP('',(#2042,#2043,#2044,#2045));
#338=EDGE_LOOP('',(#2046,#2047,#2048,#2049,#2050,#2051,#2052,#2053,#2054,
#2055));
#339=EDGE_LOOP('',(#2056,#2057,#2058,#2059,#2060,#2061,#2062,#2063,#2064,
#2065));
#340=EDGE_LOOP('',(#2066,#2067,#2068,#2069));
#341=EDGE_LOOP('',(#2070,#2071,#2072,#2073));
#342=EDGE_LOOP('',(#2074,#2075,#2076,#2077));
#343=EDGE_LOOP('',(#2078,#2079,#2080,#2081));
#344=EDGE_LOOP('',(#2082,#2083,#2084,#2085));
#345=EDGE_LOOP('',(#2086,#2087,#2088,#2089));
#346=EDGE_LOOP('',(#2090,#2091,#2092,#2093));
#347=EDGE_LOOP('',(#2094,#2095,#2096,#2097));
#348=EDGE_LOOP('',(#2098,#2099,#2100,#2101));
#349=EDGE_LOOP('',(#2102,#2103,#2104,#2105));
#350=EDGE_LOOP('',(#2106,#2107,#2108,#2109,#2110,#2111,#2112,#2113,#2114,
#2115));
#351=EDGE_LOOP('',(#2116,#2117,#2118,#2119,#2120,#2121,#2122,#2123,#2124,
#2125));
#352=EDGE_LOOP('',(#2126,#2127,#2128,#2129));
#353=EDGE_LOOP('',(#2130,#2131,#2132,#2133));
#354=EDGE_LOOP('',(#2134,#2135,#2136,#2137));
#355=EDGE_LOOP('',(#2138,#2139,#2140,#2141));
#356=EDGE_LOOP('',(#2142,#2143,#2144,#2145));
#357=EDGE_LOOP('',(#2146,#2147,#2148,#2149));
#358=EDGE_LOOP('',(#2150,#2151,#2152,#2153));
#359=EDGE_LOOP('',(#2154,#2155,#2156,#2157));
#360=EDGE_LOOP('',(#2158,#2159,#2160,#2161));
#361=EDGE_LOOP('',(#2162,#2163,#2164,#2165));
#362=EDGE_LOOP('',(#2166,#2167,#2168,#2169,#2170,#2171,#2172,#2173,#2174,
#2175));
#363=EDGE_LOOP('',(#2176,#2177,#2178,#2179,#2180,#2181,#2182,#2183,#2184,
#2185));
#364=EDGE_LOOP('',(#2186,#2187,#2188,#2189));
#365=EDGE_LOOP('',(#2190,#2191,#2192,#2193));
#366=EDGE_LOOP('',(#2194,#2195,#2196,#2197));
#367=EDGE_LOOP('',(#2198,#2199,#2200,#2201));
#368=EDGE_LOOP('',(#2202,#2203,#2204,#2205));
#369=EDGE_LOOP('',(#2206,#2207,#2208,#2209));
#370=EDGE_LOOP('',(#2210,#2211,#2212,#2213));
#371=EDGE_LOOP('',(#2214,#2215,#2216,#2217));
#372=EDGE_LOOP('',(#2218,#2219,#2220,#2221));
#373=EDGE_LOOP('',(#2222,#2223,#2224,#2225));
#374=EDGE_LOOP('',(#2226,#2227,#2228,#2229,#2230,#2231,#2232,#2233,#2234,
#2235));
#375=EDGE_LOOP('',(#2236,#2237,#2238,#2239,#2240,#2241,#2242,#2243,#2244,
#2245));
#376=EDGE_LOOP('',(#2246,#2247,#2248,#2249));
#377=EDGE_LOOP('',(#2250,#2251,#2252,#2253));
#378=EDGE_LOOP('',(#2254,#2255,#2256,#2257));
#379=EDGE_LOOP('',(#2258,#2259,#2260,#2261));
#380=EDGE_LOOP('',(#2262,#2263,#2264,#2265));
#381=EDGE_LOOP('',(#2266,#2267,#2268,#2269));
#382=EDGE_LOOP('',(#2270,#2271,#2272,#2273));
#383=EDGE_LOOP('',(#2274,#2275,#2276,#2277));
#384=EDGE_LOOP('',(#2278,#2279,#2280,#2281));
#385=EDGE_LOOP('',(#2282,#2283,#2284,#2285));
#386=EDGE_LOOP('',(#2286,#2287,#2288,#2289,#2290,#2291,#2292,#2293,#2294,
#2295));
#387=EDGE_LOOP('',(#2296,#2297,#2298,#2299,#2300,#2301,#2302,#2303,#2304,
#2305));
#388=EDGE_LOOP('',(#2306,#2307,#2308,#2309));
#389=EDGE_LOOP('',(#2310,#2311,#2312,#2313));
#390=EDGE_LOOP('',(#2314,#2315,#2316,#2317));
#391=EDGE_LOOP('',(#2318,#2319,#2320,#2321));
#392=EDGE_LOOP('',(#2322,#2323,#2324,#2325));
#393=EDGE_LOOP('',(#2326,#2327,#2328,#2329));
#394=EDGE_LOOP('',(#2330,#2331,#2332,#2333));
#395=EDGE_LOOP('',(#2334,#2335,#2336,#2337));
#396=EDGE_LOOP('',(#2338,#2339,#2340,#2341));
#397=EDGE_LOOP('',(#2342,#2343,#2344,#2345));
#398=EDGE_LOOP('',(#2346,#2347,#2348,#2349,#2350,#2351,#2352,#2353,#2354,
#2355));
#399=EDGE_LOOP('',(#2356,#2357,#2358,#2359,#2360,#2361,#2362,#2363,#2364,
#2365));
#400=EDGE_LOOP('',(#2366,#2367,#2368,#2369));
#401=EDGE_LOOP('',(#2370,#2371,#2372,#2373));
#402=EDGE_LOOP('',(#2374,#2375,#2376,#2377));
#403=EDGE_LOOP('',(#2378,#2379,#2380,#2381));
#404=EDGE_LOOP('',(#2382,#2383,#2384,#2385));
#405=EDGE_LOOP('',(#2386,#2387,#2388,#2389));
#406=EDGE_LOOP('',(#2390,#2391,#2392,#2393));
#407=EDGE_LOOP('',(#2394,#2395,#2396,#2397));
#408=EDGE_LOOP('',(#2398,#2399,#2400,#2401));
#409=EDGE_LOOP('',(#2402,#2403,#2404,#2405));
#410=EDGE_LOOP('',(#2406,#2407,#2408,#2409,#2410,#2411,#2412,#2413,#2414,
#2415));
#411=EDGE_LOOP('',(#2416,#2417,#2418,#2419,#2420,#2421,#2422,#2423,#2424,
#2425));
#412=EDGE_LOOP('',(#2426,#2427,#2428,#2429));
#413=EDGE_LOOP('',(#2430,#2431,#2432,#2433));
#414=EDGE_LOOP('',(#2434,#2435,#2436,#2437));
#415=EDGE_LOOP('',(#2438,#2439,#2440,#2441));
#416=EDGE_LOOP('',(#2442,#2443,#2444,#2445));
#417=EDGE_LOOP('',(#2446,#2447,#2448,#2449));
#418=EDGE_LOOP('',(#2450,#2451,#2452,#2453));
#419=EDGE_LOOP('',(#2454,#2455,#2456,#2457));
#420=EDGE_LOOP('',(#2458,#2459,#2460,#2461));
#421=EDGE_LOOP('',(#2462,#2463,#2464,#2465));
#422=EDGE_LOOP('',(#2466,#2467,#2468,#2469,#2470,#2471,#2472,#2473,#2474,
#2475));
#423=EDGE_LOOP('',(#2476,#2477,#2478,#2479,#2480,#2481,#2482,#2483,#2484,
#2485));
#424=EDGE_LOOP('',(#2486,#2487,#2488,#2489));
#425=EDGE_LOOP('',(#2490,#2491,#2492,#2493));
#426=EDGE_LOOP('',(#2494,#2495,#2496,#2497));
#427=EDGE_LOOP('',(#2498,#2499,#2500,#2501));
#428=EDGE_LOOP('',(#2502,#2503,#2504,#2505));
#429=EDGE_LOOP('',(#2506,#2507,#2508,#2509));
#430=EDGE_LOOP('',(#2510,#2511,#2512,#2513));
#431=EDGE_LOOP('',(#2514,#2515,#2516,#2517));
#432=EDGE_LOOP('',(#2518,#2519,#2520,#2521));
#433=EDGE_LOOP('',(#2522,#2523,#2524,#2525));
#434=EDGE_LOOP('',(#2526,#2527,#2528,#2529,#2530,#2531,#2532,#2533,#2534,
#2535));
#435=EDGE_LOOP('',(#2536,#2537,#2538,#2539,#2540,#2541,#2542,#2543,#2544,
#2545));
#436=LINE('',#3839,#776);
#437=LINE('',#3841,#777);
#438=LINE('',#3843,#778);
#439=LINE('',#3844,#779);
#440=LINE('',#3849,#780);
#441=LINE('',#3851,#781);
#442=LINE('',#3852,#782);
#443=LINE('',#3855,#783);
#444=LINE('',#3856,#784);
#445=LINE('',#3859,#785);
#446=LINE('',#3864,#786);
#447=LINE('',#3865,#787);
#448=LINE('',#3867,#788);
#449=LINE('',#3872,#789);
#450=LINE('',#3874,#790);
#451=LINE('',#3876,#791);
#452=LINE('',#3877,#792);
#453=LINE('',#3880,#793);
#454=LINE('',#3882,#794);
#455=LINE('',#3883,#795);
#456=LINE('',#3886,#796);
#457=LINE('',#3888,#797);
#458=LINE('',#3889,#798);
#459=LINE('',#3892,#799);
#460=LINE('',#3894,#800);
#461=LINE('',#3895,#801);
#462=LINE('',#3901,#802);
#463=LINE('',#3904,#803);
#464=LINE('',#3906,#804);
#465=LINE('',#3907,#805);
#466=LINE('',#3913,#806);
#467=LINE('',#3916,#807);
#468=LINE('',#3918,#808);
#469=LINE('',#3919,#809);
#470=LINE('',#3922,#810);
#471=LINE('',#3924,#811);
#472=LINE('',#3925,#812);
#473=LINE('',#3927,#813);
#474=LINE('',#3928,#814);
#475=LINE('',#3934,#815);
#476=LINE('',#3936,#816);
#477=LINE('',#3938,#817);
#478=LINE('',#3939,#818);
#479=LINE('',#3942,#819);
#480=LINE('',#3944,#820);
#481=LINE('',#3945,#821);
#482=LINE('',#3948,#822);
#483=LINE('',#3950,#823);
#484=LINE('',#3951,#824);
#485=LINE('',#3954,#825);
#486=LINE('',#3956,#826);
#487=LINE('',#3957,#827);
#488=LINE('',#3959,#828);
#489=LINE('',#3960,#829);
#490=LINE('',#3966,#830);
#491=LINE('',#3968,#831);
#492=LINE('',#3970,#832);
#493=LINE('',#3971,#833);
#494=LINE('',#3974,#834);
#495=LINE('',#3976,#835);
#496=LINE('',#3977,#836);
#497=LINE('',#3980,#837);
#498=LINE('',#3982,#838);
#499=LINE('',#3983,#839);
#500=LINE('',#3986,#840);
#501=LINE('',#3988,#841);
#502=LINE('',#3989,#842);
#503=LINE('',#3995,#843);
#504=LINE('',#3998,#844);
#505=LINE('',#4000,#845);
#506=LINE('',#4001,#846);
#507=LINE('',#4007,#847);
#508=LINE('',#4010,#848);
#509=LINE('',#4012,#849);
#510=LINE('',#4013,#850);
#511=LINE('',#4016,#851);
#512=LINE('',#4018,#852);
#513=LINE('',#4019,#853);
#514=LINE('',#4021,#854);
#515=LINE('',#4022,#855);
#516=LINE('',#4028,#856);
#517=LINE('',#4030,#857);
#518=LINE('',#4032,#858);
#519=LINE('',#4033,#859);
#520=LINE('',#4036,#860);
#521=LINE('',#4038,#861);
#522=LINE('',#4039,#862);
#523=LINE('',#4042,#863);
#524=LINE('',#4044,#864);
#525=LINE('',#4045,#865);
#526=LINE('',#4048,#866);
#527=LINE('',#4050,#867);
#528=LINE('',#4051,#868);
#529=LINE('',#4057,#869);
#530=LINE('',#4060,#870);
#531=LINE('',#4062,#871);
#532=LINE('',#4063,#872);
#533=LINE('',#4069,#873);
#534=LINE('',#4072,#874);
#535=LINE('',#4074,#875);
#536=LINE('',#4075,#876);
#537=LINE('',#4078,#877);
#538=LINE('',#4080,#878);
#539=LINE('',#4081,#879);
#540=LINE('',#4083,#880);
#541=LINE('',#4084,#881);
#542=LINE('',#4090,#882);
#543=LINE('',#4092,#883);
#544=LINE('',#4094,#884);
#545=LINE('',#4095,#885);
#546=LINE('',#4098,#886);
#547=LINE('',#4100,#887);
#548=LINE('',#4101,#888);
#549=LINE('',#4104,#889);
#550=LINE('',#4106,#890);
#551=LINE('',#4107,#891);
#552=LINE('',#4110,#892);
#553=LINE('',#4112,#893);
#554=LINE('',#4113,#894);
#555=LINE('',#4119,#895);
#556=LINE('',#4122,#896);
#557=LINE('',#4124,#897);
#558=LINE('',#4125,#898);
#559=LINE('',#4131,#899);
#560=LINE('',#4134,#900);
#561=LINE('',#4136,#901);
#562=LINE('',#4137,#902);
#563=LINE('',#4140,#903);
#564=LINE('',#4142,#904);
#565=LINE('',#4143,#905);
#566=LINE('',#4145,#906);
#567=LINE('',#4146,#907);
#568=LINE('',#4152,#908);
#569=LINE('',#4154,#909);
#570=LINE('',#4156,#910);
#571=LINE('',#4157,#911);
#572=LINE('',#4160,#912);
#573=LINE('',#4162,#913);
#574=LINE('',#4163,#914);
#575=LINE('',#4166,#915);
#576=LINE('',#4168,#916);
#577=LINE('',#4169,#917);
#578=LINE('',#4172,#918);
#579=LINE('',#4174,#919);
#580=LINE('',#4175,#920);
#581=LINE('',#4181,#921);
#582=LINE('',#4184,#922);
#583=LINE('',#4186,#923);
#584=LINE('',#4187,#924);
#585=LINE('',#4193,#925);
#586=LINE('',#4196,#926);
#587=LINE('',#4198,#927);
#588=LINE('',#4199,#928);
#589=LINE('',#4202,#929);
#590=LINE('',#4204,#930);
#591=LINE('',#4205,#931);
#592=LINE('',#4207,#932);
#593=LINE('',#4208,#933);
#594=LINE('',#4214,#934);
#595=LINE('',#4216,#935);
#596=LINE('',#4218,#936);
#597=LINE('',#4219,#937);
#598=LINE('',#4222,#938);
#599=LINE('',#4224,#939);
#600=LINE('',#4225,#940);
#601=LINE('',#4228,#941);
#602=LINE('',#4230,#942);
#603=LINE('',#4231,#943);
#604=LINE('',#4234,#944);
#605=LINE('',#4236,#945);
#606=LINE('',#4237,#946);
#607=LINE('',#4243,#947);
#608=LINE('',#4246,#948);
#609=LINE('',#4248,#949);
#610=LINE('',#4249,#950);
#611=LINE('',#4255,#951);
#612=LINE('',#4258,#952);
#613=LINE('',#4260,#953);
#614=LINE('',#4261,#954);
#615=LINE('',#4264,#955);
#616=LINE('',#4266,#956);
#617=LINE('',#4267,#957);
#618=LINE('',#4269,#958);
#619=LINE('',#4270,#959);
#620=LINE('',#4276,#960);
#621=LINE('',#4278,#961);
#622=LINE('',#4280,#962);
#623=LINE('',#4281,#963);
#624=LINE('',#4284,#964);
#625=LINE('',#4286,#965);
#626=LINE('',#4287,#966);
#627=LINE('',#4290,#967);
#628=LINE('',#4292,#968);
#629=LINE('',#4293,#969);
#630=LINE('',#4296,#970);
#631=LINE('',#4298,#971);
#632=LINE('',#4299,#972);
#633=LINE('',#4305,#973);
#634=LINE('',#4308,#974);
#635=LINE('',#4310,#975);
#636=LINE('',#4311,#976);
#637=LINE('',#4317,#977);
#638=LINE('',#4320,#978);
#639=LINE('',#4322,#979);
#640=LINE('',#4323,#980);
#641=LINE('',#4326,#981);
#642=LINE('',#4328,#982);
#643=LINE('',#4329,#983);
#644=LINE('',#4331,#984);
#645=LINE('',#4332,#985);
#646=LINE('',#4338,#986);
#647=LINE('',#4340,#987);
#648=LINE('',#4342,#988);
#649=LINE('',#4343,#989);
#650=LINE('',#4346,#990);
#651=LINE('',#4348,#991);
#652=LINE('',#4349,#992);
#653=LINE('',#4352,#993);
#654=LINE('',#4354,#994);
#655=LINE('',#4355,#995);
#656=LINE('',#4358,#996);
#657=LINE('',#4360,#997);
#658=LINE('',#4361,#998);
#659=LINE('',#4367,#999);
#660=LINE('',#4370,#1000);
#661=LINE('',#4372,#1001);
#662=LINE('',#4373,#1002);
#663=LINE('',#4379,#1003);
#664=LINE('',#4382,#1004);
#665=LINE('',#4384,#1005);
#666=LINE('',#4385,#1006);
#667=LINE('',#4388,#1007);
#668=LINE('',#4390,#1008);
#669=LINE('',#4391,#1009);
#670=LINE('',#4393,#1010);
#671=LINE('',#4394,#1011);
#672=LINE('',#4400,#1012);
#673=LINE('',#4402,#1013);
#674=LINE('',#4404,#1014);
#675=LINE('',#4405,#1015);
#676=LINE('',#4408,#1016);
#677=LINE('',#4410,#1017);
#678=LINE('',#4411,#1018);
#679=LINE('',#4414,#1019);
#680=LINE('',#4416,#1020);
#681=LINE('',#4417,#1021);
#682=LINE('',#4420,#1022);
#683=LINE('',#4422,#1023);
#684=LINE('',#4423,#1024);
#685=LINE('',#4429,#1025);
#686=LINE('',#4432,#1026);
#687=LINE('',#4434,#1027);
#688=LINE('',#4435,#1028);
#689=LINE('',#4441,#1029);
#690=LINE('',#4444,#1030);
#691=LINE('',#4446,#1031);
#692=LINE('',#4447,#1032);
#693=LINE('',#4450,#1033);
#694=LINE('',#4452,#1034);
#695=LINE('',#4453,#1035);
#696=LINE('',#4455,#1036);
#697=LINE('',#4456,#1037);
#698=LINE('',#4462,#1038);
#699=LINE('',#4464,#1039);
#700=LINE('',#4466,#1040);
#701=LINE('',#4467,#1041);
#702=LINE('',#4470,#1042);
#703=LINE('',#4472,#1043);
#704=LINE('',#4473,#1044);
#705=LINE('',#4476,#1045);
#706=LINE('',#4478,#1046);
#707=LINE('',#4479,#1047);
#708=LINE('',#4482,#1048);
#709=LINE('',#4484,#1049);
#710=LINE('',#4485,#1050);
#711=LINE('',#4491,#1051);
#712=LINE('',#4494,#1052);
#713=LINE('',#4496,#1053);
#714=LINE('',#4497,#1054);
#715=LINE('',#4503,#1055);
#716=LINE('',#4506,#1056);
#717=LINE('',#4508,#1057);
#718=LINE('',#4509,#1058);
#719=LINE('',#4512,#1059);
#720=LINE('',#4514,#1060);
#721=LINE('',#4515,#1061);
#722=LINE('',#4517,#1062);
#723=LINE('',#4518,#1063);
#724=LINE('',#4524,#1064);
#725=LINE('',#4526,#1065);
#726=LINE('',#4528,#1066);
#727=LINE('',#4529,#1067);
#728=LINE('',#4532,#1068);
#729=LINE('',#4534,#1069);
#730=LINE('',#4535,#1070);
#731=LINE('',#4538,#1071);
#732=LINE('',#4540,#1072);
#733=LINE('',#4541,#1073);
#734=LINE('',#4544,#1074);
#735=LINE('',#4546,#1075);
#736=LINE('',#4547,#1076);
#737=LINE('',#4553,#1077);
#738=LINE('',#4556,#1078);
#739=LINE('',#4558,#1079);
#740=LINE('',#4559,#1080);
#741=LINE('',#4565,#1081);
#742=LINE('',#4568,#1082);
#743=LINE('',#4570,#1083);
#744=LINE('',#4571,#1084);
#745=LINE('',#4574,#1085);
#746=LINE('',#4576,#1086);
#747=LINE('',#4577,#1087);
#748=LINE('',#4579,#1088);
#749=LINE('',#4580,#1089);
#750=LINE('',#4586,#1090);
#751=LINE('',#4588,#1091);
#752=LINE('',#4590,#1092);
#753=LINE('',#4591,#1093);
#754=LINE('',#4594,#1094);
#755=LINE('',#4596,#1095);
#756=LINE('',#4597,#1096);
#757=LINE('',#4600,#1097);
#758=LINE('',#4602,#1098);
#759=LINE('',#4603,#1099);
#760=LINE('',#4606,#1100);
#761=LINE('',#4608,#1101);
#762=LINE('',#4609,#1102);
#763=LINE('',#4615,#1103);
#764=LINE('',#4618,#1104);
#765=LINE('',#4620,#1105);
#766=LINE('',#4621,#1106);
#767=LINE('',#4627,#1107);
#768=LINE('',#4630,#1108);
#769=LINE('',#4632,#1109);
#770=LINE('',#4633,#1110);
#771=LINE('',#4636,#1111);
#772=LINE('',#4638,#1112);
#773=LINE('',#4639,#1113);
#774=LINE('',#4641,#1114);
#775=LINE('',#4642,#1115);
#776=VECTOR('',#3079,10.);
#777=VECTOR('',#3080,10.);
#778=VECTOR('',#3081,10.);
#779=VECTOR('',#3082,10.);
#780=VECTOR('',#3087,10.);
#781=VECTOR('',#3088,10.);
#782=VECTOR('',#3089,10.);
#783=VECTOR('',#3092,10.);
#784=VECTOR('',#3093,10.);
#785=VECTOR('',#3096,0.125);
#786=VECTOR('',#3103,10.);
#787=VECTOR('',#3104,10.);
#788=VECTOR('',#3107,10.);
#789=VECTOR('',#3112,10.);
#790=VECTOR('',#3113,10.);
#791=VECTOR('',#3114,10.);
#792=VECTOR('',#3115,10.);
#793=VECTOR('',#3118,10.);
#794=VECTOR('',#3119,10.);
#795=VECTOR('',#3120,10.);
#796=VECTOR('',#3123,10.);
#797=VECTOR('',#3124,10.);
#798=VECTOR('',#3125,10.);
#799=VECTOR('',#3128,10.);
#800=VECTOR('',#3129,10.);
#801=VECTOR('',#3130,10.);
#802=VECTOR('',#3137,10.);
#803=VECTOR('',#3140,10.);
#804=VECTOR('',#3141,10.);
#805=VECTOR('',#3142,10.);
#806=VECTOR('',#3149,10.);
#807=VECTOR('',#3152,10.);
#808=VECTOR('',#3153,10.);
#809=VECTOR('',#3154,10.);
#810=VECTOR('',#3157,10.);
#811=VECTOR('',#3158,10.);
#812=VECTOR('',#3159,10.);
#813=VECTOR('',#3162,10.);
#814=VECTOR('',#3163,10.);
#815=VECTOR('',#3170,10.);
#816=VECTOR('',#3171,10.);
#817=VECTOR('',#3172,10.);
#818=VECTOR('',#3173,10.);
#819=VECTOR('',#3176,10.);
#820=VECTOR('',#3177,10.);
#821=VECTOR('',#3178,10.);
#822=VECTOR('',#3181,10.);
#823=VECTOR('',#3182,10.);
#824=VECTOR('',#3183,10.);
#825=VECTOR('',#3186,10.);
#826=VECTOR('',#3187,10.);
#827=VECTOR('',#3188,10.);
#828=VECTOR('',#3191,9.99999999999999);
#829=VECTOR('',#3192,9.99999999999999);
#830=VECTOR('',#3199,10.);
#831=VECTOR('',#3200,10.);
#832=VECTOR('',#3201,10.);
#833=VECTOR('',#3202,10.);
#834=VECTOR('',#3205,10.);
#835=VECTOR('',#3206,10.);
#836=VECTOR('',#3207,10.);
#837=VECTOR('',#3210,10.);
#838=VECTOR('',#3211,10.);
#839=VECTOR('',#3212,10.);
#840=VECTOR('',#3215,10.);
#841=VECTOR('',#3216,10.);
#842=VECTOR('',#3217,10.);
#843=VECTOR('',#3224,10.);
#844=VECTOR('',#3227,10.);
#845=VECTOR('',#3228,10.);
#846=VECTOR('',#3229,10.);
#847=VECTOR('',#3236,10.);
#848=VECTOR('',#3239,10.);
#849=VECTOR('',#3240,10.);
#850=VECTOR('',#3241,10.);
#851=VECTOR('',#3244,10.);
#852=VECTOR('',#3245,10.);
#853=VECTOR('',#3246,10.);
#854=VECTOR('',#3249,10.);
#855=VECTOR('',#3250,10.);
#856=VECTOR('',#3257,10.);
#857=VECTOR('',#3258,10.);
#858=VECTOR('',#3259,10.);
#859=VECTOR('',#3260,10.);
#860=VECTOR('',#3263,10.);
#861=VECTOR('',#3264,10.);
#862=VECTOR('',#3265,10.);
#863=VECTOR('',#3268,10.);
#864=VECTOR('',#3269,10.);
#865=VECTOR('',#3270,10.);
#866=VECTOR('',#3273,10.);
#867=VECTOR('',#3274,10.);
#868=VECTOR('',#3275,10.);
#869=VECTOR('',#3282,10.);
#870=VECTOR('',#3285,10.);
#871=VECTOR('',#3286,10.);
#872=VECTOR('',#3287,10.);
#873=VECTOR('',#3294,10.);
#874=VECTOR('',#3297,10.);
#875=VECTOR('',#3298,10.);
#876=VECTOR('',#3299,10.);
#877=VECTOR('',#3302,10.);
#878=VECTOR('',#3303,10.);
#879=VECTOR('',#3304,10.);
#880=VECTOR('',#3307,10.);
#881=VECTOR('',#3308,10.);
#882=VECTOR('',#3315,10.);
#883=VECTOR('',#3316,10.);
#884=VECTOR('',#3317,10.);
#885=VECTOR('',#3318,10.);
#886=VECTOR('',#3321,10.);
#887=VECTOR('',#3322,10.);
#888=VECTOR('',#3323,10.);
#889=VECTOR('',#3326,10.);
#890=VECTOR('',#3327,10.);
#891=VECTOR('',#3328,10.);
#892=VECTOR('',#3331,10.);
#893=VECTOR('',#3332,10.);
#894=VECTOR('',#3333,10.);
#895=VECTOR('',#3340,10.);
#896=VECTOR('',#3343,10.);
#897=VECTOR('',#3344,10.);
#898=VECTOR('',#3345,10.);
#899=VECTOR('',#3352,10.);
#900=VECTOR('',#3355,10.);
#901=VECTOR('',#3356,10.);
#902=VECTOR('',#3357,10.);
#903=VECTOR('',#3360,10.);
#904=VECTOR('',#3361,10.);
#905=VECTOR('',#3362,10.);
#906=VECTOR('',#3365,10.);
#907=VECTOR('',#3366,10.);
#908=VECTOR('',#3373,10.);
#909=VECTOR('',#3374,10.);
#910=VECTOR('',#3375,10.);
#911=VECTOR('',#3376,10.);
#912=VECTOR('',#3379,10.);
#913=VECTOR('',#3380,10.);
#914=VECTOR('',#3381,10.);
#915=VECTOR('',#3384,10.);
#916=VECTOR('',#3385,10.);
#917=VECTOR('',#3386,10.);
#918=VECTOR('',#3389,10.);
#919=VECTOR('',#3390,10.);
#920=VECTOR('',#3391,10.);
#921=VECTOR('',#3398,10.);
#922=VECTOR('',#3401,10.);
#923=VECTOR('',#3402,10.);
#924=VECTOR('',#3403,10.);
#925=VECTOR('',#3410,10.);
#926=VECTOR('',#3413,10.);
#927=VECTOR('',#3414,10.);
#928=VECTOR('',#3415,10.);
#929=VECTOR('',#3418,10.);
#930=VECTOR('',#3419,10.);
#931=VECTOR('',#3420,10.);
#932=VECTOR('',#3423,10.);
#933=VECTOR('',#3424,10.);
#934=VECTOR('',#3431,10.);
#935=VECTOR('',#3432,10.);
#936=VECTOR('',#3433,10.);
#937=VECTOR('',#3434,10.);
#938=VECTOR('',#3437,10.);
#939=VECTOR('',#3438,10.);
#940=VECTOR('',#3439,10.);
#941=VECTOR('',#3442,10.);
#942=VECTOR('',#3443,10.);
#943=VECTOR('',#3444,10.);
#944=VECTOR('',#3447,10.);
#945=VECTOR('',#3448,10.);
#946=VECTOR('',#3449,10.);
#947=VECTOR('',#3456,10.);
#948=VECTOR('',#3459,10.);
#949=VECTOR('',#3460,10.);
#950=VECTOR('',#3461,10.);
#951=VECTOR('',#3468,10.);
#952=VECTOR('',#3471,10.);
#953=VECTOR('',#3472,10.);
#954=VECTOR('',#3473,10.);
#955=VECTOR('',#3476,10.);
#956=VECTOR('',#3477,10.);
#957=VECTOR('',#3478,10.);
#958=VECTOR('',#3481,10.);
#959=VECTOR('',#3482,10.);
#960=VECTOR('',#3489,10.);
#961=VECTOR('',#3490,10.);
#962=VECTOR('',#3491,10.);
#963=VECTOR('',#3492,10.);
#964=VECTOR('',#3495,10.);
#965=VECTOR('',#3496,10.);
#966=VECTOR('',#3497,10.);
#967=VECTOR('',#3500,10.);
#968=VECTOR('',#3501,10.);
#969=VECTOR('',#3502,10.);
#970=VECTOR('',#3505,10.);
#971=VECTOR('',#3506,10.);
#972=VECTOR('',#3507,10.);
#973=VECTOR('',#3514,10.);
#974=VECTOR('',#3517,10.);
#975=VECTOR('',#3518,10.);
#976=VECTOR('',#3519,10.);
#977=VECTOR('',#3526,10.);
#978=VECTOR('',#3529,10.);
#979=VECTOR('',#3530,10.);
#980=VECTOR('',#3531,10.);
#981=VECTOR('',#3534,10.);
#982=VECTOR('',#3535,10.);
#983=VECTOR('',#3536,10.);
#984=VECTOR('',#3539,10.);
#985=VECTOR('',#3540,10.);
#986=VECTOR('',#3547,10.);
#987=VECTOR('',#3548,10.);
#988=VECTOR('',#3549,10.);
#989=VECTOR('',#3550,10.);
#990=VECTOR('',#3553,10.);
#991=VECTOR('',#3554,10.);
#992=VECTOR('',#3555,10.);
#993=VECTOR('',#3558,10.);
#994=VECTOR('',#3559,10.);
#995=VECTOR('',#3560,10.);
#996=VECTOR('',#3563,10.);
#997=VECTOR('',#3564,10.);
#998=VECTOR('',#3565,10.);
#999=VECTOR('',#3572,10.);
#1000=VECTOR('',#3575,10.);
#1001=VECTOR('',#3576,10.);
#1002=VECTOR('',#3577,10.);
#1003=VECTOR('',#3584,10.);
#1004=VECTOR('',#3587,10.);
#1005=VECTOR('',#3588,10.);
#1006=VECTOR('',#3589,10.);
#1007=VECTOR('',#3592,10.);
#1008=VECTOR('',#3593,10.);
#1009=VECTOR('',#3594,10.);
#1010=VECTOR('',#3597,10.);
#1011=VECTOR('',#3598,10.);
#1012=VECTOR('',#3605,10.);
#1013=VECTOR('',#3606,10.);
#1014=VECTOR('',#3607,10.);
#1015=VECTOR('',#3608,10.);
#1016=VECTOR('',#3611,10.);
#1017=VECTOR('',#3612,10.);
#1018=VECTOR('',#3613,10.);
#1019=VECTOR('',#3616,10.);
#1020=VECTOR('',#3617,10.);
#1021=VECTOR('',#3618,10.);
#1022=VECTOR('',#3621,10.);
#1023=VECTOR('',#3622,10.);
#1024=VECTOR('',#3623,10.);
#1025=VECTOR('',#3630,10.);
#1026=VECTOR('',#3633,10.);
#1027=VECTOR('',#3634,10.);
#1028=VECTOR('',#3635,10.);
#1029=VECTOR('',#3642,10.);
#1030=VECTOR('',#3645,10.);
#1031=VECTOR('',#3646,10.);
#1032=VECTOR('',#3647,10.);
#1033=VECTOR('',#3650,10.);
#1034=VECTOR('',#3651,10.);
#1035=VECTOR('',#3652,10.);
#1036=VECTOR('',#3655,10.);
#1037=VECTOR('',#3656,10.);
#1038=VECTOR('',#3663,10.);
#1039=VECTOR('',#3664,10.);
#1040=VECTOR('',#3665,10.);
#1041=VECTOR('',#3666,10.);
#1042=VECTOR('',#3669,10.);
#1043=VECTOR('',#3670,10.);
#1044=VECTOR('',#3671,10.);
#1045=VECTOR('',#3674,10.);
#1046=VECTOR('',#3675,10.);
#1047=VECTOR('',#3676,10.);
#1048=VECTOR('',#3679,10.);
#1049=VECTOR('',#3680,10.);
#1050=VECTOR('',#3681,10.);
#1051=VECTOR('',#3688,10.);
#1052=VECTOR('',#3691,10.);
#1053=VECTOR('',#3692,10.);
#1054=VECTOR('',#3693,10.);
#1055=VECTOR('',#3700,10.);
#1056=VECTOR('',#3703,10.);
#1057=VECTOR('',#3704,10.);
#1058=VECTOR('',#3705,10.);
#1059=VECTOR('',#3708,10.);
#1060=VECTOR('',#3709,10.);
#1061=VECTOR('',#3710,10.);
#1062=VECTOR('',#3713,10.);
#1063=VECTOR('',#3714,10.);
#1064=VECTOR('',#3721,10.);
#1065=VECTOR('',#3722,10.);
#1066=VECTOR('',#3723,10.);
#1067=VECTOR('',#3724,10.);
#1068=VECTOR('',#3727,10.);
#1069=VECTOR('',#3728,10.);
#1070=VECTOR('',#3729,10.);
#1071=VECTOR('',#3732,10.);
#1072=VECTOR('',#3733,10.);
#1073=VECTOR('',#3734,10.);
#1074=VECTOR('',#3737,10.);
#1075=VECTOR('',#3738,10.);
#1076=VECTOR('',#3739,10.);
#1077=VECTOR('',#3746,10.);
#1078=VECTOR('',#3749,10.);
#1079=VECTOR('',#3750,10.);
#1080=VECTOR('',#3751,10.);
#1081=VECTOR('',#3758,10.);
#1082=VECTOR('',#3761,10.);
#1083=VECTOR('',#3762,10.);
#1084=VECTOR('',#3763,10.);
#1085=VECTOR('',#3766,10.);
#1086=VECTOR('',#3767,10.);
#1087=VECTOR('',#3768,10.);
#1088=VECTOR('',#3771,10.);
#1089=VECTOR('',#3772,10.);
#1090=VECTOR('',#3779,10.);
#1091=VECTOR('',#3780,10.);
#1092=VECTOR('',#3781,10.);
#1093=VECTOR('',#3782,10.);
#1094=VECTOR('',#3785,10.);
#1095=VECTOR('',#3786,10.);
#1096=VECTOR('',#3787,10.);
#1097=VECTOR('',#3790,10.);
#1098=VECTOR('',#3791,10.);
#1099=VECTOR('',#3792,10.);
#1100=VECTOR('',#3795,10.);
#1101=VECTOR('',#3796,10.);
#1102=VECTOR('',#3797,10.);
#1103=VECTOR('',#3804,10.);
#1104=VECTOR('',#3807,10.);
#1105=VECTOR('',#3808,10.);
#1106=VECTOR('',#3809,10.);
#1107=VECTOR('',#3816,10.);
#1108=VECTOR('',#3819,10.);
#1109=VECTOR('',#3820,10.);
#1110=VECTOR('',#3821,10.);
#1111=VECTOR('',#3824,10.);
#1112=VECTOR('',#3825,10.);
#1113=VECTOR('',#3826,10.);
#1114=VECTOR('',#3829,10.);
#1115=VECTOR('',#3830,10.);
#1116=VERTEX_POINT('',#3837);
#1117=VERTEX_POINT('',#3838);
#1118=VERTEX_POINT('',#3840);
#1119=VERTEX_POINT('',#3842);
#1120=VERTEX_POINT('',#3845);
#1121=VERTEX_POINT('',#3848);
#1122=VERTEX_POINT('',#3850);
#1123=VERTEX_POINT('',#3854);
#1124=VERTEX_POINT('',#3858);
#1125=VERTEX_POINT('',#3863);
#1126=VERTEX_POINT('',#3870);
#1127=VERTEX_POINT('',#3871);
#1128=VERTEX_POINT('',#3873);
#1129=VERTEX_POINT('',#3875);
#1130=VERTEX_POINT('',#3879);
#1131=VERTEX_POINT('',#3881);
#1132=VERTEX_POINT('',#3885);
#1133=VERTEX_POINT('',#3887);
#1134=VERTEX_POINT('',#3891);
#1135=VERTEX_POINT('',#3893);
#1136=VERTEX_POINT('',#3897);
#1137=VERTEX_POINT('',#3899);
#1138=VERTEX_POINT('',#3903);
#1139=VERTEX_POINT('',#3905);
#1140=VERTEX_POINT('',#3909);
#1141=VERTEX_POINT('',#3911);
#1142=VERTEX_POINT('',#3915);
#1143=VERTEX_POINT('',#3917);
#1144=VERTEX_POINT('',#3921);
#1145=VERTEX_POINT('',#3923);
#1146=VERTEX_POINT('',#3932);
#1147=VERTEX_POINT('',#3933);
#1148=VERTEX_POINT('',#3935);
#1149=VERTEX_POINT('',#3937);
#1150=VERTEX_POINT('',#3941);
#1151=VERTEX_POINT('',#3943);
#1152=VERTEX_POINT('',#3947);
#1153=VERTEX_POINT('',#3949);
#1154=VERTEX_POINT('',#3953);
#1155=VERTEX_POINT('',#3955);
#1156=VERTEX_POINT('',#3964);
#1157=VERTEX_POINT('',#3965);
#1158=VERTEX_POINT('',#3967);
#1159=VERTEX_POINT('',#3969);
#1160=VERTEX_POINT('',#3973);
#1161=VERTEX_POINT('',#3975);
#1162=VERTEX_POINT('',#3979);
#1163=VERTEX_POINT('',#3981);
#1164=VERTEX_POINT('',#3985);
#1165=VERTEX_POINT('',#3987);
#1166=VERTEX_POINT('',#3991);
#1167=VERTEX_POINT('',#3993);
#1168=VERTEX_POINT('',#3997);
#1169=VERTEX_POINT('',#3999);
#1170=VERTEX_POINT('',#4003);
#1171=VERTEX_POINT('',#4005);
#1172=VERTEX_POINT('',#4009);
#1173=VERTEX_POINT('',#4011);
#1174=VERTEX_POINT('',#4015);
#1175=VERTEX_POINT('',#4017);
#1176=VERTEX_POINT('',#4026);
#1177=VERTEX_POINT('',#4027);
#1178=VERTEX_POINT('',#4029);
#1179=VERTEX_POINT('',#4031);
#1180=VERTEX_POINT('',#4035);
#1181=VERTEX_POINT('',#4037);
#1182=VERTEX_POINT('',#4041);
#1183=VERTEX_POINT('',#4043);
#1184=VERTEX_POINT('',#4047);
#1185=VERTEX_POINT('',#4049);
#1186=VERTEX_POINT('',#4053);
#1187=VERTEX_POINT('',#4055);
#1188=VERTEX_POINT('',#4059);
#1189=VERTEX_POINT('',#4061);
#1190=VERTEX_POINT('',#4065);
#1191=VERTEX_POINT('',#4067);
#1192=VERTEX_POINT('',#4071);
#1193=VERTEX_POINT('',#4073);
#1194=VERTEX_POINT('',#4077);
#1195=VERTEX_POINT('',#4079);
#1196=VERTEX_POINT('',#4088);
#1197=VERTEX_POINT('',#4089);
#1198=VERTEX_POINT('',#4091);
#1199=VERTEX_POINT('',#4093);
#1200=VERTEX_POINT('',#4097);
#1201=VERTEX_POINT('',#4099);
#1202=VERTEX_POINT('',#4103);
#1203=VERTEX_POINT('',#4105);
#1204=VERTEX_POINT('',#4109);
#1205=VERTEX_POINT('',#4111);
#1206=VERTEX_POINT('',#4115);
#1207=VERTEX_POINT('',#4117);
#1208=VERTEX_POINT('',#4121);
#1209=VERTEX_POINT('',#4123);
#1210=VERTEX_POINT('',#4127);
#1211=VERTEX_POINT('',#4129);
#1212=VERTEX_POINT('',#4133);
#1213=VERTEX_POINT('',#4135);
#1214=VERTEX_POINT('',#4139);
#1215=VERTEX_POINT('',#4141);
#1216=VERTEX_POINT('',#4150);
#1217=VERTEX_POINT('',#4151);
#1218=VERTEX_POINT('',#4153);
#1219=VERTEX_POINT('',#4155);
#1220=VERTEX_POINT('',#4159);
#1221=VERTEX_POINT('',#4161);
#1222=VERTEX_POINT('',#4165);
#1223=VERTEX_POINT('',#4167);
#1224=VERTEX_POINT('',#4171);
#1225=VERTEX_POINT('',#4173);
#1226=VERTEX_POINT('',#4177);
#1227=VERTEX_POINT('',#4179);
#1228=VERTEX_POINT('',#4183);
#1229=VERTEX_POINT('',#4185);
#1230=VERTEX_POINT('',#4189);
#1231=VERTEX_POINT('',#4191);
#1232=VERTEX_POINT('',#4195);
#1233=VERTEX_POINT('',#4197);
#1234=VERTEX_POINT('',#4201);
#1235=VERTEX_POINT('',#4203);
#1236=VERTEX_POINT('',#4212);
#1237=VERTEX_POINT('',#4213);
#1238=VERTEX_POINT('',#4215);
#1239=VERTEX_POINT('',#4217);
#1240=VERTEX_POINT('',#4221);
#1241=VERTEX_POINT('',#4223);
#1242=VERTEX_POINT('',#4227);
#1243=VERTEX_POINT('',#4229);
#1244=VERTEX_POINT('',#4233);
#1245=VERTEX_POINT('',#4235);
#1246=VERTEX_POINT('',#4239);
#1247=VERTEX_POINT('',#4241);
#1248=VERTEX_POINT('',#4245);
#1249=VERTEX_POINT('',#4247);
#1250=VERTEX_POINT('',#4251);
#1251=VERTEX_POINT('',#4253);
#1252=VERTEX_POINT('',#4257);
#1253=VERTEX_POINT('',#4259);
#1254=VERTEX_POINT('',#4263);
#1255=VERTEX_POINT('',#4265);
#1256=VERTEX_POINT('',#4274);
#1257=VERTEX_POINT('',#4275);
#1258=VERTEX_POINT('',#4277);
#1259=VERTEX_POINT('',#4279);
#1260=VERTEX_POINT('',#4283);
#1261=VERTEX_POINT('',#4285);
#1262=VERTEX_POINT('',#4289);
#1263=VERTEX_POINT('',#4291);
#1264=VERTEX_POINT('',#4295);
#1265=VERTEX_POINT('',#4297);
#1266=VERTEX_POINT('',#4301);
#1267=VERTEX_POINT('',#4303);
#1268=VERTEX_POINT('',#4307);
#1269=VERTEX_POINT('',#4309);
#1270=VERTEX_POINT('',#4313);
#1271=VERTEX_POINT('',#4315);
#1272=VERTEX_POINT('',#4319);
#1273=VERTEX_POINT('',#4321);
#1274=VERTEX_POINT('',#4325);
#1275=VERTEX_POINT('',#4327);
#1276=VERTEX_POINT('',#4336);
#1277=VERTEX_POINT('',#4337);
#1278=VERTEX_POINT('',#4339);
#1279=VERTEX_POINT('',#4341);
#1280=VERTEX_POINT('',#4345);
#1281=VERTEX_POINT('',#4347);
#1282=VERTEX_POINT('',#4351);
#1283=VERTEX_POINT('',#4353);
#1284=VERTEX_POINT('',#4357);
#1285=VERTEX_POINT('',#4359);
#1286=VERTEX_POINT('',#4363);
#1287=VERTEX_POINT('',#4365);
#1288=VERTEX_POINT('',#4369);
#1289=VERTEX_POINT('',#4371);
#1290=VERTEX_POINT('',#4375);
#1291=VERTEX_POINT('',#4377);
#1292=VERTEX_POINT('',#4381);
#1293=VERTEX_POINT('',#4383);
#1294=VERTEX_POINT('',#4387);
#1295=VERTEX_POINT('',#4389);
#1296=VERTEX_POINT('',#4398);
#1297=VERTEX_POINT('',#4399);
#1298=VERTEX_POINT('',#4401);
#1299=VERTEX_POINT('',#4403);
#1300=VERTEX_POINT('',#4407);
#1301=VERTEX_POINT('',#4409);
#1302=VERTEX_POINT('',#4413);
#1303=VERTEX_POINT('',#4415);
#1304=VERTEX_POINT('',#4419);
#1305=VERTEX_POINT('',#4421);
#1306=VERTEX_POINT('',#4425);
#1307=VERTEX_POINT('',#4427);
#1308=VERTEX_POINT('',#4431);
#1309=VERTEX_POINT('',#4433);
#1310=VERTEX_POINT('',#4437);
#1311=VERTEX_POINT('',#4439);
#1312=VERTEX_POINT('',#4443);
#1313=VERTEX_POINT('',#4445);
#1314=VERTEX_POINT('',#4449);
#1315=VERTEX_POINT('',#4451);
#1316=VERTEX_POINT('',#4460);
#1317=VERTEX_POINT('',#4461);
#1318=VERTEX_POINT('',#4463);
#1319=VERTEX_POINT('',#4465);
#1320=VERTEX_POINT('',#4469);
#1321=VERTEX_POINT('',#4471);
#1322=VERTEX_POINT('',#4475);
#1323=VERTEX_POINT('',#4477);
#1324=VERTEX_POINT('',#4481);
#1325=VERTEX_POINT('',#4483);
#1326=VERTEX_POINT('',#4487);
#1327=VERTEX_POINT('',#4489);
#1328=VERTEX_POINT('',#4493);
#1329=VERTEX_POINT('',#4495);
#1330=VERTEX_POINT('',#4499);
#1331=VERTEX_POINT('',#4501);
#1332=VERTEX_POINT('',#4505);
#1333=VERTEX_POINT('',#4507);
#1334=VERTEX_POINT('',#4511);
#1335=VERTEX_POINT('',#4513);
#1336=VERTEX_POINT('',#4522);
#1337=VERTEX_POINT('',#4523);
#1338=VERTEX_POINT('',#4525);
#1339=VERTEX_POINT('',#4527);
#1340=VERTEX_POINT('',#4531);
#1341=VERTEX_POINT('',#4533);
#1342=VERTEX_POINT('',#4537);
#1343=VERTEX_POINT('',#4539);
#1344=VERTEX_POINT('',#4543);
#1345=VERTEX_POINT('',#4545);
#1346=VERTEX_POINT('',#4549);
#1347=VERTEX_POINT('',#4551);
#1348=VERTEX_POINT('',#4555);
#1349=VERTEX_POINT('',#4557);
#1350=VERTEX_POINT('',#4561);
#1351=VERTEX_POINT('',#4563);
#1352=VERTEX_POINT('',#4567);
#1353=VERTEX_POINT('',#4569);
#1354=VERTEX_POINT('',#4573);
#1355=VERTEX_POINT('',#4575);
#1356=VERTEX_POINT('',#4584);
#1357=VERTEX_POINT('',#4585);
#1358=VERTEX_POINT('',#4587);
#1359=VERTEX_POINT('',#4589);
#1360=VERTEX_POINT('',#4593);
#1361=VERTEX_POINT('',#4595);
#1362=VERTEX_POINT('',#4599);
#1363=VERTEX_POINT('',#4601);
#1364=VERTEX_POINT('',#4605);
#1365=VERTEX_POINT('',#4607);
#1366=VERTEX_POINT('',#4611);
#1367=VERTEX_POINT('',#4613);
#1368=VERTEX_POINT('',#4617);
#1369=VERTEX_POINT('',#4619);
#1370=VERTEX_POINT('',#4623);
#1371=VERTEX_POINT('',#4625);
#1372=VERTEX_POINT('',#4629);
#1373=VERTEX_POINT('',#4631);
#1374=VERTEX_POINT('',#4635);
#1375=VERTEX_POINT('',#4637);
#1376=EDGE_CURVE('',#1116,#1117,#436,.T.);
#1377=EDGE_CURVE('',#1118,#1116,#437,.T.);
#1378=EDGE_CURVE('',#1119,#1118,#438,.T.);
#1379=EDGE_CURVE('',#1117,#1119,#439,.T.);
#1380=EDGE_CURVE('',#1120,#1120,#67,.T.);
#1381=EDGE_CURVE('',#1121,#1116,#440,.T.);
#1382=EDGE_CURVE('',#1121,#1122,#441,.T.);
#1383=EDGE_CURVE('',#1122,#1118,#442,.T.);
#1384=EDGE_CURVE('',#1123,#1117,#443,.T.);
#1385=EDGE_CURVE('',#1123,#1121,#444,.T.);
#1386=EDGE_CURVE('',#1120,#1124,#445,.T.);
#1387=EDGE_CURVE('',#1124,#1124,#68,.T.);
#1388=EDGE_CURVE('',#1125,#1119,#446,.T.);
#1389=EDGE_CURVE('',#1125,#1123,#447,.T.);
#1390=EDGE_CURVE('',#1122,#1125,#448,.T.);
#1391=EDGE_CURVE('',#1126,#1127,#449,.T.);
#1392=EDGE_CURVE('',#1127,#1128,#450,.T.);
#1393=EDGE_CURVE('',#1129,#1128,#451,.T.);
#1394=EDGE_CURVE('',#1126,#1129,#452,.T.);
#1395=EDGE_CURVE('',#1130,#1126,#453,.T.);
#1396=EDGE_CURVE('',#1131,#1129,#454,.T.);
#1397=EDGE_CURVE('',#1130,#1131,#455,.T.);
#1398=EDGE_CURVE('',#1132,#1130,#456,.T.);
#1399=EDGE_CURVE('',#1133,#1131,#457,.T.);
#1400=EDGE_CURVE('',#1132,#1133,#458,.T.);
#1401=EDGE_CURVE('',#1134,#1132,#459,.T.);
#1402=EDGE_CURVE('',#1135,#1133,#460,.T.);
#1403=EDGE_CURVE('',#1134,#1135,#461,.T.);
#1404=EDGE_CURVE('',#1136,#1134,#69,.T.);
#1405=EDGE_CURVE('',#1137,#1135,#70,.T.);
#1406=EDGE_CURVE('',#1136,#1137,#462,.T.);
#1407=EDGE_CURVE('',#1138,#1136,#463,.T.);
#1408=EDGE_CURVE('',#1139,#1137,#464,.T.);
#1409=EDGE_CURVE('',#1138,#1139,#465,.T.);
#1410=EDGE_CURVE('',#1140,#1138,#71,.T.);
#1411=EDGE_CURVE('',#1141,#1139,#72,.T.);
#1412=EDGE_CURVE('',#1140,#1141,#466,.T.);
#1413=EDGE_CURVE('',#1142,#1140,#467,.T.);
#1414=EDGE_CURVE('',#1143,#1141,#468,.T.);
#1415=EDGE_CURVE('',#1142,#1143,#469,.T.);
#1416=EDGE_CURVE('',#1144,#1142,#470,.T.);
#1417=EDGE_CURVE('',#1145,#1143,#471,.T.);
#1418=EDGE_CURVE('',#1144,#1145,#472,.T.);
#1419=EDGE_CURVE('',#1127,#1144,#473,.T.);
#1420=EDGE_CURVE('',#1128,#1145,#474,.T.);
#1421=EDGE_CURVE('',#1146,#1147,#475,.T.);
#1422=EDGE_CURVE('',#1147,#1148,#476,.T.);
#1423=EDGE_CURVE('',#1149,#1148,#477,.T.);
#1424=EDGE_CURVE('',#1146,#1149,#478,.T.);
#1425=EDGE_CURVE('',#1150,#1146,#479,.T.);
#1426=EDGE_CURVE('',#1151,#1149,#480,.T.);
#1427=EDGE_CURVE('',#1150,#1151,#481,.T.);
#1428=EDGE_CURVE('',#1152,#1150,#482,.T.);
#1429=EDGE_CURVE('',#1153,#1151,#483,.T.);
#1430=EDGE_CURVE('',#1152,#1153,#484,.T.);
#1431=EDGE_CURVE('',#1154,#1152,#485,.T.);
#1432=EDGE_CURVE('',#1155,#1153,#486,.T.);
#1433=EDGE_CURVE('',#1154,#1155,#487,.T.);
#1434=EDGE_CURVE('',#1147,#1154,#488,.T.);
#1435=EDGE_CURVE('',#1148,#1155,#489,.T.);
#1436=EDGE_CURVE('',#1156,#1157,#490,.T.);
#1437=EDGE_CURVE('',#1157,#1158,#491,.T.);
#1438=EDGE_CURVE('',#1159,#1158,#492,.T.);
#1439=EDGE_CURVE('',#1156,#1159,#493,.T.);
#1440=EDGE_CURVE('',#1160,#1156,#494,.T.);
#1441=EDGE_CURVE('',#1161,#1159,#495,.T.);
#1442=EDGE_CURVE('',#1160,#1161,#496,.T.);
#1443=EDGE_CURVE('',#1162,#1160,#497,.T.);
#1444=EDGE_CURVE('',#1163,#1161,#498,.T.);
#1445=EDGE_CURVE('',#1162,#1163,#499,.T.);
#1446=EDGE_CURVE('',#1164,#1162,#500,.T.);
#1447=EDGE_CURVE('',#1165,#1163,#501,.T.);
#1448=EDGE_CURVE('',#1164,#1165,#502,.T.);
#1449=EDGE_CURVE('',#1166,#1164,#73,.T.);
#1450=EDGE_CURVE('',#1167,#1165,#74,.T.);
#1451=EDGE_CURVE('',#1166,#1167,#503,.T.);
#1452=EDGE_CURVE('',#1168,#1166,#504,.T.);
#1453=EDGE_CURVE('',#1169,#1167,#505,.T.);
#1454=EDGE_CURVE('',#1168,#1169,#506,.T.);
#1455=EDGE_CURVE('',#1170,#1168,#75,.T.);
#1456=EDGE_CURVE('',#1171,#1169,#76,.T.);
#1457=EDGE_CURVE('',#1170,#1171,#507,.T.);
#1458=EDGE_CURVE('',#1172,#1170,#508,.T.);
#1459=EDGE_CURVE('',#1173,#1171,#509,.T.);
#1460=EDGE_CURVE('',#1172,#1173,#510,.T.);
#1461=EDGE_CURVE('',#1174,#1172,#511,.T.);
#1462=EDGE_CURVE('',#1175,#1173,#512,.T.);
#1463=EDGE_CURVE('',#1174,#1175,#513,.T.);
#1464=EDGE_CURVE('',#1157,#1174,#514,.T.);
#1465=EDGE_CURVE('',#1158,#1175,#515,.T.);
#1466=EDGE_CURVE('',#1176,#1177,#516,.T.);
#1467=EDGE_CURVE('',#1177,#1178,#517,.T.);
#1468=EDGE_CURVE('',#1179,#1178,#518,.T.);
#1469=EDGE_CURVE('',#1176,#1179,#519,.T.);
#1470=EDGE_CURVE('',#1180,#1176,#520,.T.);
#1471=EDGE_CURVE('',#1181,#1179,#521,.T.);
#1472=EDGE_CURVE('',#1180,#1181,#522,.T.);
#1473=EDGE_CURVE('',#1182,#1180,#523,.T.);
#1474=EDGE_CURVE('',#1183,#1181,#524,.T.);
#1475=EDGE_CURVE('',#1182,#1183,#525,.T.);
#1476=EDGE_CURVE('',#1184,#1182,#526,.T.);
#1477=EDGE_CURVE('',#1185,#1183,#527,.T.);
#1478=EDGE_CURVE('',#1184,#1185,#528,.T.);
#1479=EDGE_CURVE('',#1186,#1184,#77,.T.);
#1480=EDGE_CURVE('',#1187,#1185,#78,.T.);
#1481=EDGE_CURVE('',#1186,#1187,#529,.T.);
#1482=EDGE_CURVE('',#1188,#1186,#530,.T.);
#1483=EDGE_CURVE('',#1189,#1187,#531,.T.);
#1484=EDGE_CURVE('',#1188,#1189,#532,.T.);
#1485=EDGE_CURVE('',#1190,#1188,#79,.T.);
#1486=EDGE_CURVE('',#1191,#1189,#80,.T.);
#1487=EDGE_CURVE('',#1190,#1191,#533,.T.);
#1488=EDGE_CURVE('',#1192,#1190,#534,.T.);
#1489=EDGE_CURVE('',#1193,#1191,#535,.T.);
#1490=EDGE_CURVE('',#1192,#1193,#536,.T.);
#1491=EDGE_CURVE('',#1194,#1192,#537,.T.);
#1492=EDGE_CURVE('',#1195,#1193,#538,.T.);
#1493=EDGE_CURVE('',#1194,#1195,#539,.T.);
#1494=EDGE_CURVE('',#1177,#1194,#540,.T.);
#1495=EDGE_CURVE('',#1178,#1195,#541,.T.);
#1496=EDGE_CURVE('',#1196,#1197,#542,.T.);
#1497=EDGE_CURVE('',#1197,#1198,#543,.T.);
#1498=EDGE_CURVE('',#1199,#1198,#544,.T.);
#1499=EDGE_CURVE('',#1196,#1199,#545,.T.);
#1500=EDGE_CURVE('',#1200,#1196,#546,.T.);
#1501=EDGE_CURVE('',#1201,#1199,#547,.T.);
#1502=EDGE_CURVE('',#1200,#1201,#548,.T.);
#1503=EDGE_CURVE('',#1202,#1200,#549,.T.);
#1504=EDGE_CURVE('',#1203,#1201,#550,.T.);
#1505=EDGE_CURVE('',#1202,#1203,#551,.T.);
#1506=EDGE_CURVE('',#1204,#1202,#552,.T.);
#1507=EDGE_CURVE('',#1205,#1203,#553,.T.);
#1508=EDGE_CURVE('',#1204,#1205,#554,.T.);
#1509=EDGE_CURVE('',#1206,#1204,#81,.T.);
#1510=EDGE_CURVE('',#1207,#1205,#82,.T.);
#1511=EDGE_CURVE('',#1206,#1207,#555,.T.);
#1512=EDGE_CURVE('',#1208,#1206,#556,.T.);
#1513=EDGE_CURVE('',#1209,#1207,#557,.T.);
#1514=EDGE_CURVE('',#1208,#1209,#558,.T.);
#1515=EDGE_CURVE('',#1210,#1208,#83,.T.);
#1516=EDGE_CURVE('',#1211,#1209,#84,.T.);
#1517=EDGE_CURVE('',#1210,#1211,#559,.T.);
#1518=EDGE_CURVE('',#1212,#1210,#560,.T.);
#1519=EDGE_CURVE('',#1213,#1211,#561,.T.);
#1520=EDGE_CURVE('',#1212,#1213,#562,.T.);
#1521=EDGE_CURVE('',#1214,#1212,#563,.T.);
#1522=EDGE_CURVE('',#1215,#1213,#564,.T.);
#1523=EDGE_CURVE('',#1214,#1215,#565,.T.);
#1524=EDGE_CURVE('',#1197,#1214,#566,.T.);
#1525=EDGE_CURVE('',#1198,#1215,#567,.T.);
#1526=EDGE_CURVE('',#1216,#1217,#568,.T.);
#1527=EDGE_CURVE('',#1217,#1218,#569,.T.);
#1528=EDGE_CURVE('',#1219,#1218,#570,.T.);
#1529=EDGE_CURVE('',#1216,#1219,#571,.T.);
#1530=EDGE_CURVE('',#1220,#1216,#572,.T.);
#1531=EDGE_CURVE('',#1221,#1219,#573,.T.);
#1532=EDGE_CURVE('',#1220,#1221,#574,.T.);
#1533=EDGE_CURVE('',#1222,#1220,#575,.T.);
#1534=EDGE_CURVE('',#1223,#1221,#576,.T.);
#1535=EDGE_CURVE('',#1222,#1223,#577,.T.);
#1536=EDGE_CURVE('',#1224,#1222,#578,.T.);
#1537=EDGE_CURVE('',#1225,#1223,#579,.T.);
#1538=EDGE_CURVE('',#1224,#1225,#580,.T.);
#1539=EDGE_CURVE('',#1226,#1224,#85,.T.);
#1540=EDGE_CURVE('',#1227,#1225,#86,.T.);
#1541=EDGE_CURVE('',#1226,#1227,#581,.T.);
#1542=EDGE_CURVE('',#1228,#1226,#582,.T.);
#1543=EDGE_CURVE('',#1229,#1227,#583,.T.);
#1544=EDGE_CURVE('',#1228,#1229,#584,.T.);
#1545=EDGE_CURVE('',#1230,#1228,#87,.T.);
#1546=EDGE_CURVE('',#1231,#1229,#88,.T.);
#1547=EDGE_CURVE('',#1230,#1231,#585,.T.);
#1548=EDGE_CURVE('',#1232,#1230,#586,.T.);
#1549=EDGE_CURVE('',#1233,#1231,#587,.T.);
#1550=EDGE_CURVE('',#1232,#1233,#588,.T.);
#1551=EDGE_CURVE('',#1234,#1232,#589,.T.);
#1552=EDGE_CURVE('',#1235,#1233,#590,.T.);
#1553=EDGE_CURVE('',#1234,#1235,#591,.T.);
#1554=EDGE_CURVE('',#1217,#1234,#592,.T.);
#1555=EDGE_CURVE('',#1218,#1235,#593,.T.);
#1556=EDGE_CURVE('',#1236,#1237,#594,.T.);
#1557=EDGE_CURVE('',#1237,#1238,#595,.T.);
#1558=EDGE_CURVE('',#1239,#1238,#596,.T.);
#1559=EDGE_CURVE('',#1236,#1239,#597,.T.);
#1560=EDGE_CURVE('',#1240,#1236,#598,.T.);
#1561=EDGE_CURVE('',#1241,#1239,#599,.T.);
#1562=EDGE_CURVE('',#1240,#1241,#600,.T.);
#1563=EDGE_CURVE('',#1242,#1240,#601,.T.);
#1564=EDGE_CURVE('',#1243,#1241,#602,.T.);
#1565=EDGE_CURVE('',#1242,#1243,#603,.T.);
#1566=EDGE_CURVE('',#1244,#1242,#604,.T.);
#1567=EDGE_CURVE('',#1245,#1243,#605,.T.);
#1568=EDGE_CURVE('',#1244,#1245,#606,.T.);
#1569=EDGE_CURVE('',#1246,#1244,#89,.T.);
#1570=EDGE_CURVE('',#1247,#1245,#90,.T.);
#1571=EDGE_CURVE('',#1246,#1247,#607,.T.);
#1572=EDGE_CURVE('',#1248,#1246,#608,.T.);
#1573=EDGE_CURVE('',#1249,#1247,#609,.T.);
#1574=EDGE_CURVE('',#1248,#1249,#610,.T.);
#1575=EDGE_CURVE('',#1250,#1248,#91,.T.);
#1576=EDGE_CURVE('',#1251,#1249,#92,.T.);
#1577=EDGE_CURVE('',#1250,#1251,#611,.T.);
#1578=EDGE_CURVE('',#1252,#1250,#612,.T.);
#1579=EDGE_CURVE('',#1253,#1251,#613,.T.);
#1580=EDGE_CURVE('',#1252,#1253,#614,.T.);
#1581=EDGE_CURVE('',#1254,#1252,#615,.T.);
#1582=EDGE_CURVE('',#1255,#1253,#616,.T.);
#1583=EDGE_CURVE('',#1254,#1255,#617,.T.);
#1584=EDGE_CURVE('',#1237,#1254,#618,.T.);
#1585=EDGE_CURVE('',#1238,#1255,#619,.T.);
#1586=EDGE_CURVE('',#1256,#1257,#620,.T.);
#1587=EDGE_CURVE('',#1257,#1258,#621,.T.);
#1588=EDGE_CURVE('',#1259,#1258,#622,.T.);
#1589=EDGE_CURVE('',#1256,#1259,#623,.T.);
#1590=EDGE_CURVE('',#1260,#1256,#624,.T.);
#1591=EDGE_CURVE('',#1261,#1259,#625,.T.);
#1592=EDGE_CURVE('',#1260,#1261,#626,.T.);
#1593=EDGE_CURVE('',#1262,#1260,#627,.T.);
#1594=EDGE_CURVE('',#1263,#1261,#628,.T.);
#1595=EDGE_CURVE('',#1262,#1263,#629,.T.);
#1596=EDGE_CURVE('',#1264,#1262,#630,.T.);
#1597=EDGE_CURVE('',#1265,#1263,#631,.T.);
#1598=EDGE_CURVE('',#1264,#1265,#632,.T.);
#1599=EDGE_CURVE('',#1266,#1264,#93,.T.);
#1600=EDGE_CURVE('',#1267,#1265,#94,.T.);
#1601=EDGE_CURVE('',#1266,#1267,#633,.T.);
#1602=EDGE_CURVE('',#1268,#1266,#634,.T.);
#1603=EDGE_CURVE('',#1269,#1267,#635,.T.);
#1604=EDGE_CURVE('',#1268,#1269,#636,.T.);
#1605=EDGE_CURVE('',#1270,#1268,#95,.T.);
#1606=EDGE_CURVE('',#1271,#1269,#96,.T.);
#1607=EDGE_CURVE('',#1270,#1271,#637,.T.);
#1608=EDGE_CURVE('',#1272,#1270,#638,.T.);
#1609=EDGE_CURVE('',#1273,#1271,#639,.T.);
#1610=EDGE_CURVE('',#1272,#1273,#640,.T.);
#1611=EDGE_CURVE('',#1274,#1272,#641,.T.);
#1612=EDGE_CURVE('',#1275,#1273,#642,.T.);
#1613=EDGE_CURVE('',#1274,#1275,#643,.T.);
#1614=EDGE_CURVE('',#1257,#1274,#644,.T.);
#1615=EDGE_CURVE('',#1258,#1275,#645,.T.);
#1616=EDGE_CURVE('',#1276,#1277,#646,.T.);
#1617=EDGE_CURVE('',#1277,#1278,#647,.T.);
#1618=EDGE_CURVE('',#1279,#1278,#648,.T.);
#1619=EDGE_CURVE('',#1276,#1279,#649,.T.);
#1620=EDGE_CURVE('',#1280,#1276,#650,.T.);
#1621=EDGE_CURVE('',#1281,#1279,#651,.T.);
#1622=EDGE_CURVE('',#1280,#1281,#652,.T.);
#1623=EDGE_CURVE('',#1282,#1280,#653,.T.);
#1624=EDGE_CURVE('',#1283,#1281,#654,.T.);
#1625=EDGE_CURVE('',#1282,#1283,#655,.T.);
#1626=EDGE_CURVE('',#1284,#1282,#656,.T.);
#1627=EDGE_CURVE('',#1285,#1283,#657,.T.);
#1628=EDGE_CURVE('',#1284,#1285,#658,.T.);
#1629=EDGE_CURVE('',#1286,#1284,#97,.T.);
#1630=EDGE_CURVE('',#1287,#1285,#98,.T.);
#1631=EDGE_CURVE('',#1286,#1287,#659,.T.);
#1632=EDGE_CURVE('',#1288,#1286,#660,.T.);
#1633=EDGE_CURVE('',#1289,#1287,#661,.T.);
#1634=EDGE_CURVE('',#1288,#1289,#662,.T.);
#1635=EDGE_CURVE('',#1290,#1288,#99,.T.);
#1636=EDGE_CURVE('',#1291,#1289,#100,.T.);
#1637=EDGE_CURVE('',#1290,#1291,#663,.T.);
#1638=EDGE_CURVE('',#1292,#1290,#664,.T.);
#1639=EDGE_CURVE('',#1293,#1291,#665,.T.);
#1640=EDGE_CURVE('',#1292,#1293,#666,.T.);
#1641=EDGE_CURVE('',#1294,#1292,#667,.T.);
#1642=EDGE_CURVE('',#1295,#1293,#668,.T.);
#1643=EDGE_CURVE('',#1294,#1295,#669,.T.);
#1644=EDGE_CURVE('',#1277,#1294,#670,.T.);
#1645=EDGE_CURVE('',#1278,#1295,#671,.T.);
#1646=EDGE_CURVE('',#1296,#1297,#672,.T.);
#1647=EDGE_CURVE('',#1297,#1298,#673,.T.);
#1648=EDGE_CURVE('',#1299,#1298,#674,.T.);
#1649=EDGE_CURVE('',#1296,#1299,#675,.T.);
#1650=EDGE_CURVE('',#1300,#1296,#676,.T.);
#1651=EDGE_CURVE('',#1301,#1299,#677,.T.);
#1652=EDGE_CURVE('',#1300,#1301,#678,.T.);
#1653=EDGE_CURVE('',#1302,#1300,#679,.T.);
#1654=EDGE_CURVE('',#1303,#1301,#680,.T.);
#1655=EDGE_CURVE('',#1302,#1303,#681,.T.);
#1656=EDGE_CURVE('',#1304,#1302,#682,.T.);
#1657=EDGE_CURVE('',#1305,#1303,#683,.T.);
#1658=EDGE_CURVE('',#1304,#1305,#684,.T.);
#1659=EDGE_CURVE('',#1306,#1304,#101,.T.);
#1660=EDGE_CURVE('',#1307,#1305,#102,.T.);
#1661=EDGE_CURVE('',#1306,#1307,#685,.T.);
#1662=EDGE_CURVE('',#1308,#1306,#686,.T.);
#1663=EDGE_CURVE('',#1309,#1307,#687,.T.);
#1664=EDGE_CURVE('',#1308,#1309,#688,.T.);
#1665=EDGE_CURVE('',#1310,#1308,#103,.T.);
#1666=EDGE_CURVE('',#1311,#1309,#104,.T.);
#1667=EDGE_CURVE('',#1310,#1311,#689,.T.);
#1668=EDGE_CURVE('',#1312,#1310,#690,.T.);
#1669=EDGE_CURVE('',#1313,#1311,#691,.T.);
#1670=EDGE_CURVE('',#1312,#1313,#692,.T.);
#1671=EDGE_CURVE('',#1314,#1312,#693,.T.);
#1672=EDGE_CURVE('',#1315,#1313,#694,.T.);
#1673=EDGE_CURVE('',#1314,#1315,#695,.T.);
#1674=EDGE_CURVE('',#1297,#1314,#696,.T.);
#1675=EDGE_CURVE('',#1298,#1315,#697,.T.);
#1676=EDGE_CURVE('',#1316,#1317,#698,.T.);
#1677=EDGE_CURVE('',#1317,#1318,#699,.T.);
#1678=EDGE_CURVE('',#1319,#1318,#700,.T.);
#1679=EDGE_CURVE('',#1316,#1319,#701,.T.);
#1680=EDGE_CURVE('',#1320,#1316,#702,.T.);
#1681=EDGE_CURVE('',#1321,#1319,#703,.T.);
#1682=EDGE_CURVE('',#1320,#1321,#704,.T.);
#1683=EDGE_CURVE('',#1322,#1320,#705,.T.);
#1684=EDGE_CURVE('',#1323,#1321,#706,.T.);
#1685=EDGE_CURVE('',#1322,#1323,#707,.T.);
#1686=EDGE_CURVE('',#1324,#1322,#708,.T.);
#1687=EDGE_CURVE('',#1325,#1323,#709,.T.);
#1688=EDGE_CURVE('',#1324,#1325,#710,.T.);
#1689=EDGE_CURVE('',#1326,#1324,#105,.T.);
#1690=EDGE_CURVE('',#1327,#1325,#106,.T.);
#1691=EDGE_CURVE('',#1326,#1327,#711,.T.);
#1692=EDGE_CURVE('',#1328,#1326,#712,.T.);
#1693=EDGE_CURVE('',#1329,#1327,#713,.T.);
#1694=EDGE_CURVE('',#1328,#1329,#714,.T.);
#1695=EDGE_CURVE('',#1330,#1328,#107,.T.);
#1696=EDGE_CURVE('',#1331,#1329,#108,.T.);
#1697=EDGE_CURVE('',#1330,#1331,#715,.T.);
#1698=EDGE_CURVE('',#1332,#1330,#716,.T.);
#1699=EDGE_CURVE('',#1333,#1331,#717,.T.);
#1700=EDGE_CURVE('',#1332,#1333,#718,.T.);
#1701=EDGE_CURVE('',#1334,#1332,#719,.T.);
#1702=EDGE_CURVE('',#1335,#1333,#720,.T.);
#1703=EDGE_CURVE('',#1334,#1335,#721,.T.);
#1704=EDGE_CURVE('',#1317,#1334,#722,.T.);
#1705=EDGE_CURVE('',#1318,#1335,#723,.T.);
#1706=EDGE_CURVE('',#1336,#1337,#724,.T.);
#1707=EDGE_CURVE('',#1337,#1338,#725,.T.);
#1708=EDGE_CURVE('',#1339,#1338,#726,.T.);
#1709=EDGE_CURVE('',#1336,#1339,#727,.T.);
#1710=EDGE_CURVE('',#1340,#1336,#728,.T.);
#1711=EDGE_CURVE('',#1341,#1339,#729,.T.);
#1712=EDGE_CURVE('',#1340,#1341,#730,.T.);
#1713=EDGE_CURVE('',#1342,#1340,#731,.T.);
#1714=EDGE_CURVE('',#1343,#1341,#732,.T.);
#1715=EDGE_CURVE('',#1342,#1343,#733,.T.);
#1716=EDGE_CURVE('',#1344,#1342,#734,.T.);
#1717=EDGE_CURVE('',#1345,#1343,#735,.T.);
#1718=EDGE_CURVE('',#1344,#1345,#736,.T.);
#1719=EDGE_CURVE('',#1346,#1344,#109,.T.);
#1720=EDGE_CURVE('',#1347,#1345,#110,.T.);
#1721=EDGE_CURVE('',#1346,#1347,#737,.T.);
#1722=EDGE_CURVE('',#1348,#1346,#738,.T.);
#1723=EDGE_CURVE('',#1349,#1347,#739,.T.);
#1724=EDGE_CURVE('',#1348,#1349,#740,.T.);
#1725=EDGE_CURVE('',#1350,#1348,#111,.T.);
#1726=EDGE_CURVE('',#1351,#1349,#112,.T.);
#1727=EDGE_CURVE('',#1350,#1351,#741,.T.);
#1728=EDGE_CURVE('',#1352,#1350,#742,.T.);
#1729=EDGE_CURVE('',#1353,#1351,#743,.T.);
#1730=EDGE_CURVE('',#1352,#1353,#744,.T.);
#1731=EDGE_CURVE('',#1354,#1352,#745,.T.);
#1732=EDGE_CURVE('',#1355,#1353,#746,.T.);
#1733=EDGE_CURVE('',#1354,#1355,#747,.T.);
#1734=EDGE_CURVE('',#1337,#1354,#748,.T.);
#1735=EDGE_CURVE('',#1338,#1355,#749,.T.);
#1736=EDGE_CURVE('',#1356,#1357,#750,.T.);
#1737=EDGE_CURVE('',#1357,#1358,#751,.T.);
#1738=EDGE_CURVE('',#1359,#1358,#752,.T.);
#1739=EDGE_CURVE('',#1356,#1359,#753,.T.);
#1740=EDGE_CURVE('',#1360,#1356,#754,.T.);
#1741=EDGE_CURVE('',#1361,#1359,#755,.T.);
#1742=EDGE_CURVE('',#1360,#1361,#756,.T.);
#1743=EDGE_CURVE('',#1362,#1360,#757,.T.);
#1744=EDGE_CURVE('',#1363,#1361,#758,.T.);
#1745=EDGE_CURVE('',#1362,#1363,#759,.T.);
#1746=EDGE_CURVE('',#1364,#1362,#760,.T.);
#1747=EDGE_CURVE('',#1365,#1363,#761,.T.);
#1748=EDGE_CURVE('',#1364,#1365,#762,.T.);
#1749=EDGE_CURVE('',#1366,#1364,#113,.T.);
#1750=EDGE_CURVE('',#1367,#1365,#114,.T.);
#1751=EDGE_CURVE('',#1366,#1367,#763,.T.);
#1752=EDGE_CURVE('',#1368,#1366,#764,.T.);
#1753=EDGE_CURVE('',#1369,#1367,#765,.T.);
#1754=EDGE_CURVE('',#1368,#1369,#766,.T.);
#1755=EDGE_CURVE('',#1370,#1368,#115,.T.);
#1756=EDGE_CURVE('',#1371,#1369,#116,.T.);
#1757=EDGE_CURVE('',#1370,#1371,#767,.T.);
#1758=EDGE_CURVE('',#1372,#1370,#768,.T.);
#1759=EDGE_CURVE('',#1373,#1371,#769,.T.);
#1760=EDGE_CURVE('',#1372,#1373,#770,.T.);
#1761=EDGE_CURVE('',#1374,#1372,#771,.T.);
#1762=EDGE_CURVE('',#1375,#1373,#772,.T.);
#1763=EDGE_CURVE('',#1374,#1375,#773,.T.);
#1764=EDGE_CURVE('',#1357,#1374,#774,.T.);
#1765=EDGE_CURVE('',#1358,#1375,#775,.T.);
#1766=ORIENTED_EDGE('',*,*,#1376,.F.);
#1767=ORIENTED_EDGE('',*,*,#1377,.F.);
#1768=ORIENTED_EDGE('',*,*,#1378,.F.);
#1769=ORIENTED_EDGE('',*,*,#1379,.F.);
#1770=ORIENTED_EDGE('',*,*,#1380,.F.);
#1771=ORIENTED_EDGE('',*,*,#1377,.T.);
#1772=ORIENTED_EDGE('',*,*,#1381,.F.);
#1773=ORIENTED_EDGE('',*,*,#1382,.T.);
#1774=ORIENTED_EDGE('',*,*,#1383,.T.);
#1775=ORIENTED_EDGE('',*,*,#1376,.T.);
#1776=ORIENTED_EDGE('',*,*,#1384,.F.);
#1777=ORIENTED_EDGE('',*,*,#1385,.T.);
#1778=ORIENTED_EDGE('',*,*,#1381,.T.);
#1779=ORIENTED_EDGE('',*,*,#1380,.T.);
#1780=ORIENTED_EDGE('',*,*,#1386,.T.);
#1781=ORIENTED_EDGE('',*,*,#1387,.T.);
#1782=ORIENTED_EDGE('',*,*,#1386,.F.);
#1783=ORIENTED_EDGE('',*,*,#1387,.F.);
#1784=ORIENTED_EDGE('',*,*,#1379,.T.);
#1785=ORIENTED_EDGE('',*,*,#1388,.F.);
#1786=ORIENTED_EDGE('',*,*,#1389,.T.);
#1787=ORIENTED_EDGE('',*,*,#1384,.T.);
#1788=ORIENTED_EDGE('',*,*,#1378,.T.);
#1789=ORIENTED_EDGE('',*,*,#1383,.F.);
#1790=ORIENTED_EDGE('',*,*,#1390,.T.);
#1791=ORIENTED_EDGE('',*,*,#1388,.T.);
#1792=ORIENTED_EDGE('',*,*,#1385,.F.);
#1793=ORIENTED_EDGE('',*,*,#1389,.F.);
#1794=ORIENTED_EDGE('',*,*,#1390,.F.);
#1795=ORIENTED_EDGE('',*,*,#1382,.F.);
#1796=ORIENTED_EDGE('',*,*,#1391,.T.);
#1797=ORIENTED_EDGE('',*,*,#1392,.T.);
#1798=ORIENTED_EDGE('',*,*,#1393,.F.);
#1799=ORIENTED_EDGE('',*,*,#1394,.F.);
#1800=ORIENTED_EDGE('',*,*,#1395,.T.);
#1801=ORIENTED_EDGE('',*,*,#1394,.T.);
#1802=ORIENTED_EDGE('',*,*,#1396,.F.);
#1803=ORIENTED_EDGE('',*,*,#1397,.F.);
#1804=ORIENTED_EDGE('',*,*,#1398,.T.);
#1805=ORIENTED_EDGE('',*,*,#1397,.T.);
#1806=ORIENTED_EDGE('',*,*,#1399,.F.);
#1807=ORIENTED_EDGE('',*,*,#1400,.F.);
#1808=ORIENTED_EDGE('',*,*,#1401,.T.);
#1809=ORIENTED_EDGE('',*,*,#1400,.T.);
#1810=ORIENTED_EDGE('',*,*,#1402,.F.);
#1811=ORIENTED_EDGE('',*,*,#1403,.F.);
#1812=ORIENTED_EDGE('',*,*,#1404,.T.);
#1813=ORIENTED_EDGE('',*,*,#1403,.T.);
#1814=ORIENTED_EDGE('',*,*,#1405,.F.);
#1815=ORIENTED_EDGE('',*,*,#1406,.F.);
#1816=ORIENTED_EDGE('',*,*,#1407,.T.);
#1817=ORIENTED_EDGE('',*,*,#1406,.T.);
#1818=ORIENTED_EDGE('',*,*,#1408,.F.);
#1819=ORIENTED_EDGE('',*,*,#1409,.F.);
#1820=ORIENTED_EDGE('',*,*,#1410,.T.);
#1821=ORIENTED_EDGE('',*,*,#1409,.T.);
#1822=ORIENTED_EDGE('',*,*,#1411,.F.);
#1823=ORIENTED_EDGE('',*,*,#1412,.F.);
#1824=ORIENTED_EDGE('',*,*,#1413,.T.);
#1825=ORIENTED_EDGE('',*,*,#1412,.T.);
#1826=ORIENTED_EDGE('',*,*,#1414,.F.);
#1827=ORIENTED_EDGE('',*,*,#1415,.F.);
#1828=ORIENTED_EDGE('',*,*,#1416,.T.);
#1829=ORIENTED_EDGE('',*,*,#1415,.T.);
#1830=ORIENTED_EDGE('',*,*,#1417,.F.);
#1831=ORIENTED_EDGE('',*,*,#1418,.F.);
#1832=ORIENTED_EDGE('',*,*,#1419,.T.);
#1833=ORIENTED_EDGE('',*,*,#1418,.T.);
#1834=ORIENTED_EDGE('',*,*,#1420,.F.);
#1835=ORIENTED_EDGE('',*,*,#1392,.F.);
#1836=ORIENTED_EDGE('',*,*,#1420,.T.);
#1837=ORIENTED_EDGE('',*,*,#1417,.T.);
#1838=ORIENTED_EDGE('',*,*,#1414,.T.);
#1839=ORIENTED_EDGE('',*,*,#1411,.T.);
#1840=ORIENTED_EDGE('',*,*,#1408,.T.);
#1841=ORIENTED_EDGE('',*,*,#1405,.T.);
#1842=ORIENTED_EDGE('',*,*,#1402,.T.);
#1843=ORIENTED_EDGE('',*,*,#1399,.T.);
#1844=ORIENTED_EDGE('',*,*,#1396,.T.);
#1845=ORIENTED_EDGE('',*,*,#1393,.T.);
#1846=ORIENTED_EDGE('',*,*,#1419,.F.);
#1847=ORIENTED_EDGE('',*,*,#1391,.F.);
#1848=ORIENTED_EDGE('',*,*,#1395,.F.);
#1849=ORIENTED_EDGE('',*,*,#1398,.F.);
#1850=ORIENTED_EDGE('',*,*,#1401,.F.);
#1851=ORIENTED_EDGE('',*,*,#1404,.F.);
#1852=ORIENTED_EDGE('',*,*,#1407,.F.);
#1853=ORIENTED_EDGE('',*,*,#1410,.F.);
#1854=ORIENTED_EDGE('',*,*,#1413,.F.);
#1855=ORIENTED_EDGE('',*,*,#1416,.F.);
#1856=ORIENTED_EDGE('',*,*,#1421,.T.);
#1857=ORIENTED_EDGE('',*,*,#1422,.T.);
#1858=ORIENTED_EDGE('',*,*,#1423,.F.);
#1859=ORIENTED_EDGE('',*,*,#1424,.F.);
#1860=ORIENTED_EDGE('',*,*,#1425,.T.);
#1861=ORIENTED_EDGE('',*,*,#1424,.T.);
#1862=ORIENTED_EDGE('',*,*,#1426,.F.);
#1863=ORIENTED_EDGE('',*,*,#1427,.F.);
#1864=ORIENTED_EDGE('',*,*,#1428,.T.);
#1865=ORIENTED_EDGE('',*,*,#1427,.T.);
#1866=ORIENTED_EDGE('',*,*,#1429,.F.);
#1867=ORIENTED_EDGE('',*,*,#1430,.F.);
#1868=ORIENTED_EDGE('',*,*,#1431,.T.);
#1869=ORIENTED_EDGE('',*,*,#1430,.T.);
#1870=ORIENTED_EDGE('',*,*,#1432,.F.);
#1871=ORIENTED_EDGE('',*,*,#1433,.F.);
#1872=ORIENTED_EDGE('',*,*,#1434,.T.);
#1873=ORIENTED_EDGE('',*,*,#1433,.T.);
#1874=ORIENTED_EDGE('',*,*,#1435,.F.);
#1875=ORIENTED_EDGE('',*,*,#1422,.F.);
#1876=ORIENTED_EDGE('',*,*,#1435,.T.);
#1877=ORIENTED_EDGE('',*,*,#1432,.T.);
#1878=ORIENTED_EDGE('',*,*,#1429,.T.);
#1879=ORIENTED_EDGE('',*,*,#1426,.T.);
#1880=ORIENTED_EDGE('',*,*,#1423,.T.);
#1881=ORIENTED_EDGE('',*,*,#1434,.F.);
#1882=ORIENTED_EDGE('',*,*,#1421,.F.);
#1883=ORIENTED_EDGE('',*,*,#1425,.F.);
#1884=ORIENTED_EDGE('',*,*,#1428,.F.);
#1885=ORIENTED_EDGE('',*,*,#1431,.F.);
#1886=ORIENTED_EDGE('',*,*,#1436,.T.);
#1887=ORIENTED_EDGE('',*,*,#1437,.T.);
#1888=ORIENTED_EDGE('',*,*,#1438,.F.);
#1889=ORIENTED_EDGE('',*,*,#1439,.F.);
#1890=ORIENTED_EDGE('',*,*,#1440,.T.);
#1891=ORIENTED_EDGE('',*,*,#1439,.T.);
#1892=ORIENTED_EDGE('',*,*,#1441,.F.);
#1893=ORIENTED_EDGE('',*,*,#1442,.F.);
#1894=ORIENTED_EDGE('',*,*,#1443,.T.);
#1895=ORIENTED_EDGE('',*,*,#1442,.T.);
#1896=ORIENTED_EDGE('',*,*,#1444,.F.);
#1897=ORIENTED_EDGE('',*,*,#1445,.F.);
#1898=ORIENTED_EDGE('',*,*,#1446,.T.);
#1899=ORIENTED_EDGE('',*,*,#1445,.T.);
#1900=ORIENTED_EDGE('',*,*,#1447,.F.);
#1901=ORIENTED_EDGE('',*,*,#1448,.F.);
#1902=ORIENTED_EDGE('',*,*,#1449,.T.);
#1903=ORIENTED_EDGE('',*,*,#1448,.T.);
#1904=ORIENTED_EDGE('',*,*,#1450,.F.);
#1905=ORIENTED_EDGE('',*,*,#1451,.F.);
#1906=ORIENTED_EDGE('',*,*,#1452,.T.);
#1907=ORIENTED_EDGE('',*,*,#1451,.T.);
#1908=ORIENTED_EDGE('',*,*,#1453,.F.);
#1909=ORIENTED_EDGE('',*,*,#1454,.F.);
#1910=ORIENTED_EDGE('',*,*,#1455,.T.);
#1911=ORIENTED_EDGE('',*,*,#1454,.T.);
#1912=ORIENTED_EDGE('',*,*,#1456,.F.);
#1913=ORIENTED_EDGE('',*,*,#1457,.F.);
#1914=ORIENTED_EDGE('',*,*,#1458,.T.);
#1915=ORIENTED_EDGE('',*,*,#1457,.T.);
#1916=ORIENTED_EDGE('',*,*,#1459,.F.);
#1917=ORIENTED_EDGE('',*,*,#1460,.F.);
#1918=ORIENTED_EDGE('',*,*,#1461,.T.);
#1919=ORIENTED_EDGE('',*,*,#1460,.T.);
#1920=ORIENTED_EDGE('',*,*,#1462,.F.);
#1921=ORIENTED_EDGE('',*,*,#1463,.F.);
#1922=ORIENTED_EDGE('',*,*,#1464,.T.);
#1923=ORIENTED_EDGE('',*,*,#1463,.T.);
#1924=ORIENTED_EDGE('',*,*,#1465,.F.);
#1925=ORIENTED_EDGE('',*,*,#1437,.F.);
#1926=ORIENTED_EDGE('',*,*,#1465,.T.);
#1927=ORIENTED_EDGE('',*,*,#1462,.T.);
#1928=ORIENTED_EDGE('',*,*,#1459,.T.);
#1929=ORIENTED_EDGE('',*,*,#1456,.T.);
#1930=ORIENTED_EDGE('',*,*,#1453,.T.);
#1931=ORIENTED_EDGE('',*,*,#1450,.T.);
#1932=ORIENTED_EDGE('',*,*,#1447,.T.);
#1933=ORIENTED_EDGE('',*,*,#1444,.T.);
#1934=ORIENTED_EDGE('',*,*,#1441,.T.);
#1935=ORIENTED_EDGE('',*,*,#1438,.T.);
#1936=ORIENTED_EDGE('',*,*,#1464,.F.);
#1937=ORIENTED_EDGE('',*,*,#1436,.F.);
#1938=ORIENTED_EDGE('',*,*,#1440,.F.);
#1939=ORIENTED_EDGE('',*,*,#1443,.F.);
#1940=ORIENTED_EDGE('',*,*,#1446,.F.);
#1941=ORIENTED_EDGE('',*,*,#1449,.F.);
#1942=ORIENTED_EDGE('',*,*,#1452,.F.);
#1943=ORIENTED_EDGE('',*,*,#1455,.F.);
#1944=ORIENTED_EDGE('',*,*,#1458,.F.);
#1945=ORIENTED_EDGE('',*,*,#1461,.F.);
#1946=ORIENTED_EDGE('',*,*,#1466,.T.);
#1947=ORIENTED_EDGE('',*,*,#1467,.T.);
#1948=ORIENTED_EDGE('',*,*,#1468,.F.);
#1949=ORIENTED_EDGE('',*,*,#1469,.F.);
#1950=ORIENTED_EDGE('',*,*,#1470,.T.);
#1951=ORIENTED_EDGE('',*,*,#1469,.T.);
#1952=ORIENTED_EDGE('',*,*,#1471,.F.);
#1953=ORIENTED_EDGE('',*,*,#1472,.F.);
#1954=ORIENTED_EDGE('',*,*,#1473,.T.);
#1955=ORIENTED_EDGE('',*,*,#1472,.T.);
#1956=ORIENTED_EDGE('',*,*,#1474,.F.);
#1957=ORIENTED_EDGE('',*,*,#1475,.F.);
#1958=ORIENTED_EDGE('',*,*,#1476,.T.);
#1959=ORIENTED_EDGE('',*,*,#1475,.T.);
#1960=ORIENTED_EDGE('',*,*,#1477,.F.);
#1961=ORIENTED_EDGE('',*,*,#1478,.F.);
#1962=ORIENTED_EDGE('',*,*,#1479,.T.);
#1963=ORIENTED_EDGE('',*,*,#1478,.T.);
#1964=ORIENTED_EDGE('',*,*,#1480,.F.);
#1965=ORIENTED_EDGE('',*,*,#1481,.F.);
#1966=ORIENTED_EDGE('',*,*,#1482,.T.);
#1967=ORIENTED_EDGE('',*,*,#1481,.T.);
#1968=ORIENTED_EDGE('',*,*,#1483,.F.);
#1969=ORIENTED_EDGE('',*,*,#1484,.F.);
#1970=ORIENTED_EDGE('',*,*,#1485,.T.);
#1971=ORIENTED_EDGE('',*,*,#1484,.T.);
#1972=ORIENTED_EDGE('',*,*,#1486,.F.);
#1973=ORIENTED_EDGE('',*,*,#1487,.F.);
#1974=ORIENTED_EDGE('',*,*,#1488,.T.);
#1975=ORIENTED_EDGE('',*,*,#1487,.T.);
#1976=ORIENTED_EDGE('',*,*,#1489,.F.);
#1977=ORIENTED_EDGE('',*,*,#1490,.F.);
#1978=ORIENTED_EDGE('',*,*,#1491,.T.);
#1979=ORIENTED_EDGE('',*,*,#1490,.T.);
#1980=ORIENTED_EDGE('',*,*,#1492,.F.);
#1981=ORIENTED_EDGE('',*,*,#1493,.F.);
#1982=ORIENTED_EDGE('',*,*,#1494,.T.);
#1983=ORIENTED_EDGE('',*,*,#1493,.T.);
#1984=ORIENTED_EDGE('',*,*,#1495,.F.);
#1985=ORIENTED_EDGE('',*,*,#1467,.F.);
#1986=ORIENTED_EDGE('',*,*,#1495,.T.);
#1987=ORIENTED_EDGE('',*,*,#1492,.T.);
#1988=ORIENTED_EDGE('',*,*,#1489,.T.);
#1989=ORIENTED_EDGE('',*,*,#1486,.T.);
#1990=ORIENTED_EDGE('',*,*,#1483,.T.);
#1991=ORIENTED_EDGE('',*,*,#1480,.T.);
#1992=ORIENTED_EDGE('',*,*,#1477,.T.);
#1993=ORIENTED_EDGE('',*,*,#1474,.T.);
#1994=ORIENTED_EDGE('',*,*,#1471,.T.);
#1995=ORIENTED_EDGE('',*,*,#1468,.T.);
#1996=ORIENTED_EDGE('',*,*,#1494,.F.);
#1997=ORIENTED_EDGE('',*,*,#1466,.F.);
#1998=ORIENTED_EDGE('',*,*,#1470,.F.);
#1999=ORIENTED_EDGE('',*,*,#1473,.F.);
#2000=ORIENTED_EDGE('',*,*,#1476,.F.);
#2001=ORIENTED_EDGE('',*,*,#1479,.F.);
#2002=ORIENTED_EDGE('',*,*,#1482,.F.);
#2003=ORIENTED_EDGE('',*,*,#1485,.F.);
#2004=ORIENTED_EDGE('',*,*,#1488,.F.);
#2005=ORIENTED_EDGE('',*,*,#1491,.F.);
#2006=ORIENTED_EDGE('',*,*,#1496,.T.);
#2007=ORIENTED_EDGE('',*,*,#1497,.T.);
#2008=ORIENTED_EDGE('',*,*,#1498,.F.);
#2009=ORIENTED_EDGE('',*,*,#1499,.F.);
#2010=ORIENTED_EDGE('',*,*,#1500,.T.);
#2011=ORIENTED_EDGE('',*,*,#1499,.T.);
#2012=ORIENTED_EDGE('',*,*,#1501,.F.);
#2013=ORIENTED_EDGE('',*,*,#1502,.F.);
#2014=ORIENTED_EDGE('',*,*,#1503,.T.);
#2015=ORIENTED_EDGE('',*,*,#1502,.T.);
#2016=ORIENTED_EDGE('',*,*,#1504,.F.);
#2017=ORIENTED_EDGE('',*,*,#1505,.F.);
#2018=ORIENTED_EDGE('',*,*,#1506,.T.);
#2019=ORIENTED_EDGE('',*,*,#1505,.T.);
#2020=ORIENTED_EDGE('',*,*,#1507,.F.);
#2021=ORIENTED_EDGE('',*,*,#1508,.F.);
#2022=ORIENTED_EDGE('',*,*,#1509,.T.);
#2023=ORIENTED_EDGE('',*,*,#1508,.T.);
#2024=ORIENTED_EDGE('',*,*,#1510,.F.);
#2025=ORIENTED_EDGE('',*,*,#1511,.F.);
#2026=ORIENTED_EDGE('',*,*,#1512,.T.);
#2027=ORIENTED_EDGE('',*,*,#1511,.T.);
#2028=ORIENTED_EDGE('',*,*,#1513,.F.);
#2029=ORIENTED_EDGE('',*,*,#1514,.F.);
#2030=ORIENTED_EDGE('',*,*,#1515,.T.);
#2031=ORIENTED_EDGE('',*,*,#1514,.T.);
#2032=ORIENTED_EDGE('',*,*,#1516,.F.);
#2033=ORIENTED_EDGE('',*,*,#1517,.F.);
#2034=ORIENTED_EDGE('',*,*,#1518,.T.);
#2035=ORIENTED_EDGE('',*,*,#1517,.T.);
#2036=ORIENTED_EDGE('',*,*,#1519,.F.);
#2037=ORIENTED_EDGE('',*,*,#1520,.F.);
#2038=ORIENTED_EDGE('',*,*,#1521,.T.);
#2039=ORIENTED_EDGE('',*,*,#1520,.T.);
#2040=ORIENTED_EDGE('',*,*,#1522,.F.);
#2041=ORIENTED_EDGE('',*,*,#1523,.F.);
#2042=ORIENTED_EDGE('',*,*,#1524,.T.);
#2043=ORIENTED_EDGE('',*,*,#1523,.T.);
#2044=ORIENTED_EDGE('',*,*,#1525,.F.);
#2045=ORIENTED_EDGE('',*,*,#1497,.F.);
#2046=ORIENTED_EDGE('',*,*,#1525,.T.);
#2047=ORIENTED_EDGE('',*,*,#1522,.T.);
#2048=ORIENTED_EDGE('',*,*,#1519,.T.);
#2049=ORIENTED_EDGE('',*,*,#1516,.T.);
#2050=ORIENTED_EDGE('',*,*,#1513,.T.);
#2051=ORIENTED_EDGE('',*,*,#1510,.T.);
#2052=ORIENTED_EDGE('',*,*,#1507,.T.);
#2053=ORIENTED_EDGE('',*,*,#1504,.T.);
#2054=ORIENTED_EDGE('',*,*,#1501,.T.);
#2055=ORIENTED_EDGE('',*,*,#1498,.T.);
#2056=ORIENTED_EDGE('',*,*,#1524,.F.);
#2057=ORIENTED_EDGE('',*,*,#1496,.F.);
#2058=ORIENTED_EDGE('',*,*,#1500,.F.);
#2059=ORIENTED_EDGE('',*,*,#1503,.F.);
#2060=ORIENTED_EDGE('',*,*,#1506,.F.);
#2061=ORIENTED_EDGE('',*,*,#1509,.F.);
#2062=ORIENTED_EDGE('',*,*,#1512,.F.);
#2063=ORIENTED_EDGE('',*,*,#1515,.F.);
#2064=ORIENTED_EDGE('',*,*,#1518,.F.);
#2065=ORIENTED_EDGE('',*,*,#1521,.F.);
#2066=ORIENTED_EDGE('',*,*,#1526,.T.);
#2067=ORIENTED_EDGE('',*,*,#1527,.T.);
#2068=ORIENTED_EDGE('',*,*,#1528,.F.);
#2069=ORIENTED_EDGE('',*,*,#1529,.F.);
#2070=ORIENTED_EDGE('',*,*,#1530,.T.);
#2071=ORIENTED_EDGE('',*,*,#1529,.T.);
#2072=ORIENTED_EDGE('',*,*,#1531,.F.);
#2073=ORIENTED_EDGE('',*,*,#1532,.F.);
#2074=ORIENTED_EDGE('',*,*,#1533,.T.);
#2075=ORIENTED_EDGE('',*,*,#1532,.T.);
#2076=ORIENTED_EDGE('',*,*,#1534,.F.);
#2077=ORIENTED_EDGE('',*,*,#1535,.F.);
#2078=ORIENTED_EDGE('',*,*,#1536,.T.);
#2079=ORIENTED_EDGE('',*,*,#1535,.T.);
#2080=ORIENTED_EDGE('',*,*,#1537,.F.);
#2081=ORIENTED_EDGE('',*,*,#1538,.F.);
#2082=ORIENTED_EDGE('',*,*,#1539,.T.);
#2083=ORIENTED_EDGE('',*,*,#1538,.T.);
#2084=ORIENTED_EDGE('',*,*,#1540,.F.);
#2085=ORIENTED_EDGE('',*,*,#1541,.F.);
#2086=ORIENTED_EDGE('',*,*,#1542,.T.);
#2087=ORIENTED_EDGE('',*,*,#1541,.T.);
#2088=ORIENTED_EDGE('',*,*,#1543,.F.);
#2089=ORIENTED_EDGE('',*,*,#1544,.F.);
#2090=ORIENTED_EDGE('',*,*,#1545,.T.);
#2091=ORIENTED_EDGE('',*,*,#1544,.T.);
#2092=ORIENTED_EDGE('',*,*,#1546,.F.);
#2093=ORIENTED_EDGE('',*,*,#1547,.F.);
#2094=ORIENTED_EDGE('',*,*,#1548,.T.);
#2095=ORIENTED_EDGE('',*,*,#1547,.T.);
#2096=ORIENTED_EDGE('',*,*,#1549,.F.);
#2097=ORIENTED_EDGE('',*,*,#1550,.F.);
#2098=ORIENTED_EDGE('',*,*,#1551,.T.);
#2099=ORIENTED_EDGE('',*,*,#1550,.T.);
#2100=ORIENTED_EDGE('',*,*,#1552,.F.);
#2101=ORIENTED_EDGE('',*,*,#1553,.F.);
#2102=ORIENTED_EDGE('',*,*,#1554,.T.);
#2103=ORIENTED_EDGE('',*,*,#1553,.T.);
#2104=ORIENTED_EDGE('',*,*,#1555,.F.);
#2105=ORIENTED_EDGE('',*,*,#1527,.F.);
#2106=ORIENTED_EDGE('',*,*,#1555,.T.);
#2107=ORIENTED_EDGE('',*,*,#1552,.T.);
#2108=ORIENTED_EDGE('',*,*,#1549,.T.);
#2109=ORIENTED_EDGE('',*,*,#1546,.T.);
#2110=ORIENTED_EDGE('',*,*,#1543,.T.);
#2111=ORIENTED_EDGE('',*,*,#1540,.T.);
#2112=ORIENTED_EDGE('',*,*,#1537,.T.);
#2113=ORIENTED_EDGE('',*,*,#1534,.T.);
#2114=ORIENTED_EDGE('',*,*,#1531,.T.);
#2115=ORIENTED_EDGE('',*,*,#1528,.T.);
#2116=ORIENTED_EDGE('',*,*,#1554,.F.);
#2117=ORIENTED_EDGE('',*,*,#1526,.F.);
#2118=ORIENTED_EDGE('',*,*,#1530,.F.);
#2119=ORIENTED_EDGE('',*,*,#1533,.F.);
#2120=ORIENTED_EDGE('',*,*,#1536,.F.);
#2121=ORIENTED_EDGE('',*,*,#1539,.F.);
#2122=ORIENTED_EDGE('',*,*,#1542,.F.);
#2123=ORIENTED_EDGE('',*,*,#1545,.F.);
#2124=ORIENTED_EDGE('',*,*,#1548,.F.);
#2125=ORIENTED_EDGE('',*,*,#1551,.F.);
#2126=ORIENTED_EDGE('',*,*,#1556,.T.);
#2127=ORIENTED_EDGE('',*,*,#1557,.T.);
#2128=ORIENTED_EDGE('',*,*,#1558,.F.);
#2129=ORIENTED_EDGE('',*,*,#1559,.F.);
#2130=ORIENTED_EDGE('',*,*,#1560,.T.);
#2131=ORIENTED_EDGE('',*,*,#1559,.T.);
#2132=ORIENTED_EDGE('',*,*,#1561,.F.);
#2133=ORIENTED_EDGE('',*,*,#1562,.F.);
#2134=ORIENTED_EDGE('',*,*,#1563,.T.);
#2135=ORIENTED_EDGE('',*,*,#1562,.T.);
#2136=ORIENTED_EDGE('',*,*,#1564,.F.);
#2137=ORIENTED_EDGE('',*,*,#1565,.F.);
#2138=ORIENTED_EDGE('',*,*,#1566,.T.);
#2139=ORIENTED_EDGE('',*,*,#1565,.T.);
#2140=ORIENTED_EDGE('',*,*,#1567,.F.);
#2141=ORIENTED_EDGE('',*,*,#1568,.F.);
#2142=ORIENTED_EDGE('',*,*,#1569,.T.);
#2143=ORIENTED_EDGE('',*,*,#1568,.T.);
#2144=ORIENTED_EDGE('',*,*,#1570,.F.);
#2145=ORIENTED_EDGE('',*,*,#1571,.F.);
#2146=ORIENTED_EDGE('',*,*,#1572,.T.);
#2147=ORIENTED_EDGE('',*,*,#1571,.T.);
#2148=ORIENTED_EDGE('',*,*,#1573,.F.);
#2149=ORIENTED_EDGE('',*,*,#1574,.F.);
#2150=ORIENTED_EDGE('',*,*,#1575,.T.);
#2151=ORIENTED_EDGE('',*,*,#1574,.T.);
#2152=ORIENTED_EDGE('',*,*,#1576,.F.);
#2153=ORIENTED_EDGE('',*,*,#1577,.F.);
#2154=ORIENTED_EDGE('',*,*,#1578,.T.);
#2155=ORIENTED_EDGE('',*,*,#1577,.T.);
#2156=ORIENTED_EDGE('',*,*,#1579,.F.);
#2157=ORIENTED_EDGE('',*,*,#1580,.F.);
#2158=ORIENTED_EDGE('',*,*,#1581,.T.);
#2159=ORIENTED_EDGE('',*,*,#1580,.T.);
#2160=ORIENTED_EDGE('',*,*,#1582,.F.);
#2161=ORIENTED_EDGE('',*,*,#1583,.F.);
#2162=ORIENTED_EDGE('',*,*,#1584,.T.);
#2163=ORIENTED_EDGE('',*,*,#1583,.T.);
#2164=ORIENTED_EDGE('',*,*,#1585,.F.);
#2165=ORIENTED_EDGE('',*,*,#1557,.F.);
#2166=ORIENTED_EDGE('',*,*,#1585,.T.);
#2167=ORIENTED_EDGE('',*,*,#1582,.T.);
#2168=ORIENTED_EDGE('',*,*,#1579,.T.);
#2169=ORIENTED_EDGE('',*,*,#1576,.T.);
#2170=ORIENTED_EDGE('',*,*,#1573,.T.);
#2171=ORIENTED_EDGE('',*,*,#1570,.T.);
#2172=ORIENTED_EDGE('',*,*,#1567,.T.);
#2173=ORIENTED_EDGE('',*,*,#1564,.T.);
#2174=ORIENTED_EDGE('',*,*,#1561,.T.);
#2175=ORIENTED_EDGE('',*,*,#1558,.T.);
#2176=ORIENTED_EDGE('',*,*,#1584,.F.);
#2177=ORIENTED_EDGE('',*,*,#1556,.F.);
#2178=ORIENTED_EDGE('',*,*,#1560,.F.);
#2179=ORIENTED_EDGE('',*,*,#1563,.F.);
#2180=ORIENTED_EDGE('',*,*,#1566,.F.);
#2181=ORIENTED_EDGE('',*,*,#1569,.F.);
#2182=ORIENTED_EDGE('',*,*,#1572,.F.);
#2183=ORIENTED_EDGE('',*,*,#1575,.F.);
#2184=ORIENTED_EDGE('',*,*,#1578,.F.);
#2185=ORIENTED_EDGE('',*,*,#1581,.F.);
#2186=ORIENTED_EDGE('',*,*,#1586,.T.);
#2187=ORIENTED_EDGE('',*,*,#1587,.T.);
#2188=ORIENTED_EDGE('',*,*,#1588,.F.);
#2189=ORIENTED_EDGE('',*,*,#1589,.F.);
#2190=ORIENTED_EDGE('',*,*,#1590,.T.);
#2191=ORIENTED_EDGE('',*,*,#1589,.T.);
#2192=ORIENTED_EDGE('',*,*,#1591,.F.);
#2193=ORIENTED_EDGE('',*,*,#1592,.F.);
#2194=ORIENTED_EDGE('',*,*,#1593,.T.);
#2195=ORIENTED_EDGE('',*,*,#1592,.T.);
#2196=ORIENTED_EDGE('',*,*,#1594,.F.);
#2197=ORIENTED_EDGE('',*,*,#1595,.F.);
#2198=ORIENTED_EDGE('',*,*,#1596,.T.);
#2199=ORIENTED_EDGE('',*,*,#1595,.T.);
#2200=ORIENTED_EDGE('',*,*,#1597,.F.);
#2201=ORIENTED_EDGE('',*,*,#1598,.F.);
#2202=ORIENTED_EDGE('',*,*,#1599,.T.);
#2203=ORIENTED_EDGE('',*,*,#1598,.T.);
#2204=ORIENTED_EDGE('',*,*,#1600,.F.);
#2205=ORIENTED_EDGE('',*,*,#1601,.F.);
#2206=ORIENTED_EDGE('',*,*,#1602,.T.);
#2207=ORIENTED_EDGE('',*,*,#1601,.T.);
#2208=ORIENTED_EDGE('',*,*,#1603,.F.);
#2209=ORIENTED_EDGE('',*,*,#1604,.F.);
#2210=ORIENTED_EDGE('',*,*,#1605,.T.);
#2211=ORIENTED_EDGE('',*,*,#1604,.T.);
#2212=ORIENTED_EDGE('',*,*,#1606,.F.);
#2213=ORIENTED_EDGE('',*,*,#1607,.F.);
#2214=ORIENTED_EDGE('',*,*,#1608,.T.);
#2215=ORIENTED_EDGE('',*,*,#1607,.T.);
#2216=ORIENTED_EDGE('',*,*,#1609,.F.);
#2217=ORIENTED_EDGE('',*,*,#1610,.F.);
#2218=ORIENTED_EDGE('',*,*,#1611,.T.);
#2219=ORIENTED_EDGE('',*,*,#1610,.T.);
#2220=ORIENTED_EDGE('',*,*,#1612,.F.);
#2221=ORIENTED_EDGE('',*,*,#1613,.F.);
#2222=ORIENTED_EDGE('',*,*,#1614,.T.);
#2223=ORIENTED_EDGE('',*,*,#1613,.T.);
#2224=ORIENTED_EDGE('',*,*,#1615,.F.);
#2225=ORIENTED_EDGE('',*,*,#1587,.F.);
#2226=ORIENTED_EDGE('',*,*,#1615,.T.);
#2227=ORIENTED_EDGE('',*,*,#1612,.T.);
#2228=ORIENTED_EDGE('',*,*,#1609,.T.);
#2229=ORIENTED_EDGE('',*,*,#1606,.T.);
#2230=ORIENTED_EDGE('',*,*,#1603,.T.);
#2231=ORIENTED_EDGE('',*,*,#1600,.T.);
#2232=ORIENTED_EDGE('',*,*,#1597,.T.);
#2233=ORIENTED_EDGE('',*,*,#1594,.T.);
#2234=ORIENTED_EDGE('',*,*,#1591,.T.);
#2235=ORIENTED_EDGE('',*,*,#1588,.T.);
#2236=ORIENTED_EDGE('',*,*,#1614,.F.);
#2237=ORIENTED_EDGE('',*,*,#1586,.F.);
#2238=ORIENTED_EDGE('',*,*,#1590,.F.);
#2239=ORIENTED_EDGE('',*,*,#1593,.F.);
#2240=ORIENTED_EDGE('',*,*,#1596,.F.);
#2241=ORIENTED_EDGE('',*,*,#1599,.F.);
#2242=ORIENTED_EDGE('',*,*,#1602,.F.);
#2243=ORIENTED_EDGE('',*,*,#1605,.F.);
#2244=ORIENTED_EDGE('',*,*,#1608,.F.);
#2245=ORIENTED_EDGE('',*,*,#1611,.F.);
#2246=ORIENTED_EDGE('',*,*,#1616,.T.);
#2247=ORIENTED_EDGE('',*,*,#1617,.T.);
#2248=ORIENTED_EDGE('',*,*,#1618,.F.);
#2249=ORIENTED_EDGE('',*,*,#1619,.F.);
#2250=ORIENTED_EDGE('',*,*,#1620,.T.);
#2251=ORIENTED_EDGE('',*,*,#1619,.T.);
#2252=ORIENTED_EDGE('',*,*,#1621,.F.);
#2253=ORIENTED_EDGE('',*,*,#1622,.F.);
#2254=ORIENTED_EDGE('',*,*,#1623,.T.);
#2255=ORIENTED_EDGE('',*,*,#1622,.T.);
#2256=ORIENTED_EDGE('',*,*,#1624,.F.);
#2257=ORIENTED_EDGE('',*,*,#1625,.F.);
#2258=ORIENTED_EDGE('',*,*,#1626,.T.);
#2259=ORIENTED_EDGE('',*,*,#1625,.T.);
#2260=ORIENTED_EDGE('',*,*,#1627,.F.);
#2261=ORIENTED_EDGE('',*,*,#1628,.F.);
#2262=ORIENTED_EDGE('',*,*,#1629,.T.);
#2263=ORIENTED_EDGE('',*,*,#1628,.T.);
#2264=ORIENTED_EDGE('',*,*,#1630,.F.);
#2265=ORIENTED_EDGE('',*,*,#1631,.F.);
#2266=ORIENTED_EDGE('',*,*,#1632,.T.);
#2267=ORIENTED_EDGE('',*,*,#1631,.T.);
#2268=ORIENTED_EDGE('',*,*,#1633,.F.);
#2269=ORIENTED_EDGE('',*,*,#1634,.F.);
#2270=ORIENTED_EDGE('',*,*,#1635,.T.);
#2271=ORIENTED_EDGE('',*,*,#1634,.T.);
#2272=ORIENTED_EDGE('',*,*,#1636,.F.);
#2273=ORIENTED_EDGE('',*,*,#1637,.F.);
#2274=ORIENTED_EDGE('',*,*,#1638,.T.);
#2275=ORIENTED_EDGE('',*,*,#1637,.T.);
#2276=ORIENTED_EDGE('',*,*,#1639,.F.);
#2277=ORIENTED_EDGE('',*,*,#1640,.F.);
#2278=ORIENTED_EDGE('',*,*,#1641,.T.);
#2279=ORIENTED_EDGE('',*,*,#1640,.T.);
#2280=ORIENTED_EDGE('',*,*,#1642,.F.);
#2281=ORIENTED_EDGE('',*,*,#1643,.F.);
#2282=ORIENTED_EDGE('',*,*,#1644,.T.);
#2283=ORIENTED_EDGE('',*,*,#1643,.T.);
#2284=ORIENTED_EDGE('',*,*,#1645,.F.);
#2285=ORIENTED_EDGE('',*,*,#1617,.F.);
#2286=ORIENTED_EDGE('',*,*,#1645,.T.);
#2287=ORIENTED_EDGE('',*,*,#1642,.T.);
#2288=ORIENTED_EDGE('',*,*,#1639,.T.);
#2289=ORIENTED_EDGE('',*,*,#1636,.T.);
#2290=ORIENTED_EDGE('',*,*,#1633,.T.);
#2291=ORIENTED_EDGE('',*,*,#1630,.T.);
#2292=ORIENTED_EDGE('',*,*,#1627,.T.);
#2293=ORIENTED_EDGE('',*,*,#1624,.T.);
#2294=ORIENTED_EDGE('',*,*,#1621,.T.);
#2295=ORIENTED_EDGE('',*,*,#1618,.T.);
#2296=ORIENTED_EDGE('',*,*,#1644,.F.);
#2297=ORIENTED_EDGE('',*,*,#1616,.F.);
#2298=ORIENTED_EDGE('',*,*,#1620,.F.);
#2299=ORIENTED_EDGE('',*,*,#1623,.F.);
#2300=ORIENTED_EDGE('',*,*,#1626,.F.);
#2301=ORIENTED_EDGE('',*,*,#1629,.F.);
#2302=ORIENTED_EDGE('',*,*,#1632,.F.);
#2303=ORIENTED_EDGE('',*,*,#1635,.F.);
#2304=ORIENTED_EDGE('',*,*,#1638,.F.);
#2305=ORIENTED_EDGE('',*,*,#1641,.F.);
#2306=ORIENTED_EDGE('',*,*,#1646,.T.);
#2307=ORIENTED_EDGE('',*,*,#1647,.T.);
#2308=ORIENTED_EDGE('',*,*,#1648,.F.);
#2309=ORIENTED_EDGE('',*,*,#1649,.F.);
#2310=ORIENTED_EDGE('',*,*,#1650,.T.);
#2311=ORIENTED_EDGE('',*,*,#1649,.T.);
#2312=ORIENTED_EDGE('',*,*,#1651,.F.);
#2313=ORIENTED_EDGE('',*,*,#1652,.F.);
#2314=ORIENTED_EDGE('',*,*,#1653,.T.);
#2315=ORIENTED_EDGE('',*,*,#1652,.T.);
#2316=ORIENTED_EDGE('',*,*,#1654,.F.);
#2317=ORIENTED_EDGE('',*,*,#1655,.F.);
#2318=ORIENTED_EDGE('',*,*,#1656,.T.);
#2319=ORIENTED_EDGE('',*,*,#1655,.T.);
#2320=ORIENTED_EDGE('',*,*,#1657,.F.);
#2321=ORIENTED_EDGE('',*,*,#1658,.F.);
#2322=ORIENTED_EDGE('',*,*,#1659,.T.);
#2323=ORIENTED_EDGE('',*,*,#1658,.T.);
#2324=ORIENTED_EDGE('',*,*,#1660,.F.);
#2325=ORIENTED_EDGE('',*,*,#1661,.F.);
#2326=ORIENTED_EDGE('',*,*,#1662,.T.);
#2327=ORIENTED_EDGE('',*,*,#1661,.T.);
#2328=ORIENTED_EDGE('',*,*,#1663,.F.);
#2329=ORIENTED_EDGE('',*,*,#1664,.F.);
#2330=ORIENTED_EDGE('',*,*,#1665,.T.);
#2331=ORIENTED_EDGE('',*,*,#1664,.T.);
#2332=ORIENTED_EDGE('',*,*,#1666,.F.);
#2333=ORIENTED_EDGE('',*,*,#1667,.F.);
#2334=ORIENTED_EDGE('',*,*,#1668,.T.);
#2335=ORIENTED_EDGE('',*,*,#1667,.T.);
#2336=ORIENTED_EDGE('',*,*,#1669,.F.);
#2337=ORIENTED_EDGE('',*,*,#1670,.F.);
#2338=ORIENTED_EDGE('',*,*,#1671,.T.);
#2339=ORIENTED_EDGE('',*,*,#1670,.T.);
#2340=ORIENTED_EDGE('',*,*,#1672,.F.);
#2341=ORIENTED_EDGE('',*,*,#1673,.F.);
#2342=ORIENTED_EDGE('',*,*,#1674,.T.);
#2343=ORIENTED_EDGE('',*,*,#1673,.T.);
#2344=ORIENTED_EDGE('',*,*,#1675,.F.);
#2345=ORIENTED_EDGE('',*,*,#1647,.F.);
#2346=ORIENTED_EDGE('',*,*,#1675,.T.);
#2347=ORIENTED_EDGE('',*,*,#1672,.T.);
#2348=ORIENTED_EDGE('',*,*,#1669,.T.);
#2349=ORIENTED_EDGE('',*,*,#1666,.T.);
#2350=ORIENTED_EDGE('',*,*,#1663,.T.);
#2351=ORIENTED_EDGE('',*,*,#1660,.T.);
#2352=ORIENTED_EDGE('',*,*,#1657,.T.);
#2353=ORIENTED_EDGE('',*,*,#1654,.T.);
#2354=ORIENTED_EDGE('',*,*,#1651,.T.);
#2355=ORIENTED_EDGE('',*,*,#1648,.T.);
#2356=ORIENTED_EDGE('',*,*,#1674,.F.);
#2357=ORIENTED_EDGE('',*,*,#1646,.F.);
#2358=ORIENTED_EDGE('',*,*,#1650,.F.);
#2359=ORIENTED_EDGE('',*,*,#1653,.F.);
#2360=ORIENTED_EDGE('',*,*,#1656,.F.);
#2361=ORIENTED_EDGE('',*,*,#1659,.F.);
#2362=ORIENTED_EDGE('',*,*,#1662,.F.);
#2363=ORIENTED_EDGE('',*,*,#1665,.F.);
#2364=ORIENTED_EDGE('',*,*,#1668,.F.);
#2365=ORIENTED_EDGE('',*,*,#1671,.F.);
#2366=ORIENTED_EDGE('',*,*,#1676,.T.);
#2367=ORIENTED_EDGE('',*,*,#1677,.T.);
#2368=ORIENTED_EDGE('',*,*,#1678,.F.);
#2369=ORIENTED_EDGE('',*,*,#1679,.F.);
#2370=ORIENTED_EDGE('',*,*,#1680,.T.);
#2371=ORIENTED_EDGE('',*,*,#1679,.T.);
#2372=ORIENTED_EDGE('',*,*,#1681,.F.);
#2373=ORIENTED_EDGE('',*,*,#1682,.F.);
#2374=ORIENTED_EDGE('',*,*,#1683,.T.);
#2375=ORIENTED_EDGE('',*,*,#1682,.T.);
#2376=ORIENTED_EDGE('',*,*,#1684,.F.);
#2377=ORIENTED_EDGE('',*,*,#1685,.F.);
#2378=ORIENTED_EDGE('',*,*,#1686,.T.);
#2379=ORIENTED_EDGE('',*,*,#1685,.T.);
#2380=ORIENTED_EDGE('',*,*,#1687,.F.);
#2381=ORIENTED_EDGE('',*,*,#1688,.F.);
#2382=ORIENTED_EDGE('',*,*,#1689,.T.);
#2383=ORIENTED_EDGE('',*,*,#1688,.T.);
#2384=ORIENTED_EDGE('',*,*,#1690,.F.);
#2385=ORIENTED_EDGE('',*,*,#1691,.F.);
#2386=ORIENTED_EDGE('',*,*,#1692,.T.);
#2387=ORIENTED_EDGE('',*,*,#1691,.T.);
#2388=ORIENTED_EDGE('',*,*,#1693,.F.);
#2389=ORIENTED_EDGE('',*,*,#1694,.F.);
#2390=ORIENTED_EDGE('',*,*,#1695,.T.);
#2391=ORIENTED_EDGE('',*,*,#1694,.T.);
#2392=ORIENTED_EDGE('',*,*,#1696,.F.);
#2393=ORIENTED_EDGE('',*,*,#1697,.F.);
#2394=ORIENTED_EDGE('',*,*,#1698,.T.);
#2395=ORIENTED_EDGE('',*,*,#1697,.T.);
#2396=ORIENTED_EDGE('',*,*,#1699,.F.);
#2397=ORIENTED_EDGE('',*,*,#1700,.F.);
#2398=ORIENTED_EDGE('',*,*,#1701,.T.);
#2399=ORIENTED_EDGE('',*,*,#1700,.T.);
#2400=ORIENTED_EDGE('',*,*,#1702,.F.);
#2401=ORIENTED_EDGE('',*,*,#1703,.F.);
#2402=ORIENTED_EDGE('',*,*,#1704,.T.);
#2403=ORIENTED_EDGE('',*,*,#1703,.T.);
#2404=ORIENTED_EDGE('',*,*,#1705,.F.);
#2405=ORIENTED_EDGE('',*,*,#1677,.F.);
#2406=ORIENTED_EDGE('',*,*,#1705,.T.);
#2407=ORIENTED_EDGE('',*,*,#1702,.T.);
#2408=ORIENTED_EDGE('',*,*,#1699,.T.);
#2409=ORIENTED_EDGE('',*,*,#1696,.T.);
#2410=ORIENTED_EDGE('',*,*,#1693,.T.);
#2411=ORIENTED_EDGE('',*,*,#1690,.T.);
#2412=ORIENTED_EDGE('',*,*,#1687,.T.);
#2413=ORIENTED_EDGE('',*,*,#1684,.T.);
#2414=ORIENTED_EDGE('',*,*,#1681,.T.);
#2415=ORIENTED_EDGE('',*,*,#1678,.T.);
#2416=ORIENTED_EDGE('',*,*,#1704,.F.);
#2417=ORIENTED_EDGE('',*,*,#1676,.F.);
#2418=ORIENTED_EDGE('',*,*,#1680,.F.);
#2419=ORIENTED_EDGE('',*,*,#1683,.F.);
#2420=ORIENTED_EDGE('',*,*,#1686,.F.);
#2421=ORIENTED_EDGE('',*,*,#1689,.F.);
#2422=ORIENTED_EDGE('',*,*,#1692,.F.);
#2423=ORIENTED_EDGE('',*,*,#1695,.F.);
#2424=ORIENTED_EDGE('',*,*,#1698,.F.);
#2425=ORIENTED_EDGE('',*,*,#1701,.F.);
#2426=ORIENTED_EDGE('',*,*,#1706,.T.);
#2427=ORIENTED_EDGE('',*,*,#1707,.T.);
#2428=ORIENTED_EDGE('',*,*,#1708,.F.);
#2429=ORIENTED_EDGE('',*,*,#1709,.F.);
#2430=ORIENTED_EDGE('',*,*,#1710,.T.);
#2431=ORIENTED_EDGE('',*,*,#1709,.T.);
#2432=ORIENTED_EDGE('',*,*,#1711,.F.);
#2433=ORIENTED_EDGE('',*,*,#1712,.F.);
#2434=ORIENTED_EDGE('',*,*,#1713,.T.);
#2435=ORIENTED_EDGE('',*,*,#1712,.T.);
#2436=ORIENTED_EDGE('',*,*,#1714,.F.);
#2437=ORIENTED_EDGE('',*,*,#1715,.F.);
#2438=ORIENTED_EDGE('',*,*,#1716,.T.);
#2439=ORIENTED_EDGE('',*,*,#1715,.T.);
#2440=ORIENTED_EDGE('',*,*,#1717,.F.);
#2441=ORIENTED_EDGE('',*,*,#1718,.F.);
#2442=ORIENTED_EDGE('',*,*,#1719,.T.);
#2443=ORIENTED_EDGE('',*,*,#1718,.T.);
#2444=ORIENTED_EDGE('',*,*,#1720,.F.);
#2445=ORIENTED_EDGE('',*,*,#1721,.F.);
#2446=ORIENTED_EDGE('',*,*,#1722,.T.);
#2447=ORIENTED_EDGE('',*,*,#1721,.T.);
#2448=ORIENTED_EDGE('',*,*,#1723,.F.);
#2449=ORIENTED_EDGE('',*,*,#1724,.F.);
#2450=ORIENTED_EDGE('',*,*,#1725,.T.);
#2451=ORIENTED_EDGE('',*,*,#1724,.T.);
#2452=ORIENTED_EDGE('',*,*,#1726,.F.);
#2453=ORIENTED_EDGE('',*,*,#1727,.F.);
#2454=ORIENTED_EDGE('',*,*,#1728,.T.);
#2455=ORIENTED_EDGE('',*,*,#1727,.T.);
#2456=ORIENTED_EDGE('',*,*,#1729,.F.);
#2457=ORIENTED_EDGE('',*,*,#1730,.F.);
#2458=ORIENTED_EDGE('',*,*,#1731,.T.);
#2459=ORIENTED_EDGE('',*,*,#1730,.T.);
#2460=ORIENTED_EDGE('',*,*,#1732,.F.);
#2461=ORIENTED_EDGE('',*,*,#1733,.F.);
#2462=ORIENTED_EDGE('',*,*,#1734,.T.);
#2463=ORIENTED_EDGE('',*,*,#1733,.T.);
#2464=ORIENTED_EDGE('',*,*,#1735,.F.);
#2465=ORIENTED_EDGE('',*,*,#1707,.F.);
#2466=ORIENTED_EDGE('',*,*,#1735,.T.);
#2467=ORIENTED_EDGE('',*,*,#1732,.T.);
#2468=ORIENTED_EDGE('',*,*,#1729,.T.);
#2469=ORIENTED_EDGE('',*,*,#1726,.T.);
#2470=ORIENTED_EDGE('',*,*,#1723,.T.);
#2471=ORIENTED_EDGE('',*,*,#1720,.T.);
#2472=ORIENTED_EDGE('',*,*,#1717,.T.);
#2473=ORIENTED_EDGE('',*,*,#1714,.T.);
#2474=ORIENTED_EDGE('',*,*,#1711,.T.);
#2475=ORIENTED_EDGE('',*,*,#1708,.T.);
#2476=ORIENTED_EDGE('',*,*,#1734,.F.);
#2477=ORIENTED_EDGE('',*,*,#1706,.F.);
#2478=ORIENTED_EDGE('',*,*,#1710,.F.);
#2479=ORIENTED_EDGE('',*,*,#1713,.F.);
#2480=ORIENTED_EDGE('',*,*,#1716,.F.);
#2481=ORIENTED_EDGE('',*,*,#1719,.F.);
#2482=ORIENTED_EDGE('',*,*,#1722,.F.);
#2483=ORIENTED_EDGE('',*,*,#1725,.F.);
#2484=ORIENTED_EDGE('',*,*,#1728,.F.);
#2485=ORIENTED_EDGE('',*,*,#1731,.F.);
#2486=ORIENTED_EDGE('',*,*,#1736,.T.);
#2487=ORIENTED_EDGE('',*,*,#1737,.T.);
#2488=ORIENTED_EDGE('',*,*,#1738,.F.);
#2489=ORIENTED_EDGE('',*,*,#1739,.F.);
#2490=ORIENTED_EDGE('',*,*,#1740,.T.);
#2491=ORIENTED_EDGE('',*,*,#1739,.T.);
#2492=ORIENTED_EDGE('',*,*,#1741,.F.);
#2493=ORIENTED_EDGE('',*,*,#1742,.F.);
#2494=ORIENTED_EDGE('',*,*,#1743,.T.);
#2495=ORIENTED_EDGE('',*,*,#1742,.T.);
#2496=ORIENTED_EDGE('',*,*,#1744,.F.);
#2497=ORIENTED_EDGE('',*,*,#1745,.F.);
#2498=ORIENTED_EDGE('',*,*,#1746,.T.);
#2499=ORIENTED_EDGE('',*,*,#1745,.T.);
#2500=ORIENTED_EDGE('',*,*,#1747,.F.);
#2501=ORIENTED_EDGE('',*,*,#1748,.F.);
#2502=ORIENTED_EDGE('',*,*,#1749,.T.);
#2503=ORIENTED_EDGE('',*,*,#1748,.T.);
#2504=ORIENTED_EDGE('',*,*,#1750,.F.);
#2505=ORIENTED_EDGE('',*,*,#1751,.F.);
#2506=ORIENTED_EDGE('',*,*,#1752,.T.);
#2507=ORIENTED_EDGE('',*,*,#1751,.T.);
#2508=ORIENTED_EDGE('',*,*,#1753,.F.);
#2509=ORIENTED_EDGE('',*,*,#1754,.F.);
#2510=ORIENTED_EDGE('',*,*,#1755,.T.);
#2511=ORIENTED_EDGE('',*,*,#1754,.T.);
#2512=ORIENTED_EDGE('',*,*,#1756,.F.);
#2513=ORIENTED_EDGE('',*,*,#1757,.F.);
#2514=ORIENTED_EDGE('',*,*,#1758,.T.);
#2515=ORIENTED_EDGE('',*,*,#1757,.T.);
#2516=ORIENTED_EDGE('',*,*,#1759,.F.);
#2517=ORIENTED_EDGE('',*,*,#1760,.F.);
#2518=ORIENTED_EDGE('',*,*,#1761,.T.);
#2519=ORIENTED_EDGE('',*,*,#1760,.T.);
#2520=ORIENTED_EDGE('',*,*,#1762,.F.);
#2521=ORIENTED_EDGE('',*,*,#1763,.F.);
#2522=ORIENTED_EDGE('',*,*,#1764,.T.);
#2523=ORIENTED_EDGE('',*,*,#1763,.T.);
#2524=ORIENTED_EDGE('',*,*,#1765,.F.);
#2525=ORIENTED_EDGE('',*,*,#1737,.F.);
#2526=ORIENTED_EDGE('',*,*,#1765,.T.);
#2527=ORIENTED_EDGE('',*,*,#1762,.T.);
#2528=ORIENTED_EDGE('',*,*,#1759,.T.);
#2529=ORIENTED_EDGE('',*,*,#1756,.T.);
#2530=ORIENTED_EDGE('',*,*,#1753,.T.);
#2531=ORIENTED_EDGE('',*,*,#1750,.T.);
#2532=ORIENTED_EDGE('',*,*,#1747,.T.);
#2533=ORIENTED_EDGE('',*,*,#1744,.T.);
#2534=ORIENTED_EDGE('',*,*,#1741,.T.);
#2535=ORIENTED_EDGE('',*,*,#1738,.T.);
#2536=ORIENTED_EDGE('',*,*,#1764,.F.);
#2537=ORIENTED_EDGE('',*,*,#1736,.F.);
#2538=ORIENTED_EDGE('',*,*,#1740,.F.);
#2539=ORIENTED_EDGE('',*,*,#1743,.F.);
#2540=ORIENTED_EDGE('',*,*,#1746,.F.);
#2541=ORIENTED_EDGE('',*,*,#1749,.F.);
#2542=ORIENTED_EDGE('',*,*,#1752,.F.);
#2543=ORIENTED_EDGE('',*,*,#1755,.F.);
#2544=ORIENTED_EDGE('',*,*,#1758,.F.);
#2545=ORIENTED_EDGE('',*,*,#1761,.F.);
#2546=PLANE('',#2866);
#2547=PLANE('',#2868);
#2548=PLANE('',#2869);
#2549=PLANE('',#2872);
#2550=PLANE('',#2873);
#2551=PLANE('',#2874);
#2552=PLANE('',#2875);
#2553=PLANE('',#2876);
#2554=PLANE('',#2877);
#2555=PLANE('',#2878);
#2556=PLANE('',#2879);
#2557=PLANE('',#2883);
#2558=PLANE('',#2887);
#2559=PLANE('',#2888);
#2560=PLANE('',#2889);
#2561=PLANE('',#2890);
#2562=PLANE('',#2891);
#2563=PLANE('',#2892);
#2564=PLANE('',#2893);
#2565=PLANE('',#2894);
#2566=PLANE('',#2895);
#2567=PLANE('',#2896);
#2568=PLANE('',#2897);
#2569=PLANE('',#2898);
#2570=PLANE('',#2899);
#2571=PLANE('',#2900);
#2572=PLANE('',#2901);
#2573=PLANE('',#2902);
#2574=PLANE('',#2906);
#2575=PLANE('',#2910);
#2576=PLANE('',#2911);
#2577=PLANE('',#2912);
#2578=PLANE('',#2913);
#2579=PLANE('',#2914);
#2580=PLANE('',#2915);
#2581=PLANE('',#2916);
#2582=PLANE('',#2917);
#2583=PLANE('',#2918);
#2584=PLANE('',#2922);
#2585=PLANE('',#2926);
#2586=PLANE('',#2927);
#2587=PLANE('',#2928);
#2588=PLANE('',#2929);
#2589=PLANE('',#2930);
#2590=PLANE('',#2931);
#2591=PLANE('',#2932);
#2592=PLANE('',#2933);
#2593=PLANE('',#2934);
#2594=PLANE('',#2938);
#2595=PLANE('',#2942);
#2596=PLANE('',#2943);
#2597=PLANE('',#2944);
#2598=PLANE('',#2945);
#2599=PLANE('',#2946);
#2600=PLANE('',#2947);
#2601=PLANE('',#2948);
#2602=PLANE('',#2949);
#2603=PLANE('',#2950);
#2604=PLANE('',#2954);
#2605=PLANE('',#2958);
#2606=PLANE('',#2959);
#2607=PLANE('',#2960);
#2608=PLANE('',#2961);
#2609=PLANE('',#2962);
#2610=PLANE('',#2963);
#2611=PLANE('',#2964);
#2612=PLANE('',#2965);
#2613=PLANE('',#2966);
#2614=PLANE('',#2970);
#2615=PLANE('',#2974);
#2616=PLANE('',#2975);
#2617=PLANE('',#2976);
#2618=PLANE('',#2977);
#2619=PLANE('',#2978);
#2620=PLANE('',#2979);
#2621=PLANE('',#2980);
#2622=PLANE('',#2981);
#2623=PLANE('',#2982);
#2624=PLANE('',#2986);
#2625=PLANE('',#2990);
#2626=PLANE('',#2991);
#2627=PLANE('',#2992);
#2628=PLANE('',#2993);
#2629=PLANE('',#2994);
#2630=PLANE('',#2995);
#2631=PLANE('',#2996);
#2632=PLANE('',#2997);
#2633=PLANE('',#2998);
#2634=PLANE('',#3002);
#2635=PLANE('',#3006);
#2636=PLANE('',#3007);
#2637=PLANE('',#3008);
#2638=PLANE('',#3009);
#2639=PLANE('',#3010);
#2640=PLANE('',#3011);
#2641=PLANE('',#3012);
#2642=PLANE('',#3013);
#2643=PLANE('',#3014);
#2644=PLANE('',#3018);
#2645=PLANE('',#3022);
#2646=PLANE('',#3023);
#2647=PLANE('',#3024);
#2648=PLANE('',#3025);
#2649=PLANE('',#3026);
#2650=PLANE('',#3027);
#2651=PLANE('',#3028);
#2652=PLANE('',#3029);
#2653=PLANE('',#3030);
#2654=PLANE('',#3034);
#2655=PLANE('',#3038);
#2656=PLANE('',#3039);
#2657=PLANE('',#3040);
#2658=PLANE('',#3041);
#2659=PLANE('',#3042);
#2660=PLANE('',#3043);
#2661=PLANE('',#3044);
#2662=PLANE('',#3045);
#2663=PLANE('',#3046);
#2664=PLANE('',#3050);
#2665=PLANE('',#3054);
#2666=PLANE('',#3055);
#2667=PLANE('',#3056);
#2668=PLANE('',#3057);
#2669=PLANE('',#3058);
#2670=PLANE('',#3059);
#2671=PLANE('',#3060);
#2672=PLANE('',#3061);
#2673=PLANE('',#3062);
#2674=PLANE('',#3066);
#2675=PLANE('',#3070);
#2676=PLANE('',#3071);
#2677=PLANE('',#3072);
#2678=PLANE('',#3073);
#2679=PLANE('',#3074);
#2680=ADVANCED_FACE('',(#117,#66),#2546,.T.);
#2681=ADVANCED_FACE('',(#118),#2547,.T.);
#2682=ADVANCED_FACE('',(#119),#2548,.T.);
#2683=ADVANCED_FACE('',(#120),#41,.F.);
#2684=ADVANCED_FACE('',(#121),#2549,.T.);
#2685=ADVANCED_FACE('',(#122),#2550,.T.);
#2686=ADVANCED_FACE('',(#123),#2551,.T.);
#2687=ADVANCED_FACE('',(#124),#2552,.F.);
#2688=ADVANCED_FACE('',(#125),#2553,.T.);
#2689=ADVANCED_FACE('',(#126),#2554,.T.);
#2690=ADVANCED_FACE('',(#127),#2555,.T.);
#2691=ADVANCED_FACE('',(#128),#2556,.T.);
#2692=ADVANCED_FACE('',(#129),#42,.T.);
#2693=ADVANCED_FACE('',(#130),#2557,.T.);
#2694=ADVANCED_FACE('',(#131),#43,.T.);
#2695=ADVANCED_FACE('',(#132),#2558,.T.);
#2696=ADVANCED_FACE('',(#133),#2559,.T.);
#2697=ADVANCED_FACE('',(#134),#2560,.T.);
#2698=ADVANCED_FACE('',(#135),#2561,.T.);
#2699=ADVANCED_FACE('',(#136),#2562,.F.);
#2700=ADVANCED_FACE('',(#137),#2563,.T.);
#2701=ADVANCED_FACE('',(#138),#2564,.T.);
#2702=ADVANCED_FACE('',(#139),#2565,.T.);
#2703=ADVANCED_FACE('',(#140),#2566,.T.);
#2704=ADVANCED_FACE('',(#141),#2567,.T.);
#2705=ADVANCED_FACE('',(#142),#2568,.T.);
#2706=ADVANCED_FACE('',(#143),#2569,.F.);
#2707=ADVANCED_FACE('',(#144),#2570,.T.);
#2708=ADVANCED_FACE('',(#145),#2571,.T.);
#2709=ADVANCED_FACE('',(#146),#2572,.T.);
#2710=ADVANCED_FACE('',(#147),#2573,.T.);
#2711=ADVANCED_FACE('',(#148),#44,.T.);
#2712=ADVANCED_FACE('',(#149),#2574,.T.);
#2713=ADVANCED_FACE('',(#150),#45,.T.);
#2714=ADVANCED_FACE('',(#151),#2575,.T.);
#2715=ADVANCED_FACE('',(#152),#2576,.T.);
#2716=ADVANCED_FACE('',(#153),#2577,.T.);
#2717=ADVANCED_FACE('',(#154),#2578,.T.);
#2718=ADVANCED_FACE('',(#155),#2579,.F.);
#2719=ADVANCED_FACE('',(#156),#2580,.T.);
#2720=ADVANCED_FACE('',(#157),#2581,.T.);
#2721=ADVANCED_FACE('',(#158),#2582,.T.);
#2722=ADVANCED_FACE('',(#159),#2583,.T.);
#2723=ADVANCED_FACE('',(#160),#46,.T.);
#2724=ADVANCED_FACE('',(#161),#2584,.T.);
#2725=ADVANCED_FACE('',(#162),#47,.T.);
#2726=ADVANCED_FACE('',(#163),#2585,.T.);
#2727=ADVANCED_FACE('',(#164),#2586,.T.);
#2728=ADVANCED_FACE('',(#165),#2587,.T.);
#2729=ADVANCED_FACE('',(#166),#2588,.T.);
#2730=ADVANCED_FACE('',(#167),#2589,.F.);
#2731=ADVANCED_FACE('',(#168),#2590,.T.);
#2732=ADVANCED_FACE('',(#169),#2591,.T.);
#2733=ADVANCED_FACE('',(#170),#2592,.T.);
#2734=ADVANCED_FACE('',(#171),#2593,.T.);
#2735=ADVANCED_FACE('',(#172),#48,.T.);
#2736=ADVANCED_FACE('',(#173),#2594,.T.);
#2737=ADVANCED_FACE('',(#174),#49,.T.);
#2738=ADVANCED_FACE('',(#175),#2595,.T.);
#2739=ADVANCED_FACE('',(#176),#2596,.T.);
#2740=ADVANCED_FACE('',(#177),#2597,.T.);
#2741=ADVANCED_FACE('',(#178),#2598,.T.);
#2742=ADVANCED_FACE('',(#179),#2599,.F.);
#2743=ADVANCED_FACE('',(#180),#2600,.T.);
#2744=ADVANCED_FACE('',(#181),#2601,.T.);
#2745=ADVANCED_FACE('',(#182),#2602,.T.);
#2746=ADVANCED_FACE('',(#183),#2603,.T.);
#2747=ADVANCED_FACE('',(#184),#50,.T.);
#2748=ADVANCED_FACE('',(#185),#2604,.T.);
#2749=ADVANCED_FACE('',(#186),#51,.T.);
#2750=ADVANCED_FACE('',(#187),#2605,.T.);
#2751=ADVANCED_FACE('',(#188),#2606,.T.);
#2752=ADVANCED_FACE('',(#189),#2607,.T.);
#2753=ADVANCED_FACE('',(#190),#2608,.T.);
#2754=ADVANCED_FACE('',(#191),#2609,.F.);
#2755=ADVANCED_FACE('',(#192),#2610,.T.);
#2756=ADVANCED_FACE('',(#193),#2611,.T.);
#2757=ADVANCED_FACE('',(#194),#2612,.T.);
#2758=ADVANCED_FACE('',(#195),#2613,.T.);
#2759=ADVANCED_FACE('',(#196),#52,.T.);
#2760=ADVANCED_FACE('',(#197),#2614,.T.);
#2761=ADVANCED_FACE('',(#198),#53,.T.);
#2762=ADVANCED_FACE('',(#199),#2615,.T.);
#2763=ADVANCED_FACE('',(#200),#2616,.T.);
#2764=ADVANCED_FACE('',(#201),#2617,.T.);
#2765=ADVANCED_FACE('',(#202),#2618,.T.);
#2766=ADVANCED_FACE('',(#203),#2619,.F.);
#2767=ADVANCED_FACE('',(#204),#2620,.T.);
#2768=ADVANCED_FACE('',(#205),#2621,.T.);
#2769=ADVANCED_FACE('',(#206),#2622,.T.);
#2770=ADVANCED_FACE('',(#207),#2623,.T.);
#2771=ADVANCED_FACE('',(#208),#54,.T.);
#2772=ADVANCED_FACE('',(#209),#2624,.T.);
#2773=ADVANCED_FACE('',(#210),#55,.T.);
#2774=ADVANCED_FACE('',(#211),#2625,.T.);
#2775=ADVANCED_FACE('',(#212),#2626,.T.);
#2776=ADVANCED_FACE('',(#213),#2627,.T.);
#2777=ADVANCED_FACE('',(#214),#2628,.T.);
#2778=ADVANCED_FACE('',(#215),#2629,.F.);
#2779=ADVANCED_FACE('',(#216),#2630,.T.);
#2780=ADVANCED_FACE('',(#217),#2631,.T.);
#2781=ADVANCED_FACE('',(#218),#2632,.T.);
#2782=ADVANCED_FACE('',(#219),#2633,.T.);
#2783=ADVANCED_FACE('',(#220),#56,.T.);
#2784=ADVANCED_FACE('',(#221),#2634,.T.);
#2785=ADVANCED_FACE('',(#222),#57,.T.);
#2786=ADVANCED_FACE('',(#223),#2635,.T.);
#2787=ADVANCED_FACE('',(#224),#2636,.T.);
#2788=ADVANCED_FACE('',(#225),#2637,.T.);
#2789=ADVANCED_FACE('',(#226),#2638,.T.);
#2790=ADVANCED_FACE('',(#227),#2639,.F.);
#2791=ADVANCED_FACE('',(#228),#2640,.T.);
#2792=ADVANCED_FACE('',(#229),#2641,.T.);
#2793=ADVANCED_FACE('',(#230),#2642,.T.);
#2794=ADVANCED_FACE('',(#231),#2643,.T.);
#2795=ADVANCED_FACE('',(#232),#58,.T.);
#2796=ADVANCED_FACE('',(#233),#2644,.T.);
#2797=ADVANCED_FACE('',(#234),#59,.T.);
#2798=ADVANCED_FACE('',(#235),#2645,.T.);
#2799=ADVANCED_FACE('',(#236),#2646,.T.);
#2800=ADVANCED_FACE('',(#237),#2647,.T.);
#2801=ADVANCED_FACE('',(#238),#2648,.T.);
#2802=ADVANCED_FACE('',(#239),#2649,.F.);
#2803=ADVANCED_FACE('',(#240),#2650,.T.);
#2804=ADVANCED_FACE('',(#241),#2651,.T.);
#2805=ADVANCED_FACE('',(#242),#2652,.T.);
#2806=ADVANCED_FACE('',(#243),#2653,.T.);
#2807=ADVANCED_FACE('',(#244),#60,.T.);
#2808=ADVANCED_FACE('',(#245),#2654,.T.);
#2809=ADVANCED_FACE('',(#246),#61,.T.);
#2810=ADVANCED_FACE('',(#247),#2655,.T.);
#2811=ADVANCED_FACE('',(#248),#2656,.T.);
#2812=ADVANCED_FACE('',(#249),#2657,.T.);
#2813=ADVANCED_FACE('',(#250),#2658,.T.);
#2814=ADVANCED_FACE('',(#251),#2659,.F.);
#2815=ADVANCED_FACE('',(#252),#2660,.T.);
#2816=ADVANCED_FACE('',(#253),#2661,.T.);
#2817=ADVANCED_FACE('',(#254),#2662,.T.);
#2818=ADVANCED_FACE('',(#255),#2663,.T.);
#2819=ADVANCED_FACE('',(#256),#62,.T.);
#2820=ADVANCED_FACE('',(#257),#2664,.T.);
#2821=ADVANCED_FACE('',(#258),#63,.T.);
#2822=ADVANCED_FACE('',(#259),#2665,.T.);
#2823=ADVANCED_FACE('',(#260),#2666,.T.);
#2824=ADVANCED_FACE('',(#261),#2667,.T.);
#2825=ADVANCED_FACE('',(#262),#2668,.T.);
#2826=ADVANCED_FACE('',(#263),#2669,.F.);
#2827=ADVANCED_FACE('',(#264),#2670,.T.);
#2828=ADVANCED_FACE('',(#265),#2671,.T.);
#2829=ADVANCED_FACE('',(#266),#2672,.T.);
#2830=ADVANCED_FACE('',(#267),#2673,.T.);
#2831=ADVANCED_FACE('',(#268),#64,.T.);
#2832=ADVANCED_FACE('',(#269),#2674,.T.);
#2833=ADVANCED_FACE('',(#270),#65,.T.);
#2834=ADVANCED_FACE('',(#271),#2675,.T.);
#2835=ADVANCED_FACE('',(#272),#2676,.T.);
#2836=ADVANCED_FACE('',(#273),#2677,.T.);
#2837=ADVANCED_FACE('',(#274),#2678,.T.);
#2838=ADVANCED_FACE('',(#275),#2679,.F.);
#2839=CLOSED_SHELL('',(#2680,#2681,#2682,#2683,#2684,#2685,#2686,#2687));
#2840=CLOSED_SHELL('',(#2688,#2689,#2690,#2691,#2692,#2693,#2694,#2695,
#2696,#2697,#2698,#2699));
#2841=CLOSED_SHELL('',(#2700,#2701,#2702,#2703,#2704,#2705,#2706));
#2842=CLOSED_SHELL('',(#2707,#2708,#2709,#2710,#2711,#2712,#2713,#2714,
#2715,#2716,#2717,#2718));
#2843=CLOSED_SHELL('',(#2719,#2720,#2721,#2722,#2723,#2724,#2725,#2726,
#2727,#2728,#2729,#2730));
#2844=CLOSED_SHELL('',(#2731,#2732,#2733,#2734,#2735,#2736,#2737,#2738,
#2739,#2740,#2741,#2742));
#2845=CLOSED_SHELL('',(#2743,#2744,#2745,#2746,#2747,#2748,#2749,#2750,
#2751,#2752,#2753,#2754));
#2846=CLOSED_SHELL('',(#2755,#2756,#2757,#2758,#2759,#2760,#2761,#2762,
#2763,#2764,#2765,#2766));
#2847=CLOSED_SHELL('',(#2767,#2768,#2769,#2770,#2771,#2772,#2773,#2774,
#2775,#2776,#2777,#2778));
#2848=CLOSED_SHELL('',(#2779,#2780,#2781,#2782,#2783,#2784,#2785,#2786,
#2787,#2788,#2789,#2790));
#2849=CLOSED_SHELL('',(#2791,#2792,#2793,#2794,#2795,#2796,#2797,#2798,
#2799,#2800,#2801,#2802));
#2850=CLOSED_SHELL('',(#2803,#2804,#2805,#2806,#2807,#2808,#2809,#2810,
#2811,#2812,#2813,#2814));
#2851=CLOSED_SHELL('',(#2815,#2816,#2817,#2818,#2819,#2820,#2821,#2822,
#2823,#2824,#2825,#2826));
#2852=CLOSED_SHELL('',(#2827,#2828,#2829,#2830,#2831,#2832,#2833,#2834,
#2835,#2836,#2837,#2838));
#2853=DERIVED_UNIT_ELEMENT(#2855,1.);
#2854=DERIVED_UNIT_ELEMENT(#4650,-3.);
#2855=(
MASS_UNIT()
NAMED_UNIT(*)
SI_UNIT(.KILO.,.GRAM.)
);
#2856=DERIVED_UNIT((#2853,#2854));
#2857=MEASURE_REPRESENTATION_ITEM('density measure',
POSITIVE_RATIO_MEASURE(7850.),#2856);
#2858=PROPERTY_DEFINITION_REPRESENTATION(#2863,#2860);
#2859=PROPERTY_DEFINITION_REPRESENTATION(#2864,#2861);
#2860=REPRESENTATION('material name',(#2862),#4647);
#2861=REPRESENTATION('density',(#2857),#4647);
#2862=DESCRIPTIVE_REPRESENTATION_ITEM('Steel','Steel');
#2863=PROPERTY_DEFINITION('material property','material name',#4657);
#2864=PROPERTY_DEFINITION('material property','density of part',#4657);
#2865=AXIS2_PLACEMENT_3D('',#3835,#3075,#3076);
#2866=AXIS2_PLACEMENT_3D('',#3836,#3077,#3078);
#2867=AXIS2_PLACEMENT_3D('',#3846,#3083,#3084);
#2868=AXIS2_PLACEMENT_3D('',#3847,#3085,#3086);
#2869=AXIS2_PLACEMENT_3D('',#3853,#3090,#3091);
#2870=AXIS2_PLACEMENT_3D('',#3857,#3094,#3095);
#2871=AXIS2_PLACEMENT_3D('',#3860,#3097,#3098);
#2872=AXIS2_PLACEMENT_3D('',#3861,#3099,#3100);
#2873=AXIS2_PLACEMENT_3D('',#3862,#3101,#3102);
#2874=AXIS2_PLACEMENT_3D('',#3866,#3105,#3106);
#2875=AXIS2_PLACEMENT_3D('',#3868,#3108,#3109);
#2876=AXIS2_PLACEMENT_3D('',#3869,#3110,#3111);
#2877=AXIS2_PLACEMENT_3D('',#3878,#3116,#3117);
#2878=AXIS2_PLACEMENT_3D('',#3884,#3121,#3122);
#2879=AXIS2_PLACEMENT_3D('',#3890,#3126,#3127);
#2880=AXIS2_PLACEMENT_3D('',#3896,#3131,#3132);
#2881=AXIS2_PLACEMENT_3D('',#3898,#3133,#3134);
#2882=AXIS2_PLACEMENT_3D('',#3900,#3135,#3136);
#2883=AXIS2_PLACEMENT_3D('',#3902,#3138,#3139);
#2884=AXIS2_PLACEMENT_3D('',#3908,#3143,#3144);
#2885=AXIS2_PLACEMENT_3D('',#3910,#3145,#3146);
#2886=AXIS2_PLACEMENT_3D('',#3912,#3147,#3148);
#2887=AXIS2_PLACEMENT_3D('',#3914,#3150,#3151);
#2888=AXIS2_PLACEMENT_3D('',#3920,#3155,#3156);
#2889=AXIS2_PLACEMENT_3D('',#3926,#3160,#3161);
#2890=AXIS2_PLACEMENT_3D('',#3929,#3164,#3165);
#2891=AXIS2_PLACEMENT_3D('',#3930,#3166,#3167);
#2892=AXIS2_PLACEMENT_3D('',#3931,#3168,#3169);
#2893=AXIS2_PLACEMENT_3D('',#3940,#3174,#3175);
#2894=AXIS2_PLACEMENT_3D('',#3946,#3179,#3180);
#2895=AXIS2_PLACEMENT_3D('',#3952,#3184,#3185);
#2896=AXIS2_PLACEMENT_3D('',#3958,#3189,#3190);
#2897=AXIS2_PLACEMENT_3D('',#3961,#3193,#3194);
#2898=AXIS2_PLACEMENT_3D('',#3962,#3195,#3196);
#2899=AXIS2_PLACEMENT_3D('',#3963,#3197,#3198);
#2900=AXIS2_PLACEMENT_3D('',#3972,#3203,#3204);
#2901=AXIS2_PLACEMENT_3D('',#3978,#3208,#3209);
#2902=AXIS2_PLACEMENT_3D('',#3984,#3213,#3214);
#2903=AXIS2_PLACEMENT_3D('',#3990,#3218,#3219);
#2904=AXIS2_PLACEMENT_3D('',#3992,#3220,#3221);
#2905=AXIS2_PLACEMENT_3D('',#3994,#3222,#3223);
#2906=AXIS2_PLACEMENT_3D('',#3996,#3225,#3226);
#2907=AXIS2_PLACEMENT_3D('',#4002,#3230,#3231);
#2908=AXIS2_PLACEMENT_3D('',#4004,#3232,#3233);
#2909=AXIS2_PLACEMENT_3D('',#4006,#3234,#3235);
#2910=AXIS2_PLACEMENT_3D('',#4008,#3237,#3238);
#2911=AXIS2_PLACEMENT_3D('',#4014,#3242,#3243);
#2912=AXIS2_PLACEMENT_3D('',#4020,#3247,#3248);
#2913=AXIS2_PLACEMENT_3D('',#4023,#3251,#3252);
#2914=AXIS2_PLACEMENT_3D('',#4024,#3253,#3254);
#2915=AXIS2_PLACEMENT_3D('',#4025,#3255,#3256);
#2916=AXIS2_PLACEMENT_3D('',#4034,#3261,#3262);
#2917=AXIS2_PLACEMENT_3D('',#4040,#3266,#3267);
#2918=AXIS2_PLACEMENT_3D('',#4046,#3271,#3272);
#2919=AXIS2_PLACEMENT_3D('',#4052,#3276,#3277);
#2920=AXIS2_PLACEMENT_3D('',#4054,#3278,#3279);
#2921=AXIS2_PLACEMENT_3D('',#4056,#3280,#3281);
#2922=AXIS2_PLACEMENT_3D('',#4058,#3283,#3284);
#2923=AXIS2_PLACEMENT_3D('',#4064,#3288,#3289);
#2924=AXIS2_PLACEMENT_3D('',#4066,#3290,#3291);
#2925=AXIS2_PLACEMENT_3D('',#4068,#3292,#3293);
#2926=AXIS2_PLACEMENT_3D('',#4070,#3295,#3296);
#2927=AXIS2_PLACEMENT_3D('',#4076,#3300,#3301);
#2928=AXIS2_PLACEMENT_3D('',#4082,#3305,#3306);
#2929=AXIS2_PLACEMENT_3D('',#4085,#3309,#3310);
#2930=AXIS2_PLACEMENT_3D('',#4086,#3311,#3312);
#2931=AXIS2_PLACEMENT_3D('',#4087,#3313,#3314);
#2932=AXIS2_PLACEMENT_3D('',#4096,#3319,#3320);
#2933=AXIS2_PLACEMENT_3D('',#4102,#3324,#3325);
#2934=AXIS2_PLACEMENT_3D('',#4108,#3329,#3330);
#2935=AXIS2_PLACEMENT_3D('',#4114,#3334,#3335);
#2936=AXIS2_PLACEMENT_3D('',#4116,#3336,#3337);
#2937=AXIS2_PLACEMENT_3D('',#4118,#3338,#3339);
#2938=AXIS2_PLACEMENT_3D('',#4120,#3341,#3342);
#2939=AXIS2_PLACEMENT_3D('',#4126,#3346,#3347);
#2940=AXIS2_PLACEMENT_3D('',#4128,#3348,#3349);
#2941=AXIS2_PLACEMENT_3D('',#4130,#3350,#3351);
#2942=AXIS2_PLACEMENT_3D('',#4132,#3353,#3354);
#2943=AXIS2_PLACEMENT_3D('',#4138,#3358,#3359);
#2944=AXIS2_PLACEMENT_3D('',#4144,#3363,#3364);
#2945=AXIS2_PLACEMENT_3D('',#4147,#3367,#3368);
#2946=AXIS2_PLACEMENT_3D('',#4148,#3369,#3370);
#2947=AXIS2_PLACEMENT_3D('',#4149,#3371,#3372);
#2948=AXIS2_PLACEMENT_3D('',#4158,#3377,#3378);
#2949=AXIS2_PLACEMENT_3D('',#4164,#3382,#3383);
#2950=AXIS2_PLACEMENT_3D('',#4170,#3387,#3388);
#2951=AXIS2_PLACEMENT_3D('',#4176,#3392,#3393);
#2952=AXIS2_PLACEMENT_3D('',#4178,#3394,#3395);
#2953=AXIS2_PLACEMENT_3D('',#4180,#3396,#3397);
#2954=AXIS2_PLACEMENT_3D('',#4182,#3399,#3400);
#2955=AXIS2_PLACEMENT_3D('',#4188,#3404,#3405);
#2956=AXIS2_PLACEMENT_3D('',#4190,#3406,#3407);
#2957=AXIS2_PLACEMENT_3D('',#4192,#3408,#3409);
#2958=AXIS2_PLACEMENT_3D('',#4194,#3411,#3412);
#2959=AXIS2_PLACEMENT_3D('',#4200,#3416,#3417);
#2960=AXIS2_PLACEMENT_3D('',#4206,#3421,#3422);
#2961=AXIS2_PLACEMENT_3D('',#4209,#3425,#3426);
#2962=AXIS2_PLACEMENT_3D('',#4210,#3427,#3428);
#2963=AXIS2_PLACEMENT_3D('',#4211,#3429,#3430);
#2964=AXIS2_PLACEMENT_3D('',#4220,#3435,#3436);
#2965=AXIS2_PLACEMENT_3D('',#4226,#3440,#3441);
#2966=AXIS2_PLACEMENT_3D('',#4232,#3445,#3446);
#2967=AXIS2_PLACEMENT_3D('',#4238,#3450,#3451);
#2968=AXIS2_PLACEMENT_3D('',#4240,#3452,#3453);
#2969=AXIS2_PLACEMENT_3D('',#4242,#3454,#3455);
#2970=AXIS2_PLACEMENT_3D('',#4244,#3457,#3458);
#2971=AXIS2_PLACEMENT_3D('',#4250,#3462,#3463);
#2972=AXIS2_PLACEMENT_3D('',#4252,#3464,#3465);
#2973=AXIS2_PLACEMENT_3D('',#4254,#3466,#3467);
#2974=AXIS2_PLACEMENT_3D('',#4256,#3469,#3470);
#2975=AXIS2_PLACEMENT_3D('',#4262,#3474,#3475);
#2976=AXIS2_PLACEMENT_3D('',#4268,#3479,#3480);
#2977=AXIS2_PLACEMENT_3D('',#4271,#3483,#3484);
#2978=AXIS2_PLACEMENT_3D('',#4272,#3485,#3486);
#2979=AXIS2_PLACEMENT_3D('',#4273,#3487,#3488);
#2980=AXIS2_PLACEMENT_3D('',#4282,#3493,#3494);
#2981=AXIS2_PLACEMENT_3D('',#4288,#3498,#3499);
#2982=AXIS2_PLACEMENT_3D('',#4294,#3503,#3504);
#2983=AXIS2_PLACEMENT_3D('',#4300,#3508,#3509);
#2984=AXIS2_PLACEMENT_3D('',#4302,#3510,#3511);
#2985=AXIS2_PLACEMENT_3D('',#4304,#3512,#3513);
#2986=AXIS2_PLACEMENT_3D('',#4306,#3515,#3516);
#2987=AXIS2_PLACEMENT_3D('',#4312,#3520,#3521);
#2988=AXIS2_PLACEMENT_3D('',#4314,#3522,#3523);
#2989=AXIS2_PLACEMENT_3D('',#4316,#3524,#3525);
#2990=AXIS2_PLACEMENT_3D('',#4318,#3527,#3528);
#2991=AXIS2_PLACEMENT_3D('',#4324,#3532,#3533);
#2992=AXIS2_PLACEMENT_3D('',#4330,#3537,#3538);
#2993=AXIS2_PLACEMENT_3D('',#4333,#3541,#3542);
#2994=AXIS2_PLACEMENT_3D('',#4334,#3543,#3544);
#2995=AXIS2_PLACEMENT_3D('',#4335,#3545,#3546);
#2996=AXIS2_PLACEMENT_3D('',#4344,#3551,#3552);
#2997=AXIS2_PLACEMENT_3D('',#4350,#3556,#3557);
#2998=AXIS2_PLACEMENT_3D('',#4356,#3561,#3562);
#2999=AXIS2_PLACEMENT_3D('',#4362,#3566,#3567);
#3000=AXIS2_PLACEMENT_3D('',#4364,#3568,#3569);
#3001=AXIS2_PLACEMENT_3D('',#4366,#3570,#3571);
#3002=AXIS2_PLACEMENT_3D('',#4368,#3573,#3574);
#3003=AXIS2_PLACEMENT_3D('',#4374,#3578,#3579);
#3004=AXIS2_PLACEMENT_3D('',#4376,#3580,#3581);
#3005=AXIS2_PLACEMENT_3D('',#4378,#3582,#3583);
#3006=AXIS2_PLACEMENT_3D('',#4380,#3585,#3586);
#3007=AXIS2_PLACEMENT_3D('',#4386,#3590,#3591);
#3008=AXIS2_PLACEMENT_3D('',#4392,#3595,#3596);
#3009=AXIS2_PLACEMENT_3D('',#4395,#3599,#3600);
#3010=AXIS2_PLACEMENT_3D('',#4396,#3601,#3602);
#3011=AXIS2_PLACEMENT_3D('',#4397,#3603,#3604);
#3012=AXIS2_PLACEMENT_3D('',#4406,#3609,#3610);
#3013=AXIS2_PLACEMENT_3D('',#4412,#3614,#3615);
#3014=AXIS2_PLACEMENT_3D('',#4418,#3619,#3620);
#3015=AXIS2_PLACEMENT_3D('',#4424,#3624,#3625);
#3016=AXIS2_PLACEMENT_3D('',#4426,#3626,#3627);
#3017=AXIS2_PLACEMENT_3D('',#4428,#3628,#3629);
#3018=AXIS2_PLACEMENT_3D('',#4430,#3631,#3632);
#3019=AXIS2_PLACEMENT_3D('',#4436,#3636,#3637);
#3020=AXIS2_PLACEMENT_3D('',#4438,#3638,#3639);
#3021=AXIS2_PLACEMENT_3D('',#4440,#3640,#3641);
#3022=AXIS2_PLACEMENT_3D('',#4442,#3643,#3644);
#3023=AXIS2_PLACEMENT_3D('',#4448,#3648,#3649);
#3024=AXIS2_PLACEMENT_3D('',#4454,#3653,#3654);
#3025=AXIS2_PLACEMENT_3D('',#4457,#3657,#3658);
#3026=AXIS2_PLACEMENT_3D('',#4458,#3659,#3660);
#3027=AXIS2_PLACEMENT_3D('',#4459,#3661,#3662);
#3028=AXIS2_PLACEMENT_3D('',#4468,#3667,#3668);
#3029=AXIS2_PLACEMENT_3D('',#4474,#3672,#3673);
#3030=AXIS2_PLACEMENT_3D('',#4480,#3677,#3678);
#3031=AXIS2_PLACEMENT_3D('',#4486,#3682,#3683);
#3032=AXIS2_PLACEMENT_3D('',#4488,#3684,#3685);
#3033=AXIS2_PLACEMENT_3D('',#4490,#3686,#3687);
#3034=AXIS2_PLACEMENT_3D('',#4492,#3689,#3690);
#3035=AXIS2_PLACEMENT_3D('',#4498,#3694,#3695);
#3036=AXIS2_PLACEMENT_3D('',#4500,#3696,#3697);
#3037=AXIS2_PLACEMENT_3D('',#4502,#3698,#3699);
#3038=AXIS2_PLACEMENT_3D('',#4504,#3701,#3702);
#3039=AXIS2_PLACEMENT_3D('',#4510,#3706,#3707);
#3040=AXIS2_PLACEMENT_3D('',#4516,#3711,#3712);
#3041=AXIS2_PLACEMENT_3D('',#4519,#3715,#3716);
#3042=AXIS2_PLACEMENT_3D('',#4520,#3717,#3718);
#3043=AXIS2_PLACEMENT_3D('',#4521,#3719,#3720);
#3044=AXIS2_PLACEMENT_3D('',#4530,#3725,#3726);
#3045=AXIS2_PLACEMENT_3D('',#4536,#3730,#3731);
#3046=AXIS2_PLACEMENT_3D('',#4542,#3735,#3736);
#3047=AXIS2_PLACEMENT_3D('',#4548,#3740,#3741);
#3048=AXIS2_PLACEMENT_3D('',#4550,#3742,#3743);
#3049=AXIS2_PLACEMENT_3D('',#4552,#3744,#3745);
#3050=AXIS2_PLACEMENT_3D('',#4554,#3747,#3748);
#3051=AXIS2_PLACEMENT_3D('',#4560,#3752,#3753);
#3052=AXIS2_PLACEMENT_3D('',#4562,#3754,#3755);
#3053=AXIS2_PLACEMENT_3D('',#4564,#3756,#3757);
#3054=AXIS2_PLACEMENT_3D('',#4566,#3759,#3760);
#3055=AXIS2_PLACEMENT_3D('',#4572,#3764,#3765);
#3056=AXIS2_PLACEMENT_3D('',#4578,#3769,#3770);
#3057=AXIS2_PLACEMENT_3D('',#4581,#3773,#3774);
#3058=AXIS2_PLACEMENT_3D('',#4582,#3775,#3776);
#3059=AXIS2_PLACEMENT_3D('',#4583,#3777,#3778);
#3060=AXIS2_PLACEMENT_3D('',#4592,#3783,#3784);
#3061=AXIS2_PLACEMENT_3D('',#4598,#3788,#3789);
#3062=AXIS2_PLACEMENT_3D('',#4604,#3793,#3794);
#3063=AXIS2_PLACEMENT_3D('',#4610,#3798,#3799);
#3064=AXIS2_PLACEMENT_3D('',#4612,#3800,#3801);
#3065=AXIS2_PLACEMENT_3D('',#4614,#3802,#3803);
#3066=AXIS2_PLACEMENT_3D('',#4616,#3805,#3806);
#3067=AXIS2_PLACEMENT_3D('',#4622,#3810,#3811);
#3068=AXIS2_PLACEMENT_3D('',#4624,#3812,#3813);
#3069=AXIS2_PLACEMENT_3D('',#4626,#3814,#3815);
#3070=AXIS2_PLACEMENT_3D('',#4628,#3817,#3818);
#3071=AXIS2_PLACEMENT_3D('',#4634,#3822,#3823);
#3072=AXIS2_PLACEMENT_3D('',#4640,#3827,#3828);
#3073=AXIS2_PLACEMENT_3D('',#4643,#3831,#3832);
#3074=AXIS2_PLACEMENT_3D('',#4644,#3833,#3834);
#3075=DIRECTION('axis',(0.,0.,1.));
#3076=DIRECTION('refdir',(1.,0.,0.));
#3077=DIRECTION('center_axis',(0.,0.,1.));
#3078=DIRECTION('ref_axis',(1.,0.,0.));
#3079=DIRECTION('',(0.,1.,0.));
#3080=DIRECTION('',(-1.,0.,0.));
#3081=DIRECTION('',(0.,-1.,0.));
#3082=DIRECTION('',(1.,0.,0.));
#3083=DIRECTION('center_axis',(0.,0.,1.));
#3084=DIRECTION('ref_axis',(1.,0.,0.));
#3085=DIRECTION('center_axis',(0.,-1.,0.));
#3086=DIRECTION('ref_axis',(1.,0.,0.));
#3087=DIRECTION('',(0.,0.,1.));
#3088=DIRECTION('',(1.,0.,0.));
#3089=DIRECTION('',(0.,0.,1.));
#3090=DIRECTION('center_axis',(-1.,0.,0.));
#3091=DIRECTION('ref_axis',(0.,-1.,0.));
#3092=DIRECTION('',(0.,0.,1.));
#3093=DIRECTION('',(0.,-1.,0.));
#3094=DIRECTION('center_axis',(0.,0.,-1.));
#3095=DIRECTION('ref_axis',(1.,0.,0.));
#3096=DIRECTION('',(0.,0.,-1.));
#3097=DIRECTION('center_axis',(0.,0.,-1.));
#3098=DIRECTION('ref_axis',(1.,0.,0.));
#3099=DIRECTION('center_axis',(0.,0.,1.));
#3100=DIRECTION('ref_axis',(1.,0.,0.));
#3101=DIRECTION('center_axis',(0.,1.,0.));
#3102=DIRECTION('ref_axis',(-1.,0.,0.));
#3103=DIRECTION('',(0.,0.,1.));
#3104=DIRECTION('',(-1.,0.,0.));
#3105=DIRECTION('center_axis',(1.,0.,0.));
#3106=DIRECTION('ref_axis',(0.,1.,0.));
#3107=DIRECTION('',(0.,1.,0.));
#3108=DIRECTION('center_axis',(0.,0.,1.));
#3109=DIRECTION('ref_axis',(1.,0.,0.));
#3110=DIRECTION('center_axis',(0.,-1.,0.));
#3111=DIRECTION('ref_axis',(1.,0.,0.));
#3112=DIRECTION('',(1.,0.,0.));
#3113=DIRECTION('',(0.,0.,1.));
#3114=DIRECTION('',(1.,0.,0.));
#3115=DIRECTION('',(0.,0.,1.));
#3116=DIRECTION('center_axis',(-1.,0.,0.));
#3117=DIRECTION('ref_axis',(0.,-1.,0.));
#3118=DIRECTION('',(0.,-1.,0.));
#3119=DIRECTION('',(0.,-1.,0.));
#3120=DIRECTION('',(0.,0.,1.));
#3121=DIRECTION('center_axis',(-0.55470019622479,-0.832050294338136,0.));
#3122=DIRECTION('ref_axis',(0.832050294338136,-0.55470019622479,0.));
#3123=DIRECTION('',(0.832050294338136,-0.55470019622479,0.));
#3124=DIRECTION('',(0.832050294338136,-0.55470019622479,0.));
#3125=DIRECTION('',(0.,0.,1.));
#3126=DIRECTION('center_axis',(-1.,2.77555756156289E-16,0.));
#3127=DIRECTION('ref_axis',(-2.77555756156289E-16,-1.,0.));
#3128=DIRECTION('',(-2.77555756156289E-16,-1.,0.));
#3129=DIRECTION('',(-2.77555756156289E-16,-1.,0.));
#3130=DIRECTION('',(0.,0.,1.));
#3131=DIRECTION('center_axis',(0.,0.,1.));
#3132=DIRECTION('ref_axis',(-1.73472347597681E-16,1.,0.));
#3133=DIRECTION('center_axis',(0.,0.,1.));
#3134=DIRECTION('ref_axis',(-1.73472347597681E-16,1.,0.));
#3135=DIRECTION('center_axis',(0.,0.,1.));
#3136=DIRECTION('ref_axis',(-1.73472347597681E-16,1.,0.));
#3137=DIRECTION('',(0.,0.,1.));
#3138=DIRECTION('center_axis',(0.,1.,0.));
#3139=DIRECTION('ref_axis',(-1.,0.,0.));
#3140=DIRECTION('',(-1.,0.,0.));
#3141=DIRECTION('',(-1.,0.,0.));
#3142=DIRECTION('',(0.,0.,1.));
#3143=DIRECTION('center_axis',(0.,0.,1.));
#3144=DIRECTION('ref_axis',(1.,0.,0.));
#3145=DIRECTION('center_axis',(0.,0.,1.));
#3146=DIRECTION('ref_axis',(1.,0.,0.));
#3147=DIRECTION('center_axis',(0.,0.,1.));
#3148=DIRECTION('ref_axis',(1.,0.,0.));
#3149=DIRECTION('',(0.,0.,1.));
#3150=DIRECTION('center_axis',(1.,0.,0.));
#3151=DIRECTION('ref_axis',(0.,1.,0.));
#3152=DIRECTION('',(0.,1.,0.));
#3153=DIRECTION('',(0.,1.,0.));
#3154=DIRECTION('',(0.,0.,1.));
#3155=DIRECTION('center_axis',(0.554700196227647,-0.832050294336232,0.));
#3156=DIRECTION('ref_axis',(0.832050294336232,0.554700196227647,0.));
#3157=DIRECTION('',(0.832050294336232,0.554700196227647,0.));
#3158=DIRECTION('',(0.832050294336232,0.554700196227647,0.));
#3159=DIRECTION('',(0.,0.,1.));
#3160=DIRECTION('center_axis',(1.,0.,0.));
#3161=DIRECTION('ref_axis',(0.,1.,0.));
#3162=DIRECTION('',(0.,1.,0.));
#3163=DIRECTION('',(0.,1.,0.));
#3164=DIRECTION('center_axis',(0.,0.,1.));
#3165=DIRECTION('ref_axis',(1.,0.,0.));
#3166=DIRECTION('center_axis',(0.,0.,1.));
#3167=DIRECTION('ref_axis',(1.,0.,0.));
#3168=DIRECTION('center_axis',(0.,1.,0.));
#3169=DIRECTION('ref_axis',(-1.,0.,0.));
#3170=DIRECTION('',(-1.,0.,0.));
#3171=DIRECTION('',(0.,0.,1.));
#3172=DIRECTION('',(-1.,0.,0.));
#3173=DIRECTION('',(0.,0.,1.));
#3174=DIRECTION('center_axis',(1.,0.,0.));
#3175=DIRECTION('ref_axis',(0.,1.,0.));
#3176=DIRECTION('',(0.,1.,0.));
#3177=DIRECTION('',(0.,1.,0.));
#3178=DIRECTION('',(0.,0.,1.));
#3179=DIRECTION('center_axis',(0.,-1.,0.));
#3180=DIRECTION('ref_axis',(1.,0.,0.));
#3181=DIRECTION('',(1.,0.,0.));
#3182=DIRECTION('',(1.,0.,0.));
#3183=DIRECTION('',(0.,0.,1.));
#3184=DIRECTION('center_axis',(-1.,0.,0.));
#3185=DIRECTION('ref_axis',(0.,-1.,0.));
#3186=DIRECTION('',(0.,-1.,0.));
#3187=DIRECTION('',(0.,-1.,0.));
#3188=DIRECTION('',(0.,0.,1.));
#3189=DIRECTION('center_axis',(-0.707106781186548,0.707106781186548,0.));
#3190=DIRECTION('ref_axis',(-0.707106781186548,-0.707106781186548,0.));
#3191=DIRECTION('',(-0.707106781186547,-0.707106781186547,0.));
#3192=DIRECTION('',(-0.707106781186547,-0.707106781186547,0.));
#3193=DIRECTION('center_axis',(0.,0.,1.));
#3194=DIRECTION('ref_axis',(1.,0.,0.));
#3195=DIRECTION('center_axis',(0.,0.,1.));
#3196=DIRECTION('ref_axis',(1.,0.,0.));
#3197=DIRECTION('center_axis',(0.,-1.,0.));
#3198=DIRECTION('ref_axis',(1.,0.,0.));
#3199=DIRECTION('',(1.,0.,0.));
#3200=DIRECTION('',(0.,0.,1.));
#3201=DIRECTION('',(1.,0.,0.));
#3202=DIRECTION('',(0.,0.,1.));
#3203=DIRECTION('center_axis',(-1.,0.,0.));
#3204=DIRECTION('ref_axis',(0.,-1.,0.));
#3205=DIRECTION('',(0.,-1.,0.));
#3206=DIRECTION('',(0.,-1.,0.));
#3207=DIRECTION('',(0.,0.,1.));
#3208=DIRECTION('center_axis',(-0.55470019622479,-0.832050294338136,0.));
#3209=DIRECTION('ref_axis',(0.832050294338136,-0.55470019622479,0.));
#3210=DIRECTION('',(0.832050294338136,-0.55470019622479,0.));
#3211=DIRECTION('',(0.832050294338136,-0.55470019622479,0.));
#3212=DIRECTION('',(0.,0.,1.));
#3213=DIRECTION('center_axis',(-1.,2.77555756156289E-16,0.));
#3214=DIRECTION('ref_axis',(-2.77555756156289E-16,-1.,0.));
#3215=DIRECTION('',(-2.77555756156289E-16,-1.,0.));
#3216=DIRECTION('',(-2.77555756156289E-16,-1.,0.));
#3217=DIRECTION('',(0.,0.,1.));
#3218=DIRECTION('center_axis',(0.,0.,1.));
#3219=DIRECTION('ref_axis',(-1.73472347597681E-16,1.,0.));
#3220=DIRECTION('center_axis',(0.,0.,1.));
#3221=DIRECTION('ref_axis',(-1.73472347597681E-16,1.,0.));
#3222=DIRECTION('center_axis',(0.,0.,1.));
#3223=DIRECTION('ref_axis',(-1.73472347597681E-16,1.,0.));
#3224=DIRECTION('',(0.,0.,1.));
#3225=DIRECTION('center_axis',(0.,1.,0.));
#3226=DIRECTION('ref_axis',(-1.,0.,0.));
#3227=DIRECTION('',(-1.,0.,0.));
#3228=DIRECTION('',(-1.,0.,0.));
#3229=DIRECTION('',(0.,0.,1.));
#3230=DIRECTION('center_axis',(0.,0.,1.));
#3231=DIRECTION('ref_axis',(1.,0.,0.));
#3232=DIRECTION('center_axis',(0.,0.,1.));
#3233=DIRECTION('ref_axis',(1.,0.,0.));
#3234=DIRECTION('center_axis',(0.,0.,1.));
#3235=DIRECTION('ref_axis',(1.,0.,0.));
#3236=DIRECTION('',(0.,0.,1.));
#3237=DIRECTION('center_axis',(1.,0.,0.));
#3238=DIRECTION('ref_axis',(0.,1.,0.));
#3239=DIRECTION('',(0.,1.,0.));
#3240=DIRECTION('',(0.,1.,0.));
#3241=DIRECTION('',(0.,0.,1.));
#3242=DIRECTION('center_axis',(0.554700196227647,-0.832050294336232,0.));
#3243=DIRECTION('ref_axis',(0.832050294336232,0.554700196227647,0.));
#3244=DIRECTION('',(0.832050294336232,0.554700196227647,0.));
#3245=DIRECTION('',(0.832050294336232,0.554700196227647,0.));
#3246=DIRECTION('',(0.,0.,1.));
#3247=DIRECTION('center_axis',(1.,0.,0.));
#3248=DIRECTION('ref_axis',(0.,1.,0.));
#3249=DIRECTION('',(0.,1.,0.));
#3250=DIRECTION('',(0.,1.,0.));
#3251=DIRECTION('center_axis',(0.,0.,1.));
#3252=DIRECTION('ref_axis',(1.,0.,0.));
#3253=DIRECTION('center_axis',(0.,0.,1.));
#3254=DIRECTION('ref_axis',(1.,0.,0.));
#3255=DIRECTION('center_axis',(0.,-1.,0.));
#3256=DIRECTION('ref_axis',(1.,0.,0.));
#3257=DIRECTION('',(1.,0.,0.));
#3258=DIRECTION('',(0.,0.,1.));
#3259=DIRECTION('',(1.,0.,0.));
#3260=DIRECTION('',(0.,0.,1.));
#3261=DIRECTION('center_axis',(-1.,0.,0.));
#3262=DIRECTION('ref_axis',(0.,-1.,0.));
#3263=DIRECTION('',(0.,-1.,0.));
#3264=DIRECTION('',(0.,-1.,0.));
#3265=DIRECTION('',(0.,0.,1.));
#3266=DIRECTION('center_axis',(-0.55470019622479,-0.832050294338136,0.));
#3267=DIRECTION('ref_axis',(0.832050294338136,-0.55470019622479,0.));
#3268=DIRECTION('',(0.832050294338136,-0.55470019622479,0.));
#3269=DIRECTION('',(0.832050294338136,-0.55470019622479,0.));
#3270=DIRECTION('',(0.,0.,1.));
#3271=DIRECTION('center_axis',(-1.,2.77555756156289E-16,0.));
#3272=DIRECTION('ref_axis',(-2.77555756156289E-16,-1.,0.));
#3273=DIRECTION('',(-2.77555756156289E-16,-1.,0.));
#3274=DIRECTION('',(-2.77555756156289E-16,-1.,0.));
#3275=DIRECTION('',(0.,0.,1.));
#3276=DIRECTION('center_axis',(0.,0.,1.));
#3277=DIRECTION('ref_axis',(-1.73472347597681E-16,1.,0.));
#3278=DIRECTION('center_axis',(0.,0.,1.));
#3279=DIRECTION('ref_axis',(-1.73472347597681E-16,1.,0.));
#3280=DIRECTION('center_axis',(0.,0.,1.));
#3281=DIRECTION('ref_axis',(-1.73472347597681E-16,1.,0.));
#3282=DIRECTION('',(0.,0.,1.));
#3283=DIRECTION('center_axis',(0.,1.,0.));
#3284=DIRECTION('ref_axis',(-1.,0.,0.));
#3285=DIRECTION('',(-1.,0.,0.));
#3286=DIRECTION('',(-1.,0.,0.));
#3287=DIRECTION('',(0.,0.,1.));
#3288=DIRECTION('center_axis',(0.,0.,1.));
#3289=DIRECTION('ref_axis',(1.,0.,0.));
#3290=DIRECTION('center_axis',(0.,0.,1.));
#3291=DIRECTION('ref_axis',(1.,0.,0.));
#3292=DIRECTION('center_axis',(0.,0.,1.));
#3293=DIRECTION('ref_axis',(1.,0.,0.));
#3294=DIRECTION('',(0.,0.,1.));
#3295=DIRECTION('center_axis',(1.,0.,0.));
#3296=DIRECTION('ref_axis',(0.,1.,0.));
#3297=DIRECTION('',(0.,1.,0.));
#3298=DIRECTION('',(0.,1.,0.));
#3299=DIRECTION('',(0.,0.,1.));
#3300=DIRECTION('center_axis',(0.554700196227647,-0.832050294336232,0.));
#3301=DIRECTION('ref_axis',(0.832050294336232,0.554700196227647,0.));
#3302=DIRECTION('',(0.832050294336232,0.554700196227647,0.));
#3303=DIRECTION('',(0.832050294336232,0.554700196227647,0.));
#3304=DIRECTION('',(0.,0.,1.));
#3305=DIRECTION('center_axis',(1.,0.,0.));
#3306=DIRECTION('ref_axis',(0.,1.,0.));
#3307=DIRECTION('',(0.,1.,0.));
#3308=DIRECTION('',(0.,1.,0.));
#3309=DIRECTION('center_axis',(0.,0.,1.));
#3310=DIRECTION('ref_axis',(1.,0.,0.));
#3311=DIRECTION('center_axis',(0.,0.,1.));
#3312=DIRECTION('ref_axis',(1.,0.,0.));
#3313=DIRECTION('center_axis',(1.,-6.12323399573677E-17,0.));
#3314=DIRECTION('ref_axis',(6.12323399573677E-17,1.,0.));
#3315=DIRECTION('',(6.12323399573677E-17,1.,0.));
#3316=DIRECTION('',(0.,0.,1.));
#3317=DIRECTION('',(6.12323399573677E-17,1.,0.));
#3318=DIRECTION('',(0.,0.,1.));
#3319=DIRECTION('center_axis',(-6.12323399573677E-17,-1.,0.));
#3320=DIRECTION('ref_axis',(1.,-6.12323399573677E-17,0.));
#3321=DIRECTION('',(1.,-6.12323399573677E-17,0.));
#3322=DIRECTION('',(1.,-6.12323399573677E-17,0.));
#3323=DIRECTION('',(0.,0.,1.));
#3324=DIRECTION('center_axis',(0.832050294338136,-0.55470019622479,0.));
#3325=DIRECTION('ref_axis',(0.55470019622479,0.832050294338136,0.));
#3326=DIRECTION('',(0.55470019622479,0.832050294338136,0.));
#3327=DIRECTION('',(0.55470019622479,0.832050294338136,0.));
#3328=DIRECTION('',(0.,0.,1.));
#3329=DIRECTION('center_axis',(-3.38788096113657E-16,-1.,0.));
#3330=DIRECTION('ref_axis',(1.,-3.38788096113657E-16,0.));
#3331=DIRECTION('',(1.,-3.38788096113657E-16,0.));
#3332=DIRECTION('',(1.,-3.38788096113657E-16,0.));
#3333=DIRECTION('',(0.,0.,1.));
#3334=DIRECTION('center_axis',(0.,0.,1.));
#3335=DIRECTION('ref_axis',(-1.,-1.12240007640313E-16,0.));
#3336=DIRECTION('center_axis',(0.,0.,1.));
#3337=DIRECTION('ref_axis',(-1.,-1.12240007640313E-16,0.));
#3338=DIRECTION('center_axis',(0.,0.,1.));
#3339=DIRECTION('ref_axis',(-1.,-1.12240007640313E-16,0.));
#3340=DIRECTION('',(0.,0.,1.));
#3341=DIRECTION('center_axis',(-1.,6.12323399573677E-17,0.));
#3342=DIRECTION('ref_axis',(-6.12323399573677E-17,-1.,0.));
#3343=DIRECTION('',(-6.12323399573677E-17,-1.,0.));
#3344=DIRECTION('',(-6.12323399573677E-17,-1.,0.));
#3345=DIRECTION('',(0.,0.,1.));
#3346=DIRECTION('center_axis',(0.,0.,1.));
#3347=DIRECTION('ref_axis',(6.12323399573677E-17,1.,0.));
#3348=DIRECTION('center_axis',(0.,0.,1.));
#3349=DIRECTION('ref_axis',(6.12323399573677E-17,1.,0.));
#3350=DIRECTION('center_axis',(0.,0.,1.));
#3351=DIRECTION('ref_axis',(6.12323399573677E-17,1.,0.));
#3352=DIRECTION('',(0.,0.,1.));
#3353=DIRECTION('center_axis',(6.12323399573677E-17,1.,0.));
#3354=DIRECTION('ref_axis',(-1.,6.12323399573677E-17,0.));
#3355=DIRECTION('',(-1.,6.12323399573677E-17,0.));
#3356=DIRECTION('',(-1.,6.12323399573677E-17,0.));
#3357=DIRECTION('',(0.,0.,1.));
#3358=DIRECTION('center_axis',(0.832050294336232,0.554700196227647,0.));
#3359=DIRECTION('ref_axis',(-0.554700196227647,0.832050294336232,0.));
#3360=DIRECTION('',(-0.554700196227647,0.832050294336232,0.));
#3361=DIRECTION('',(-0.554700196227647,0.832050294336232,0.));
#3362=DIRECTION('',(0.,0.,1.));
#3363=DIRECTION('center_axis',(6.12323399573677E-17,1.,0.));
#3364=DIRECTION('ref_axis',(-1.,6.12323399573677E-17,0.));
#3365=DIRECTION('',(-1.,6.12323399573677E-17,0.));
#3366=DIRECTION('',(-1.,6.12323399573677E-17,0.));
#3367=DIRECTION('center_axis',(0.,0.,1.));
#3368=DIRECTION('ref_axis',(6.12323399573677E-17,1.,0.));
#3369=DIRECTION('center_axis',(0.,0.,1.));
#3370=DIRECTION('ref_axis',(6.12323399573677E-17,1.,0.));
#3371=DIRECTION('center_axis',(1.22464679914735E-16,1.,0.));
#3372=DIRECTION('ref_axis',(-1.,1.22464679914735E-16,0.));
#3373=DIRECTION('',(-1.,1.22464679914735E-16,0.));
#3374=DIRECTION('',(0.,0.,1.));
#3375=DIRECTION('',(-1.,1.22464679914735E-16,0.));
#3376=DIRECTION('',(0.,0.,1.));
#3377=DIRECTION('center_axis',(1.,-1.22464679914735E-16,0.));
#3378=DIRECTION('ref_axis',(1.22464679914735E-16,1.,0.));
#3379=DIRECTION('',(1.22464679914735E-16,1.,0.));
#3380=DIRECTION('',(1.22464679914735E-16,1.,0.));
#3381=DIRECTION('',(0.,0.,1.));
#3382=DIRECTION('center_axis',(0.55470019622479,0.832050294338136,0.));
#3383=DIRECTION('ref_axis',(-0.832050294338136,0.55470019622479,0.));
#3384=DIRECTION('',(-0.832050294338136,0.55470019622479,0.));
#3385=DIRECTION('',(-0.832050294338136,0.55470019622479,0.));
#3386=DIRECTION('',(0.,0.,1.));
#3387=DIRECTION('center_axis',(1.,-4.00020436071025E-16,0.));
#3388=DIRECTION('ref_axis',(4.00020436071025E-16,1.,0.));
#3389=DIRECTION('',(4.00020436071025E-16,1.,0.));
#3390=DIRECTION('',(4.00020436071025E-16,1.,0.));
#3391=DIRECTION('',(0.,0.,1.));
#3392=DIRECTION('center_axis',(0.,0.,1.));
#3393=DIRECTION('ref_axis',(5.10076676829452E-17,-1.,0.));
#3394=DIRECTION('center_axis',(0.,0.,1.));
#3395=DIRECTION('ref_axis',(5.10076676829452E-17,-1.,0.));
#3396=DIRECTION('center_axis',(0.,0.,1.));
#3397=DIRECTION('ref_axis',(5.10076676829452E-17,-1.,0.));
#3398=DIRECTION('',(0.,0.,1.));
#3399=DIRECTION('center_axis',(-1.22464679914735E-16,-1.,0.));
#3400=DIRECTION('ref_axis',(1.,-1.22464679914735E-16,0.));
#3401=DIRECTION('',(1.,-1.22464679914735E-16,0.));
#3402=DIRECTION('',(1.,-1.22464679914735E-16,0.));
#3403=DIRECTION('',(0.,0.,1.));
#3404=DIRECTION('center_axis',(0.,0.,1.));
#3405=DIRECTION('ref_axis',(-1.,1.22464679914735E-16,0.));
#3406=DIRECTION('center_axis',(0.,0.,1.));
#3407=DIRECTION('ref_axis',(-1.,1.22464679914735E-16,0.));
#3408=DIRECTION('center_axis',(0.,0.,1.));
#3409=DIRECTION('ref_axis',(-1.,1.22464679914735E-16,0.));
#3410=DIRECTION('',(0.,0.,1.));
#3411=DIRECTION('center_axis',(-1.,1.22464679914735E-16,0.));
#3412=DIRECTION('ref_axis',(-1.22464679914735E-16,-1.,0.));
#3413=DIRECTION('',(-1.22464679914735E-16,-1.,0.));
#3414=DIRECTION('',(-1.22464679914735E-16,-1.,0.));
#3415=DIRECTION('',(0.,0.,1.));
#3416=DIRECTION('center_axis',(-0.554700196227647,0.832050294336232,0.));
#3417=DIRECTION('ref_axis',(-0.832050294336232,-0.554700196227647,0.));
#3418=DIRECTION('',(-0.832050294336232,-0.554700196227647,0.));
#3419=DIRECTION('',(-0.832050294336232,-0.554700196227647,0.));
#3420=DIRECTION('',(0.,0.,1.));
#3421=DIRECTION('center_axis',(-1.,1.22464679914735E-16,0.));
#3422=DIRECTION('ref_axis',(-1.22464679914735E-16,-1.,0.));
#3423=DIRECTION('',(-1.22464679914735E-16,-1.,0.));
#3424=DIRECTION('',(-1.22464679914735E-16,-1.,0.));
#3425=DIRECTION('center_axis',(0.,0.,1.));
#3426=DIRECTION('ref_axis',(-1.,1.22464679914735E-16,0.));
#3427=DIRECTION('center_axis',(0.,0.,1.));
#3428=DIRECTION('ref_axis',(-1.,1.22464679914735E-16,0.));
#3429=DIRECTION('center_axis',(-1.,1.83697019872103E-16,0.));
#3430=DIRECTION('ref_axis',(-1.83697019872103E-16,-1.,0.));
#3431=DIRECTION('',(-1.83697019872103E-16,-1.,0.));
#3432=DIRECTION('',(0.,0.,1.));
#3433=DIRECTION('',(-1.83697019872103E-16,-1.,0.));
#3434=DIRECTION('',(0.,0.,1.));
#3435=DIRECTION('center_axis',(1.83697019872103E-16,1.,0.));
#3436=DIRECTION('ref_axis',(-1.,1.83697019872103E-16,0.));
#3437=DIRECTION('',(-1.,1.83697019872103E-16,0.));
#3438=DIRECTION('',(-1.,1.83697019872103E-16,0.));
#3439=DIRECTION('',(0.,0.,1.));
#3440=DIRECTION('center_axis',(-0.832050294338136,0.55470019622479,0.));
#3441=DIRECTION('ref_axis',(-0.55470019622479,-0.832050294338136,0.));
#3442=DIRECTION('',(-0.55470019622479,-0.832050294338136,0.));
#3443=DIRECTION('',(-0.55470019622479,-0.832050294338136,0.));
#3444=DIRECTION('',(0.,0.,1.));
#3445=DIRECTION('center_axis',(4.61252776028392E-16,1.,0.));
#3446=DIRECTION('ref_axis',(-1.,4.61252776028392E-16,0.));
#3447=DIRECTION('',(-1.,4.61252776028392E-16,0.));
#3448=DIRECTION('',(-1.,4.61252776028392E-16,0.));
#3449=DIRECTION('',(0.,0.,1.));
#3450=DIRECTION('center_axis',(0.,0.,1.));
#3451=DIRECTION('ref_axis',(1.,-1.02246722744224E-17,0.));
#3452=DIRECTION('center_axis',(0.,0.,1.));
#3453=DIRECTION('ref_axis',(1.,-1.02246722744224E-17,0.));
#3454=DIRECTION('center_axis',(0.,0.,1.));
#3455=DIRECTION('ref_axis',(1.,-1.02246722744224E-17,0.));
#3456=DIRECTION('',(0.,0.,1.));
#3457=DIRECTION('center_axis',(1.,-1.83697019872103E-16,0.));
#3458=DIRECTION('ref_axis',(1.83697019872103E-16,1.,0.));
#3459=DIRECTION('',(1.83697019872103E-16,1.,0.));
#3460=DIRECTION('',(1.83697019872103E-16,1.,0.));
#3461=DIRECTION('',(0.,0.,1.));
#3462=DIRECTION('center_axis',(0.,0.,1.));
#3463=DIRECTION('ref_axis',(-1.83697019872103E-16,-1.,0.));
#3464=DIRECTION('center_axis',(0.,0.,1.));
#3465=DIRECTION('ref_axis',(-1.83697019872103E-16,-1.,0.));
#3466=DIRECTION('center_axis',(0.,0.,1.));
#3467=DIRECTION('ref_axis',(-1.83697019872103E-16,-1.,0.));
#3468=DIRECTION('',(0.,0.,1.));
#3469=DIRECTION('center_axis',(-1.83697019872103E-16,-1.,0.));
#3470=DIRECTION('ref_axis',(1.,-1.83697019872103E-16,0.));
#3471=DIRECTION('',(1.,-1.83697019872103E-16,0.));
#3472=DIRECTION('',(1.,-1.83697019872103E-16,0.));
#3473=DIRECTION('',(0.,0.,1.));
#3474=DIRECTION('center_axis',(-0.832050294336232,-0.554700196227647,0.));
#3475=DIRECTION('ref_axis',(0.554700196227647,-0.832050294336232,0.));
#3476=DIRECTION('',(0.554700196227647,-0.832050294336232,0.));
#3477=DIRECTION('',(0.554700196227647,-0.832050294336232,0.));
#3478=DIRECTION('',(0.,0.,1.));
#3479=DIRECTION('center_axis',(-1.83697019872103E-16,-1.,0.));
#3480=DIRECTION('ref_axis',(1.,-1.83697019872103E-16,0.));
#3481=DIRECTION('',(1.,-1.83697019872103E-16,0.));
#3482=DIRECTION('',(1.,-1.83697019872103E-16,0.));
#3483=DIRECTION('center_axis',(0.,0.,1.));
#3484=DIRECTION('ref_axis',(-1.83697019872103E-16,-1.,0.));
#3485=DIRECTION('center_axis',(0.,0.,1.));
#3486=DIRECTION('ref_axis',(-1.83697019872103E-16,-1.,0.));
#3487=DIRECTION('center_axis',(1.,-6.12323399573677E-17,0.));
#3488=DIRECTION('ref_axis',(6.12323399573677E-17,1.,0.));
#3489=DIRECTION('',(6.12323399573677E-17,1.,0.));
#3490=DIRECTION('',(0.,0.,1.));
#3491=DIRECTION('',(6.12323399573677E-17,1.,0.));
#3492=DIRECTION('',(0.,0.,1.));
#3493=DIRECTION('center_axis',(-6.12323399573677E-17,-1.,0.));
#3494=DIRECTION('ref_axis',(1.,-6.12323399573677E-17,0.));
#3495=DIRECTION('',(1.,-6.12323399573677E-17,0.));
#3496=DIRECTION('',(1.,-6.12323399573677E-17,0.));
#3497=DIRECTION('',(0.,0.,1.));
#3498=DIRECTION('center_axis',(0.832050294338136,-0.55470019622479,0.));
#3499=DIRECTION('ref_axis',(0.55470019622479,0.832050294338136,0.));
#3500=DIRECTION('',(0.55470019622479,0.832050294338136,0.));
#3501=DIRECTION('',(0.55470019622479,0.832050294338136,0.));
#3502=DIRECTION('',(0.,0.,1.));
#3503=DIRECTION('center_axis',(-3.38788096113657E-16,-1.,0.));
#3504=DIRECTION('ref_axis',(1.,-3.38788096113657E-16,0.));
#3505=DIRECTION('',(1.,-3.38788096113657E-16,0.));
#3506=DIRECTION('',(1.,-3.38788096113657E-16,0.));
#3507=DIRECTION('',(0.,0.,1.));
#3508=DIRECTION('center_axis',(0.,0.,1.));
#3509=DIRECTION('ref_axis',(-1.,-1.12240007640313E-16,0.));
#3510=DIRECTION('center_axis',(0.,0.,1.));
#3511=DIRECTION('ref_axis',(-1.,-1.12240007640313E-16,0.));
#3512=DIRECTION('center_axis',(0.,0.,1.));
#3513=DIRECTION('ref_axis',(-1.,-1.12240007640313E-16,0.));
#3514=DIRECTION('',(0.,0.,1.));
#3515=DIRECTION('center_axis',(-1.,6.12323399573677E-17,0.));
#3516=DIRECTION('ref_axis',(-6.12323399573677E-17,-1.,0.));
#3517=DIRECTION('',(-6.12323399573677E-17,-1.,0.));
#3518=DIRECTION('',(-6.12323399573677E-17,-1.,0.));
#3519=DIRECTION('',(0.,0.,1.));
#3520=DIRECTION('center_axis',(0.,0.,1.));
#3521=DIRECTION('ref_axis',(6.12323399573677E-17,1.,0.));
#3522=DIRECTION('center_axis',(0.,0.,1.));
#3523=DIRECTION('ref_axis',(6.12323399573677E-17,1.,0.));
#3524=DIRECTION('center_axis',(0.,0.,1.));
#3525=DIRECTION('ref_axis',(6.12323399573677E-17,1.,0.));
#3526=DIRECTION('',(0.,0.,1.));
#3527=DIRECTION('center_axis',(6.12323399573677E-17,1.,0.));
#3528=DIRECTION('ref_axis',(-1.,6.12323399573677E-17,0.));
#3529=DIRECTION('',(-1.,6.12323399573677E-17,0.));
#3530=DIRECTION('',(-1.,6.12323399573677E-17,0.));
#3531=DIRECTION('',(0.,0.,1.));
#3532=DIRECTION('center_axis',(0.832050294336232,0.554700196227647,0.));
#3533=DIRECTION('ref_axis',(-0.554700196227647,0.832050294336232,0.));
#3534=DIRECTION('',(-0.554700196227647,0.832050294336232,0.));
#3535=DIRECTION('',(-0.554700196227647,0.832050294336232,0.));
#3536=DIRECTION('',(0.,0.,1.));
#3537=DIRECTION('center_axis',(6.12323399573677E-17,1.,0.));
#3538=DIRECTION('ref_axis',(-1.,6.12323399573677E-17,0.));
#3539=DIRECTION('',(-1.,6.12323399573677E-17,0.));
#3540=DIRECTION('',(-1.,6.12323399573677E-17,0.));
#3541=DIRECTION('center_axis',(0.,0.,1.));
#3542=DIRECTION('ref_axis',(6.12323399573677E-17,1.,0.));
#3543=DIRECTION('center_axis',(0.,0.,1.));
#3544=DIRECTION('ref_axis',(6.12323399573677E-17,1.,0.));
#3545=DIRECTION('center_axis',(1.22464679914735E-16,1.,0.));
#3546=DIRECTION('ref_axis',(-1.,1.22464679914735E-16,0.));
#3547=DIRECTION('',(-1.,1.22464679914735E-16,0.));
#3548=DIRECTION('',(0.,0.,1.));
#3549=DIRECTION('',(-1.,1.22464679914735E-16,0.));
#3550=DIRECTION('',(0.,0.,1.));
#3551=DIRECTION('center_axis',(1.,-1.22464679914735E-16,0.));
#3552=DIRECTION('ref_axis',(1.22464679914735E-16,1.,0.));
#3553=DIRECTION('',(1.22464679914735E-16,1.,0.));
#3554=DIRECTION('',(1.22464679914735E-16,1.,0.));
#3555=DIRECTION('',(0.,0.,1.));
#3556=DIRECTION('center_axis',(0.55470019622479,0.832050294338136,0.));
#3557=DIRECTION('ref_axis',(-0.832050294338136,0.55470019622479,0.));
#3558=DIRECTION('',(-0.832050294338136,0.55470019622479,0.));
#3559=DIRECTION('',(-0.832050294338136,0.55470019622479,0.));
#3560=DIRECTION('',(0.,0.,1.));
#3561=DIRECTION('center_axis',(1.,-4.00020436071025E-16,0.));
#3562=DIRECTION('ref_axis',(4.00020436071025E-16,1.,0.));
#3563=DIRECTION('',(4.00020436071025E-16,1.,0.));
#3564=DIRECTION('',(4.00020436071025E-16,1.,0.));
#3565=DIRECTION('',(0.,0.,1.));
#3566=DIRECTION('center_axis',(0.,0.,1.));
#3567=DIRECTION('ref_axis',(5.10076676829452E-17,-1.,0.));
#3568=DIRECTION('center_axis',(0.,0.,1.));
#3569=DIRECTION('ref_axis',(5.10076676829452E-17,-1.,0.));
#3570=DIRECTION('center_axis',(0.,0.,1.));
#3571=DIRECTION('ref_axis',(5.10076676829452E-17,-1.,0.));
#3572=DIRECTION('',(0.,0.,1.));
#3573=DIRECTION('center_axis',(-1.22464679914735E-16,-1.,0.));
#3574=DIRECTION('ref_axis',(1.,-1.22464679914735E-16,0.));
#3575=DIRECTION('',(1.,-1.22464679914735E-16,0.));
#3576=DIRECTION('',(1.,-1.22464679914735E-16,0.));
#3577=DIRECTION('',(0.,0.,1.));
#3578=DIRECTION('center_axis',(0.,0.,1.));
#3579=DIRECTION('ref_axis',(-1.,1.22464679914735E-16,0.));
#3580=DIRECTION('center_axis',(0.,0.,1.));
#3581=DIRECTION('ref_axis',(-1.,1.22464679914735E-16,0.));
#3582=DIRECTION('center_axis',(0.,0.,1.));
#3583=DIRECTION('ref_axis',(-1.,1.22464679914735E-16,0.));
#3584=DIRECTION('',(0.,0.,1.));
#3585=DIRECTION('center_axis',(-1.,1.22464679914735E-16,0.));
#3586=DIRECTION('ref_axis',(-1.22464679914735E-16,-1.,0.));
#3587=DIRECTION('',(-1.22464679914735E-16,-1.,0.));
#3588=DIRECTION('',(-1.22464679914735E-16,-1.,0.));
#3589=DIRECTION('',(0.,0.,1.));
#3590=DIRECTION('center_axis',(-0.554700196227647,0.832050294336232,0.));
#3591=DIRECTION('ref_axis',(-0.832050294336232,-0.554700196227647,0.));
#3592=DIRECTION('',(-0.832050294336232,-0.554700196227647,0.));
#3593=DIRECTION('',(-0.832050294336232,-0.554700196227647,0.));
#3594=DIRECTION('',(0.,0.,1.));
#3595=DIRECTION('center_axis',(-1.,1.22464679914735E-16,0.));
#3596=DIRECTION('ref_axis',(-1.22464679914735E-16,-1.,0.));
#3597=DIRECTION('',(-1.22464679914735E-16,-1.,0.));
#3598=DIRECTION('',(-1.22464679914735E-16,-1.,0.));
#3599=DIRECTION('center_axis',(0.,0.,1.));
#3600=DIRECTION('ref_axis',(-1.,1.22464679914735E-16,0.));
#3601=DIRECTION('center_axis',(0.,0.,1.));
#3602=DIRECTION('ref_axis',(-1.,1.22464679914735E-16,0.));
#3603=DIRECTION('center_axis',(-1.,1.83697019872103E-16,0.));
#3604=DIRECTION('ref_axis',(-1.83697019872103E-16,-1.,0.));
#3605=DIRECTION('',(-1.83697019872103E-16,-1.,0.));
#3606=DIRECTION('',(0.,0.,1.));
#3607=DIRECTION('',(-1.83697019872103E-16,-1.,0.));
#3608=DIRECTION('',(0.,0.,1.));
#3609=DIRECTION('center_axis',(1.83697019872103E-16,1.,0.));
#3610=DIRECTION('ref_axis',(-1.,1.83697019872103E-16,0.));
#3611=DIRECTION('',(-1.,1.83697019872103E-16,0.));
#3612=DIRECTION('',(-1.,1.83697019872103E-16,0.));
#3613=DIRECTION('',(0.,0.,1.));
#3614=DIRECTION('center_axis',(-0.832050294338136,0.55470019622479,0.));
#3615=DIRECTION('ref_axis',(-0.55470019622479,-0.832050294338136,0.));
#3616=DIRECTION('',(-0.55470019622479,-0.832050294338136,0.));
#3617=DIRECTION('',(-0.55470019622479,-0.832050294338136,0.));
#3618=DIRECTION('',(0.,0.,1.));
#3619=DIRECTION('center_axis',(4.61252776028392E-16,1.,0.));
#3620=DIRECTION('ref_axis',(-1.,4.61252776028392E-16,0.));
#3621=DIRECTION('',(-1.,4.61252776028392E-16,0.));
#3622=DIRECTION('',(-1.,4.61252776028392E-16,0.));
#3623=DIRECTION('',(0.,0.,1.));
#3624=DIRECTION('center_axis',(0.,0.,1.));
#3625=DIRECTION('ref_axis',(1.,-1.02246722744224E-17,0.));
#3626=DIRECTION('center_axis',(0.,0.,1.));
#3627=DIRECTION('ref_axis',(1.,-1.02246722744224E-17,0.));
#3628=DIRECTION('center_axis',(0.,0.,1.));
#3629=DIRECTION('ref_axis',(1.,-1.02246722744224E-17,0.));
#3630=DIRECTION('',(0.,0.,1.));
#3631=DIRECTION('center_axis',(1.,-1.83697019872103E-16,0.));
#3632=DIRECTION('ref_axis',(1.83697019872103E-16,1.,0.));
#3633=DIRECTION('',(1.83697019872103E-16,1.,0.));
#3634=DIRECTION('',(1.83697019872103E-16,1.,0.));
#3635=DIRECTION('',(0.,0.,1.));
#3636=DIRECTION('center_axis',(0.,0.,1.));
#3637=DIRECTION('ref_axis',(-1.83697019872103E-16,-1.,0.));
#3638=DIRECTION('center_axis',(0.,0.,1.));
#3639=DIRECTION('ref_axis',(-1.83697019872103E-16,-1.,0.));
#3640=DIRECTION('center_axis',(0.,0.,1.));
#3641=DIRECTION('ref_axis',(-1.83697019872103E-16,-1.,0.));
#3642=DIRECTION('',(0.,0.,1.));
#3643=DIRECTION('center_axis',(-1.83697019872103E-16,-1.,0.));
#3644=DIRECTION('ref_axis',(1.,-1.83697019872103E-16,0.));
#3645=DIRECTION('',(1.,-1.83697019872103E-16,0.));
#3646=DIRECTION('',(1.,-1.83697019872103E-16,0.));
#3647=DIRECTION('',(0.,0.,1.));
#3648=DIRECTION('center_axis',(-0.832050294336232,-0.554700196227647,0.));
#3649=DIRECTION('ref_axis',(0.554700196227647,-0.832050294336232,0.));
#3650=DIRECTION('',(0.554700196227647,-0.832050294336232,0.));
#3651=DIRECTION('',(0.554700196227647,-0.832050294336232,0.));
#3652=DIRECTION('',(0.,0.,1.));
#3653=DIRECTION('center_axis',(-1.83697019872103E-16,-1.,0.));
#3654=DIRECTION('ref_axis',(1.,-1.83697019872103E-16,0.));
#3655=DIRECTION('',(1.,-1.83697019872103E-16,0.));
#3656=DIRECTION('',(1.,-1.83697019872103E-16,0.));
#3657=DIRECTION('center_axis',(0.,0.,1.));
#3658=DIRECTION('ref_axis',(-1.83697019872103E-16,-1.,0.));
#3659=DIRECTION('center_axis',(0.,0.,1.));
#3660=DIRECTION('ref_axis',(-1.83697019872103E-16,-1.,0.));
#3661=DIRECTION('center_axis',(1.,-6.12323399573677E-17,0.));
#3662=DIRECTION('ref_axis',(6.12323399573677E-17,1.,0.));
#3663=DIRECTION('',(6.12323399573677E-17,1.,0.));
#3664=DIRECTION('',(0.,0.,1.));
#3665=DIRECTION('',(6.12323399573677E-17,1.,0.));
#3666=DIRECTION('',(0.,0.,1.));
#3667=DIRECTION('center_axis',(-6.12323399573677E-17,-1.,0.));
#3668=DIRECTION('ref_axis',(1.,-6.12323399573677E-17,0.));
#3669=DIRECTION('',(1.,-6.12323399573677E-17,0.));
#3670=DIRECTION('',(1.,-6.12323399573677E-17,0.));
#3671=DIRECTION('',(0.,0.,1.));
#3672=DIRECTION('center_axis',(0.832050294338136,-0.55470019622479,0.));
#3673=DIRECTION('ref_axis',(0.55470019622479,0.832050294338136,0.));
#3674=DIRECTION('',(0.55470019622479,0.832050294338136,0.));
#3675=DIRECTION('',(0.55470019622479,0.832050294338136,0.));
#3676=DIRECTION('',(0.,0.,1.));
#3677=DIRECTION('center_axis',(-3.38788096113657E-16,-1.,0.));
#3678=DIRECTION('ref_axis',(1.,-3.38788096113657E-16,0.));
#3679=DIRECTION('',(1.,-3.38788096113657E-16,0.));
#3680=DIRECTION('',(1.,-3.38788096113657E-16,0.));
#3681=DIRECTION('',(0.,0.,1.));
#3682=DIRECTION('center_axis',(0.,0.,1.));
#3683=DIRECTION('ref_axis',(-1.,-1.12240007640313E-16,0.));
#3684=DIRECTION('center_axis',(0.,0.,1.));
#3685=DIRECTION('ref_axis',(-1.,-1.12240007640313E-16,0.));
#3686=DIRECTION('center_axis',(0.,0.,1.));
#3687=DIRECTION('ref_axis',(-1.,-1.12240007640313E-16,0.));
#3688=DIRECTION('',(0.,0.,1.));
#3689=DIRECTION('center_axis',(-1.,6.12323399573677E-17,0.));
#3690=DIRECTION('ref_axis',(-6.12323399573677E-17,-1.,0.));
#3691=DIRECTION('',(-6.12323399573677E-17,-1.,0.));
#3692=DIRECTION('',(-6.12323399573677E-17,-1.,0.));
#3693=DIRECTION('',(0.,0.,1.));
#3694=DIRECTION('center_axis',(0.,0.,1.));
#3695=DIRECTION('ref_axis',(6.12323399573677E-17,1.,0.));
#3696=DIRECTION('center_axis',(0.,0.,1.));
#3697=DIRECTION('ref_axis',(6.12323399573677E-17,1.,0.));
#3698=DIRECTION('center_axis',(0.,0.,1.));
#3699=DIRECTION('ref_axis',(6.12323399573677E-17,1.,0.));
#3700=DIRECTION('',(0.,0.,1.));
#3701=DIRECTION('center_axis',(6.12323399573677E-17,1.,0.));
#3702=DIRECTION('ref_axis',(-1.,6.12323399573677E-17,0.));
#3703=DIRECTION('',(-1.,6.12323399573677E-17,0.));
#3704=DIRECTION('',(-1.,6.12323399573677E-17,0.));
#3705=DIRECTION('',(0.,0.,1.));
#3706=DIRECTION('center_axis',(0.832050294336232,0.554700196227647,0.));
#3707=DIRECTION('ref_axis',(-0.554700196227647,0.832050294336232,0.));
#3708=DIRECTION('',(-0.554700196227647,0.832050294336232,0.));
#3709=DIRECTION('',(-0.554700196227647,0.832050294336232,0.));
#3710=DIRECTION('',(0.,0.,1.));
#3711=DIRECTION('center_axis',(6.12323399573677E-17,1.,0.));
#3712=DIRECTION('ref_axis',(-1.,6.12323399573677E-17,0.));
#3713=DIRECTION('',(-1.,6.12323399573677E-17,0.));
#3714=DIRECTION('',(-1.,6.12323399573677E-17,0.));
#3715=DIRECTION('center_axis',(0.,0.,1.));
#3716=DIRECTION('ref_axis',(6.12323399573677E-17,1.,0.));
#3717=DIRECTION('center_axis',(0.,0.,1.));
#3718=DIRECTION('ref_axis',(6.12323399573677E-17,1.,0.));
#3719=DIRECTION('center_axis',(1.22464679914735E-16,1.,0.));
#3720=DIRECTION('ref_axis',(-1.,1.22464679914735E-16,0.));
#3721=DIRECTION('',(-1.,1.22464679914735E-16,0.));
#3722=DIRECTION('',(0.,0.,1.));
#3723=DIRECTION('',(-1.,1.22464679914735E-16,0.));
#3724=DIRECTION('',(0.,0.,1.));
#3725=DIRECTION('center_axis',(1.,-1.22464679914735E-16,0.));
#3726=DIRECTION('ref_axis',(1.22464679914735E-16,1.,0.));
#3727=DIRECTION('',(1.22464679914735E-16,1.,0.));
#3728=DIRECTION('',(1.22464679914735E-16,1.,0.));
#3729=DIRECTION('',(0.,0.,1.));
#3730=DIRECTION('center_axis',(0.55470019622479,0.832050294338136,0.));
#3731=DIRECTION('ref_axis',(-0.832050294338136,0.55470019622479,0.));
#3732=DIRECTION('',(-0.832050294338136,0.55470019622479,0.));
#3733=DIRECTION('',(-0.832050294338136,0.55470019622479,0.));
#3734=DIRECTION('',(0.,0.,1.));
#3735=DIRECTION('center_axis',(1.,-4.00020436071025E-16,0.));
#3736=DIRECTION('ref_axis',(4.00020436071025E-16,1.,0.));
#3737=DIRECTION('',(4.00020436071025E-16,1.,0.));
#3738=DIRECTION('',(4.00020436071025E-16,1.,0.));
#3739=DIRECTION('',(0.,0.,1.));
#3740=DIRECTION('center_axis',(0.,0.,1.));
#3741=DIRECTION('ref_axis',(5.10076676829452E-17,-1.,0.));
#3742=DIRECTION('center_axis',(0.,0.,1.));
#3743=DIRECTION('ref_axis',(5.10076676829452E-17,-1.,0.));
#3744=DIRECTION('center_axis',(0.,0.,1.));
#3745=DIRECTION('ref_axis',(5.10076676829452E-17,-1.,0.));
#3746=DIRECTION('',(0.,0.,1.));
#3747=DIRECTION('center_axis',(-1.22464679914735E-16,-1.,0.));
#3748=DIRECTION('ref_axis',(1.,-1.22464679914735E-16,0.));
#3749=DIRECTION('',(1.,-1.22464679914735E-16,0.));
#3750=DIRECTION('',(1.,-1.22464679914735E-16,0.));
#3751=DIRECTION('',(0.,0.,1.));
#3752=DIRECTION('center_axis',(0.,0.,1.));
#3753=DIRECTION('ref_axis',(-1.,1.22464679914735E-16,0.));
#3754=DIRECTION('center_axis',(0.,0.,1.));
#3755=DIRECTION('ref_axis',(-1.,1.22464679914735E-16,0.));
#3756=DIRECTION('center_axis',(0.,0.,1.));
#3757=DIRECTION('ref_axis',(-1.,1.22464679914735E-16,0.));
#3758=DIRECTION('',(0.,0.,1.));
#3759=DIRECTION('center_axis',(-1.,1.22464679914735E-16,0.));
#3760=DIRECTION('ref_axis',(-1.22464679914735E-16,-1.,0.));
#3761=DIRECTION('',(-1.22464679914735E-16,-1.,0.));
#3762=DIRECTION('',(-1.22464679914735E-16,-1.,0.));
#3763=DIRECTION('',(0.,0.,1.));
#3764=DIRECTION('center_axis',(-0.554700196227647,0.832050294336232,0.));
#3765=DIRECTION('ref_axis',(-0.832050294336232,-0.554700196227647,0.));
#3766=DIRECTION('',(-0.832050294336232,-0.554700196227647,0.));
#3767=DIRECTION('',(-0.832050294336232,-0.554700196227647,0.));
#3768=DIRECTION('',(0.,0.,1.));
#3769=DIRECTION('center_axis',(-1.,1.22464679914735E-16,0.));
#3770=DIRECTION('ref_axis',(-1.22464679914735E-16,-1.,0.));
#3771=DIRECTION('',(-1.22464679914735E-16,-1.,0.));
#3772=DIRECTION('',(-1.22464679914735E-16,-1.,0.));
#3773=DIRECTION('center_axis',(0.,0.,1.));
#3774=DIRECTION('ref_axis',(-1.,1.22464679914735E-16,0.));
#3775=DIRECTION('center_axis',(0.,0.,1.));
#3776=DIRECTION('ref_axis',(-1.,1.22464679914735E-16,0.));
#3777=DIRECTION('center_axis',(-1.,1.83697019872103E-16,0.));
#3778=DIRECTION('ref_axis',(-1.83697019872103E-16,-1.,0.));
#3779=DIRECTION('',(-1.83697019872103E-16,-1.,0.));
#3780=DIRECTION('',(0.,0.,1.));
#3781=DIRECTION('',(-1.83697019872103E-16,-1.,0.));
#3782=DIRECTION('',(0.,0.,1.));
#3783=DIRECTION('center_axis',(1.83697019872103E-16,1.,0.));
#3784=DIRECTION('ref_axis',(-1.,1.83697019872103E-16,0.));
#3785=DIRECTION('',(-1.,1.83697019872103E-16,0.));
#3786=DIRECTION('',(-1.,1.83697019872103E-16,0.));
#3787=DIRECTION('',(0.,0.,1.));
#3788=DIRECTION('center_axis',(-0.832050294338136,0.55470019622479,0.));
#3789=DIRECTION('ref_axis',(-0.55470019622479,-0.832050294338136,0.));
#3790=DIRECTION('',(-0.55470019622479,-0.832050294338136,0.));
#3791=DIRECTION('',(-0.55470019622479,-0.832050294338136,0.));
#3792=DIRECTION('',(0.,0.,1.));
#3793=DIRECTION('center_axis',(4.61252776028392E-16,1.,0.));
#3794=DIRECTION('ref_axis',(-1.,4.61252776028392E-16,0.));
#3795=DIRECTION('',(-1.,4.61252776028392E-16,0.));
#3796=DIRECTION('',(-1.,4.61252776028392E-16,0.));
#3797=DIRECTION('',(0.,0.,1.));
#3798=DIRECTION('center_axis',(0.,0.,1.));
#3799=DIRECTION('ref_axis',(1.,-1.02246722744224E-17,0.));
#3800=DIRECTION('center_axis',(0.,0.,1.));
#3801=DIRECTION('ref_axis',(1.,-1.02246722744224E-17,0.));
#3802=DIRECTION('center_axis',(0.,0.,1.));
#3803=DIRECTION('ref_axis',(1.,-1.02246722744224E-17,0.));
#3804=DIRECTION('',(0.,0.,1.));
#3805=DIRECTION('center_axis',(1.,-1.83697019872103E-16,0.));
#3806=DIRECTION('ref_axis',(1.83697019872103E-16,1.,0.));
#3807=DIRECTION('',(1.83697019872103E-16,1.,0.));
#3808=DIRECTION('',(1.83697019872103E-16,1.,0.));
#3809=DIRECTION('',(0.,0.,1.));
#3810=DIRECTION('center_axis',(0.,0.,1.));
#3811=DIRECTION('ref_axis',(-1.83697019872103E-16,-1.,0.));
#3812=DIRECTION('center_axis',(0.,0.,1.));
#3813=DIRECTION('ref_axis',(-1.83697019872103E-16,-1.,0.));
#3814=DIRECTION('center_axis',(0.,0.,1.));
#3815=DIRECTION('ref_axis',(-1.83697019872103E-16,-1.,0.));
#3816=DIRECTION('',(0.,0.,1.));
#3817=DIRECTION('center_axis',(-1.83697019872103E-16,-1.,0.));
#3818=DIRECTION('ref_axis',(1.,-1.83697019872103E-16,0.));
#3819=DIRECTION('',(1.,-1.83697019872103E-16,0.));
#3820=DIRECTION('',(1.,-1.83697019872103E-16,0.));
#3821=DIRECTION('',(0.,0.,1.));
#3822=DIRECTION('center_axis',(-0.832050294336232,-0.554700196227647,0.));
#3823=DIRECTION('ref_axis',(0.554700196227647,-0.832050294336232,0.));
#3824=DIRECTION('',(0.554700196227647,-0.832050294336232,0.));
#3825=DIRECTION('',(0.554700196227647,-0.832050294336232,0.));
#3826=DIRECTION('',(0.,0.,1.));
#3827=DIRECTION('center_axis',(-1.83697019872103E-16,-1.,0.));
#3828=DIRECTION('ref_axis',(1.,-1.83697019872103E-16,0.));
#3829=DIRECTION('',(1.,-1.83697019872103E-16,0.));
#3830=DIRECTION('',(1.,-1.83697019872103E-16,0.));
#3831=DIRECTION('center_axis',(0.,0.,1.));
#3832=DIRECTION('ref_axis',(-1.83697019872103E-16,-1.,0.));
#3833=DIRECTION('center_axis',(0.,0.,1.));
#3834=DIRECTION('ref_axis',(-1.83697019872103E-16,-1.,0.));
#3835=CARTESIAN_POINT('',(0.,0.,0.));
#3836=CARTESIAN_POINT('Origin',(0.,0.,0.6));
#3837=CARTESIAN_POINT('',(-1.5,-1.5,0.6));
#3838=CARTESIAN_POINT('',(-1.5,1.5,0.6));
#3839=CARTESIAN_POINT('',(-1.5,0.75,0.6));
#3840=CARTESIAN_POINT('',(1.5,-1.5,0.6));
#3841=CARTESIAN_POINT('',(-0.75,-1.5,0.6));
#3842=CARTESIAN_POINT('',(1.5,1.5,0.6));
#3843=CARTESIAN_POINT('',(1.5,-0.75,0.6));
#3844=CARTESIAN_POINT('',(0.75,1.5,0.6));
#3845=CARTESIAN_POINT('',(-1.375,1.25,0.6));
#3846=CARTESIAN_POINT('Origin',(-1.25,1.25,0.6));
#3847=CARTESIAN_POINT('Origin',(-1.5,-1.5,0.02));
#3848=CARTESIAN_POINT('',(-1.5,-1.5,0.02));
#3849=CARTESIAN_POINT('',(-1.5,-1.5,0.02));
#3850=CARTESIAN_POINT('',(1.5,-1.5,0.02));
#3851=CARTESIAN_POINT('',(-1.5,-1.5,0.02));
#3852=CARTESIAN_POINT('',(1.5,-1.5,0.02));
#3853=CARTESIAN_POINT('Origin',(-1.5,1.5,0.02));
#3854=CARTESIAN_POINT('',(-1.5,1.5,0.02));
#3855=CARTESIAN_POINT('',(-1.5,1.5,0.02));
#3856=CARTESIAN_POINT('',(-1.5,1.5,0.02));
#3857=CARTESIAN_POINT('Origin',(-1.25,1.25,0.62));
#3858=CARTESIAN_POINT('',(-1.375,1.25,0.54));
#3859=CARTESIAN_POINT('',(-1.375,1.25,0.62));
#3860=CARTESIAN_POINT('Origin',(-1.25,1.25,0.54));
#3861=CARTESIAN_POINT('Origin',(-1.25,1.25,0.54));
#3862=CARTESIAN_POINT('Origin',(1.5,1.5,0.02));
#3863=CARTESIAN_POINT('',(1.5,1.5,0.02));
#3864=CARTESIAN_POINT('',(1.5,1.5,0.02));
#3865=CARTESIAN_POINT('',(1.5,1.5,0.02));
#3866=CARTESIAN_POINT('Origin',(1.5,-1.5,0.02));
#3867=CARTESIAN_POINT('',(1.5,-1.5,0.02));
#3868=CARTESIAN_POINT('Origin',(0.,0.,0.02));
#3869=CARTESIAN_POINT('Origin',(-0.1,-1.505,0.));
#3870=CARTESIAN_POINT('',(-0.1,-1.505,0.));
#3871=CARTESIAN_POINT('',(0.1,-1.505,0.));
#3872=CARTESIAN_POINT('',(-0.1,-1.505,0.));
#3873=CARTESIAN_POINT('',(0.1,-1.505,0.152));
#3874=CARTESIAN_POINT('',(0.1,-1.505,0.));
#3875=CARTESIAN_POINT('',(-0.1,-1.505,0.152));
#3876=CARTESIAN_POINT('',(-0.1,-1.505,0.152));
#3877=CARTESIAN_POINT('',(-0.1,-1.505,0.));
#3878=CARTESIAN_POINT('Origin',(-0.1,-1.49999999999987,0.));
#3879=CARTESIAN_POINT('',(-0.1,-1.49999999999987,0.));
#3880=CARTESIAN_POINT('',(-0.1,-1.49999999999987,0.));
#3881=CARTESIAN_POINT('',(-0.1,-1.49999999999987,0.152));
#3882=CARTESIAN_POINT('',(-0.1,-1.49999999999987,0.152));
#3883=CARTESIAN_POINT('',(-0.1,-1.49999999999987,0.));
#3884=CARTESIAN_POINT('Origin',(-0.175000000000086,-1.44999999999987,0.));
#3885=CARTESIAN_POINT('',(-0.175000000000086,-1.44999999999987,0.));
#3886=CARTESIAN_POINT('',(-0.175000000000086,-1.44999999999987,0.));
#3887=CARTESIAN_POINT('',(-0.175000000000086,-1.44999999999987,0.152));
#3888=CARTESIAN_POINT('',(-0.175000000000086,-1.44999999999987,0.152));
#3889=CARTESIAN_POINT('',(-0.175000000000086,-1.44999999999987,0.));
#3890=CARTESIAN_POINT('Origin',(-0.175000000000086,-1.19999999999987,0.));
#3891=CARTESIAN_POINT('',(-0.175000000000086,-1.19999999999987,0.));
#3892=CARTESIAN_POINT('',(-0.175000000000086,-1.19999999999987,0.));
#3893=CARTESIAN_POINT('',(-0.175000000000086,-1.19999999999987,0.152));
#3894=CARTESIAN_POINT('',(-0.175000000000086,-1.19999999999987,0.152));
#3895=CARTESIAN_POINT('',(-0.175000000000086,-1.19999999999987,0.));
#3896=CARTESIAN_POINT('Origin',(-0.0750000000000857,-1.19999999999987,0.));
#3897=CARTESIAN_POINT('',(-0.0750000000000857,-1.09999999999987,0.));
#3898=CARTESIAN_POINT('Origin',(-0.0750000000000857,-1.19999999999987,0.));
#3899=CARTESIAN_POINT('',(-0.0750000000000857,-1.09999999999987,0.152));
#3900=CARTESIAN_POINT('Origin',(-0.0750000000000857,-1.19999999999987,0.152));
#3901=CARTESIAN_POINT('',(-0.0750000000000857,-1.09999999999987,0.));
#3902=CARTESIAN_POINT('Origin',(0.0749999999999141,-1.09999999999987,0.));
#3903=CARTESIAN_POINT('',(0.0749999999999141,-1.09999999999987,0.));
#3904=CARTESIAN_POINT('',(0.0749999999999141,-1.09999999999987,0.));
#3905=CARTESIAN_POINT('',(0.0749999999999141,-1.09999999999987,0.152));
#3906=CARTESIAN_POINT('',(0.0749999999999141,-1.09999999999987,0.152));
#3907=CARTESIAN_POINT('',(0.0749999999999141,-1.09999999999987,0.));
#3908=CARTESIAN_POINT('Origin',(0.0749999999999141,-1.19999999999987,0.));
#3909=CARTESIAN_POINT('',(0.174999999999914,-1.19999999999987,0.));
#3910=CARTESIAN_POINT('Origin',(0.0749999999999141,-1.19999999999987,0.));
#3911=CARTESIAN_POINT('',(0.174999999999914,-1.19999999999987,0.152));
#3912=CARTESIAN_POINT('Origin',(0.0749999999999141,-1.19999999999987,0.152));
#3913=CARTESIAN_POINT('',(0.174999999999914,-1.19999999999987,0.));
#3914=CARTESIAN_POINT('Origin',(0.174999999999914,-1.44999999999987,0.));
#3915=CARTESIAN_POINT('',(0.174999999999914,-1.44999999999987,0.));
#3916=CARTESIAN_POINT('',(0.174999999999914,-1.44999999999987,0.));
#3917=CARTESIAN_POINT('',(0.174999999999914,-1.44999999999987,0.152));
#3918=CARTESIAN_POINT('',(0.174999999999914,-1.44999999999987,0.152));
#3919=CARTESIAN_POINT('',(0.174999999999914,-1.44999999999987,0.));
#3920=CARTESIAN_POINT('Origin',(0.1,-1.50000000000013,0.));
#3921=CARTESIAN_POINT('',(0.1,-1.50000000000013,0.));
#3922=CARTESIAN_POINT('',(0.1,-1.50000000000013,0.));
#3923=CARTESIAN_POINT('',(0.1,-1.50000000000013,0.152));
#3924=CARTESIAN_POINT('',(0.1,-1.50000000000013,0.152));
#3925=CARTESIAN_POINT('',(0.1,-1.50000000000013,0.));
#3926=CARTESIAN_POINT('Origin',(0.1,-1.505,0.));
#3927=CARTESIAN_POINT('',(0.1,-1.505,0.));
#3928=CARTESIAN_POINT('',(0.1,-1.505,0.152));
#3929=CARTESIAN_POINT('Origin',(-8.58341175913324E-14,-1.30249999999994,
0.152));
#3930=CARTESIAN_POINT('Origin',(-8.58341175913324E-14,-1.30249999999994,
0.));
#3931=CARTESIAN_POINT('Origin',(0.825,0.825,0.));
#3932=CARTESIAN_POINT('',(0.825,0.825,0.));
#3933=CARTESIAN_POINT('',(-0.575,0.825,0.));
#3934=CARTESIAN_POINT('',(0.825,0.825,0.));
#3935=CARTESIAN_POINT('',(-0.575,0.825,0.152));
#3936=CARTESIAN_POINT('',(-0.575,0.825,0.));
#3937=CARTESIAN_POINT('',(0.825,0.825,0.152));
#3938=CARTESIAN_POINT('',(0.825,0.825,0.152));
#3939=CARTESIAN_POINT('',(0.825,0.825,0.));
#3940=CARTESIAN_POINT('Origin',(0.825,-0.825,0.));
#3941=CARTESIAN_POINT('',(0.825,-0.825,0.));
#3942=CARTESIAN_POINT('',(0.825,-0.825,0.));
#3943=CARTESIAN_POINT('',(0.825,-0.825,0.152));
#3944=CARTESIAN_POINT('',(0.825,-0.825,0.152));
#3945=CARTESIAN_POINT('',(0.825,-0.825,0.));
#3946=CARTESIAN_POINT('Origin',(-0.825,-0.825,0.));
#3947=CARTESIAN_POINT('',(-0.825,-0.825,0.));
#3948=CARTESIAN_POINT('',(-0.825,-0.825,0.));
#3949=CARTESIAN_POINT('',(-0.825,-0.825,0.152));
#3950=CARTESIAN_POINT('',(-0.825,-0.825,0.152));
#3951=CARTESIAN_POINT('',(-0.825,-0.825,0.));
#3952=CARTESIAN_POINT('Origin',(-0.825,0.575,0.));
#3953=CARTESIAN_POINT('',(-0.825,0.575,0.));
#3954=CARTESIAN_POINT('',(-0.825,0.825,0.));
#3955=CARTESIAN_POINT('',(-0.825,0.575,0.152));
#3956=CARTESIAN_POINT('',(-0.825,0.825,0.152));
#3957=CARTESIAN_POINT('',(-0.825,0.575,0.));
#3958=CARTESIAN_POINT('Origin',(-0.575,0.825,0.));
#3959=CARTESIAN_POINT('',(-0.575,0.825,0.));
#3960=CARTESIAN_POINT('',(-0.575,0.825,0.152));
#3961=CARTESIAN_POINT('Origin',(0.,0.,0.152));
#3962=CARTESIAN_POINT('Origin',(0.,0.,0.));
#3963=CARTESIAN_POINT('Origin',(-0.6,-1.505,0.));
#3964=CARTESIAN_POINT('',(-0.6,-1.505,0.));
#3965=CARTESIAN_POINT('',(-0.4,-1.505,0.));
#3966=CARTESIAN_POINT('',(-0.6,-1.505,0.));
#3967=CARTESIAN_POINT('',(-0.4,-1.505,0.152));
#3968=CARTESIAN_POINT('',(-0.4,-1.505,0.));
#3969=CARTESIAN_POINT('',(-0.6,-1.505,0.152));
#3970=CARTESIAN_POINT('',(-0.6,-1.505,0.152));
#3971=CARTESIAN_POINT('',(-0.6,-1.505,0.));
#3972=CARTESIAN_POINT('Origin',(-0.6,-1.49999999999987,0.));
#3973=CARTESIAN_POINT('',(-0.6,-1.49999999999987,0.));
#3974=CARTESIAN_POINT('',(-0.6,-1.49999999999987,0.));
#3975=CARTESIAN_POINT('',(-0.6,-1.49999999999987,0.152));
#3976=CARTESIAN_POINT('',(-0.6,-1.49999999999987,0.152));
#3977=CARTESIAN_POINT('',(-0.6,-1.49999999999987,0.));
#3978=CARTESIAN_POINT('Origin',(-0.675000000000086,-1.44999999999987,0.));
#3979=CARTESIAN_POINT('',(-0.675000000000086,-1.44999999999987,0.));
#3980=CARTESIAN_POINT('',(-0.675000000000086,-1.44999999999987,0.));
#3981=CARTESIAN_POINT('',(-0.675000000000086,-1.44999999999987,0.152));
#3982=CARTESIAN_POINT('',(-0.675000000000086,-1.44999999999987,0.152));
#3983=CARTESIAN_POINT('',(-0.675000000000086,-1.44999999999987,0.));
#3984=CARTESIAN_POINT('Origin',(-0.675000000000086,-1.19999999999987,0.));
#3985=CARTESIAN_POINT('',(-0.675000000000086,-1.19999999999987,0.));
#3986=CARTESIAN_POINT('',(-0.675000000000086,-1.19999999999987,0.));
#3987=CARTESIAN_POINT('',(-0.675000000000086,-1.19999999999987,0.152));
#3988=CARTESIAN_POINT('',(-0.675000000000086,-1.19999999999987,0.152));
#3989=CARTESIAN_POINT('',(-0.675000000000086,-1.19999999999987,0.));
#3990=CARTESIAN_POINT('Origin',(-0.575000000000086,-1.19999999999987,0.));
#3991=CARTESIAN_POINT('',(-0.575000000000086,-1.09999999999987,0.));
#3992=CARTESIAN_POINT('Origin',(-0.575000000000086,-1.19999999999987,0.));
#3993=CARTESIAN_POINT('',(-0.575000000000086,-1.09999999999987,0.152));
#3994=CARTESIAN_POINT('Origin',(-0.575000000000086,-1.19999999999987,0.152));
#3995=CARTESIAN_POINT('',(-0.575000000000086,-1.09999999999987,0.));
#3996=CARTESIAN_POINT('Origin',(-0.425000000000086,-1.09999999999987,0.));
#3997=CARTESIAN_POINT('',(-0.425000000000086,-1.09999999999987,0.));
#3998=CARTESIAN_POINT('',(-0.425000000000086,-1.09999999999987,0.));
#3999=CARTESIAN_POINT('',(-0.425000000000086,-1.09999999999987,0.152));
#4000=CARTESIAN_POINT('',(-0.425000000000086,-1.09999999999987,0.152));
#4001=CARTESIAN_POINT('',(-0.425000000000086,-1.09999999999987,0.));
#4002=CARTESIAN_POINT('Origin',(-0.425000000000086,-1.19999999999987,0.));
#4003=CARTESIAN_POINT('',(-0.325000000000086,-1.19999999999987,0.));
#4004=CARTESIAN_POINT('Origin',(-0.425000000000086,-1.19999999999987,0.));
#4005=CARTESIAN_POINT('',(-0.325000000000086,-1.19999999999987,0.152));
#4006=CARTESIAN_POINT('Origin',(-0.425000000000086,-1.19999999999987,0.152));
#4007=CARTESIAN_POINT('',(-0.325000000000086,-1.19999999999987,0.));
#4008=CARTESIAN_POINT('Origin',(-0.325000000000086,-1.44999999999987,0.));
#4009=CARTESIAN_POINT('',(-0.325000000000086,-1.44999999999987,0.));
#4010=CARTESIAN_POINT('',(-0.325000000000086,-1.44999999999987,0.));
#4011=CARTESIAN_POINT('',(-0.325000000000086,-1.44999999999987,0.152));
#4012=CARTESIAN_POINT('',(-0.325000000000086,-1.44999999999987,0.152));
#4013=CARTESIAN_POINT('',(-0.325000000000086,-1.44999999999987,0.));
#4014=CARTESIAN_POINT('Origin',(-0.4,-1.50000000000013,0.));
#4015=CARTESIAN_POINT('',(-0.4,-1.50000000000013,0.));
#4016=CARTESIAN_POINT('',(-0.4,-1.50000000000013,0.));
#4017=CARTESIAN_POINT('',(-0.4,-1.50000000000013,0.152));
#4018=CARTESIAN_POINT('',(-0.4,-1.50000000000013,0.152));
#4019=CARTESIAN_POINT('',(-0.4,-1.50000000000013,0.));
#4020=CARTESIAN_POINT('Origin',(-0.4,-1.505,0.));
#4021=CARTESIAN_POINT('',(-0.4,-1.505,0.));
#4022=CARTESIAN_POINT('',(-0.4,-1.505,0.152));
#4023=CARTESIAN_POINT('Origin',(-0.500000000000086,-1.30249999999994,0.152));
#4024=CARTESIAN_POINT('Origin',(-0.500000000000086,-1.30249999999994,0.));
#4025=CARTESIAN_POINT('Origin',(0.4,-1.505,0.));
#4026=CARTESIAN_POINT('',(0.4,-1.505,0.));
#4027=CARTESIAN_POINT('',(0.6,-1.505,0.));
#4028=CARTESIAN_POINT('',(0.4,-1.505,0.));
#4029=CARTESIAN_POINT('',(0.6,-1.505,0.152));
#4030=CARTESIAN_POINT('',(0.6,-1.505,0.));
#4031=CARTESIAN_POINT('',(0.4,-1.505,0.152));
#4032=CARTESIAN_POINT('',(0.4,-1.505,0.152));
#4033=CARTESIAN_POINT('',(0.4,-1.505,0.));
#4034=CARTESIAN_POINT('Origin',(0.4,-1.49999999999987,0.));
#4035=CARTESIAN_POINT('',(0.4,-1.49999999999987,0.));
#4036=CARTESIAN_POINT('',(0.4,-1.49999999999987,0.));
#4037=CARTESIAN_POINT('',(0.4,-1.49999999999987,0.152));
#4038=CARTESIAN_POINT('',(0.4,-1.49999999999987,0.152));
#4039=CARTESIAN_POINT('',(0.4,-1.49999999999987,0.));
#4040=CARTESIAN_POINT('Origin',(0.324999999999914,-1.44999999999987,0.));
#4041=CARTESIAN_POINT('',(0.324999999999914,-1.44999999999987,0.));
#4042=CARTESIAN_POINT('',(0.324999999999914,-1.44999999999987,0.));
#4043=CARTESIAN_POINT('',(0.324999999999914,-1.44999999999987,0.152));
#4044=CARTESIAN_POINT('',(0.324999999999914,-1.44999999999987,0.152));
#4045=CARTESIAN_POINT('',(0.324999999999914,-1.44999999999987,0.));
#4046=CARTESIAN_POINT('Origin',(0.324999999999914,-1.19999999999987,0.));
#4047=CARTESIAN_POINT('',(0.324999999999914,-1.19999999999987,0.));
#4048=CARTESIAN_POINT('',(0.324999999999914,-1.19999999999987,0.));
#4049=CARTESIAN_POINT('',(0.324999999999914,-1.19999999999987,0.152));
#4050=CARTESIAN_POINT('',(0.324999999999914,-1.19999999999987,0.152));
#4051=CARTESIAN_POINT('',(0.324999999999914,-1.19999999999987,0.));
#4052=CARTESIAN_POINT('Origin',(0.424999999999914,-1.19999999999987,0.));
#4053=CARTESIAN_POINT('',(0.424999999999914,-1.09999999999987,0.));
#4054=CARTESIAN_POINT('Origin',(0.424999999999914,-1.19999999999987,0.));
#4055=CARTESIAN_POINT('',(0.424999999999914,-1.09999999999987,0.152));
#4056=CARTESIAN_POINT('Origin',(0.424999999999914,-1.19999999999987,0.152));
#4057=CARTESIAN_POINT('',(0.424999999999914,-1.09999999999987,0.));
#4058=CARTESIAN_POINT('Origin',(0.574999999999914,-1.09999999999987,0.));
#4059=CARTESIAN_POINT('',(0.574999999999914,-1.09999999999987,0.));
#4060=CARTESIAN_POINT('',(0.574999999999914,-1.09999999999987,0.));
#4061=CARTESIAN_POINT('',(0.574999999999914,-1.09999999999987,0.152));
#4062=CARTESIAN_POINT('',(0.574999999999914,-1.09999999999987,0.152));
#4063=CARTESIAN_POINT('',(0.574999999999914,-1.09999999999987,0.));
#4064=CARTESIAN_POINT('Origin',(0.574999999999914,-1.19999999999987,0.));
#4065=CARTESIAN_POINT('',(0.674999999999914,-1.19999999999987,0.));
#4066=CARTESIAN_POINT('Origin',(0.574999999999914,-1.19999999999987,0.));
#4067=CARTESIAN_POINT('',(0.674999999999914,-1.19999999999987,0.152));
#4068=CARTESIAN_POINT('Origin',(0.574999999999914,-1.19999999999987,0.152));
#4069=CARTESIAN_POINT('',(0.674999999999914,-1.19999999999987,0.));
#4070=CARTESIAN_POINT('Origin',(0.674999999999914,-1.44999999999987,0.));
#4071=CARTESIAN_POINT('',(0.674999999999914,-1.44999999999987,0.));
#4072=CARTESIAN_POINT('',(0.674999999999914,-1.44999999999987,0.));
#4073=CARTESIAN_POINT('',(0.674999999999914,-1.44999999999987,0.152));
#4074=CARTESIAN_POINT('',(0.674999999999914,-1.44999999999987,0.152));
#4075=CARTESIAN_POINT('',(0.674999999999914,-1.44999999999987,0.));
#4076=CARTESIAN_POINT('Origin',(0.6,-1.50000000000013,0.));
#4077=CARTESIAN_POINT('',(0.6,-1.50000000000013,0.));
#4078=CARTESIAN_POINT('',(0.6,-1.50000000000013,0.));
#4079=CARTESIAN_POINT('',(0.6,-1.50000000000013,0.152));
#4080=CARTESIAN_POINT('',(0.6,-1.50000000000013,0.152));
#4081=CARTESIAN_POINT('',(0.6,-1.50000000000013,0.));
#4082=CARTESIAN_POINT('Origin',(0.6,-1.505,0.));
#4083=CARTESIAN_POINT('',(0.6,-1.505,0.));
#4084=CARTESIAN_POINT('',(0.6,-1.505,0.152));
#4085=CARTESIAN_POINT('Origin',(0.499999999999914,-1.30249999999994,0.152));
#4086=CARTESIAN_POINT('Origin',(0.499999999999914,-1.30249999999994,0.));
#4087=CARTESIAN_POINT('Origin',(1.505,-0.1,0.));
#4088=CARTESIAN_POINT('',(1.505,-0.1,0.));
#4089=CARTESIAN_POINT('',(1.505,0.0999999999999999,0.));
#4090=CARTESIAN_POINT('',(1.505,-0.1,0.));
#4091=CARTESIAN_POINT('',(1.505,0.0999999999999999,0.152));
#4092=CARTESIAN_POINT('',(1.505,0.0999999999999999,0.));
#4093=CARTESIAN_POINT('',(1.505,-0.1,0.152));
#4094=CARTESIAN_POINT('',(1.505,-0.1,0.152));
#4095=CARTESIAN_POINT('',(1.505,-0.1,0.));
#4096=CARTESIAN_POINT('Origin',(1.49999999999987,-0.1,0.));
#4097=CARTESIAN_POINT('',(1.49999999999987,-0.1,0.));
#4098=CARTESIAN_POINT('',(1.49999999999987,-0.1,0.));
#4099=CARTESIAN_POINT('',(1.49999999999987,-0.1,0.152));
#4100=CARTESIAN_POINT('',(1.49999999999987,-0.1,0.152));
#4101=CARTESIAN_POINT('',(1.49999999999987,-0.1,0.));
#4102=CARTESIAN_POINT('Origin',(1.44999999999987,-0.175000000000086,0.));
#4103=CARTESIAN_POINT('',(1.44999999999987,-0.175000000000086,0.));
#4104=CARTESIAN_POINT('',(1.44999999999987,-0.175000000000086,0.));
#4105=CARTESIAN_POINT('',(1.44999999999987,-0.175000000000086,0.152));
#4106=CARTESIAN_POINT('',(1.44999999999987,-0.175000000000086,0.152));
#4107=CARTESIAN_POINT('',(1.44999999999987,-0.175000000000086,0.));
#4108=CARTESIAN_POINT('Origin',(1.19999999999987,-0.175000000000086,0.));
#4109=CARTESIAN_POINT('',(1.19999999999987,-0.175000000000086,0.));
#4110=CARTESIAN_POINT('',(1.19999999999987,-0.175000000000086,0.));
#4111=CARTESIAN_POINT('',(1.19999999999987,-0.175000000000086,0.152));
#4112=CARTESIAN_POINT('',(1.19999999999987,-0.175000000000086,0.152));
#4113=CARTESIAN_POINT('',(1.19999999999987,-0.175000000000086,0.));
#4114=CARTESIAN_POINT('Origin',(1.19999999999987,-0.0750000000000857,0.));
#4115=CARTESIAN_POINT('',(1.09999999999987,-0.0750000000000858,0.));
#4116=CARTESIAN_POINT('Origin',(1.19999999999987,-0.0750000000000857,0.));
#4117=CARTESIAN_POINT('',(1.09999999999987,-0.0750000000000858,0.152));
#4118=CARTESIAN_POINT('Origin',(1.19999999999987,-0.0750000000000857,0.152));
#4119=CARTESIAN_POINT('',(1.09999999999987,-0.0750000000000858,0.));
#4120=CARTESIAN_POINT('Origin',(1.09999999999987,0.074999999999914,0.));
#4121=CARTESIAN_POINT('',(1.09999999999987,0.074999999999914,0.));
#4122=CARTESIAN_POINT('',(1.09999999999987,0.074999999999914,0.));
#4123=CARTESIAN_POINT('',(1.09999999999987,0.074999999999914,0.152));
#4124=CARTESIAN_POINT('',(1.09999999999987,0.074999999999914,0.152));
#4125=CARTESIAN_POINT('',(1.09999999999987,0.074999999999914,0.));
#4126=CARTESIAN_POINT('Origin',(1.19999999999987,0.074999999999914,0.));
#4127=CARTESIAN_POINT('',(1.19999999999987,0.174999999999914,0.));
#4128=CARTESIAN_POINT('Origin',(1.19999999999987,0.074999999999914,0.));
#4129=CARTESIAN_POINT('',(1.19999999999987,0.174999999999914,0.152));
#4130=CARTESIAN_POINT('Origin',(1.19999999999987,0.074999999999914,0.152));
#4131=CARTESIAN_POINT('',(1.19999999999987,0.174999999999914,0.));
#4132=CARTESIAN_POINT('Origin',(1.44999999999987,0.174999999999914,0.));
#4133=CARTESIAN_POINT('',(1.44999999999987,0.174999999999914,0.));
#4134=CARTESIAN_POINT('',(1.44999999999987,0.174999999999914,0.));
#4135=CARTESIAN_POINT('',(1.44999999999987,0.174999999999914,0.152));
#4136=CARTESIAN_POINT('',(1.44999999999987,0.174999999999914,0.152));
#4137=CARTESIAN_POINT('',(1.44999999999987,0.174999999999914,0.));
#4138=CARTESIAN_POINT('Origin',(1.50000000000013,0.0999999999999999,0.));
#4139=CARTESIAN_POINT('',(1.50000000000013,0.0999999999999999,0.));
#4140=CARTESIAN_POINT('',(1.50000000000013,0.0999999999999999,0.));
#4141=CARTESIAN_POINT('',(1.50000000000013,0.0999999999999999,0.152));
#4142=CARTESIAN_POINT('',(1.50000000000013,0.0999999999999999,0.152));
#4143=CARTESIAN_POINT('',(1.50000000000013,0.0999999999999999,0.));
#4144=CARTESIAN_POINT('Origin',(1.505,0.0999999999999999,0.));
#4145=CARTESIAN_POINT('',(1.505,0.0999999999999999,0.));
#4146=CARTESIAN_POINT('',(1.505,0.0999999999999999,0.152));
#4147=CARTESIAN_POINT('Origin',(1.30249999999994,-8.59138727141269E-14,
0.152));
#4148=CARTESIAN_POINT('Origin',(1.30249999999994,-8.59138727141269E-14,
0.));
#4149=CARTESIAN_POINT('Origin',(0.1,1.505,0.));
#4150=CARTESIAN_POINT('',(0.1,1.505,0.));
#4151=CARTESIAN_POINT('',(-0.0999999999999998,1.505,0.));
#4152=CARTESIAN_POINT('',(0.1,1.505,0.));
#4153=CARTESIAN_POINT('',(-0.0999999999999998,1.505,0.152));
#4154=CARTESIAN_POINT('',(-0.0999999999999998,1.505,0.));
#4155=CARTESIAN_POINT('',(0.1,1.505,0.152));
#4156=CARTESIAN_POINT('',(0.1,1.505,0.152));
#4157=CARTESIAN_POINT('',(0.1,1.505,0.));
#4158=CARTESIAN_POINT('Origin',(0.1,1.49999999999987,0.));
#4159=CARTESIAN_POINT('',(0.1,1.49999999999987,0.));
#4160=CARTESIAN_POINT('',(0.1,1.49999999999987,0.));
#4161=CARTESIAN_POINT('',(0.1,1.49999999999987,0.152));
#4162=CARTESIAN_POINT('',(0.1,1.49999999999987,0.152));
#4163=CARTESIAN_POINT('',(0.1,1.49999999999987,0.));
#4164=CARTESIAN_POINT('Origin',(0.175000000000086,1.44999999999987,0.));
#4165=CARTESIAN_POINT('',(0.175000000000086,1.44999999999987,0.));
#4166=CARTESIAN_POINT('',(0.175000000000086,1.44999999999987,0.));
#4167=CARTESIAN_POINT('',(0.175000000000086,1.44999999999987,0.152));
#4168=CARTESIAN_POINT('',(0.175000000000086,1.44999999999987,0.152));
#4169=CARTESIAN_POINT('',(0.175000000000086,1.44999999999987,0.));
#4170=CARTESIAN_POINT('Origin',(0.175000000000086,1.19999999999987,0.));
#4171=CARTESIAN_POINT('',(0.175000000000086,1.19999999999987,0.));
#4172=CARTESIAN_POINT('',(0.175000000000086,1.19999999999987,0.));
#4173=CARTESIAN_POINT('',(0.175000000000086,1.19999999999987,0.152));
#4174=CARTESIAN_POINT('',(0.175000000000086,1.19999999999987,0.152));
#4175=CARTESIAN_POINT('',(0.175000000000086,1.19999999999987,0.));
#4176=CARTESIAN_POINT('Origin',(0.0750000000000858,1.19999999999987,0.));
#4177=CARTESIAN_POINT('',(0.0750000000000858,1.09999999999987,0.));
#4178=CARTESIAN_POINT('Origin',(0.0750000000000858,1.19999999999987,0.));
#4179=CARTESIAN_POINT('',(0.0750000000000858,1.09999999999987,0.152));
#4180=CARTESIAN_POINT('Origin',(0.0750000000000858,1.19999999999987,0.152));
#4181=CARTESIAN_POINT('',(0.0750000000000858,1.09999999999987,0.));
#4182=CARTESIAN_POINT('Origin',(-0.0749999999999139,1.09999999999987,0.));
#4183=CARTESIAN_POINT('',(-0.0749999999999139,1.09999999999987,0.));
#4184=CARTESIAN_POINT('',(-0.0749999999999139,1.09999999999987,0.));
#4185=CARTESIAN_POINT('',(-0.0749999999999139,1.09999999999987,0.152));
#4186=CARTESIAN_POINT('',(-0.0749999999999139,1.09999999999987,0.152));
#4187=CARTESIAN_POINT('',(-0.0749999999999139,1.09999999999987,0.));
#4188=CARTESIAN_POINT('Origin',(-0.0749999999999139,1.19999999999987,0.));
#4189=CARTESIAN_POINT('',(-0.174999999999914,1.19999999999987,0.));
#4190=CARTESIAN_POINT('Origin',(-0.0749999999999139,1.19999999999987,0.));
#4191=CARTESIAN_POINT('',(-0.174999999999914,1.19999999999987,0.152));
#4192=CARTESIAN_POINT('Origin',(-0.0749999999999139,1.19999999999987,0.152));
#4193=CARTESIAN_POINT('',(-0.174999999999914,1.19999999999987,0.));
#4194=CARTESIAN_POINT('Origin',(-0.174999999999914,1.44999999999987,0.));
#4195=CARTESIAN_POINT('',(-0.174999999999914,1.44999999999987,0.));
#4196=CARTESIAN_POINT('',(-0.174999999999914,1.44999999999987,0.));
#4197=CARTESIAN_POINT('',(-0.174999999999914,1.44999999999987,0.152));
#4198=CARTESIAN_POINT('',(-0.174999999999914,1.44999999999987,0.152));
#4199=CARTESIAN_POINT('',(-0.174999999999914,1.44999999999987,0.));
#4200=CARTESIAN_POINT('Origin',(-0.0999999999999998,1.50000000000013,0.));
#4201=CARTESIAN_POINT('',(-0.0999999999999998,1.50000000000013,0.));
#4202=CARTESIAN_POINT('',(-0.0999999999999998,1.50000000000013,0.));
#4203=CARTESIAN_POINT('',(-0.0999999999999998,1.50000000000013,0.152));
#4204=CARTESIAN_POINT('',(-0.0999999999999998,1.50000000000013,0.152));
#4205=CARTESIAN_POINT('',(-0.0999999999999998,1.50000000000013,0.));
#4206=CARTESIAN_POINT('Origin',(-0.0999999999999998,1.505,0.));
#4207=CARTESIAN_POINT('',(-0.0999999999999998,1.505,0.));
#4208=CARTESIAN_POINT('',(-0.0999999999999998,1.505,0.152));
#4209=CARTESIAN_POINT('Origin',(8.59936278369213E-14,1.30249999999994,0.152));
#4210=CARTESIAN_POINT('Origin',(8.59936278369213E-14,1.30249999999994,0.));
#4211=CARTESIAN_POINT('Origin',(-1.505,0.1,0.));
#4212=CARTESIAN_POINT('',(-1.505,0.1,0.));
#4213=CARTESIAN_POINT('',(-1.505,-0.0999999999999997,0.));
#4214=CARTESIAN_POINT('',(-1.505,0.1,0.));
#4215=CARTESIAN_POINT('',(-1.505,-0.0999999999999997,0.152));
#4216=CARTESIAN_POINT('',(-1.505,-0.0999999999999997,0.));
#4217=CARTESIAN_POINT('',(-1.505,0.1,0.152));
#4218=CARTESIAN_POINT('',(-1.505,0.1,0.152));
#4219=CARTESIAN_POINT('',(-1.505,0.1,0.));
#4220=CARTESIAN_POINT('Origin',(-1.49999999999987,0.1,0.));
#4221=CARTESIAN_POINT('',(-1.49999999999987,0.1,0.));
#4222=CARTESIAN_POINT('',(-1.49999999999987,0.1,0.));
#4223=CARTESIAN_POINT('',(-1.49999999999987,0.1,0.152));
#4224=CARTESIAN_POINT('',(-1.49999999999987,0.1,0.152));
#4225=CARTESIAN_POINT('',(-1.49999999999987,0.1,0.));
#4226=CARTESIAN_POINT('Origin',(-1.44999999999987,0.175000000000086,0.));
#4227=CARTESIAN_POINT('',(-1.44999999999987,0.175000000000086,0.));
#4228=CARTESIAN_POINT('',(-1.44999999999987,0.175000000000086,0.));
#4229=CARTESIAN_POINT('',(-1.44999999999987,0.175000000000086,0.152));
#4230=CARTESIAN_POINT('',(-1.44999999999987,0.175000000000086,0.152));
#4231=CARTESIAN_POINT('',(-1.44999999999987,0.175000000000086,0.));
#4232=CARTESIAN_POINT('Origin',(-1.19999999999987,0.175000000000086,0.));
#4233=CARTESIAN_POINT('',(-1.19999999999987,0.175000000000086,0.));
#4234=CARTESIAN_POINT('',(-1.19999999999987,0.175000000000086,0.));
#4235=CARTESIAN_POINT('',(-1.19999999999987,0.175000000000086,0.152));
#4236=CARTESIAN_POINT('',(-1.19999999999987,0.175000000000086,0.152));
#4237=CARTESIAN_POINT('',(-1.19999999999987,0.175000000000086,0.));
#4238=CARTESIAN_POINT('Origin',(-1.19999999999987,0.0750000000000859,0.));
#4239=CARTESIAN_POINT('',(-1.09999999999987,0.0750000000000859,0.));
#4240=CARTESIAN_POINT('Origin',(-1.19999999999987,0.0750000000000859,0.));
#4241=CARTESIAN_POINT('',(-1.09999999999987,0.0750000000000859,0.152));
#4242=CARTESIAN_POINT('Origin',(-1.19999999999987,0.0750000000000859,0.152));
#4243=CARTESIAN_POINT('',(-1.09999999999987,0.0750000000000859,0.));
#4244=CARTESIAN_POINT('Origin',(-1.09999999999987,-0.0749999999999139,0.));
#4245=CARTESIAN_POINT('',(-1.09999999999987,-0.0749999999999139,0.));
#4246=CARTESIAN_POINT('',(-1.09999999999987,-0.0749999999999139,0.));
#4247=CARTESIAN_POINT('',(-1.09999999999987,-0.0749999999999139,0.152));
#4248=CARTESIAN_POINT('',(-1.09999999999987,-0.0749999999999139,0.152));
#4249=CARTESIAN_POINT('',(-1.09999999999987,-0.0749999999999139,0.));
#4250=CARTESIAN_POINT('Origin',(-1.19999999999987,-0.0749999999999139,0.));
#4251=CARTESIAN_POINT('',(-1.19999999999987,-0.174999999999914,0.));
#4252=CARTESIAN_POINT('Origin',(-1.19999999999987,-0.0749999999999139,0.));
#4253=CARTESIAN_POINT('',(-1.19999999999987,-0.174999999999914,0.152));
#4254=CARTESIAN_POINT('Origin',(-1.19999999999987,-0.0749999999999139,0.152));
#4255=CARTESIAN_POINT('',(-1.19999999999987,-0.174999999999914,0.));
#4256=CARTESIAN_POINT('Origin',(-1.44999999999987,-0.174999999999914,0.));
#4257=CARTESIAN_POINT('',(-1.44999999999987,-0.174999999999914,0.));
#4258=CARTESIAN_POINT('',(-1.44999999999987,-0.174999999999914,0.));
#4259=CARTESIAN_POINT('',(-1.44999999999987,-0.174999999999914,0.152));
#4260=CARTESIAN_POINT('',(-1.44999999999987,-0.174999999999914,0.152));
#4261=CARTESIAN_POINT('',(-1.44999999999987,-0.174999999999914,0.));
#4262=CARTESIAN_POINT('Origin',(-1.50000000000013,-0.0999999999999997,0.));
#4263=CARTESIAN_POINT('',(-1.50000000000013,-0.0999999999999997,0.));
#4264=CARTESIAN_POINT('',(-1.50000000000013,-0.0999999999999997,0.));
#4265=CARTESIAN_POINT('',(-1.50000000000013,-0.0999999999999997,0.152));
#4266=CARTESIAN_POINT('',(-1.50000000000013,-0.0999999999999997,0.152));
#4267=CARTESIAN_POINT('',(-1.50000000000013,-0.0999999999999997,0.));
#4268=CARTESIAN_POINT('Origin',(-1.505,-0.0999999999999997,0.));
#4269=CARTESIAN_POINT('',(-1.505,-0.0999999999999997,0.));
#4270=CARTESIAN_POINT('',(-1.505,-0.0999999999999997,0.152));
#4271=CARTESIAN_POINT('Origin',(-1.30249999999994,8.60733829597158E-14,
0.152));
#4272=CARTESIAN_POINT('Origin',(-1.30249999999994,8.60733829597158E-14,
0.));
#4273=CARTESIAN_POINT('Origin',(1.505,-0.6,0.));
#4274=CARTESIAN_POINT('',(1.505,-0.6,0.));
#4275=CARTESIAN_POINT('',(1.505,-0.4,0.));
#4276=CARTESIAN_POINT('',(1.505,-0.6,0.));
#4277=CARTESIAN_POINT('',(1.505,-0.4,0.152));
#4278=CARTESIAN_POINT('',(1.505,-0.4,0.));
#4279=CARTESIAN_POINT('',(1.505,-0.6,0.152));
#4280=CARTESIAN_POINT('',(1.505,-0.6,0.152));
#4281=CARTESIAN_POINT('',(1.505,-0.6,0.));
#4282=CARTESIAN_POINT('Origin',(1.49999999999987,-0.6,0.));
#4283=CARTESIAN_POINT('',(1.49999999999987,-0.6,0.));
#4284=CARTESIAN_POINT('',(1.49999999999987,-0.6,0.));
#4285=CARTESIAN_POINT('',(1.49999999999987,-0.6,0.152));
#4286=CARTESIAN_POINT('',(1.49999999999987,-0.6,0.152));
#4287=CARTESIAN_POINT('',(1.49999999999987,-0.6,0.));
#4288=CARTESIAN_POINT('Origin',(1.44999999999987,-0.675000000000086,0.));
#4289=CARTESIAN_POINT('',(1.44999999999987,-0.675000000000086,0.));
#4290=CARTESIAN_POINT('',(1.44999999999987,-0.675000000000086,0.));
#4291=CARTESIAN_POINT('',(1.44999999999987,-0.675000000000086,0.152));
#4292=CARTESIAN_POINT('',(1.44999999999987,-0.675000000000086,0.152));
#4293=CARTESIAN_POINT('',(1.44999999999987,-0.675000000000086,0.));
#4294=CARTESIAN_POINT('Origin',(1.19999999999987,-0.675000000000086,0.));
#4295=CARTESIAN_POINT('',(1.19999999999987,-0.675000000000086,0.));
#4296=CARTESIAN_POINT('',(1.19999999999987,-0.675000000000086,0.));
#4297=CARTESIAN_POINT('',(1.19999999999987,-0.675000000000086,0.152));
#4298=CARTESIAN_POINT('',(1.19999999999987,-0.675000000000086,0.152));
#4299=CARTESIAN_POINT('',(1.19999999999987,-0.675000000000086,0.));
#4300=CARTESIAN_POINT('Origin',(1.19999999999987,-0.575000000000086,0.));
#4301=CARTESIAN_POINT('',(1.09999999999987,-0.575000000000086,0.));
#4302=CARTESIAN_POINT('Origin',(1.19999999999987,-0.575000000000086,0.));
#4303=CARTESIAN_POINT('',(1.09999999999987,-0.575000000000086,0.152));
#4304=CARTESIAN_POINT('Origin',(1.19999999999987,-0.575000000000086,0.152));
#4305=CARTESIAN_POINT('',(1.09999999999987,-0.575000000000086,0.));
#4306=CARTESIAN_POINT('Origin',(1.09999999999987,-0.425000000000086,0.));
#4307=CARTESIAN_POINT('',(1.09999999999987,-0.425000000000086,0.));
#4308=CARTESIAN_POINT('',(1.09999999999987,-0.425000000000086,0.));
#4309=CARTESIAN_POINT('',(1.09999999999987,-0.425000000000086,0.152));
#4310=CARTESIAN_POINT('',(1.09999999999987,-0.425000000000086,0.152));
#4311=CARTESIAN_POINT('',(1.09999999999987,-0.425000000000086,0.));
#4312=CARTESIAN_POINT('Origin',(1.19999999999987,-0.425000000000086,0.));
#4313=CARTESIAN_POINT('',(1.19999999999987,-0.325000000000086,0.));
#4314=CARTESIAN_POINT('Origin',(1.19999999999987,-0.425000000000086,0.));
#4315=CARTESIAN_POINT('',(1.19999999999987,-0.325000000000086,0.152));
#4316=CARTESIAN_POINT('Origin',(1.19999999999987,-0.425000000000086,0.152));
#4317=CARTESIAN_POINT('',(1.19999999999987,-0.325000000000086,0.));
#4318=CARTESIAN_POINT('Origin',(1.44999999999987,-0.325000000000086,0.));
#4319=CARTESIAN_POINT('',(1.44999999999987,-0.325000000000086,0.));
#4320=CARTESIAN_POINT('',(1.44999999999987,-0.325000000000086,0.));
#4321=CARTESIAN_POINT('',(1.44999999999987,-0.325000000000086,0.152));
#4322=CARTESIAN_POINT('',(1.44999999999987,-0.325000000000086,0.152));
#4323=CARTESIAN_POINT('',(1.44999999999987,-0.325000000000086,0.));
#4324=CARTESIAN_POINT('Origin',(1.50000000000013,-0.4,0.));
#4325=CARTESIAN_POINT('',(1.50000000000013,-0.4,0.));
#4326=CARTESIAN_POINT('',(1.50000000000013,-0.4,0.));
#4327=CARTESIAN_POINT('',(1.50000000000013,-0.4,0.152));
#4328=CARTESIAN_POINT('',(1.50000000000013,-0.4,0.152));
#4329=CARTESIAN_POINT('',(1.50000000000013,-0.4,0.));
#4330=CARTESIAN_POINT('Origin',(1.505,-0.4,0.));
#4331=CARTESIAN_POINT('',(1.505,-0.4,0.));
#4332=CARTESIAN_POINT('',(1.505,-0.4,0.152));
#4333=CARTESIAN_POINT('Origin',(1.30249999999994,-0.500000000000086,0.152));
#4334=CARTESIAN_POINT('Origin',(1.30249999999994,-0.500000000000086,0.));
#4335=CARTESIAN_POINT('Origin',(0.6,1.505,0.));
#4336=CARTESIAN_POINT('',(0.6,1.505,0.));
#4337=CARTESIAN_POINT('',(0.4,1.505,0.));
#4338=CARTESIAN_POINT('',(0.6,1.505,0.));
#4339=CARTESIAN_POINT('',(0.4,1.505,0.152));
#4340=CARTESIAN_POINT('',(0.4,1.505,0.));
#4341=CARTESIAN_POINT('',(0.6,1.505,0.152));
#4342=CARTESIAN_POINT('',(0.6,1.505,0.152));
#4343=CARTESIAN_POINT('',(0.6,1.505,0.));
#4344=CARTESIAN_POINT('Origin',(0.6,1.49999999999987,0.));
#4345=CARTESIAN_POINT('',(0.6,1.49999999999987,0.));
#4346=CARTESIAN_POINT('',(0.6,1.49999999999987,0.));
#4347=CARTESIAN_POINT('',(0.6,1.49999999999987,0.152));
#4348=CARTESIAN_POINT('',(0.6,1.49999999999987,0.152));
#4349=CARTESIAN_POINT('',(0.6,1.49999999999987,0.));
#4350=CARTESIAN_POINT('Origin',(0.675000000000086,1.44999999999987,0.));
#4351=CARTESIAN_POINT('',(0.675000000000086,1.44999999999987,0.));
#4352=CARTESIAN_POINT('',(0.675000000000086,1.44999999999987,0.));
#4353=CARTESIAN_POINT('',(0.675000000000086,1.44999999999987,0.152));
#4354=CARTESIAN_POINT('',(0.675000000000086,1.44999999999987,0.152));
#4355=CARTESIAN_POINT('',(0.675000000000086,1.44999999999987,0.));
#4356=CARTESIAN_POINT('Origin',(0.675000000000086,1.19999999999987,0.));
#4357=CARTESIAN_POINT('',(0.675000000000086,1.19999999999987,0.));
#4358=CARTESIAN_POINT('',(0.675000000000086,1.19999999999987,0.));
#4359=CARTESIAN_POINT('',(0.675000000000086,1.19999999999987,0.152));
#4360=CARTESIAN_POINT('',(0.675000000000086,1.19999999999987,0.152));
#4361=CARTESIAN_POINT('',(0.675000000000086,1.19999999999987,0.));
#4362=CARTESIAN_POINT('Origin',(0.575000000000086,1.19999999999987,0.));
#4363=CARTESIAN_POINT('',(0.575000000000086,1.09999999999987,0.));
#4364=CARTESIAN_POINT('Origin',(0.575000000000086,1.19999999999987,0.));
#4365=CARTESIAN_POINT('',(0.575000000000086,1.09999999999987,0.152));
#4366=CARTESIAN_POINT('Origin',(0.575000000000086,1.19999999999987,0.152));
#4367=CARTESIAN_POINT('',(0.575000000000086,1.09999999999987,0.));
#4368=CARTESIAN_POINT('Origin',(0.425000000000086,1.09999999999987,0.));
#4369=CARTESIAN_POINT('',(0.425000000000086,1.09999999999987,0.));
#4370=CARTESIAN_POINT('',(0.425000000000086,1.09999999999987,0.));
#4371=CARTESIAN_POINT('',(0.425000000000086,1.09999999999987,0.152));
#4372=CARTESIAN_POINT('',(0.425000000000086,1.09999999999987,0.152));
#4373=CARTESIAN_POINT('',(0.425000000000086,1.09999999999987,0.));
#4374=CARTESIAN_POINT('Origin',(0.425000000000086,1.19999999999987,0.));
#4375=CARTESIAN_POINT('',(0.325000000000086,1.19999999999987,0.));
#4376=CARTESIAN_POINT('Origin',(0.425000000000086,1.19999999999987,0.));
#4377=CARTESIAN_POINT('',(0.325000000000086,1.19999999999987,0.152));
#4378=CARTESIAN_POINT('Origin',(0.425000000000086,1.19999999999987,0.152));
#4379=CARTESIAN_POINT('',(0.325000000000086,1.19999999999987,0.));
#4380=CARTESIAN_POINT('Origin',(0.325000000000086,1.44999999999987,0.));
#4381=CARTESIAN_POINT('',(0.325000000000086,1.44999999999987,0.));
#4382=CARTESIAN_POINT('',(0.325000000000086,1.44999999999987,0.));
#4383=CARTESIAN_POINT('',(0.325000000000086,1.44999999999987,0.152));
#4384=CARTESIAN_POINT('',(0.325000000000086,1.44999999999987,0.152));
#4385=CARTESIAN_POINT('',(0.325000000000086,1.44999999999987,0.));
#4386=CARTESIAN_POINT('Origin',(0.4,1.50000000000013,0.));
#4387=CARTESIAN_POINT('',(0.4,1.50000000000013,0.));
#4388=CARTESIAN_POINT('',(0.4,1.50000000000013,0.));
#4389=CARTESIAN_POINT('',(0.4,1.50000000000013,0.152));
#4390=CARTESIAN_POINT('',(0.4,1.50000000000013,0.152));
#4391=CARTESIAN_POINT('',(0.4,1.50000000000013,0.));
#4392=CARTESIAN_POINT('Origin',(0.4,1.505,0.));
#4393=CARTESIAN_POINT('',(0.4,1.505,0.));
#4394=CARTESIAN_POINT('',(0.4,1.505,0.152));
#4395=CARTESIAN_POINT('Origin',(0.500000000000086,1.30249999999994,0.152));
#4396=CARTESIAN_POINT('Origin',(0.500000000000086,1.30249999999994,0.));
#4397=CARTESIAN_POINT('Origin',(-1.505,0.6,0.));
#4398=CARTESIAN_POINT('',(-1.505,0.6,0.));
#4399=CARTESIAN_POINT('',(-1.505,0.4,0.));
#4400=CARTESIAN_POINT('',(-1.505,0.6,0.));
#4401=CARTESIAN_POINT('',(-1.505,0.4,0.152));
#4402=CARTESIAN_POINT('',(-1.505,0.4,0.));
#4403=CARTESIAN_POINT('',(-1.505,0.6,0.152));
#4404=CARTESIAN_POINT('',(-1.505,0.6,0.152));
#4405=CARTESIAN_POINT('',(-1.505,0.6,0.));
#4406=CARTESIAN_POINT('Origin',(-1.49999999999987,0.6,0.));
#4407=CARTESIAN_POINT('',(-1.49999999999987,0.6,0.));
#4408=CARTESIAN_POINT('',(-1.49999999999987,0.6,0.));
#4409=CARTESIAN_POINT('',(-1.49999999999987,0.6,0.152));
#4410=CARTESIAN_POINT('',(-1.49999999999987,0.6,0.152));
#4411=CARTESIAN_POINT('',(-1.49999999999987,0.6,0.));
#4412=CARTESIAN_POINT('Origin',(-1.44999999999987,0.675000000000086,0.));
#4413=CARTESIAN_POINT('',(-1.44999999999987,0.675000000000086,0.));
#4414=CARTESIAN_POINT('',(-1.44999999999987,0.675000000000086,0.));
#4415=CARTESIAN_POINT('',(-1.44999999999987,0.675000000000086,0.152));
#4416=CARTESIAN_POINT('',(-1.44999999999987,0.675000000000086,0.152));
#4417=CARTESIAN_POINT('',(-1.44999999999987,0.675000000000086,0.));
#4418=CARTESIAN_POINT('Origin',(-1.19999999999987,0.675000000000086,0.));
#4419=CARTESIAN_POINT('',(-1.19999999999987,0.675000000000086,0.));
#4420=CARTESIAN_POINT('',(-1.19999999999987,0.675000000000086,0.));
#4421=CARTESIAN_POINT('',(-1.19999999999987,0.675000000000086,0.152));
#4422=CARTESIAN_POINT('',(-1.19999999999987,0.675000000000086,0.152));
#4423=CARTESIAN_POINT('',(-1.19999999999987,0.675000000000086,0.));
#4424=CARTESIAN_POINT('Origin',(-1.19999999999987,0.575000000000086,0.));
#4425=CARTESIAN_POINT('',(-1.09999999999987,0.575000000000086,0.));
#4426=CARTESIAN_POINT('Origin',(-1.19999999999987,0.575000000000086,0.));
#4427=CARTESIAN_POINT('',(-1.09999999999987,0.575000000000086,0.152));
#4428=CARTESIAN_POINT('Origin',(-1.19999999999987,0.575000000000086,0.152));
#4429=CARTESIAN_POINT('',(-1.09999999999987,0.575000000000086,0.));
#4430=CARTESIAN_POINT('Origin',(-1.09999999999987,0.425000000000086,0.));
#4431=CARTESIAN_POINT('',(-1.09999999999987,0.425000000000086,0.));
#4432=CARTESIAN_POINT('',(-1.09999999999987,0.425000000000086,0.));
#4433=CARTESIAN_POINT('',(-1.09999999999987,0.425000000000086,0.152));
#4434=CARTESIAN_POINT('',(-1.09999999999987,0.425000000000086,0.152));
#4435=CARTESIAN_POINT('',(-1.09999999999987,0.425000000000086,0.));
#4436=CARTESIAN_POINT('Origin',(-1.19999999999987,0.425000000000086,0.));
#4437=CARTESIAN_POINT('',(-1.19999999999987,0.325000000000086,0.));
#4438=CARTESIAN_POINT('Origin',(-1.19999999999987,0.425000000000086,0.));
#4439=CARTESIAN_POINT('',(-1.19999999999987,0.325000000000086,0.152));
#4440=CARTESIAN_POINT('Origin',(-1.19999999999987,0.425000000000086,0.152));
#4441=CARTESIAN_POINT('',(-1.19999999999987,0.325000000000086,0.));
#4442=CARTESIAN_POINT('Origin',(-1.44999999999987,0.325000000000086,0.));
#4443=CARTESIAN_POINT('',(-1.44999999999987,0.325000000000086,0.));
#4444=CARTESIAN_POINT('',(-1.44999999999987,0.325000000000086,0.));
#4445=CARTESIAN_POINT('',(-1.44999999999987,0.325000000000086,0.152));
#4446=CARTESIAN_POINT('',(-1.44999999999987,0.325000000000086,0.152));
#4447=CARTESIAN_POINT('',(-1.44999999999987,0.325000000000086,0.));
#4448=CARTESIAN_POINT('Origin',(-1.50000000000013,0.4,0.));
#4449=CARTESIAN_POINT('',(-1.50000000000013,0.4,0.));
#4450=CARTESIAN_POINT('',(-1.50000000000013,0.4,0.));
#4451=CARTESIAN_POINT('',(-1.50000000000013,0.4,0.152));
#4452=CARTESIAN_POINT('',(-1.50000000000013,0.4,0.152));
#4453=CARTESIAN_POINT('',(-1.50000000000013,0.4,0.));
#4454=CARTESIAN_POINT('Origin',(-1.505,0.4,0.));
#4455=CARTESIAN_POINT('',(-1.505,0.4,0.));
#4456=CARTESIAN_POINT('',(-1.505,0.4,0.152));
#4457=CARTESIAN_POINT('Origin',(-1.30249999999994,0.500000000000086,0.152));
#4458=CARTESIAN_POINT('Origin',(-1.30249999999994,0.500000000000086,0.));
#4459=CARTESIAN_POINT('Origin',(1.505,0.4,0.));
#4460=CARTESIAN_POINT('',(1.505,0.4,0.));
#4461=CARTESIAN_POINT('',(1.505,0.6,0.));
#4462=CARTESIAN_POINT('',(1.505,0.4,0.));
#4463=CARTESIAN_POINT('',(1.505,0.6,0.152));
#4464=CARTESIAN_POINT('',(1.505,0.6,0.));
#4465=CARTESIAN_POINT('',(1.505,0.4,0.152));
#4466=CARTESIAN_POINT('',(1.505,0.4,0.152));
#4467=CARTESIAN_POINT('',(1.505,0.4,0.));
#4468=CARTESIAN_POINT('Origin',(1.49999999999987,0.4,0.));
#4469=CARTESIAN_POINT('',(1.49999999999987,0.4,0.));
#4470=CARTESIAN_POINT('',(1.49999999999987,0.4,0.));
#4471=CARTESIAN_POINT('',(1.49999999999987,0.4,0.152));
#4472=CARTESIAN_POINT('',(1.49999999999987,0.4,0.152));
#4473=CARTESIAN_POINT('',(1.49999999999987,0.4,0.));
#4474=CARTESIAN_POINT('Origin',(1.44999999999987,0.324999999999914,0.));
#4475=CARTESIAN_POINT('',(1.44999999999987,0.324999999999914,0.));
#4476=CARTESIAN_POINT('',(1.44999999999987,0.324999999999914,0.));
#4477=CARTESIAN_POINT('',(1.44999999999987,0.324999999999914,0.152));
#4478=CARTESIAN_POINT('',(1.44999999999987,0.324999999999914,0.152));
#4479=CARTESIAN_POINT('',(1.44999999999987,0.324999999999914,0.));
#4480=CARTESIAN_POINT('Origin',(1.19999999999987,0.324999999999914,0.));
#4481=CARTESIAN_POINT('',(1.19999999999987,0.324999999999914,0.));
#4482=CARTESIAN_POINT('',(1.19999999999987,0.324999999999914,0.));
#4483=CARTESIAN_POINT('',(1.19999999999987,0.324999999999914,0.152));
#4484=CARTESIAN_POINT('',(1.19999999999987,0.324999999999914,0.152));
#4485=CARTESIAN_POINT('',(1.19999999999987,0.324999999999914,0.));
#4486=CARTESIAN_POINT('Origin',(1.19999999999987,0.424999999999914,0.));
#4487=CARTESIAN_POINT('',(1.09999999999987,0.424999999999914,0.));
#4488=CARTESIAN_POINT('Origin',(1.19999999999987,0.424999999999914,0.));
#4489=CARTESIAN_POINT('',(1.09999999999987,0.424999999999914,0.152));
#4490=CARTESIAN_POINT('Origin',(1.19999999999987,0.424999999999914,0.152));
#4491=CARTESIAN_POINT('',(1.09999999999987,0.424999999999914,0.));
#4492=CARTESIAN_POINT('Origin',(1.09999999999987,0.574999999999914,0.));
#4493=CARTESIAN_POINT('',(1.09999999999987,0.574999999999914,0.));
#4494=CARTESIAN_POINT('',(1.09999999999987,0.574999999999914,0.));
#4495=CARTESIAN_POINT('',(1.09999999999987,0.574999999999914,0.152));
#4496=CARTESIAN_POINT('',(1.09999999999987,0.574999999999914,0.152));
#4497=CARTESIAN_POINT('',(1.09999999999987,0.574999999999914,0.));
#4498=CARTESIAN_POINT('Origin',(1.19999999999987,0.574999999999914,0.));
#4499=CARTESIAN_POINT('',(1.19999999999987,0.674999999999914,0.));
#4500=CARTESIAN_POINT('Origin',(1.19999999999987,0.574999999999914,0.));
#4501=CARTESIAN_POINT('',(1.19999999999987,0.674999999999914,0.152));
#4502=CARTESIAN_POINT('Origin',(1.19999999999987,0.574999999999914,0.152));
#4503=CARTESIAN_POINT('',(1.19999999999987,0.674999999999914,0.));
#4504=CARTESIAN_POINT('Origin',(1.44999999999987,0.674999999999914,0.));
#4505=CARTESIAN_POINT('',(1.44999999999987,0.674999999999914,0.));
#4506=CARTESIAN_POINT('',(1.44999999999987,0.674999999999914,0.));
#4507=CARTESIAN_POINT('',(1.44999999999987,0.674999999999914,0.152));
#4508=CARTESIAN_POINT('',(1.44999999999987,0.674999999999914,0.152));
#4509=CARTESIAN_POINT('',(1.44999999999987,0.674999999999914,0.));
#4510=CARTESIAN_POINT('Origin',(1.50000000000013,0.6,0.));
#4511=CARTESIAN_POINT('',(1.50000000000013,0.6,0.));
#4512=CARTESIAN_POINT('',(1.50000000000013,0.6,0.));
#4513=CARTESIAN_POINT('',(1.50000000000013,0.6,0.152));
#4514=CARTESIAN_POINT('',(1.50000000000013,0.6,0.152));
#4515=CARTESIAN_POINT('',(1.50000000000013,0.6,0.));
#4516=CARTESIAN_POINT('Origin',(1.505,0.6,0.));
#4517=CARTESIAN_POINT('',(1.505,0.6,0.));
#4518=CARTESIAN_POINT('',(1.505,0.6,0.152));
#4519=CARTESIAN_POINT('Origin',(1.30249999999994,0.499999999999914,0.152));
#4520=CARTESIAN_POINT('Origin',(1.30249999999994,0.499999999999914,0.));
#4521=CARTESIAN_POINT('Origin',(-0.4,1.505,0.));
#4522=CARTESIAN_POINT('',(-0.4,1.505,0.));
#4523=CARTESIAN_POINT('',(-0.6,1.505,0.));
#4524=CARTESIAN_POINT('',(-0.4,1.505,0.));
#4525=CARTESIAN_POINT('',(-0.6,1.505,0.152));
#4526=CARTESIAN_POINT('',(-0.6,1.505,0.));
#4527=CARTESIAN_POINT('',(-0.4,1.505,0.152));
#4528=CARTESIAN_POINT('',(-0.4,1.505,0.152));
#4529=CARTESIAN_POINT('',(-0.4,1.505,0.));
#4530=CARTESIAN_POINT('Origin',(-0.4,1.49999999999987,0.));
#4531=CARTESIAN_POINT('',(-0.4,1.49999999999987,0.));
#4532=CARTESIAN_POINT('',(-0.4,1.49999999999987,0.));
#4533=CARTESIAN_POINT('',(-0.4,1.49999999999987,0.152));
#4534=CARTESIAN_POINT('',(-0.4,1.49999999999987,0.152));
#4535=CARTESIAN_POINT('',(-0.4,1.49999999999987,0.));
#4536=CARTESIAN_POINT('Origin',(-0.324999999999914,1.44999999999987,0.));
#4537=CARTESIAN_POINT('',(-0.324999999999914,1.44999999999987,0.));
#4538=CARTESIAN_POINT('',(-0.324999999999914,1.44999999999987,0.));
#4539=CARTESIAN_POINT('',(-0.324999999999914,1.44999999999987,0.152));
#4540=CARTESIAN_POINT('',(-0.324999999999914,1.44999999999987,0.152));
#4541=CARTESIAN_POINT('',(-0.324999999999914,1.44999999999987,0.));
#4542=CARTESIAN_POINT('Origin',(-0.324999999999914,1.19999999999987,0.));
#4543=CARTESIAN_POINT('',(-0.324999999999914,1.19999999999987,0.));
#4544=CARTESIAN_POINT('',(-0.324999999999914,1.19999999999987,0.));
#4545=CARTESIAN_POINT('',(-0.324999999999914,1.19999999999987,0.152));
#4546=CARTESIAN_POINT('',(-0.324999999999914,1.19999999999987,0.152));
#4547=CARTESIAN_POINT('',(-0.324999999999914,1.19999999999987,0.));
#4548=CARTESIAN_POINT('Origin',(-0.424999999999914,1.19999999999987,0.));
#4549=CARTESIAN_POINT('',(-0.424999999999914,1.09999999999987,0.));
#4550=CARTESIAN_POINT('Origin',(-0.424999999999914,1.19999999999987,0.));
#4551=CARTESIAN_POINT('',(-0.424999999999914,1.09999999999987,0.152));
#4552=CARTESIAN_POINT('Origin',(-0.424999999999914,1.19999999999987,0.152));
#4553=CARTESIAN_POINT('',(-0.424999999999914,1.09999999999987,0.));
#4554=CARTESIAN_POINT('Origin',(-0.574999999999914,1.09999999999987,0.));
#4555=CARTESIAN_POINT('',(-0.574999999999914,1.09999999999987,0.));
#4556=CARTESIAN_POINT('',(-0.574999999999914,1.09999999999987,0.));
#4557=CARTESIAN_POINT('',(-0.574999999999914,1.09999999999987,0.152));
#4558=CARTESIAN_POINT('',(-0.574999999999914,1.09999999999987,0.152));
#4559=CARTESIAN_POINT('',(-0.574999999999914,1.09999999999987,0.));
#4560=CARTESIAN_POINT('Origin',(-0.574999999999914,1.19999999999987,0.));
#4561=CARTESIAN_POINT('',(-0.674999999999914,1.19999999999987,0.));
#4562=CARTESIAN_POINT('Origin',(-0.574999999999914,1.19999999999987,0.));
#4563=CARTESIAN_POINT('',(-0.674999999999914,1.19999999999987,0.152));
#4564=CARTESIAN_POINT('Origin',(-0.574999999999914,1.19999999999987,0.152));
#4565=CARTESIAN_POINT('',(-0.674999999999914,1.19999999999987,0.));
#4566=CARTESIAN_POINT('Origin',(-0.674999999999914,1.44999999999987,0.));
#4567=CARTESIAN_POINT('',(-0.674999999999914,1.44999999999987,0.));
#4568=CARTESIAN_POINT('',(-0.674999999999914,1.44999999999987,0.));
#4569=CARTESIAN_POINT('',(-0.674999999999914,1.44999999999987,0.152));
#4570=CARTESIAN_POINT('',(-0.674999999999914,1.44999999999987,0.152));
#4571=CARTESIAN_POINT('',(-0.674999999999914,1.44999999999987,0.));
#4572=CARTESIAN_POINT('Origin',(-0.6,1.50000000000013,0.));
#4573=CARTESIAN_POINT('',(-0.6,1.50000000000013,0.));
#4574=CARTESIAN_POINT('',(-0.6,1.50000000000013,0.));
#4575=CARTESIAN_POINT('',(-0.6,1.50000000000013,0.152));
#4576=CARTESIAN_POINT('',(-0.6,1.50000000000013,0.152));
#4577=CARTESIAN_POINT('',(-0.6,1.50000000000013,0.));
#4578=CARTESIAN_POINT('Origin',(-0.6,1.505,0.));
#4579=CARTESIAN_POINT('',(-0.6,1.505,0.));
#4580=CARTESIAN_POINT('',(-0.6,1.505,0.152));
#4581=CARTESIAN_POINT('Origin',(-0.499999999999914,1.30249999999994,0.152));
#4582=CARTESIAN_POINT('Origin',(-0.499999999999914,1.30249999999994,0.));
#4583=CARTESIAN_POINT('Origin',(-1.505,-0.4,0.));
#4584=CARTESIAN_POINT('',(-1.505,-0.4,0.));
#4585=CARTESIAN_POINT('',(-1.505,-0.6,0.));
#4586=CARTESIAN_POINT('',(-1.505,-0.4,0.));
#4587=CARTESIAN_POINT('',(-1.505,-0.6,0.152));
#4588=CARTESIAN_POINT('',(-1.505,-0.6,0.));
#4589=CARTESIAN_POINT('',(-1.505,-0.4,0.152));
#4590=CARTESIAN_POINT('',(-1.505,-0.4,0.152));
#4591=CARTESIAN_POINT('',(-1.505,-0.4,0.));
#4592=CARTESIAN_POINT('Origin',(-1.49999999999987,-0.4,0.));
#4593=CARTESIAN_POINT('',(-1.49999999999987,-0.4,0.));
#4594=CARTESIAN_POINT('',(-1.49999999999987,-0.4,0.));
#4595=CARTESIAN_POINT('',(-1.49999999999987,-0.4,0.152));
#4596=CARTESIAN_POINT('',(-1.49999999999987,-0.4,0.152));
#4597=CARTESIAN_POINT('',(-1.49999999999987,-0.4,0.));
#4598=CARTESIAN_POINT('Origin',(-1.44999999999987,-0.324999999999914,0.));
#4599=CARTESIAN_POINT('',(-1.44999999999987,-0.324999999999914,0.));
#4600=CARTESIAN_POINT('',(-1.44999999999987,-0.324999999999914,0.));
#4601=CARTESIAN_POINT('',(-1.44999999999987,-0.324999999999914,0.152));
#4602=CARTESIAN_POINT('',(-1.44999999999987,-0.324999999999914,0.152));
#4603=CARTESIAN_POINT('',(-1.44999999999987,-0.324999999999914,0.));
#4604=CARTESIAN_POINT('Origin',(-1.19999999999987,-0.324999999999914,0.));
#4605=CARTESIAN_POINT('',(-1.19999999999987,-0.324999999999914,0.));
#4606=CARTESIAN_POINT('',(-1.19999999999987,-0.324999999999914,0.));
#4607=CARTESIAN_POINT('',(-1.19999999999987,-0.324999999999914,0.152));
#4608=CARTESIAN_POINT('',(-1.19999999999987,-0.324999999999914,0.152));
#4609=CARTESIAN_POINT('',(-1.19999999999987,-0.324999999999914,0.));
#4610=CARTESIAN_POINT('Origin',(-1.19999999999987,-0.424999999999914,0.));
#4611=CARTESIAN_POINT('',(-1.09999999999987,-0.424999999999914,0.));
#4612=CARTESIAN_POINT('Origin',(-1.19999999999987,-0.424999999999914,0.));
#4613=CARTESIAN_POINT('',(-1.09999999999987,-0.424999999999914,0.152));
#4614=CARTESIAN_POINT('Origin',(-1.19999999999987,-0.424999999999914,0.152));
#4615=CARTESIAN_POINT('',(-1.09999999999987,-0.424999999999914,0.));
#4616=CARTESIAN_POINT('Origin',(-1.09999999999987,-0.574999999999914,0.));
#4617=CARTESIAN_POINT('',(-1.09999999999987,-0.574999999999914,0.));
#4618=CARTESIAN_POINT('',(-1.09999999999987,-0.574999999999914,0.));
#4619=CARTESIAN_POINT('',(-1.09999999999987,-0.574999999999914,0.152));
#4620=CARTESIAN_POINT('',(-1.09999999999987,-0.574999999999914,0.152));
#4621=CARTESIAN_POINT('',(-1.09999999999987,-0.574999999999914,0.));
#4622=CARTESIAN_POINT('Origin',(-1.19999999999987,-0.574999999999914,0.));
#4623=CARTESIAN_POINT('',(-1.19999999999987,-0.674999999999914,0.));
#4624=CARTESIAN_POINT('Origin',(-1.19999999999987,-0.574999999999914,0.));
#4625=CARTESIAN_POINT('',(-1.19999999999987,-0.674999999999914,0.152));
#4626=CARTESIAN_POINT('Origin',(-1.19999999999987,-0.574999999999914,0.152));
#4627=CARTESIAN_POINT('',(-1.19999999999987,-0.674999999999914,0.));
#4628=CARTESIAN_POINT('Origin',(-1.44999999999987,-0.674999999999914,0.));
#4629=CARTESIAN_POINT('',(-1.44999999999987,-0.674999999999914,0.));
#4630=CARTESIAN_POINT('',(-1.44999999999987,-0.674999999999914,0.));
#4631=CARTESIAN_POINT('',(-1.44999999999987,-0.674999999999914,0.152));
#4632=CARTESIAN_POINT('',(-1.44999999999987,-0.674999999999914,0.152));
#4633=CARTESIAN_POINT('',(-1.44999999999987,-0.674999999999914,0.));
#4634=CARTESIAN_POINT('Origin',(-1.50000000000013,-0.6,0.));
#4635=CARTESIAN_POINT('',(-1.50000000000013,-0.6,0.));
#4636=CARTESIAN_POINT('',(-1.50000000000013,-0.6,0.));
#4637=CARTESIAN_POINT('',(-1.50000000000013,-0.6,0.152));
#4638=CARTESIAN_POINT('',(-1.50000000000013,-0.6,0.152));
#4639=CARTESIAN_POINT('',(-1.50000000000013,-0.6,0.));
#4640=CARTESIAN_POINT('Origin',(-1.505,-0.6,0.));
#4641=CARTESIAN_POINT('',(-1.505,-0.6,0.));
#4642=CARTESIAN_POINT('',(-1.505,-0.6,0.152));
#4643=CARTESIAN_POINT('Origin',(-1.30249999999994,-0.499999999999914,0.152));
#4644=CARTESIAN_POINT('Origin',(-1.30249999999994,-0.499999999999914,0.));
#4645=UNCERTAINTY_MEASURE_WITH_UNIT(LENGTH_MEASURE(0.01),#4649,
'DISTANCE_ACCURACY_VALUE',
'Maximum model space distance between geometric entities at asserted c
onnectivities');
#4646=UNCERTAINTY_MEASURE_WITH_UNIT(LENGTH_MEASURE(0.01),#4649,
'DISTANCE_ACCURACY_VALUE',
'Maximum model space distance between geometric entities at asserted c
onnectivities');
#4647=(
GEOMETRIC_REPRESENTATION_CONTEXT(3)
GLOBAL_UNCERTAINTY_ASSIGNED_CONTEXT((#4645))
GLOBAL_UNIT_ASSIGNED_CONTEXT((#4649,#4651,#4652))
REPRESENTATION_CONTEXT('','3D')
);
#4648=(
GEOMETRIC_REPRESENTATION_CONTEXT(3)
GLOBAL_UNCERTAINTY_ASSIGNED_CONTEXT((#4646))
GLOBAL_UNIT_ASSIGNED_CONTEXT((#4649,#4651,#4652))
REPRESENTATION_CONTEXT('','3D')
);
#4649=(
LENGTH_UNIT()
NAMED_UNIT(*)
SI_UNIT(.MILLI.,.METRE.)
);
#4650=(
LENGTH_UNIT()
NAMED_UNIT(*)
SI_UNIT($,.METRE.)
);
#4651=(
NAMED_UNIT(*)
PLANE_ANGLE_UNIT()
SI_UNIT($,.RADIAN.)
);
#4652=(
NAMED_UNIT(*)
SI_UNIT($,.STERADIAN.)
SOLID_ANGLE_UNIT()
);
#4653=SHAPE_DEFINITION_REPRESENTATION(#4654,#4655);
#4654=PRODUCT_DEFINITION_SHAPE('',$,#4657);
#4655=SHAPE_REPRESENTATION('',(#2865),#4647);
#4656=PRODUCT_DEFINITION_CONTEXT('part definition',#4661,'design');
#4657=PRODUCT_DEFINITION('ASSEMBLY','PAM8904JPR v1',#4658,#4656);
#4658=PRODUCT_DEFINITION_FORMATION('',$,#4663);
#4659=PRODUCT_RELATED_PRODUCT_CATEGORY('PAM8904JPR v1','PAM8904JPR v1',
(#4663));
#4660=APPLICATION_PROTOCOL_DEFINITION('international standard',
'automotive_design',2009,#4661);
#4661=APPLICATION_CONTEXT(
'Core Data for Automotive Mechanical Design Process');
#4662=PRODUCT_CONTEXT('part definition',#4661,'mechanical');
#4663=PRODUCT('ASSEMBLY','PAM8904JPR v1','FreeCAD Model',(#4662));
#4664=PRESENTATION_STYLE_ASSIGNMENT((#4667));
#4665=PRESENTATION_STYLE_ASSIGNMENT((#4668));
#4666=PRESENTATION_STYLE_ASSIGNMENT((#4669));
#4667=SURFACE_STYLE_USAGE(.BOTH.,#4670);
#4668=SURFACE_STYLE_USAGE(.BOTH.,#4671);
#4669=SURFACE_STYLE_USAGE(.BOTH.,#4672);
#4670=SURFACE_SIDE_STYLE('',(#4673));
#4671=SURFACE_SIDE_STYLE('',(#4674));
#4672=SURFACE_SIDE_STYLE('',(#4675));
#4673=SURFACE_STYLE_FILL_AREA(#4676);
#4674=SURFACE_STYLE_FILL_AREA(#4677);
#4675=SURFACE_STYLE_FILL_AREA(#4678);
#4676=FILL_AREA_STYLE('Plate',(#4679));
#4677=FILL_AREA_STYLE('Opaque(77,77,77)',(#4680));
#4678=FILL_AREA_STYLE('Opaque(187,197,203)',(#4681));
#4679=FILL_AREA_STYLE_COLOUR('Plate',#4682);
#4680=FILL_AREA_STYLE_COLOUR('Opaque(77,77,77)',#4683);
#4681=FILL_AREA_STYLE_COLOUR('Opaque(187,197,203)',#4684);
#4682=COLOUR_RGB('Plate',0.6,0.6,0.6);
#4683=COLOUR_RGB('Opaque(77,77,77)',0.301960784313725,0.301960784313725,
0.301960784313725);
#4684=COLOUR_RGB('Opaque(187,197,203)',0.733333333333333,0.772549019607843,
0.796078431372549);
ENDSEC;
END-ISO-10303-21;
