ISO-10303-21;
HEADER;
/* Generated by software containing ST-Developer
 * from STEP Tools, Inc. (www.steptools.com) 
 */

FILE_DESCRIPTION(
/* description */ (
'model of BGA-100_6.0x6.0mm_Layout11x11_P0.5mm_Ball0.3mm_Pad0.25mm_NSM
D'),
/* implementation_level */ '2;1');

FILE_NAME(
/* name */ 
'UFBGA-100_6.0x6.0mm_Layout11x11_P0.5mm_Ball0.3mm_Pad0.25mm_NSMD.step',

/* time_stamp */ '2026-08-24T09:28:12+02:00',
/* author */ (''),
/* organization */ (''),
/* preprocessor_version */ 'ST-DEVELOPER v20.1',
/* originating_system */ 'Autodesk Translation Framework v15.8.0.0',
/* authorisation */ '');

FILE_SCHEMA (('AUTOMOTIVE_DESIGN { 1 0 10303 214 3 1 1 }'));
ENDSEC;

DATA;
#10=MECHANICAL_DESIGN_GEOMETRIC_PRESENTATION_REPRESENTATION('',(#222,#223,
#224,#225,#226,#227,#228,#229,#230,#231,#232,#233,#234,#235,#236,#237,#238,
#239,#240,#241,#242,#243,#244,#245,#246,#247,#248,#249,#250,#251,#252,#253,
#254,#255,#256,#257,#258,#259,#260,#261,#262,#263,#264,#265,#266,#267,#268,
#269,#270,#271,#272,#273,#274,#275,#276,#277,#278,#279,#280,#281,#282,#283,
#284,#285,#286,#287,#288,#289,#290,#291,#292,#293,#294,#295,#296,#297,#298,
#299,#300,#301,#302,#303,#304,#305,#306,#307,#308,#309,#310,#311,#312,#313,
#314,#315,#316,#317,#318,#319,#320,#321,#322,#323,#324,#325,#326,#327,#328,
#329),#3335);
#11=SHAPE_REPRESENTATION_RELATIONSHIP('SRR','None',#3342,#12);
#12=ADVANCED_BREP_SHAPE_REPRESENTATION('',(#13),#3334);
#13=MANIFOLD_SOLID_BREP('Body1',#1839);
#14=SPHERICAL_SURFACE('',#1963,0.1575);
#15=SPHERICAL_SURFACE('',#1965,0.1575);
#16=SPHERICAL_SURFACE('',#1967,0.1575);
#17=SPHERICAL_SURFACE('',#1969,0.1575);
#18=SPHERICAL_SURFACE('',#1971,0.1575);
#19=SPHERICAL_SURFACE('',#1973,0.1575);
#20=SPHERICAL_SURFACE('',#1975,0.1575);
#21=SPHERICAL_SURFACE('',#1977,0.1575);
#22=SPHERICAL_SURFACE('',#1979,0.1575);
#23=SPHERICAL_SURFACE('',#1981,0.1575);
#24=SPHERICAL_SURFACE('',#1983,0.1575);
#25=SPHERICAL_SURFACE('',#1985,0.1575);
#26=SPHERICAL_SURFACE('',#1987,0.1575);
#27=SPHERICAL_SURFACE('',#1989,0.1575);
#28=SPHERICAL_SURFACE('',#1991,0.1575);
#29=SPHERICAL_SURFACE('',#1993,0.1575);
#30=SPHERICAL_SURFACE('',#1995,0.1575);
#31=SPHERICAL_SURFACE('',#1997,0.1575);
#32=SPHERICAL_SURFACE('',#1999,0.1575);
#33=SPHERICAL_SURFACE('',#2001,0.1575);
#34=SPHERICAL_SURFACE('',#2003,0.1575);
#35=SPHERICAL_SURFACE('',#2005,0.1575);
#36=SPHERICAL_SURFACE('',#2007,0.1575);
#37=SPHERICAL_SURFACE('',#2009,0.1575);
#38=SPHERICAL_SURFACE('',#2011,0.1575);
#39=SPHERICAL_SURFACE('',#2013,0.1575);
#40=SPHERICAL_SURFACE('',#2015,0.1575);
#41=SPHERICAL_SURFACE('',#2017,0.1575);
#42=SPHERICAL_SURFACE('',#2019,0.1575);
#43=SPHERICAL_SURFACE('',#2021,0.1575);
#44=SPHERICAL_SURFACE('',#2023,0.1575);
#45=SPHERICAL_SURFACE('',#2025,0.1575);
#46=SPHERICAL_SURFACE('',#2027,0.1575);
#47=SPHERICAL_SURFACE('',#2029,0.1575);
#48=SPHERICAL_SURFACE('',#2031,0.1575);
#49=SPHERICAL_SURFACE('',#2033,0.1575);
#50=SPHERICAL_SURFACE('',#2035,0.1575);
#51=SPHERICAL_SURFACE('',#2037,0.1575);
#52=SPHERICAL_SURFACE('',#2039,0.1575);
#53=SPHERICAL_SURFACE('',#2041,0.1575);
#54=SPHERICAL_SURFACE('',#2043,0.1575);
#55=SPHERICAL_SURFACE('',#2045,0.1575);
#56=SPHERICAL_SURFACE('',#2047,0.1575);
#57=SPHERICAL_SURFACE('',#2049,0.1575);
#58=SPHERICAL_SURFACE('',#2051,0.1575);
#59=SPHERICAL_SURFACE('',#2053,0.1575);
#60=SPHERICAL_SURFACE('',#2055,0.1575);
#61=SPHERICAL_SURFACE('',#2057,0.1575);
#62=SPHERICAL_SURFACE('',#2059,0.1575);
#63=SPHERICAL_SURFACE('',#2061,0.1575);
#64=SPHERICAL_SURFACE('',#2063,0.1575);
#65=SPHERICAL_SURFACE('',#2065,0.1575);
#66=SPHERICAL_SURFACE('',#2067,0.1575);
#67=SPHERICAL_SURFACE('',#2069,0.1575);
#68=SPHERICAL_SURFACE('',#2071,0.1575);
#69=SPHERICAL_SURFACE('',#2073,0.1575);
#70=SPHERICAL_SURFACE('',#2075,0.1575);
#71=SPHERICAL_SURFACE('',#2077,0.1575);
#72=SPHERICAL_SURFACE('',#2079,0.1575);
#73=SPHERICAL_SURFACE('',#2081,0.1575);
#74=SPHERICAL_SURFACE('',#2083,0.1575);
#75=SPHERICAL_SURFACE('',#2085,0.1575);
#76=SPHERICAL_SURFACE('',#2087,0.1575);
#77=SPHERICAL_SURFACE('',#2089,0.1575);
#78=SPHERICAL_SURFACE('',#2091,0.1575);
#79=SPHERICAL_SURFACE('',#2093,0.1575);
#80=SPHERICAL_SURFACE('',#2095,0.1575);
#81=SPHERICAL_SURFACE('',#2097,0.1575);
#82=SPHERICAL_SURFACE('',#2099,0.1575);
#83=SPHERICAL_SURFACE('',#2101,0.1575);
#84=SPHERICAL_SURFACE('',#2103,0.1575);
#85=SPHERICAL_SURFACE('',#2105,0.1575);
#86=SPHERICAL_SURFACE('',#2107,0.1575);
#87=SPHERICAL_SURFACE('',#2109,0.1575);
#88=SPHERICAL_SURFACE('',#2111,0.1575);
#89=SPHERICAL_SURFACE('',#2113,0.1575);
#90=SPHERICAL_SURFACE('',#2115,0.1575);
#91=SPHERICAL_SURFACE('',#2117,0.1575);
#92=SPHERICAL_SURFACE('',#2119,0.1575);
#93=SPHERICAL_SURFACE('',#2121,0.1575);
#94=SPHERICAL_SURFACE('',#2123,0.1575);
#95=SPHERICAL_SURFACE('',#2125,0.1575);
#96=SPHERICAL_SURFACE('',#2127,0.1575);
#97=SPHERICAL_SURFACE('',#2129,0.1575);
#98=SPHERICAL_SURFACE('',#2131,0.1575);
#99=SPHERICAL_SURFACE('',#2133,0.1575);
#100=SPHERICAL_SURFACE('',#2135,0.1575);
#101=SPHERICAL_SURFACE('',#2137,0.1575);
#102=SPHERICAL_SURFACE('',#2139,0.1575);
#103=SPHERICAL_SURFACE('',#2141,0.1575);
#104=SPHERICAL_SURFACE('',#2143,0.1575);
#105=SPHERICAL_SURFACE('',#2145,0.1575);
#106=SPHERICAL_SURFACE('',#2147,0.1575);
#107=SPHERICAL_SURFACE('',#2149,0.1575);
#108=SPHERICAL_SURFACE('',#2151,0.1575);
#109=SPHERICAL_SURFACE('',#2153,0.1575);
#110=SPHERICAL_SURFACE('',#2155,0.1575);
#111=SPHERICAL_SURFACE('',#2157,0.1575);
#112=SPHERICAL_SURFACE('',#2159,0.1575);
#113=SPHERICAL_SURFACE('',#2161,0.1575);
#114=FACE_BOUND('',#440,.T.);
#115=FACE_BOUND('',#447,.T.);
#116=FACE_BOUND('',#448,.T.);
#117=FACE_BOUND('',#449,.T.);
#118=FACE_BOUND('',#450,.T.);
#119=FACE_BOUND('',#451,.T.);
#120=FACE_BOUND('',#452,.T.);
#121=FACE_BOUND('',#453,.T.);
#122=FACE_BOUND('',#454,.T.);
#123=FACE_BOUND('',#455,.T.);
#124=FACE_BOUND('',#456,.T.);
#125=FACE_BOUND('',#457,.T.);
#126=FACE_BOUND('',#458,.T.);
#127=FACE_BOUND('',#459,.T.);
#128=FACE_BOUND('',#460,.T.);
#129=FACE_BOUND('',#461,.T.);
#130=FACE_BOUND('',#462,.T.);
#131=FACE_BOUND('',#463,.T.);
#132=FACE_BOUND('',#464,.T.);
#133=FACE_BOUND('',#465,.T.);
#134=FACE_BOUND('',#466,.T.);
#135=FACE_BOUND('',#467,.T.);
#136=FACE_BOUND('',#468,.T.);
#137=FACE_BOUND('',#469,.T.);
#138=FACE_BOUND('',#470,.T.);
#139=FACE_BOUND('',#471,.T.);
#140=FACE_BOUND('',#472,.T.);
#141=FACE_BOUND('',#473,.T.);
#142=FACE_BOUND('',#474,.T.);
#143=FACE_BOUND('',#475,.T.);
#144=FACE_BOUND('',#476,.T.);
#145=FACE_BOUND('',#477,.T.);
#146=FACE_BOUND('',#478,.T.);
#147=FACE_BOUND('',#479,.T.);
#148=FACE_BOUND('',#480,.T.);
#149=FACE_BOUND('',#481,.T.);
#150=FACE_BOUND('',#482,.T.);
#151=FACE_BOUND('',#483,.T.);
#152=FACE_BOUND('',#484,.T.);
#153=FACE_BOUND('',#485,.T.);
#154=FACE_BOUND('',#486,.T.);
#155=FACE_BOUND('',#487,.T.);
#156=FACE_BOUND('',#488,.T.);
#157=FACE_BOUND('',#489,.T.);
#158=FACE_BOUND('',#490,.T.);
#159=FACE_BOUND('',#491,.T.);
#160=FACE_BOUND('',#492,.T.);
#161=FACE_BOUND('',#493,.T.);
#162=FACE_BOUND('',#494,.T.);
#163=FACE_BOUND('',#495,.T.);
#164=FACE_BOUND('',#496,.T.);
#165=FACE_BOUND('',#497,.T.);
#166=FACE_BOUND('',#498,.T.);
#167=FACE_BOUND('',#499,.T.);
#168=FACE_BOUND('',#500,.T.);
#169=FACE_BOUND('',#501,.T.);
#170=FACE_BOUND('',#502,.T.);
#171=FACE_BOUND('',#503,.T.);
#172=FACE_BOUND('',#504,.T.);
#173=FACE_BOUND('',#505,.T.);
#174=FACE_BOUND('',#506,.T.);
#175=FACE_BOUND('',#507,.T.);
#176=FACE_BOUND('',#508,.T.);
#177=FACE_BOUND('',#509,.T.);
#178=FACE_BOUND('',#510,.T.);
#179=FACE_BOUND('',#511,.T.);
#180=FACE_BOUND('',#512,.T.);
#181=FACE_BOUND('',#513,.T.);
#182=FACE_BOUND('',#514,.T.);
#183=FACE_BOUND('',#515,.T.);
#184=FACE_BOUND('',#516,.T.);
#185=FACE_BOUND('',#517,.T.);
#186=FACE_BOUND('',#518,.T.);
#187=FACE_BOUND('',#519,.T.);
#188=FACE_BOUND('',#520,.T.);
#189=FACE_BOUND('',#521,.T.);
#190=FACE_BOUND('',#522,.T.);
#191=FACE_BOUND('',#523,.T.);
#192=FACE_BOUND('',#524,.T.);
#193=FACE_BOUND('',#525,.T.);
#194=FACE_BOUND('',#526,.T.);
#195=FACE_BOUND('',#527,.T.);
#196=FACE_BOUND('',#528,.T.);
#197=FACE_BOUND('',#529,.T.);
#198=FACE_BOUND('',#530,.T.);
#199=FACE_BOUND('',#531,.T.);
#200=FACE_BOUND('',#532,.T.);
#201=FACE_BOUND('',#533,.T.);
#202=FACE_BOUND('',#534,.T.);
#203=FACE_BOUND('',#535,.T.);
#204=FACE_BOUND('',#536,.T.);
#205=FACE_BOUND('',#537,.T.);
#206=FACE_BOUND('',#538,.T.);
#207=FACE_BOUND('',#539,.T.);
#208=FACE_BOUND('',#540,.T.);
#209=FACE_BOUND('',#541,.T.);
#210=FACE_BOUND('',#542,.T.);
#211=FACE_BOUND('',#543,.T.);
#212=FACE_BOUND('',#544,.T.);
#213=FACE_BOUND('',#545,.T.);
#214=FACE_BOUND('',#546,.T.);
#215=PLANE('',#1856);
#216=PLANE('',#1857);
#217=PLANE('',#1858);
#218=PLANE('',#1859);
#219=PLANE('',#1860);
#220=PLANE('',#1861);
#221=PLANE('',#1862);
#222=STYLED_ITEM('',(#3353),#1732);
#223=STYLED_ITEM('',(#3353),#1733);
#224=STYLED_ITEM('',(#3353),#1734);
#225=STYLED_ITEM('',(#3354),#1735);
#226=STYLED_ITEM('',(#3353),#1736);
#227=STYLED_ITEM('',(#3353),#1737);
#228=STYLED_ITEM('',(#3353),#1738);
#229=STYLED_ITEM('',(#3355),#1739);
#230=STYLED_ITEM('',(#3355),#1740);
#231=STYLED_ITEM('',(#3355),#1741);
#232=STYLED_ITEM('',(#3355),#1742);
#233=STYLED_ITEM('',(#3355),#1743);
#234=STYLED_ITEM('',(#3355),#1744);
#235=STYLED_ITEM('',(#3355),#1745);
#236=STYLED_ITEM('',(#3355),#1746);
#237=STYLED_ITEM('',(#3355),#1747);
#238=STYLED_ITEM('',(#3355),#1748);
#239=STYLED_ITEM('',(#3355),#1749);
#240=STYLED_ITEM('',(#3355),#1750);
#241=STYLED_ITEM('',(#3355),#1751);
#242=STYLED_ITEM('',(#3355),#1752);
#243=STYLED_ITEM('',(#3355),#1753);
#244=STYLED_ITEM('',(#3355),#1754);
#245=STYLED_ITEM('',(#3355),#1755);
#246=STYLED_ITEM('',(#3355),#1756);
#247=STYLED_ITEM('',(#3355),#1757);
#248=STYLED_ITEM('',(#3355),#1758);
#249=STYLED_ITEM('',(#3355),#1759);
#250=STYLED_ITEM('',(#3355),#1760);
#251=STYLED_ITEM('',(#3355),#1761);
#252=STYLED_ITEM('',(#3355),#1762);
#253=STYLED_ITEM('',(#3355),#1763);
#254=STYLED_ITEM('',(#3355),#1764);
#255=STYLED_ITEM('',(#3355),#1765);
#256=STYLED_ITEM('',(#3355),#1766);
#257=STYLED_ITEM('',(#3355),#1767);
#258=STYLED_ITEM('',(#3355),#1768);
#259=STYLED_ITEM('',(#3355),#1769);
#260=STYLED_ITEM('',(#3355),#1770);
#261=STYLED_ITEM('',(#3355),#1771);
#262=STYLED_ITEM('',(#3355),#1772);
#263=STYLED_ITEM('',(#3355),#1773);
#264=STYLED_ITEM('',(#3355),#1774);
#265=STYLED_ITEM('',(#3355),#1775);
#266=STYLED_ITEM('',(#3355),#1776);
#267=STYLED_ITEM('',(#3355),#1777);
#268=STYLED_ITEM('',(#3355),#1778);
#269=STYLED_ITEM('',(#3355),#1779);
#270=STYLED_ITEM('',(#3355),#1780);
#271=STYLED_ITEM('',(#3355),#1781);
#272=STYLED_ITEM('',(#3355),#1782);
#273=STYLED_ITEM('',(#3355),#1783);
#274=STYLED_ITEM('',(#3355),#1784);
#275=STYLED_ITEM('',(#3355),#1785);
#276=STYLED_ITEM('',(#3355),#1786);
#277=STYLED_ITEM('',(#3355),#1787);
#278=STYLED_ITEM('',(#3355),#1788);
#279=STYLED_ITEM('',(#3355),#1789);
#280=STYLED_ITEM('',(#3355),#1790);
#281=STYLED_ITEM('',(#3355),#1791);
#282=STYLED_ITEM('',(#3355),#1792);
#283=STYLED_ITEM('',(#3355),#1793);
#284=STYLED_ITEM('',(#3355),#1794);
#285=STYLED_ITEM('',(#3355),#1795);
#286=STYLED_ITEM('',(#3355),#1796);
#287=STYLED_ITEM('',(#3355),#1797);
#288=STYLED_ITEM('',(#3355),#1798);
#289=STYLED_ITEM('',(#3355),#1799);
#290=STYLED_ITEM('',(#3355),#1800);
#291=STYLED_ITEM('',(#3355),#1801);
#292=STYLED_ITEM('',(#3355),#1802);
#293=STYLED_ITEM('',(#3355),#1803);
#294=STYLED_ITEM('',(#3355),#1804);
#295=STYLED_ITEM('',(#3355),#1805);
#296=STYLED_ITEM('',(#3355),#1806);
#297=STYLED_ITEM('',(#3355),#1807);
#298=STYLED_ITEM('',(#3355),#1808);
#299=STYLED_ITEM('',(#3355),#1809);
#300=STYLED_ITEM('',(#3355),#1810);
#301=STYLED_ITEM('',(#3355),#1811);
#302=STYLED_ITEM('',(#3355),#1812);
#303=STYLED_ITEM('',(#3355),#1813);
#304=STYLED_ITEM('',(#3355),#1814);
#305=STYLED_ITEM('',(#3355),#1815);
#306=STYLED_ITEM('',(#3355),#1816);
#307=STYLED_ITEM('',(#3355),#1817);
#308=STYLED_ITEM('',(#3355),#1818);
#309=STYLED_ITEM('',(#3355),#1819);
#310=STYLED_ITEM('',(#3355),#1820);
#311=STYLED_ITEM('',(#3355),#1821);
#312=STYLED_ITEM('',(#3355),#1822);
#313=STYLED_ITEM('',(#3355),#1823);
#314=STYLED_ITEM('',(#3355),#1824);
#315=STYLED_ITEM('',(#3355),#1825);
#316=STYLED_ITEM('',(#3355),#1826);
#317=STYLED_ITEM('',(#3355),#1827);
#318=STYLED_ITEM('',(#3355),#1828);
#319=STYLED_ITEM('',(#3355),#1829);
#320=STYLED_ITEM('',(#3355),#1830);
#321=STYLED_ITEM('',(#3355),#1831);
#322=STYLED_ITEM('',(#3355),#1832);
#323=STYLED_ITEM('',(#3355),#1833);
#324=STYLED_ITEM('',(#3355),#1834);
#325=STYLED_ITEM('',(#3355),#1835);
#326=STYLED_ITEM('',(#3355),#1836);
#327=STYLED_ITEM('',(#3355),#1837);
#328=STYLED_ITEM('',(#3355),#1838);
#329=STYLED_ITEM('',(#3352),#13);
#330=FACE_OUTER_BOUND('',#438,.T.);
#331=FACE_OUTER_BOUND('',#439,.T.);
#332=FACE_OUTER_BOUND('',#441,.T.);
#333=FACE_OUTER_BOUND('',#442,.T.);
#334=FACE_OUTER_BOUND('',#443,.T.);
#335=FACE_OUTER_BOUND('',#444,.T.);
#336=FACE_OUTER_BOUND('',#445,.T.);
#337=FACE_OUTER_BOUND('',#446,.T.);
#338=FACE_OUTER_BOUND('',#547,.T.);
#339=FACE_OUTER_BOUND('',#548,.T.);
#340=FACE_OUTER_BOUND('',#549,.T.);
#341=FACE_OUTER_BOUND('',#550,.T.);
#342=FACE_OUTER_BOUND('',#551,.T.);
#343=FACE_OUTER_BOUND('',#552,.T.);
#344=FACE_OUTER_BOUND('',#553,.T.);
#345=FACE_OUTER_BOUND('',#554,.T.);
#346=FACE_OUTER_BOUND('',#555,.T.);
#347=FACE_OUTER_BOUND('',#556,.T.);
#348=FACE_OUTER_BOUND('',#557,.T.);
#349=FACE_OUTER_BOUND('',#558,.T.);
#350=FACE_OUTER_BOUND('',#559,.T.);
#351=FACE_OUTER_BOUND('',#560,.T.);
#352=FACE_OUTER_BOUND('',#561,.T.);
#353=FACE_OUTER_BOUND('',#562,.T.);
#354=FACE_OUTER_BOUND('',#563,.T.);
#355=FACE_OUTER_BOUND('',#564,.T.);
#356=FACE_OUTER_BOUND('',#565,.T.);
#357=FACE_OUTER_BOUND('',#566,.T.);
#358=FACE_OUTER_BOUND('',#567,.T.);
#359=FACE_OUTER_BOUND('',#568,.T.);
#360=FACE_OUTER_BOUND('',#569,.T.);
#361=FACE_OUTER_BOUND('',#570,.T.);
#362=FACE_OUTER_BOUND('',#571,.T.);
#363=FACE_OUTER_BOUND('',#572,.T.);
#364=FACE_OUTER_BOUND('',#573,.T.);
#365=FACE_OUTER_BOUND('',#574,.T.);
#366=FACE_OUTER_BOUND('',#575,.T.);
#367=FACE_OUTER_BOUND('',#576,.T.);
#368=FACE_OUTER_BOUND('',#577,.T.);
#369=FACE_OUTER_BOUND('',#578,.T.);
#370=FACE_OUTER_BOUND('',#579,.T.);
#371=FACE_OUTER_BOUND('',#580,.T.);
#372=FACE_OUTER_BOUND('',#581,.T.);
#373=FACE_OUTER_BOUND('',#582,.T.);
#374=FACE_OUTER_BOUND('',#583,.T.);
#375=FACE_OUTER_BOUND('',#584,.T.);
#376=FACE_OUTER_BOUND('',#585,.T.);
#377=FACE_OUTER_BOUND('',#586,.T.);
#378=FACE_OUTER_BOUND('',#587,.T.);
#379=FACE_OUTER_BOUND('',#588,.T.);
#380=FACE_OUTER_BOUND('',#589,.T.);
#381=FACE_OUTER_BOUND('',#590,.T.);
#382=FACE_OUTER_BOUND('',#591,.T.);
#383=FACE_OUTER_BOUND('',#592,.T.);
#384=FACE_OUTER_BOUND('',#593,.T.);
#385=FACE_OUTER_BOUND('',#594,.T.);
#386=FACE_OUTER_BOUND('',#595,.T.);
#387=FACE_OUTER_BOUND('',#596,.T.);
#388=FACE_OUTER_BOUND('',#597,.T.);
#389=FACE_OUTER_BOUND('',#598,.T.);
#390=FACE_OUTER_BOUND('',#599,.T.);
#391=FACE_OUTER_BOUND('',#600,.T.);
#392=FACE_OUTER_BOUND('',#601,.T.);
#393=FACE_OUTER_BOUND('',#602,.T.);
#394=FACE_OUTER_BOUND('',#603,.T.);
#395=FACE_OUTER_BOUND('',#604,.T.);
#396=FACE_OUTER_BOUND('',#605,.T.);
#397=FACE_OUTER_BOUND('',#606,.T.);
#398=FACE_OUTER_BOUND('',#607,.T.);
#399=FACE_OUTER_BOUND('',#608,.T.);
#400=FACE_OUTER_BOUND('',#609,.T.);
#401=FACE_OUTER_BOUND('',#610,.T.);
#402=FACE_OUTER_BOUND('',#611,.T.);
#403=FACE_OUTER_BOUND('',#612,.T.);
#404=FACE_OUTER_BOUND('',#613,.T.);
#405=FACE_OUTER_BOUND('',#614,.T.);
#406=FACE_OUTER_BOUND('',#615,.T.);
#407=FACE_OUTER_BOUND('',#616,.T.);
#408=FACE_OUTER_BOUND('',#617,.T.);
#409=FACE_OUTER_BOUND('',#618,.T.);
#410=FACE_OUTER_BOUND('',#619,.T.);
#411=FACE_OUTER_BOUND('',#620,.T.);
#412=FACE_OUTER_BOUND('',#621,.T.);
#413=FACE_OUTER_BOUND('',#622,.T.);
#414=FACE_OUTER_BOUND('',#623,.T.);
#415=FACE_OUTER_BOUND('',#624,.T.);
#416=FACE_OUTER_BOUND('',#625,.T.);
#417=FACE_OUTER_BOUND('',#626,.T.);
#418=FACE_OUTER_BOUND('',#627,.T.);
#419=FACE_OUTER_BOUND('',#628,.T.);
#420=FACE_OUTER_BOUND('',#629,.T.);
#421=FACE_OUTER_BOUND('',#630,.T.);
#422=FACE_OUTER_BOUND('',#631,.T.);
#423=FACE_OUTER_BOUND('',#632,.T.);
#424=FACE_OUTER_BOUND('',#633,.T.);
#425=FACE_OUTER_BOUND('',#634,.T.);
#426=FACE_OUTER_BOUND('',#635,.T.);
#427=FACE_OUTER_BOUND('',#636,.T.);
#428=FACE_OUTER_BOUND('',#637,.T.);
#429=FACE_OUTER_BOUND('',#638,.T.);
#430=FACE_OUTER_BOUND('',#639,.T.);
#431=FACE_OUTER_BOUND('',#640,.T.);
#432=FACE_OUTER_BOUND('',#641,.T.);
#433=FACE_OUTER_BOUND('',#642,.T.);
#434=FACE_OUTER_BOUND('',#643,.T.);
#435=FACE_OUTER_BOUND('',#644,.T.);
#436=FACE_OUTER_BOUND('',#645,.T.);
#437=FACE_OUTER_BOUND('',#646,.T.);
#438=EDGE_LOOP('',(#1300,#1301,#1302,#1303));
#439=EDGE_LOOP('',(#1304,#1305,#1306,#1307));
#440=EDGE_LOOP('',(#1308));
#441=EDGE_LOOP('',(#1309,#1310,#1311,#1312));
#442=EDGE_LOOP('',(#1313,#1314,#1315,#1316));
#443=EDGE_LOOP('',(#1317));
#444=EDGE_LOOP('',(#1318,#1319,#1320,#1321));
#445=EDGE_LOOP('',(#1322,#1323,#1324,#1325));
#446=EDGE_LOOP('',(#1326,#1327,#1328,#1329));
#447=EDGE_LOOP('',(#1330));
#448=EDGE_LOOP('',(#1331));
#449=EDGE_LOOP('',(#1332));
#450=EDGE_LOOP('',(#1333));
#451=EDGE_LOOP('',(#1334));
#452=EDGE_LOOP('',(#1335));
#453=EDGE_LOOP('',(#1336));
#454=EDGE_LOOP('',(#1337));
#455=EDGE_LOOP('',(#1338));
#456=EDGE_LOOP('',(#1339));
#457=EDGE_LOOP('',(#1340));
#458=EDGE_LOOP('',(#1341));
#459=EDGE_LOOP('',(#1342));
#460=EDGE_LOOP('',(#1343));
#461=EDGE_LOOP('',(#1344));
#462=EDGE_LOOP('',(#1345));
#463=EDGE_LOOP('',(#1346));
#464=EDGE_LOOP('',(#1347));
#465=EDGE_LOOP('',(#1348));
#466=EDGE_LOOP('',(#1349));
#467=EDGE_LOOP('',(#1350));
#468=EDGE_LOOP('',(#1351));
#469=EDGE_LOOP('',(#1352));
#470=EDGE_LOOP('',(#1353));
#471=EDGE_LOOP('',(#1354));
#472=EDGE_LOOP('',(#1355));
#473=EDGE_LOOP('',(#1356));
#474=EDGE_LOOP('',(#1357));
#475=EDGE_LOOP('',(#1358));
#476=EDGE_LOOP('',(#1359));
#477=EDGE_LOOP('',(#1360));
#478=EDGE_LOOP('',(#1361));
#479=EDGE_LOOP('',(#1362));
#480=EDGE_LOOP('',(#1363));
#481=EDGE_LOOP('',(#1364));
#482=EDGE_LOOP('',(#1365));
#483=EDGE_LOOP('',(#1366));
#484=EDGE_LOOP('',(#1367));
#485=EDGE_LOOP('',(#1368));
#486=EDGE_LOOP('',(#1369));
#487=EDGE_LOOP('',(#1370));
#488=EDGE_LOOP('',(#1371));
#489=EDGE_LOOP('',(#1372));
#490=EDGE_LOOP('',(#1373));
#491=EDGE_LOOP('',(#1374));
#492=EDGE_LOOP('',(#1375));
#493=EDGE_LOOP('',(#1376));
#494=EDGE_LOOP('',(#1377));
#495=EDGE_LOOP('',(#1378));
#496=EDGE_LOOP('',(#1379));
#497=EDGE_LOOP('',(#1380));
#498=EDGE_LOOP('',(#1381));
#499=EDGE_LOOP('',(#1382));
#500=EDGE_LOOP('',(#1383));
#501=EDGE_LOOP('',(#1384));
#502=EDGE_LOOP('',(#1385));
#503=EDGE_LOOP('',(#1386));
#504=EDGE_LOOP('',(#1387));
#505=EDGE_LOOP('',(#1388));
#506=EDGE_LOOP('',(#1389));
#507=EDGE_LOOP('',(#1390));
#508=EDGE_LOOP('',(#1391));
#509=EDGE_LOOP('',(#1392));
#510=EDGE_LOOP('',(#1393));
#511=EDGE_LOOP('',(#1394));
#512=EDGE_LOOP('',(#1395));
#513=EDGE_LOOP('',(#1396));
#514=EDGE_LOOP('',(#1397));
#515=EDGE_LOOP('',(#1398));
#516=EDGE_LOOP('',(#1399));
#517=EDGE_LOOP('',(#1400));
#518=EDGE_LOOP('',(#1401));
#519=EDGE_LOOP('',(#1402));
#520=EDGE_LOOP('',(#1403));
#521=EDGE_LOOP('',(#1404));
#522=EDGE_LOOP('',(#1405));
#523=EDGE_LOOP('',(#1406));
#524=EDGE_LOOP('',(#1407));
#525=EDGE_LOOP('',(#1408));
#526=EDGE_LOOP('',(#1409));
#527=EDGE_LOOP('',(#1410));
#528=EDGE_LOOP('',(#1411));
#529=EDGE_LOOP('',(#1412));
#530=EDGE_LOOP('',(#1413));
#531=EDGE_LOOP('',(#1414));
#532=EDGE_LOOP('',(#1415));
#533=EDGE_LOOP('',(#1416));
#534=EDGE_LOOP('',(#1417));
#535=EDGE_LOOP('',(#1418));
#536=EDGE_LOOP('',(#1419));
#537=EDGE_LOOP('',(#1420));
#538=EDGE_LOOP('',(#1421));
#539=EDGE_LOOP('',(#1422));
#540=EDGE_LOOP('',(#1423));
#541=EDGE_LOOP('',(#1424));
#542=EDGE_LOOP('',(#1425));
#543=EDGE_LOOP('',(#1426));
#544=EDGE_LOOP('',(#1427));
#545=EDGE_LOOP('',(#1428));
#546=EDGE_LOOP('',(#1429));
#547=EDGE_LOOP('',(#1430,#1431,#1432));
#548=EDGE_LOOP('',(#1433,#1434,#1435));
#549=EDGE_LOOP('',(#1436,#1437,#1438));
#550=EDGE_LOOP('',(#1439,#1440,#1441));
#551=EDGE_LOOP('',(#1442,#1443,#1444));
#552=EDGE_LOOP('',(#1445,#1446,#1447));
#553=EDGE_LOOP('',(#1448,#1449,#1450));
#554=EDGE_LOOP('',(#1451,#1452,#1453));
#555=EDGE_LOOP('',(#1454,#1455,#1456));
#556=EDGE_LOOP('',(#1457,#1458,#1459));
#557=EDGE_LOOP('',(#1460,#1461,#1462));
#558=EDGE_LOOP('',(#1463,#1464,#1465));
#559=EDGE_LOOP('',(#1466,#1467,#1468));
#560=EDGE_LOOP('',(#1469,#1470,#1471));
#561=EDGE_LOOP('',(#1472,#1473,#1474));
#562=EDGE_LOOP('',(#1475,#1476,#1477));
#563=EDGE_LOOP('',(#1478,#1479,#1480));
#564=EDGE_LOOP('',(#1481,#1482,#1483));
#565=EDGE_LOOP('',(#1484,#1485,#1486));
#566=EDGE_LOOP('',(#1487,#1488,#1489));
#567=EDGE_LOOP('',(#1490,#1491,#1492));
#568=EDGE_LOOP('',(#1493,#1494,#1495));
#569=EDGE_LOOP('',(#1496,#1497,#1498));
#570=EDGE_LOOP('',(#1499,#1500,#1501));
#571=EDGE_LOOP('',(#1502,#1503,#1504));
#572=EDGE_LOOP('',(#1505,#1506,#1507));
#573=EDGE_LOOP('',(#1508,#1509,#1510));
#574=EDGE_LOOP('',(#1511,#1512,#1513));
#575=EDGE_LOOP('',(#1514,#1515,#1516));
#576=EDGE_LOOP('',(#1517,#1518,#1519));
#577=EDGE_LOOP('',(#1520,#1521,#1522));
#578=EDGE_LOOP('',(#1523,#1524,#1525));
#579=EDGE_LOOP('',(#1526,#1527,#1528));
#580=EDGE_LOOP('',(#1529,#1530,#1531));
#581=EDGE_LOOP('',(#1532,#1533,#1534));
#582=EDGE_LOOP('',(#1535,#1536,#1537));
#583=EDGE_LOOP('',(#1538,#1539,#1540));
#584=EDGE_LOOP('',(#1541,#1542,#1543));
#585=EDGE_LOOP('',(#1544,#1545,#1546));
#586=EDGE_LOOP('',(#1547,#1548,#1549));
#587=EDGE_LOOP('',(#1550,#1551,#1552));
#588=EDGE_LOOP('',(#1553,#1554,#1555));
#589=EDGE_LOOP('',(#1556,#1557,#1558));
#590=EDGE_LOOP('',(#1559,#1560,#1561));
#591=EDGE_LOOP('',(#1562,#1563,#1564));
#592=EDGE_LOOP('',(#1565,#1566,#1567));
#593=EDGE_LOOP('',(#1568,#1569,#1570));
#594=EDGE_LOOP('',(#1571,#1572,#1573));
#595=EDGE_LOOP('',(#1574,#1575,#1576));
#596=EDGE_LOOP('',(#1577,#1578,#1579));
#597=EDGE_LOOP('',(#1580,#1581,#1582));
#598=EDGE_LOOP('',(#1583,#1584,#1585));
#599=EDGE_LOOP('',(#1586,#1587,#1588));
#600=EDGE_LOOP('',(#1589,#1590,#1591));
#601=EDGE_LOOP('',(#1592,#1593,#1594));
#602=EDGE_LOOP('',(#1595,#1596,#1597));
#603=EDGE_LOOP('',(#1598,#1599,#1600));
#604=EDGE_LOOP('',(#1601,#1602,#1603));
#605=EDGE_LOOP('',(#1604,#1605,#1606));
#606=EDGE_LOOP('',(#1607,#1608,#1609));
#607=EDGE_LOOP('',(#1610,#1611,#1612));
#608=EDGE_LOOP('',(#1613,#1614,#1615));
#609=EDGE_LOOP('',(#1616,#1617,#1618));
#610=EDGE_LOOP('',(#1619,#1620,#1621));
#611=EDGE_LOOP('',(#1622,#1623,#1624));
#612=EDGE_LOOP('',(#1625,#1626,#1627));
#613=EDGE_LOOP('',(#1628,#1629,#1630));
#614=EDGE_LOOP('',(#1631,#1632,#1633));
#615=EDGE_LOOP('',(#1634,#1635,#1636));
#616=EDGE_LOOP('',(#1637,#1638,#1639));
#617=EDGE_LOOP('',(#1640,#1641,#1642));
#618=EDGE_LOOP('',(#1643,#1644,#1645));
#619=EDGE_LOOP('',(#1646,#1647,#1648));
#620=EDGE_LOOP('',(#1649,#1650,#1651));
#621=EDGE_LOOP('',(#1652,#1653,#1654));
#622=EDGE_LOOP('',(#1655,#1656,#1657));
#623=EDGE_LOOP('',(#1658,#1659,#1660));
#624=EDGE_LOOP('',(#1661,#1662,#1663));
#625=EDGE_LOOP('',(#1664,#1665,#1666));
#626=EDGE_LOOP('',(#1667,#1668,#1669));
#627=EDGE_LOOP('',(#1670,#1671,#1672));
#628=EDGE_LOOP('',(#1673,#1674,#1675));
#629=EDGE_LOOP('',(#1676,#1677,#1678));
#630=EDGE_LOOP('',(#1679,#1680,#1681));
#631=EDGE_LOOP('',(#1682,#1683,#1684));
#632=EDGE_LOOP('',(#1685,#1686,#1687));
#633=EDGE_LOOP('',(#1688,#1689,#1690));
#634=EDGE_LOOP('',(#1691,#1692,#1693));
#635=EDGE_LOOP('',(#1694,#1695,#1696));
#636=EDGE_LOOP('',(#1697,#1698,#1699));
#637=EDGE_LOOP('',(#1700,#1701,#1702));
#638=EDGE_LOOP('',(#1703,#1704,#1705));
#639=EDGE_LOOP('',(#1706,#1707,#1708));
#640=EDGE_LOOP('',(#1709,#1710,#1711));
#641=EDGE_LOOP('',(#1712,#1713,#1714));
#642=EDGE_LOOP('',(#1715,#1716,#1717));
#643=EDGE_LOOP('',(#1718,#1719,#1720));
#644=EDGE_LOOP('',(#1721,#1722,#1723));
#645=EDGE_LOOP('',(#1724,#1725,#1726));
#646=EDGE_LOOP('',(#1727,#1728,#1729));
#647=LINE('',#2803,#660);
#648=LINE('',#2808,#661);
#649=LINE('',#2810,#662);
#650=LINE('',#2812,#663);
#651=LINE('',#2813,#664);
#652=LINE('',#2816,#665);
#653=LINE('',#2818,#666);
#654=LINE('',#2819,#667);
#655=LINE('',#2822,#668);
#656=LINE('',#2823,#669);
#657=LINE('',#2827,#670);
#658=LINE('',#2828,#671);
#659=LINE('',#2830,#672);
#660=VECTOR('',#2169,0.3);
#661=VECTOR('',#2174,10.);
#662=VECTOR('',#2175,10.);
#663=VECTOR('',#2176,10.);
#664=VECTOR('',#2177,10.);
#665=VECTOR('',#2180,1.);
#666=VECTOR('',#2181,1.);
#667=VECTOR('',#2182,1.);
#668=VECTOR('',#2185,1.);
#669=VECTOR('',#2186,1.);
#670=VECTOR('',#2191,1.);
#671=VECTOR('',#2192,1.);
#672=VECTOR('',#2195,1.);
#673=CIRCLE('',#1854,0.3);
#674=CIRCLE('',#1855,0.3);
#675=CIRCLE('',#1863,0.149352770312);
#676=CIRCLE('',#1864,0.149352770312);
#677=CIRCLE('',#1865,0.149352770312);
#678=CIRCLE('',#1866,0.149352770312);
#679=CIRCLE('',#1867,0.149352770312);
#680=CIRCLE('',#1868,0.149352770312);
#681=CIRCLE('',#1869,0.149352770312);
#682=CIRCLE('',#1870,0.149352770312);
#683=CIRCLE('',#1871,0.149352770312);
#684=CIRCLE('',#1872,0.149352770312);
#685=CIRCLE('',#1873,0.149352770312);
#686=CIRCLE('',#1874,0.149352770312);
#687=CIRCLE('',#1875,0.149352770312);
#688=CIRCLE('',#1876,0.149352770312);
#689=CIRCLE('',#1877,0.149352770312);
#690=CIRCLE('',#1878,0.149352770312);
#691=CIRCLE('',#1879,0.149352770312);
#692=CIRCLE('',#1880,0.149352770312);
#693=CIRCLE('',#1881,0.149352770312);
#694=CIRCLE('',#1882,0.149352770312);
#695=CIRCLE('',#1883,0.149352770312);
#696=CIRCLE('',#1884,0.149352770312);
#697=CIRCLE('',#1885,0.149352770312);
#698=CIRCLE('',#1886,0.149352770312);
#699=CIRCLE('',#1887,0.149352770312);
#700=CIRCLE('',#1888,0.149352770312);
#701=CIRCLE('',#1889,0.149352770312);
#702=CIRCLE('',#1890,0.149352770312);
#703=CIRCLE('',#1891,0.149352770312);
#704=CIRCLE('',#1892,0.149352770312);
#705=CIRCLE('',#1893,0.149352770312);
#706=CIRCLE('',#1894,0.149352770312);
#707=CIRCLE('',#1895,0.149352770312);
#708=CIRCLE('',#1896,0.149352770312);
#709=CIRCLE('',#1897,0.149352770312);
#710=CIRCLE('',#1898,0.149352770312);
#711=CIRCLE('',#1899,0.149352770312);
#712=CIRCLE('',#1900,0.149352770312);
#713=CIRCLE('',#1901,0.149352770312);
#714=CIRCLE('',#1902,0.149352770312);
#715=CIRCLE('',#1903,0.149352770312);
#716=CIRCLE('',#1904,0.149352770312);
#717=CIRCLE('',#1905,0.149352770312);
#718=CIRCLE('',#1906,0.149352770312);
#719=CIRCLE('',#1907,0.149352770312);
#720=CIRCLE('',#1908,0.149352770312);
#721=CIRCLE('',#1909,0.149352770312);
#722=CIRCLE('',#1910,0.149352770312);
#723=CIRCLE('',#1911,0.149352770312);
#724=CIRCLE('',#1912,0.149352770312);
#725=CIRCLE('',#1913,0.149352770312);
#726=CIRCLE('',#1914,0.149352770312);
#727=CIRCLE('',#1915,0.149352770312);
#728=CIRCLE('',#1916,0.149352770312);
#729=CIRCLE('',#1917,0.149352770312);
#730=CIRCLE('',#1918,0.149352770312);
#731=CIRCLE('',#1919,0.149352770312);
#732=CIRCLE('',#1920,0.149352770312);
#733=CIRCLE('',#1921,0.149352770312);
#734=CIRCLE('',#1922,0.149352770312);
#735=CIRCLE('',#1923,0.149352770312);
#736=CIRCLE('',#1924,0.149352770312);
#737=CIRCLE('',#1925,0.149352770312);
#738=CIRCLE('',#1926,0.149352770312);
#739=CIRCLE('',#1927,0.149352770312);
#740=CIRCLE('',#1928,0.149352770312);
#741=CIRCLE('',#1929,0.149352770312);
#742=CIRCLE('',#1930,0.149352770312);
#743=CIRCLE('',#1931,0.149352770312);
#744=CIRCLE('',#1932,0.149352770312);
#745=CIRCLE('',#1933,0.149352770312);
#746=CIRCLE('',#1934,0.149352770312);
#747=CIRCLE('',#1935,0.149352770312);
#748=CIRCLE('',#1936,0.149352770312);
#749=CIRCLE('',#1937,0.149352770312);
#750=CIRCLE('',#1938,0.149352770312);
#751=CIRCLE('',#1939,0.149352770312);
#752=CIRCLE('',#1940,0.149352770312);
#753=CIRCLE('',#1941,0.149352770312);
#754=CIRCLE('',#1942,0.149352770312);
#755=CIRCLE('',#1943,0.149352770312);
#756=CIRCLE('',#1944,0.149352770312);
#757=CIRCLE('',#1945,0.149352770312);
#758=CIRCLE('',#1946,0.149352770312);
#759=CIRCLE('',#1947,0.149352770312);
#760=CIRCLE('',#1948,0.149352770312);
#761=CIRCLE('',#1949,0.149352770312);
#762=CIRCLE('',#1950,0.149352770312);
#763=CIRCLE('',#1951,0.149352770312);
#764=CIRCLE('',#1952,0.149352770312);
#765=CIRCLE('',#1953,0.149352770312);
#766=CIRCLE('',#1954,0.149352770312);
#767=CIRCLE('',#1955,0.149352770312);
#768=CIRCLE('',#1956,0.149352770312);
#769=CIRCLE('',#1957,0.149352770312);
#770=CIRCLE('',#1958,0.149352770312);
#771=CIRCLE('',#1959,0.149352770312);
#772=CIRCLE('',#1960,0.149352770312);
#773=CIRCLE('',#1961,0.149352770312);
#774=CIRCLE('',#1962,0.149352770312);
#775=CIRCLE('',#1964,0.1575);
#776=CIRCLE('',#1966,0.1575);
#777=CIRCLE('',#1968,0.1575);
#778=CIRCLE('',#1970,0.1575);
#779=CIRCLE('',#1972,0.1575);
#780=CIRCLE('',#1974,0.1575);
#781=CIRCLE('',#1976,0.1575);
#782=CIRCLE('',#1978,0.1575);
#783=CIRCLE('',#1980,0.1575);
#784=CIRCLE('',#1982,0.1575);
#785=CIRCLE('',#1984,0.1575);
#786=CIRCLE('',#1986,0.1575);
#787=CIRCLE('',#1988,0.1575);
#788=CIRCLE('',#1990,0.1575);
#789=CIRCLE('',#1992,0.1575);
#790=CIRCLE('',#1994,0.1575);
#791=CIRCLE('',#1996,0.1575);
#792=CIRCLE('',#1998,0.1575);
#793=CIRCLE('',#2000,0.1575);
#794=CIRCLE('',#2002,0.1575);
#795=CIRCLE('',#2004,0.1575);
#796=CIRCLE('',#2006,0.1575);
#797=CIRCLE('',#2008,0.1575);
#798=CIRCLE('',#2010,0.1575);
#799=CIRCLE('',#2012,0.1575);
#800=CIRCLE('',#2014,0.1575);
#801=CIRCLE('',#2016,0.1575);
#802=CIRCLE('',#2018,0.1575);
#803=CIRCLE('',#2020,0.1575);
#804=CIRCLE('',#2022,0.1575);
#805=CIRCLE('',#2024,0.1575);
#806=CIRCLE('',#2026,0.1575);
#807=CIRCLE('',#2028,0.1575);
#808=CIRCLE('',#2030,0.1575);
#809=CIRCLE('',#2032,0.1575);
#810=CIRCLE('',#2034,0.1575);
#811=CIRCLE('',#2036,0.1575);
#812=CIRCLE('',#2038,0.1575);
#813=CIRCLE('',#2040,0.1575);
#814=CIRCLE('',#2042,0.1575);
#815=CIRCLE('',#2044,0.1575);
#816=CIRCLE('',#2046,0.1575);
#817=CIRCLE('',#2048,0.1575);
#818=CIRCLE('',#2050,0.1575);
#819=CIRCLE('',#2052,0.1575);
#820=CIRCLE('',#2054,0.1575);
#821=CIRCLE('',#2056,0.1575);
#822=CIRCLE('',#2058,0.1575);
#823=CIRCLE('',#2060,0.1575);
#824=CIRCLE('',#2062,0.1575);
#825=CIRCLE('',#2064,0.1575);
#826=CIRCLE('',#2066,0.1575);
#827=CIRCLE('',#2068,0.1575);
#828=CIRCLE('',#2070,0.1575);
#829=CIRCLE('',#2072,0.1575);
#830=CIRCLE('',#2074,0.1575);
#831=CIRCLE('',#2076,0.1575);
#832=CIRCLE('',#2078,0.1575);
#833=CIRCLE('',#2080,0.1575);
#834=CIRCLE('',#2082,0.1575);
#835=CIRCLE('',#2084,0.1575);
#836=CIRCLE('',#2086,0.1575);
#837=CIRCLE('',#2088,0.1575);
#838=CIRCLE('',#2090,0.1575);
#839=CIRCLE('',#2092,0.1575);
#840=CIRCLE('',#2094,0.1575);
#841=CIRCLE('',#2096,0.1575);
#842=CIRCLE('',#2098,0.1575);
#843=CIRCLE('',#2100,0.1575);
#844=CIRCLE('',#2102,0.1575);
#845=CIRCLE('',#2104,0.1575);
#846=CIRCLE('',#2106,0.1575);
#847=CIRCLE('',#2108,0.1575);
#848=CIRCLE('',#2110,0.1575);
#849=CIRCLE('',#2112,0.1575);
#850=CIRCLE('',#2114,0.1575);
#851=CIRCLE('',#2116,0.1575);
#852=CIRCLE('',#2118,0.1575);
#853=CIRCLE('',#2120,0.1575);
#854=CIRCLE('',#2122,0.1575);
#855=CIRCLE('',#2124,0.1575);
#856=CIRCLE('',#2126,0.1575);
#857=CIRCLE('',#2128,0.1575);
#858=CIRCLE('',#2130,0.1575);
#859=CIRCLE('',#2132,0.1575);
#860=CIRCLE('',#2134,0.1575);
#861=CIRCLE('',#2136,0.1575);
#862=CIRCLE('',#2138,0.1575);
#863=CIRCLE('',#2140,0.1575);
#864=CIRCLE('',#2142,0.1575);
#865=CIRCLE('',#2144,0.1575);
#866=CIRCLE('',#2146,0.1575);
#867=CIRCLE('',#2148,0.1575);
#868=CIRCLE('',#2150,0.1575);
#869=CIRCLE('',#2152,0.1575);
#870=CIRCLE('',#2154,0.1575);
#871=CIRCLE('',#2156,0.1575);
#872=CIRCLE('',#2158,0.1575);
#873=CIRCLE('',#2160,0.1575);
#874=CIRCLE('',#2162,0.1575);
#875=VERTEX_POINT('',#2800);
#876=VERTEX_POINT('',#2802);
#877=VERTEX_POINT('',#2806);
#878=VERTEX_POINT('',#2807);
#879=VERTEX_POINT('',#2809);
#880=VERTEX_POINT('',#2811);
#881=VERTEX_POINT('',#2815);
#882=VERTEX_POINT('',#2817);
#883=VERTEX_POINT('',#2821);
#884=VERTEX_POINT('',#2826);
#885=VERTEX_POINT('',#2832);
#886=VERTEX_POINT('',#2834);
#887=VERTEX_POINT('',#2836);
#888=VERTEX_POINT('',#2838);
#889=VERTEX_POINT('',#2840);
#890=VERTEX_POINT('',#2842);
#891=VERTEX_POINT('',#2844);
#892=VERTEX_POINT('',#2846);
#893=VERTEX_POINT('',#2848);
#894=VERTEX_POINT('',#2850);
#895=VERTEX_POINT('',#2852);
#896=VERTEX_POINT('',#2854);
#897=VERTEX_POINT('',#2856);
#898=VERTEX_POINT('',#2858);
#899=VERTEX_POINT('',#2860);
#900=VERTEX_POINT('',#2862);
#901=VERTEX_POINT('',#2864);
#902=VERTEX_POINT('',#2866);
#903=VERTEX_POINT('',#2868);
#904=VERTEX_POINT('',#2870);
#905=VERTEX_POINT('',#2872);
#906=VERTEX_POINT('',#2874);
#907=VERTEX_POINT('',#2876);
#908=VERTEX_POINT('',#2878);
#909=VERTEX_POINT('',#2880);
#910=VERTEX_POINT('',#2882);
#911=VERTEX_POINT('',#2884);
#912=VERTEX_POINT('',#2886);
#913=VERTEX_POINT('',#2888);
#914=VERTEX_POINT('',#2890);
#915=VERTEX_POINT('',#2892);
#916=VERTEX_POINT('',#2894);
#917=VERTEX_POINT('',#2896);
#918=VERTEX_POINT('',#2898);
#919=VERTEX_POINT('',#2900);
#920=VERTEX_POINT('',#2902);
#921=VERTEX_POINT('',#2904);
#922=VERTEX_POINT('',#2906);
#923=VERTEX_POINT('',#2908);
#924=VERTEX_POINT('',#2910);
#925=VERTEX_POINT('',#2912);
#926=VERTEX_POINT('',#2914);
#927=VERTEX_POINT('',#2916);
#928=VERTEX_POINT('',#2918);
#929=VERTEX_POINT('',#2920);
#930=VERTEX_POINT('',#2922);
#931=VERTEX_POINT('',#2924);
#932=VERTEX_POINT('',#2926);
#933=VERTEX_POINT('',#2928);
#934=VERTEX_POINT('',#2930);
#935=VERTEX_POINT('',#2932);
#936=VERTEX_POINT('',#2934);
#937=VERTEX_POINT('',#2936);
#938=VERTEX_POINT('',#2938);
#939=VERTEX_POINT('',#2940);
#940=VERTEX_POINT('',#2942);
#941=VERTEX_POINT('',#2944);
#942=VERTEX_POINT('',#2946);
#943=VERTEX_POINT('',#2948);
#944=VERTEX_POINT('',#2950);
#945=VERTEX_POINT('',#2952);
#946=VERTEX_POINT('',#2954);
#947=VERTEX_POINT('',#2956);
#948=VERTEX_POINT('',#2958);
#949=VERTEX_POINT('',#2960);
#950=VERTEX_POINT('',#2962);
#951=VERTEX_POINT('',#2964);
#952=VERTEX_POINT('',#2966);
#953=VERTEX_POINT('',#2968);
#954=VERTEX_POINT('',#2970);
#955=VERTEX_POINT('',#2972);
#956=VERTEX_POINT('',#2974);
#957=VERTEX_POINT('',#2976);
#958=VERTEX_POINT('',#2978);
#959=VERTEX_POINT('',#2980);
#960=VERTEX_POINT('',#2982);
#961=VERTEX_POINT('',#2984);
#962=VERTEX_POINT('',#2986);
#963=VERTEX_POINT('',#2988);
#964=VERTEX_POINT('',#2990);
#965=VERTEX_POINT('',#2992);
#966=VERTEX_POINT('',#2994);
#967=VERTEX_POINT('',#2996);
#968=VERTEX_POINT('',#2998);
#969=VERTEX_POINT('',#3000);
#970=VERTEX_POINT('',#3002);
#971=VERTEX_POINT('',#3004);
#972=VERTEX_POINT('',#3006);
#973=VERTEX_POINT('',#3008);
#974=VERTEX_POINT('',#3010);
#975=VERTEX_POINT('',#3012);
#976=VERTEX_POINT('',#3014);
#977=VERTEX_POINT('',#3016);
#978=VERTEX_POINT('',#3018);
#979=VERTEX_POINT('',#3020);
#980=VERTEX_POINT('',#3022);
#981=VERTEX_POINT('',#3024);
#982=VERTEX_POINT('',#3026);
#983=VERTEX_POINT('',#3028);
#984=VERTEX_POINT('',#3030);
#985=VERTEX_POINT('',#3033);
#986=VERTEX_POINT('',#3036);
#987=VERTEX_POINT('',#3039);
#988=VERTEX_POINT('',#3042);
#989=VERTEX_POINT('',#3045);
#990=VERTEX_POINT('',#3048);
#991=VERTEX_POINT('',#3051);
#992=VERTEX_POINT('',#3054);
#993=VERTEX_POINT('',#3057);
#994=VERTEX_POINT('',#3060);
#995=VERTEX_POINT('',#3063);
#996=VERTEX_POINT('',#3066);
#997=VERTEX_POINT('',#3069);
#998=VERTEX_POINT('',#3072);
#999=VERTEX_POINT('',#3075);
#1000=VERTEX_POINT('',#3078);
#1001=VERTEX_POINT('',#3081);
#1002=VERTEX_POINT('',#3084);
#1003=VERTEX_POINT('',#3087);
#1004=VERTEX_POINT('',#3090);
#1005=VERTEX_POINT('',#3093);
#1006=VERTEX_POINT('',#3096);
#1007=VERTEX_POINT('',#3099);
#1008=VERTEX_POINT('',#3102);
#1009=VERTEX_POINT('',#3105);
#1010=VERTEX_POINT('',#3108);
#1011=VERTEX_POINT('',#3111);
#1012=VERTEX_POINT('',#3114);
#1013=VERTEX_POINT('',#3117);
#1014=VERTEX_POINT('',#3120);
#1015=VERTEX_POINT('',#3123);
#1016=VERTEX_POINT('',#3126);
#1017=VERTEX_POINT('',#3129);
#1018=VERTEX_POINT('',#3132);
#1019=VERTEX_POINT('',#3135);
#1020=VERTEX_POINT('',#3138);
#1021=VERTEX_POINT('',#3141);
#1022=VERTEX_POINT('',#3144);
#1023=VERTEX_POINT('',#3147);
#1024=VERTEX_POINT('',#3150);
#1025=VERTEX_POINT('',#3153);
#1026=VERTEX_POINT('',#3156);
#1027=VERTEX_POINT('',#3159);
#1028=VERTEX_POINT('',#3162);
#1029=VERTEX_POINT('',#3165);
#1030=VERTEX_POINT('',#3168);
#1031=VERTEX_POINT('',#3171);
#1032=VERTEX_POINT('',#3174);
#1033=VERTEX_POINT('',#3177);
#1034=VERTEX_POINT('',#3180);
#1035=VERTEX_POINT('',#3183);
#1036=VERTEX_POINT('',#3186);
#1037=VERTEX_POINT('',#3189);
#1038=VERTEX_POINT('',#3192);
#1039=VERTEX_POINT('',#3195);
#1040=VERTEX_POINT('',#3198);
#1041=VERTEX_POINT('',#3201);
#1042=VERTEX_POINT('',#3204);
#1043=VERTEX_POINT('',#3207);
#1044=VERTEX_POINT('',#3210);
#1045=VERTEX_POINT('',#3213);
#1046=VERTEX_POINT('',#3216);
#1047=VERTEX_POINT('',#3219);
#1048=VERTEX_POINT('',#3222);
#1049=VERTEX_POINT('',#3225);
#1050=VERTEX_POINT('',#3228);
#1051=VERTEX_POINT('',#3231);
#1052=VERTEX_POINT('',#3234);
#1053=VERTEX_POINT('',#3237);
#1054=VERTEX_POINT('',#3240);
#1055=VERTEX_POINT('',#3243);
#1056=VERTEX_POINT('',#3246);
#1057=VERTEX_POINT('',#3249);
#1058=VERTEX_POINT('',#3252);
#1059=VERTEX_POINT('',#3255);
#1060=VERTEX_POINT('',#3258);
#1061=VERTEX_POINT('',#3261);
#1062=VERTEX_POINT('',#3264);
#1063=VERTEX_POINT('',#3267);
#1064=VERTEX_POINT('',#3270);
#1065=VERTEX_POINT('',#3273);
#1066=VERTEX_POINT('',#3276);
#1067=VERTEX_POINT('',#3279);
#1068=VERTEX_POINT('',#3282);
#1069=VERTEX_POINT('',#3285);
#1070=VERTEX_POINT('',#3288);
#1071=VERTEX_POINT('',#3291);
#1072=VERTEX_POINT('',#3294);
#1073=VERTEX_POINT('',#3297);
#1074=VERTEX_POINT('',#3300);
#1075=VERTEX_POINT('',#3303);
#1076=VERTEX_POINT('',#3306);
#1077=VERTEX_POINT('',#3309);
#1078=VERTEX_POINT('',#3312);
#1079=VERTEX_POINT('',#3315);
#1080=VERTEX_POINT('',#3318);
#1081=VERTEX_POINT('',#3321);
#1082=VERTEX_POINT('',#3324);
#1083=VERTEX_POINT('',#3327);
#1084=VERTEX_POINT('',#3330);
#1085=EDGE_CURVE('',#875,#875,#673,.T.);
#1086=EDGE_CURVE('',#875,#876,#647,.T.);
#1087=EDGE_CURVE('',#876,#876,#674,.T.);
#1088=EDGE_CURVE('',#877,#878,#648,.T.);
#1089=EDGE_CURVE('',#879,#877,#649,.T.);
#1090=EDGE_CURVE('',#880,#879,#650,.T.);
#1091=EDGE_CURVE('',#878,#880,#651,.T.);
#1092=EDGE_CURVE('',#881,#880,#652,.T.);
#1093=EDGE_CURVE('',#882,#881,#653,.T.);
#1094=EDGE_CURVE('',#882,#878,#654,.T.);
#1095=EDGE_CURVE('',#883,#879,#655,.T.);
#1096=EDGE_CURVE('',#883,#881,#656,.T.);
#1097=EDGE_CURVE('',#884,#877,#657,.T.);
#1098=EDGE_CURVE('',#884,#883,#658,.T.);
#1099=EDGE_CURVE('',#884,#882,#659,.T.);
#1100=EDGE_CURVE('',#885,#885,#675,.T.);
#1101=EDGE_CURVE('',#886,#886,#676,.T.);
#1102=EDGE_CURVE('',#887,#887,#677,.T.);
#1103=EDGE_CURVE('',#888,#888,#678,.T.);
#1104=EDGE_CURVE('',#889,#889,#679,.T.);
#1105=EDGE_CURVE('',#890,#890,#680,.T.);
#1106=EDGE_CURVE('',#891,#891,#681,.T.);
#1107=EDGE_CURVE('',#892,#892,#682,.T.);
#1108=EDGE_CURVE('',#893,#893,#683,.T.);
#1109=EDGE_CURVE('',#894,#894,#684,.T.);
#1110=EDGE_CURVE('',#895,#895,#685,.T.);
#1111=EDGE_CURVE('',#896,#896,#686,.T.);
#1112=EDGE_CURVE('',#897,#897,#687,.T.);
#1113=EDGE_CURVE('',#898,#898,#688,.T.);
#1114=EDGE_CURVE('',#899,#899,#689,.T.);
#1115=EDGE_CURVE('',#900,#900,#690,.T.);
#1116=EDGE_CURVE('',#901,#901,#691,.T.);
#1117=EDGE_CURVE('',#902,#902,#692,.T.);
#1118=EDGE_CURVE('',#903,#903,#693,.T.);
#1119=EDGE_CURVE('',#904,#904,#694,.T.);
#1120=EDGE_CURVE('',#905,#905,#695,.T.);
#1121=EDGE_CURVE('',#906,#906,#696,.T.);
#1122=EDGE_CURVE('',#907,#907,#697,.T.);
#1123=EDGE_CURVE('',#908,#908,#698,.T.);
#1124=EDGE_CURVE('',#909,#909,#699,.T.);
#1125=EDGE_CURVE('',#910,#910,#700,.T.);
#1126=EDGE_CURVE('',#911,#911,#701,.T.);
#1127=EDGE_CURVE('',#912,#912,#702,.T.);
#1128=EDGE_CURVE('',#913,#913,#703,.T.);
#1129=EDGE_CURVE('',#914,#914,#704,.T.);
#1130=EDGE_CURVE('',#915,#915,#705,.T.);
#1131=EDGE_CURVE('',#916,#916,#706,.T.);
#1132=EDGE_CURVE('',#917,#917,#707,.T.);
#1133=EDGE_CURVE('',#918,#918,#708,.T.);
#1134=EDGE_CURVE('',#919,#919,#709,.T.);
#1135=EDGE_CURVE('',#920,#920,#710,.T.);
#1136=EDGE_CURVE('',#921,#921,#711,.T.);
#1137=EDGE_CURVE('',#922,#922,#712,.T.);
#1138=EDGE_CURVE('',#923,#923,#713,.T.);
#1139=EDGE_CURVE('',#924,#924,#714,.T.);
#1140=EDGE_CURVE('',#925,#925,#715,.T.);
#1141=EDGE_CURVE('',#926,#926,#716,.T.);
#1142=EDGE_CURVE('',#927,#927,#717,.T.);
#1143=EDGE_CURVE('',#928,#928,#718,.T.);
#1144=EDGE_CURVE('',#929,#929,#719,.T.);
#1145=EDGE_CURVE('',#930,#930,#720,.T.);
#1146=EDGE_CURVE('',#931,#931,#721,.T.);
#1147=EDGE_CURVE('',#932,#932,#722,.T.);
#1148=EDGE_CURVE('',#933,#933,#723,.T.);
#1149=EDGE_CURVE('',#934,#934,#724,.T.);
#1150=EDGE_CURVE('',#935,#935,#725,.T.);
#1151=EDGE_CURVE('',#936,#936,#726,.T.);
#1152=EDGE_CURVE('',#937,#937,#727,.T.);
#1153=EDGE_CURVE('',#938,#938,#728,.T.);
#1154=EDGE_CURVE('',#939,#939,#729,.T.);
#1155=EDGE_CURVE('',#940,#940,#730,.T.);
#1156=EDGE_CURVE('',#941,#941,#731,.T.);
#1157=EDGE_CURVE('',#942,#942,#732,.T.);
#1158=EDGE_CURVE('',#943,#943,#733,.T.);
#1159=EDGE_CURVE('',#944,#944,#734,.T.);
#1160=EDGE_CURVE('',#945,#945,#735,.T.);
#1161=EDGE_CURVE('',#946,#946,#736,.T.);
#1162=EDGE_CURVE('',#947,#947,#737,.T.);
#1163=EDGE_CURVE('',#948,#948,#738,.T.);
#1164=EDGE_CURVE('',#949,#949,#739,.T.);
#1165=EDGE_CURVE('',#950,#950,#740,.T.);
#1166=EDGE_CURVE('',#951,#951,#741,.T.);
#1167=EDGE_CURVE('',#952,#952,#742,.T.);
#1168=EDGE_CURVE('',#953,#953,#743,.T.);
#1169=EDGE_CURVE('',#954,#954,#744,.T.);
#1170=EDGE_CURVE('',#955,#955,#745,.T.);
#1171=EDGE_CURVE('',#956,#956,#746,.T.);
#1172=EDGE_CURVE('',#957,#957,#747,.T.);
#1173=EDGE_CURVE('',#958,#958,#748,.T.);
#1174=EDGE_CURVE('',#959,#959,#749,.T.);
#1175=EDGE_CURVE('',#960,#960,#750,.T.);
#1176=EDGE_CURVE('',#961,#961,#751,.T.);
#1177=EDGE_CURVE('',#962,#962,#752,.T.);
#1178=EDGE_CURVE('',#963,#963,#753,.T.);
#1179=EDGE_CURVE('',#964,#964,#754,.T.);
#1180=EDGE_CURVE('',#965,#965,#755,.T.);
#1181=EDGE_CURVE('',#966,#966,#756,.T.);
#1182=EDGE_CURVE('',#967,#967,#757,.T.);
#1183=EDGE_CURVE('',#968,#968,#758,.T.);
#1184=EDGE_CURVE('',#969,#969,#759,.T.);
#1185=EDGE_CURVE('',#970,#970,#760,.T.);
#1186=EDGE_CURVE('',#971,#971,#761,.T.);
#1187=EDGE_CURVE('',#972,#972,#762,.T.);
#1188=EDGE_CURVE('',#973,#973,#763,.T.);
#1189=EDGE_CURVE('',#974,#974,#764,.T.);
#1190=EDGE_CURVE('',#975,#975,#765,.T.);
#1191=EDGE_CURVE('',#976,#976,#766,.T.);
#1192=EDGE_CURVE('',#977,#977,#767,.T.);
#1193=EDGE_CURVE('',#978,#978,#768,.T.);
#1194=EDGE_CURVE('',#979,#979,#769,.T.);
#1195=EDGE_CURVE('',#980,#980,#770,.T.);
#1196=EDGE_CURVE('',#981,#981,#771,.T.);
#1197=EDGE_CURVE('',#982,#982,#772,.T.);
#1198=EDGE_CURVE('',#983,#983,#773,.T.);
#1199=EDGE_CURVE('',#984,#984,#774,.T.);
#1200=EDGE_CURVE('',#984,#985,#775,.T.);
#1201=EDGE_CURVE('',#983,#986,#776,.T.);
#1202=EDGE_CURVE('',#982,#987,#777,.T.);
#1203=EDGE_CURVE('',#981,#988,#778,.T.);
#1204=EDGE_CURVE('',#980,#989,#779,.T.);
#1205=EDGE_CURVE('',#979,#990,#780,.T.);
#1206=EDGE_CURVE('',#978,#991,#781,.T.);
#1207=EDGE_CURVE('',#977,#992,#782,.T.);
#1208=EDGE_CURVE('',#976,#993,#783,.T.);
#1209=EDGE_CURVE('',#975,#994,#784,.T.);
#1210=EDGE_CURVE('',#974,#995,#785,.T.);
#1211=EDGE_CURVE('',#973,#996,#786,.T.);
#1212=EDGE_CURVE('',#972,#997,#787,.T.);
#1213=EDGE_CURVE('',#971,#998,#788,.T.);
#1214=EDGE_CURVE('',#970,#999,#789,.T.);
#1215=EDGE_CURVE('',#969,#1000,#790,.T.);
#1216=EDGE_CURVE('',#968,#1001,#791,.T.);
#1217=EDGE_CURVE('',#967,#1002,#792,.T.);
#1218=EDGE_CURVE('',#966,#1003,#793,.T.);
#1219=EDGE_CURVE('',#965,#1004,#794,.T.);
#1220=EDGE_CURVE('',#964,#1005,#795,.T.);
#1221=EDGE_CURVE('',#963,#1006,#796,.T.);
#1222=EDGE_CURVE('',#962,#1007,#797,.T.);
#1223=EDGE_CURVE('',#961,#1008,#798,.T.);
#1224=EDGE_CURVE('',#960,#1009,#799,.T.);
#1225=EDGE_CURVE('',#959,#1010,#800,.T.);
#1226=EDGE_CURVE('',#958,#1011,#801,.T.);
#1227=EDGE_CURVE('',#957,#1012,#802,.T.);
#1228=EDGE_CURVE('',#956,#1013,#803,.T.);
#1229=EDGE_CURVE('',#955,#1014,#804,.T.);
#1230=EDGE_CURVE('',#954,#1015,#805,.T.);
#1231=EDGE_CURVE('',#953,#1016,#806,.T.);
#1232=EDGE_CURVE('',#952,#1017,#807,.T.);
#1233=EDGE_CURVE('',#951,#1018,#808,.T.);
#1234=EDGE_CURVE('',#950,#1019,#809,.T.);
#1235=EDGE_CURVE('',#949,#1020,#810,.T.);
#1236=EDGE_CURVE('',#948,#1021,#811,.T.);
#1237=EDGE_CURVE('',#947,#1022,#812,.T.);
#1238=EDGE_CURVE('',#946,#1023,#813,.T.);
#1239=EDGE_CURVE('',#945,#1024,#814,.T.);
#1240=EDGE_CURVE('',#944,#1025,#815,.T.);
#1241=EDGE_CURVE('',#943,#1026,#816,.T.);
#1242=EDGE_CURVE('',#942,#1027,#817,.T.);
#1243=EDGE_CURVE('',#941,#1028,#818,.T.);
#1244=EDGE_CURVE('',#940,#1029,#819,.T.);
#1245=EDGE_CURVE('',#939,#1030,#820,.T.);
#1246=EDGE_CURVE('',#938,#1031,#821,.T.);
#1247=EDGE_CURVE('',#937,#1032,#822,.T.);
#1248=EDGE_CURVE('',#936,#1033,#823,.T.);
#1249=EDGE_CURVE('',#935,#1034,#824,.T.);
#1250=EDGE_CURVE('',#934,#1035,#825,.T.);
#1251=EDGE_CURVE('',#933,#1036,#826,.T.);
#1252=EDGE_CURVE('',#932,#1037,#827,.T.);
#1253=EDGE_CURVE('',#931,#1038,#828,.T.);
#1254=EDGE_CURVE('',#930,#1039,#829,.T.);
#1255=EDGE_CURVE('',#929,#1040,#830,.T.);
#1256=EDGE_CURVE('',#928,#1041,#831,.T.);
#1257=EDGE_CURVE('',#927,#1042,#832,.T.);
#1258=EDGE_CURVE('',#926,#1043,#833,.T.);
#1259=EDGE_CURVE('',#925,#1044,#834,.T.);
#1260=EDGE_CURVE('',#924,#1045,#835,.T.);
#1261=EDGE_CURVE('',#923,#1046,#836,.T.);
#1262=EDGE_CURVE('',#922,#1047,#837,.T.);
#1263=EDGE_CURVE('',#921,#1048,#838,.T.);
#1264=EDGE_CURVE('',#920,#1049,#839,.T.);
#1265=EDGE_CURVE('',#919,#1050,#840,.T.);
#1266=EDGE_CURVE('',#918,#1051,#841,.T.);
#1267=EDGE_CURVE('',#917,#1052,#842,.T.);
#1268=EDGE_CURVE('',#916,#1053,#843,.T.);
#1269=EDGE_CURVE('',#915,#1054,#844,.T.);
#1270=EDGE_CURVE('',#914,#1055,#845,.T.);
#1271=EDGE_CURVE('',#913,#1056,#846,.T.);
#1272=EDGE_CURVE('',#912,#1057,#847,.T.);
#1273=EDGE_CURVE('',#911,#1058,#848,.T.);
#1274=EDGE_CURVE('',#910,#1059,#849,.T.);
#1275=EDGE_CURVE('',#909,#1060,#850,.T.);
#1276=EDGE_CURVE('',#908,#1061,#851,.T.);
#1277=EDGE_CURVE('',#907,#1062,#852,.T.);
#1278=EDGE_CURVE('',#906,#1063,#853,.T.);
#1279=EDGE_CURVE('',#905,#1064,#854,.T.);
#1280=EDGE_CURVE('',#904,#1065,#855,.T.);
#1281=EDGE_CURVE('',#903,#1066,#856,.T.);
#1282=EDGE_CURVE('',#902,#1067,#857,.T.);
#1283=EDGE_CURVE('',#901,#1068,#858,.T.);
#1284=EDGE_CURVE('',#900,#1069,#859,.T.);
#1285=EDGE_CURVE('',#899,#1070,#860,.T.);
#1286=EDGE_CURVE('',#898,#1071,#861,.T.);
#1287=EDGE_CURVE('',#897,#1072,#862,.T.);
#1288=EDGE_CURVE('',#896,#1073,#863,.T.);
#1289=EDGE_CURVE('',#895,#1074,#864,.T.);
#1290=EDGE_CURVE('',#894,#1075,#865,.T.);
#1291=EDGE_CURVE('',#893,#1076,#866,.T.);
#1292=EDGE_CURVE('',#892,#1077,#867,.T.);
#1293=EDGE_CURVE('',#891,#1078,#868,.T.);
#1294=EDGE_CURVE('',#890,#1079,#869,.T.);
#1295=EDGE_CURVE('',#889,#1080,#870,.T.);
#1296=EDGE_CURVE('',#888,#1081,#871,.T.);
#1297=EDGE_CURVE('',#887,#1082,#872,.T.);
#1298=EDGE_CURVE('',#886,#1083,#873,.T.);
#1299=EDGE_CURVE('',#885,#1084,#874,.T.);
#1300=ORIENTED_EDGE('',*,*,#1085,.T.);
#1301=ORIENTED_EDGE('',*,*,#1086,.T.);
#1302=ORIENTED_EDGE('',*,*,#1087,.T.);
#1303=ORIENTED_EDGE('',*,*,#1086,.F.);
#1304=ORIENTED_EDGE('',*,*,#1088,.F.);
#1305=ORIENTED_EDGE('',*,*,#1089,.F.);
#1306=ORIENTED_EDGE('',*,*,#1090,.F.);
#1307=ORIENTED_EDGE('',*,*,#1091,.F.);
#1308=ORIENTED_EDGE('',*,*,#1087,.F.);
#1309=ORIENTED_EDGE('',*,*,#1091,.T.);
#1310=ORIENTED_EDGE('',*,*,#1092,.F.);
#1311=ORIENTED_EDGE('',*,*,#1093,.F.);
#1312=ORIENTED_EDGE('',*,*,#1094,.T.);
#1313=ORIENTED_EDGE('',*,*,#1090,.T.);
#1314=ORIENTED_EDGE('',*,*,#1095,.F.);
#1315=ORIENTED_EDGE('',*,*,#1096,.T.);
#1316=ORIENTED_EDGE('',*,*,#1092,.T.);
#1317=ORIENTED_EDGE('',*,*,#1085,.F.);
#1318=ORIENTED_EDGE('',*,*,#1089,.T.);
#1319=ORIENTED_EDGE('',*,*,#1097,.F.);
#1320=ORIENTED_EDGE('',*,*,#1098,.T.);
#1321=ORIENTED_EDGE('',*,*,#1095,.T.);
#1322=ORIENTED_EDGE('',*,*,#1088,.T.);
#1323=ORIENTED_EDGE('',*,*,#1094,.F.);
#1324=ORIENTED_EDGE('',*,*,#1099,.F.);
#1325=ORIENTED_EDGE('',*,*,#1097,.T.);
#1326=ORIENTED_EDGE('',*,*,#1099,.T.);
#1327=ORIENTED_EDGE('',*,*,#1093,.T.);
#1328=ORIENTED_EDGE('',*,*,#1096,.F.);
#1329=ORIENTED_EDGE('',*,*,#1098,.F.);
#1330=ORIENTED_EDGE('',*,*,#1100,.T.);
#1331=ORIENTED_EDGE('',*,*,#1101,.T.);
#1332=ORIENTED_EDGE('',*,*,#1102,.T.);
#1333=ORIENTED_EDGE('',*,*,#1103,.T.);
#1334=ORIENTED_EDGE('',*,*,#1104,.T.);
#1335=ORIENTED_EDGE('',*,*,#1105,.T.);
#1336=ORIENTED_EDGE('',*,*,#1106,.T.);
#1337=ORIENTED_EDGE('',*,*,#1107,.T.);
#1338=ORIENTED_EDGE('',*,*,#1108,.T.);
#1339=ORIENTED_EDGE('',*,*,#1109,.T.);
#1340=ORIENTED_EDGE('',*,*,#1110,.T.);
#1341=ORIENTED_EDGE('',*,*,#1111,.T.);
#1342=ORIENTED_EDGE('',*,*,#1112,.T.);
#1343=ORIENTED_EDGE('',*,*,#1113,.T.);
#1344=ORIENTED_EDGE('',*,*,#1114,.T.);
#1345=ORIENTED_EDGE('',*,*,#1115,.T.);
#1346=ORIENTED_EDGE('',*,*,#1116,.T.);
#1347=ORIENTED_EDGE('',*,*,#1117,.T.);
#1348=ORIENTED_EDGE('',*,*,#1118,.T.);
#1349=ORIENTED_EDGE('',*,*,#1119,.T.);
#1350=ORIENTED_EDGE('',*,*,#1120,.T.);
#1351=ORIENTED_EDGE('',*,*,#1121,.T.);
#1352=ORIENTED_EDGE('',*,*,#1122,.T.);
#1353=ORIENTED_EDGE('',*,*,#1123,.T.);
#1354=ORIENTED_EDGE('',*,*,#1124,.T.);
#1355=ORIENTED_EDGE('',*,*,#1125,.T.);
#1356=ORIENTED_EDGE('',*,*,#1126,.T.);
#1357=ORIENTED_EDGE('',*,*,#1127,.T.);
#1358=ORIENTED_EDGE('',*,*,#1128,.T.);
#1359=ORIENTED_EDGE('',*,*,#1129,.T.);
#1360=ORIENTED_EDGE('',*,*,#1130,.T.);
#1361=ORIENTED_EDGE('',*,*,#1131,.T.);
#1362=ORIENTED_EDGE('',*,*,#1132,.T.);
#1363=ORIENTED_EDGE('',*,*,#1133,.T.);
#1364=ORIENTED_EDGE('',*,*,#1134,.T.);
#1365=ORIENTED_EDGE('',*,*,#1135,.T.);
#1366=ORIENTED_EDGE('',*,*,#1136,.T.);
#1367=ORIENTED_EDGE('',*,*,#1137,.T.);
#1368=ORIENTED_EDGE('',*,*,#1138,.T.);
#1369=ORIENTED_EDGE('',*,*,#1139,.T.);
#1370=ORIENTED_EDGE('',*,*,#1140,.T.);
#1371=ORIENTED_EDGE('',*,*,#1141,.T.);
#1372=ORIENTED_EDGE('',*,*,#1142,.T.);
#1373=ORIENTED_EDGE('',*,*,#1143,.T.);
#1374=ORIENTED_EDGE('',*,*,#1144,.T.);
#1375=ORIENTED_EDGE('',*,*,#1145,.T.);
#1376=ORIENTED_EDGE('',*,*,#1146,.T.);
#1377=ORIENTED_EDGE('',*,*,#1147,.T.);
#1378=ORIENTED_EDGE('',*,*,#1148,.T.);
#1379=ORIENTED_EDGE('',*,*,#1149,.T.);
#1380=ORIENTED_EDGE('',*,*,#1150,.T.);
#1381=ORIENTED_EDGE('',*,*,#1151,.T.);
#1382=ORIENTED_EDGE('',*,*,#1152,.T.);
#1383=ORIENTED_EDGE('',*,*,#1153,.T.);
#1384=ORIENTED_EDGE('',*,*,#1154,.T.);
#1385=ORIENTED_EDGE('',*,*,#1155,.T.);
#1386=ORIENTED_EDGE('',*,*,#1156,.T.);
#1387=ORIENTED_EDGE('',*,*,#1157,.T.);
#1388=ORIENTED_EDGE('',*,*,#1158,.T.);
#1389=ORIENTED_EDGE('',*,*,#1159,.T.);
#1390=ORIENTED_EDGE('',*,*,#1160,.T.);
#1391=ORIENTED_EDGE('',*,*,#1161,.T.);
#1392=ORIENTED_EDGE('',*,*,#1162,.T.);
#1393=ORIENTED_EDGE('',*,*,#1163,.T.);
#1394=ORIENTED_EDGE('',*,*,#1164,.T.);
#1395=ORIENTED_EDGE('',*,*,#1165,.T.);
#1396=ORIENTED_EDGE('',*,*,#1166,.T.);
#1397=ORIENTED_EDGE('',*,*,#1167,.T.);
#1398=ORIENTED_EDGE('',*,*,#1168,.T.);
#1399=ORIENTED_EDGE('',*,*,#1169,.T.);
#1400=ORIENTED_EDGE('',*,*,#1170,.T.);
#1401=ORIENTED_EDGE('',*,*,#1171,.T.);
#1402=ORIENTED_EDGE('',*,*,#1172,.T.);
#1403=ORIENTED_EDGE('',*,*,#1173,.T.);
#1404=ORIENTED_EDGE('',*,*,#1174,.T.);
#1405=ORIENTED_EDGE('',*,*,#1175,.T.);
#1406=ORIENTED_EDGE('',*,*,#1176,.T.);
#1407=ORIENTED_EDGE('',*,*,#1177,.T.);
#1408=ORIENTED_EDGE('',*,*,#1178,.T.);
#1409=ORIENTED_EDGE('',*,*,#1179,.T.);
#1410=ORIENTED_EDGE('',*,*,#1180,.T.);
#1411=ORIENTED_EDGE('',*,*,#1181,.T.);
#1412=ORIENTED_EDGE('',*,*,#1182,.T.);
#1413=ORIENTED_EDGE('',*,*,#1183,.T.);
#1414=ORIENTED_EDGE('',*,*,#1184,.T.);
#1415=ORIENTED_EDGE('',*,*,#1185,.T.);
#1416=ORIENTED_EDGE('',*,*,#1186,.T.);
#1417=ORIENTED_EDGE('',*,*,#1187,.T.);
#1418=ORIENTED_EDGE('',*,*,#1188,.T.);
#1419=ORIENTED_EDGE('',*,*,#1189,.T.);
#1420=ORIENTED_EDGE('',*,*,#1190,.T.);
#1421=ORIENTED_EDGE('',*,*,#1191,.T.);
#1422=ORIENTED_EDGE('',*,*,#1192,.T.);
#1423=ORIENTED_EDGE('',*,*,#1193,.T.);
#1424=ORIENTED_EDGE('',*,*,#1194,.T.);
#1425=ORIENTED_EDGE('',*,*,#1195,.T.);
#1426=ORIENTED_EDGE('',*,*,#1196,.T.);
#1427=ORIENTED_EDGE('',*,*,#1197,.T.);
#1428=ORIENTED_EDGE('',*,*,#1198,.T.);
#1429=ORIENTED_EDGE('',*,*,#1199,.T.);
#1430=ORIENTED_EDGE('',*,*,#1199,.F.);
#1431=ORIENTED_EDGE('',*,*,#1200,.T.);
#1432=ORIENTED_EDGE('',*,*,#1200,.F.);
#1433=ORIENTED_EDGE('',*,*,#1198,.F.);
#1434=ORIENTED_EDGE('',*,*,#1201,.T.);
#1435=ORIENTED_EDGE('',*,*,#1201,.F.);
#1436=ORIENTED_EDGE('',*,*,#1197,.F.);
#1437=ORIENTED_EDGE('',*,*,#1202,.T.);
#1438=ORIENTED_EDGE('',*,*,#1202,.F.);
#1439=ORIENTED_EDGE('',*,*,#1196,.F.);
#1440=ORIENTED_EDGE('',*,*,#1203,.T.);
#1441=ORIENTED_EDGE('',*,*,#1203,.F.);
#1442=ORIENTED_EDGE('',*,*,#1195,.F.);
#1443=ORIENTED_EDGE('',*,*,#1204,.T.);
#1444=ORIENTED_EDGE('',*,*,#1204,.F.);
#1445=ORIENTED_EDGE('',*,*,#1194,.F.);
#1446=ORIENTED_EDGE('',*,*,#1205,.T.);
#1447=ORIENTED_EDGE('',*,*,#1205,.F.);
#1448=ORIENTED_EDGE('',*,*,#1193,.F.);
#1449=ORIENTED_EDGE('',*,*,#1206,.T.);
#1450=ORIENTED_EDGE('',*,*,#1206,.F.);
#1451=ORIENTED_EDGE('',*,*,#1192,.F.);
#1452=ORIENTED_EDGE('',*,*,#1207,.T.);
#1453=ORIENTED_EDGE('',*,*,#1207,.F.);
#1454=ORIENTED_EDGE('',*,*,#1191,.F.);
#1455=ORIENTED_EDGE('',*,*,#1208,.T.);
#1456=ORIENTED_EDGE('',*,*,#1208,.F.);
#1457=ORIENTED_EDGE('',*,*,#1190,.F.);
#1458=ORIENTED_EDGE('',*,*,#1209,.T.);
#1459=ORIENTED_EDGE('',*,*,#1209,.F.);
#1460=ORIENTED_EDGE('',*,*,#1189,.F.);
#1461=ORIENTED_EDGE('',*,*,#1210,.T.);
#1462=ORIENTED_EDGE('',*,*,#1210,.F.);
#1463=ORIENTED_EDGE('',*,*,#1188,.F.);
#1464=ORIENTED_EDGE('',*,*,#1211,.T.);
#1465=ORIENTED_EDGE('',*,*,#1211,.F.);
#1466=ORIENTED_EDGE('',*,*,#1187,.F.);
#1467=ORIENTED_EDGE('',*,*,#1212,.T.);
#1468=ORIENTED_EDGE('',*,*,#1212,.F.);
#1469=ORIENTED_EDGE('',*,*,#1186,.F.);
#1470=ORIENTED_EDGE('',*,*,#1213,.T.);
#1471=ORIENTED_EDGE('',*,*,#1213,.F.);
#1472=ORIENTED_EDGE('',*,*,#1185,.F.);
#1473=ORIENTED_EDGE('',*,*,#1214,.T.);
#1474=ORIENTED_EDGE('',*,*,#1214,.F.);
#1475=ORIENTED_EDGE('',*,*,#1184,.F.);
#1476=ORIENTED_EDGE('',*,*,#1215,.T.);
#1477=ORIENTED_EDGE('',*,*,#1215,.F.);
#1478=ORIENTED_EDGE('',*,*,#1183,.F.);
#1479=ORIENTED_EDGE('',*,*,#1216,.T.);
#1480=ORIENTED_EDGE('',*,*,#1216,.F.);
#1481=ORIENTED_EDGE('',*,*,#1182,.F.);
#1482=ORIENTED_EDGE('',*,*,#1217,.T.);
#1483=ORIENTED_EDGE('',*,*,#1217,.F.);
#1484=ORIENTED_EDGE('',*,*,#1181,.F.);
#1485=ORIENTED_EDGE('',*,*,#1218,.T.);
#1486=ORIENTED_EDGE('',*,*,#1218,.F.);
#1487=ORIENTED_EDGE('',*,*,#1180,.F.);
#1488=ORIENTED_EDGE('',*,*,#1219,.T.);
#1489=ORIENTED_EDGE('',*,*,#1219,.F.);
#1490=ORIENTED_EDGE('',*,*,#1179,.F.);
#1491=ORIENTED_EDGE('',*,*,#1220,.T.);
#1492=ORIENTED_EDGE('',*,*,#1220,.F.);
#1493=ORIENTED_EDGE('',*,*,#1178,.F.);
#1494=ORIENTED_EDGE('',*,*,#1221,.T.);
#1495=ORIENTED_EDGE('',*,*,#1221,.F.);
#1496=ORIENTED_EDGE('',*,*,#1177,.F.);
#1497=ORIENTED_EDGE('',*,*,#1222,.T.);
#1498=ORIENTED_EDGE('',*,*,#1222,.F.);
#1499=ORIENTED_EDGE('',*,*,#1176,.F.);
#1500=ORIENTED_EDGE('',*,*,#1223,.T.);
#1501=ORIENTED_EDGE('',*,*,#1223,.F.);
#1502=ORIENTED_EDGE('',*,*,#1175,.F.);
#1503=ORIENTED_EDGE('',*,*,#1224,.T.);
#1504=ORIENTED_EDGE('',*,*,#1224,.F.);
#1505=ORIENTED_EDGE('',*,*,#1174,.F.);
#1506=ORIENTED_EDGE('',*,*,#1225,.T.);
#1507=ORIENTED_EDGE('',*,*,#1225,.F.);
#1508=ORIENTED_EDGE('',*,*,#1173,.F.);
#1509=ORIENTED_EDGE('',*,*,#1226,.T.);
#1510=ORIENTED_EDGE('',*,*,#1226,.F.);
#1511=ORIENTED_EDGE('',*,*,#1172,.F.);
#1512=ORIENTED_EDGE('',*,*,#1227,.T.);
#1513=ORIENTED_EDGE('',*,*,#1227,.F.);
#1514=ORIENTED_EDGE('',*,*,#1171,.F.);
#1515=ORIENTED_EDGE('',*,*,#1228,.T.);
#1516=ORIENTED_EDGE('',*,*,#1228,.F.);
#1517=ORIENTED_EDGE('',*,*,#1170,.F.);
#1518=ORIENTED_EDGE('',*,*,#1229,.T.);
#1519=ORIENTED_EDGE('',*,*,#1229,.F.);
#1520=ORIENTED_EDGE('',*,*,#1169,.F.);
#1521=ORIENTED_EDGE('',*,*,#1230,.T.);
#1522=ORIENTED_EDGE('',*,*,#1230,.F.);
#1523=ORIENTED_EDGE('',*,*,#1168,.F.);
#1524=ORIENTED_EDGE('',*,*,#1231,.T.);
#1525=ORIENTED_EDGE('',*,*,#1231,.F.);
#1526=ORIENTED_EDGE('',*,*,#1167,.F.);
#1527=ORIENTED_EDGE('',*,*,#1232,.T.);
#1528=ORIENTED_EDGE('',*,*,#1232,.F.);
#1529=ORIENTED_EDGE('',*,*,#1166,.F.);
#1530=ORIENTED_EDGE('',*,*,#1233,.T.);
#1531=ORIENTED_EDGE('',*,*,#1233,.F.);
#1532=ORIENTED_EDGE('',*,*,#1165,.F.);
#1533=ORIENTED_EDGE('',*,*,#1234,.T.);
#1534=ORIENTED_EDGE('',*,*,#1234,.F.);
#1535=ORIENTED_EDGE('',*,*,#1164,.F.);
#1536=ORIENTED_EDGE('',*,*,#1235,.T.);
#1537=ORIENTED_EDGE('',*,*,#1235,.F.);
#1538=ORIENTED_EDGE('',*,*,#1163,.F.);
#1539=ORIENTED_EDGE('',*,*,#1236,.T.);
#1540=ORIENTED_EDGE('',*,*,#1236,.F.);
#1541=ORIENTED_EDGE('',*,*,#1162,.F.);
#1542=ORIENTED_EDGE('',*,*,#1237,.T.);
#1543=ORIENTED_EDGE('',*,*,#1237,.F.);
#1544=ORIENTED_EDGE('',*,*,#1161,.F.);
#1545=ORIENTED_EDGE('',*,*,#1238,.T.);
#1546=ORIENTED_EDGE('',*,*,#1238,.F.);
#1547=ORIENTED_EDGE('',*,*,#1160,.F.);
#1548=ORIENTED_EDGE('',*,*,#1239,.T.);
#1549=ORIENTED_EDGE('',*,*,#1239,.F.);
#1550=ORIENTED_EDGE('',*,*,#1159,.F.);
#1551=ORIENTED_EDGE('',*,*,#1240,.T.);
#1552=ORIENTED_EDGE('',*,*,#1240,.F.);
#1553=ORIENTED_EDGE('',*,*,#1158,.F.);
#1554=ORIENTED_EDGE('',*,*,#1241,.T.);
#1555=ORIENTED_EDGE('',*,*,#1241,.F.);
#1556=ORIENTED_EDGE('',*,*,#1157,.F.);
#1557=ORIENTED_EDGE('',*,*,#1242,.T.);
#1558=ORIENTED_EDGE('',*,*,#1242,.F.);
#1559=ORIENTED_EDGE('',*,*,#1156,.F.);
#1560=ORIENTED_EDGE('',*,*,#1243,.T.);
#1561=ORIENTED_EDGE('',*,*,#1243,.F.);
#1562=ORIENTED_EDGE('',*,*,#1155,.F.);
#1563=ORIENTED_EDGE('',*,*,#1244,.T.);
#1564=ORIENTED_EDGE('',*,*,#1244,.F.);
#1565=ORIENTED_EDGE('',*,*,#1154,.F.);
#1566=ORIENTED_EDGE('',*,*,#1245,.T.);
#1567=ORIENTED_EDGE('',*,*,#1245,.F.);
#1568=ORIENTED_EDGE('',*,*,#1153,.F.);
#1569=ORIENTED_EDGE('',*,*,#1246,.T.);
#1570=ORIENTED_EDGE('',*,*,#1246,.F.);
#1571=ORIENTED_EDGE('',*,*,#1152,.F.);
#1572=ORIENTED_EDGE('',*,*,#1247,.T.);
#1573=ORIENTED_EDGE('',*,*,#1247,.F.);
#1574=ORIENTED_EDGE('',*,*,#1151,.F.);
#1575=ORIENTED_EDGE('',*,*,#1248,.T.);
#1576=ORIENTED_EDGE('',*,*,#1248,.F.);
#1577=ORIENTED_EDGE('',*,*,#1150,.F.);
#1578=ORIENTED_EDGE('',*,*,#1249,.T.);
#1579=ORIENTED_EDGE('',*,*,#1249,.F.);
#1580=ORIENTED_EDGE('',*,*,#1149,.F.);
#1581=ORIENTED_EDGE('',*,*,#1250,.T.);
#1582=ORIENTED_EDGE('',*,*,#1250,.F.);
#1583=ORIENTED_EDGE('',*,*,#1148,.F.);
#1584=ORIENTED_EDGE('',*,*,#1251,.T.);
#1585=ORIENTED_EDGE('',*,*,#1251,.F.);
#1586=ORIENTED_EDGE('',*,*,#1147,.F.);
#1587=ORIENTED_EDGE('',*,*,#1252,.T.);
#1588=ORIENTED_EDGE('',*,*,#1252,.F.);
#1589=ORIENTED_EDGE('',*,*,#1146,.F.);
#1590=ORIENTED_EDGE('',*,*,#1253,.T.);
#1591=ORIENTED_EDGE('',*,*,#1253,.F.);
#1592=ORIENTED_EDGE('',*,*,#1145,.F.);
#1593=ORIENTED_EDGE('',*,*,#1254,.T.);
#1594=ORIENTED_EDGE('',*,*,#1254,.F.);
#1595=ORIENTED_EDGE('',*,*,#1144,.F.);
#1596=ORIENTED_EDGE('',*,*,#1255,.T.);
#1597=ORIENTED_EDGE('',*,*,#1255,.F.);
#1598=ORIENTED_EDGE('',*,*,#1143,.F.);
#1599=ORIENTED_EDGE('',*,*,#1256,.T.);
#1600=ORIENTED_EDGE('',*,*,#1256,.F.);
#1601=ORIENTED_EDGE('',*,*,#1142,.F.);
#1602=ORIENTED_EDGE('',*,*,#1257,.T.);
#1603=ORIENTED_EDGE('',*,*,#1257,.F.);
#1604=ORIENTED_EDGE('',*,*,#1141,.F.);
#1605=ORIENTED_EDGE('',*,*,#1258,.T.);
#1606=ORIENTED_EDGE('',*,*,#1258,.F.);
#1607=ORIENTED_EDGE('',*,*,#1140,.F.);
#1608=ORIENTED_EDGE('',*,*,#1259,.T.);
#1609=ORIENTED_EDGE('',*,*,#1259,.F.);
#1610=ORIENTED_EDGE('',*,*,#1139,.F.);
#1611=ORIENTED_EDGE('',*,*,#1260,.T.);
#1612=ORIENTED_EDGE('',*,*,#1260,.F.);
#1613=ORIENTED_EDGE('',*,*,#1138,.F.);
#1614=ORIENTED_EDGE('',*,*,#1261,.T.);
#1615=ORIENTED_EDGE('',*,*,#1261,.F.);
#1616=ORIENTED_EDGE('',*,*,#1137,.F.);
#1617=ORIENTED_EDGE('',*,*,#1262,.T.);
#1618=ORIENTED_EDGE('',*,*,#1262,.F.);
#1619=ORIENTED_EDGE('',*,*,#1136,.F.);
#1620=ORIENTED_EDGE('',*,*,#1263,.T.);
#1621=ORIENTED_EDGE('',*,*,#1263,.F.);
#1622=ORIENTED_EDGE('',*,*,#1135,.F.);
#1623=ORIENTED_EDGE('',*,*,#1264,.T.);
#1624=ORIENTED_EDGE('',*,*,#1264,.F.);
#1625=ORIENTED_EDGE('',*,*,#1134,.F.);
#1626=ORIENTED_EDGE('',*,*,#1265,.T.);
#1627=ORIENTED_EDGE('',*,*,#1265,.F.);
#1628=ORIENTED_EDGE('',*,*,#1133,.F.);
#1629=ORIENTED_EDGE('',*,*,#1266,.T.);
#1630=ORIENTED_EDGE('',*,*,#1266,.F.);
#1631=ORIENTED_EDGE('',*,*,#1132,.F.);
#1632=ORIENTED_EDGE('',*,*,#1267,.T.);
#1633=ORIENTED_EDGE('',*,*,#1267,.F.);
#1634=ORIENTED_EDGE('',*,*,#1131,.F.);
#1635=ORIENTED_EDGE('',*,*,#1268,.T.);
#1636=ORIENTED_EDGE('',*,*,#1268,.F.);
#1637=ORIENTED_EDGE('',*,*,#1130,.F.);
#1638=ORIENTED_EDGE('',*,*,#1269,.T.);
#1639=ORIENTED_EDGE('',*,*,#1269,.F.);
#1640=ORIENTED_EDGE('',*,*,#1129,.F.);
#1641=ORIENTED_EDGE('',*,*,#1270,.T.);
#1642=ORIENTED_EDGE('',*,*,#1270,.F.);
#1643=ORIENTED_EDGE('',*,*,#1128,.F.);
#1644=ORIENTED_EDGE('',*,*,#1271,.T.);
#1645=ORIENTED_EDGE('',*,*,#1271,.F.);
#1646=ORIENTED_EDGE('',*,*,#1127,.F.);
#1647=ORIENTED_EDGE('',*,*,#1272,.T.);
#1648=ORIENTED_EDGE('',*,*,#1272,.F.);
#1649=ORIENTED_EDGE('',*,*,#1126,.F.);
#1650=ORIENTED_EDGE('',*,*,#1273,.T.);
#1651=ORIENTED_EDGE('',*,*,#1273,.F.);
#1652=ORIENTED_EDGE('',*,*,#1125,.F.);
#1653=ORIENTED_EDGE('',*,*,#1274,.T.);
#1654=ORIENTED_EDGE('',*,*,#1274,.F.);
#1655=ORIENTED_EDGE('',*,*,#1124,.F.);
#1656=ORIENTED_EDGE('',*,*,#1275,.T.);
#1657=ORIENTED_EDGE('',*,*,#1275,.F.);
#1658=ORIENTED_EDGE('',*,*,#1123,.F.);
#1659=ORIENTED_EDGE('',*,*,#1276,.T.);
#1660=ORIENTED_EDGE('',*,*,#1276,.F.);
#1661=ORIENTED_EDGE('',*,*,#1122,.F.);
#1662=ORIENTED_EDGE('',*,*,#1277,.T.);
#1663=ORIENTED_EDGE('',*,*,#1277,.F.);
#1664=ORIENTED_EDGE('',*,*,#1121,.F.);
#1665=ORIENTED_EDGE('',*,*,#1278,.T.);
#1666=ORIENTED_EDGE('',*,*,#1278,.F.);
#1667=ORIENTED_EDGE('',*,*,#1120,.F.);
#1668=ORIENTED_EDGE('',*,*,#1279,.T.);
#1669=ORIENTED_EDGE('',*,*,#1279,.F.);
#1670=ORIENTED_EDGE('',*,*,#1119,.F.);
#1671=ORIENTED_EDGE('',*,*,#1280,.T.);
#1672=ORIENTED_EDGE('',*,*,#1280,.F.);
#1673=ORIENTED_EDGE('',*,*,#1118,.F.);
#1674=ORIENTED_EDGE('',*,*,#1281,.T.);
#1675=ORIENTED_EDGE('',*,*,#1281,.F.);
#1676=ORIENTED_EDGE('',*,*,#1117,.F.);
#1677=ORIENTED_EDGE('',*,*,#1282,.T.);
#1678=ORIENTED_EDGE('',*,*,#1282,.F.);
#1679=ORIENTED_EDGE('',*,*,#1116,.F.);
#1680=ORIENTED_EDGE('',*,*,#1283,.T.);
#1681=ORIENTED_EDGE('',*,*,#1283,.F.);
#1682=ORIENTED_EDGE('',*,*,#1115,.F.);
#1683=ORIENTED_EDGE('',*,*,#1284,.T.);
#1684=ORIENTED_EDGE('',*,*,#1284,.F.);
#1685=ORIENTED_EDGE('',*,*,#1114,.F.);
#1686=ORIENTED_EDGE('',*,*,#1285,.T.);
#1687=ORIENTED_EDGE('',*,*,#1285,.F.);
#1688=ORIENTED_EDGE('',*,*,#1113,.F.);
#1689=ORIENTED_EDGE('',*,*,#1286,.T.);
#1690=ORIENTED_EDGE('',*,*,#1286,.F.);
#1691=ORIENTED_EDGE('',*,*,#1112,.F.);
#1692=ORIENTED_EDGE('',*,*,#1287,.T.);
#1693=ORIENTED_EDGE('',*,*,#1287,.F.);
#1694=ORIENTED_EDGE('',*,*,#1111,.F.);
#1695=ORIENTED_EDGE('',*,*,#1288,.T.);
#1696=ORIENTED_EDGE('',*,*,#1288,.F.);
#1697=ORIENTED_EDGE('',*,*,#1110,.F.);
#1698=ORIENTED_EDGE('',*,*,#1289,.T.);
#1699=ORIENTED_EDGE('',*,*,#1289,.F.);
#1700=ORIENTED_EDGE('',*,*,#1109,.F.);
#1701=ORIENTED_EDGE('',*,*,#1290,.T.);
#1702=ORIENTED_EDGE('',*,*,#1290,.F.);
#1703=ORIENTED_EDGE('',*,*,#1108,.F.);
#1704=ORIENTED_EDGE('',*,*,#1291,.T.);
#1705=ORIENTED_EDGE('',*,*,#1291,.F.);
#1706=ORIENTED_EDGE('',*,*,#1107,.F.);
#1707=ORIENTED_EDGE('',*,*,#1292,.T.);
#1708=ORIENTED_EDGE('',*,*,#1292,.F.);
#1709=ORIENTED_EDGE('',*,*,#1106,.F.);
#1710=ORIENTED_EDGE('',*,*,#1293,.T.);
#1711=ORIENTED_EDGE('',*,*,#1293,.F.);
#1712=ORIENTED_EDGE('',*,*,#1105,.F.);
#1713=ORIENTED_EDGE('',*,*,#1294,.T.);
#1714=ORIENTED_EDGE('',*,*,#1294,.F.);
#1715=ORIENTED_EDGE('',*,*,#1104,.F.);
#1716=ORIENTED_EDGE('',*,*,#1295,.T.);
#1717=ORIENTED_EDGE('',*,*,#1295,.F.);
#1718=ORIENTED_EDGE('',*,*,#1103,.F.);
#1719=ORIENTED_EDGE('',*,*,#1296,.T.);
#1720=ORIENTED_EDGE('',*,*,#1296,.F.);
#1721=ORIENTED_EDGE('',*,*,#1102,.F.);
#1722=ORIENTED_EDGE('',*,*,#1297,.T.);
#1723=ORIENTED_EDGE('',*,*,#1297,.F.);
#1724=ORIENTED_EDGE('',*,*,#1101,.F.);
#1725=ORIENTED_EDGE('',*,*,#1298,.T.);
#1726=ORIENTED_EDGE('',*,*,#1298,.F.);
#1727=ORIENTED_EDGE('',*,*,#1100,.F.);
#1728=ORIENTED_EDGE('',*,*,#1299,.T.);
#1729=ORIENTED_EDGE('',*,*,#1299,.F.);
#1730=CYLINDRICAL_SURFACE('',#1853,0.3);
#1731=ADVANCED_FACE('',(#330),#1730,.T.);
#1732=ADVANCED_FACE('',(#331,#114),#215,.T.);
#1733=ADVANCED_FACE('',(#332),#216,.T.);
#1734=ADVANCED_FACE('',(#333),#217,.T.);
#1735=ADVANCED_FACE('',(#334),#218,.T.);
#1736=ADVANCED_FACE('',(#335),#219,.F.);
#1737=ADVANCED_FACE('',(#336),#220,.F.);
#1738=ADVANCED_FACE('',(#337,#115,#116,#117,#118,#119,#120,#121,#122,#123,
#124,#125,#126,#127,#128,#129,#130,#131,#132,#133,#134,#135,#136,#137,#138,
#139,#140,#141,#142,#143,#144,#145,#146,#147,#148,#149,#150,#151,#152,#153,
#154,#155,#156,#157,#158,#159,#160,#161,#162,#163,#164,#165,#166,#167,#168,
#169,#170,#171,#172,#173,#174,#175,#176,#177,#178,#179,#180,#181,#182,#183,
#184,#185,#186,#187,#188,#189,#190,#191,#192,#193,#194,#195,#196,#197,#198,
#199,#200,#201,#202,#203,#204,#205,#206,#207,#208,#209,#210,#211,#212,#213,
#214),#221,.F.);
#1739=ADVANCED_FACE('',(#338),#14,.T.);
#1740=ADVANCED_FACE('',(#339),#15,.T.);
#1741=ADVANCED_FACE('',(#340),#16,.T.);
#1742=ADVANCED_FACE('',(#341),#17,.T.);
#1743=ADVANCED_FACE('',(#342),#18,.T.);
#1744=ADVANCED_FACE('',(#343),#19,.T.);
#1745=ADVANCED_FACE('',(#344),#20,.T.);
#1746=ADVANCED_FACE('',(#345),#21,.T.);
#1747=ADVANCED_FACE('',(#346),#22,.T.);
#1748=ADVANCED_FACE('',(#347),#23,.T.);
#1749=ADVANCED_FACE('',(#348),#24,.T.);
#1750=ADVANCED_FACE('',(#349),#25,.T.);
#1751=ADVANCED_FACE('',(#350),#26,.T.);
#1752=ADVANCED_FACE('',(#351),#27,.T.);
#1753=ADVANCED_FACE('',(#352),#28,.T.);
#1754=ADVANCED_FACE('',(#353),#29,.T.);
#1755=ADVANCED_FACE('',(#354),#30,.T.);
#1756=ADVANCED_FACE('',(#355),#31,.T.);
#1757=ADVANCED_FACE('',(#356),#32,.T.);
#1758=ADVANCED_FACE('',(#357),#33,.T.);
#1759=ADVANCED_FACE('',(#358),#34,.T.);
#1760=ADVANCED_FACE('',(#359),#35,.T.);
#1761=ADVANCED_FACE('',(#360),#36,.T.);
#1762=ADVANCED_FACE('',(#361),#37,.T.);
#1763=ADVANCED_FACE('',(#362),#38,.T.);
#1764=ADVANCED_FACE('',(#363),#39,.T.);
#1765=ADVANCED_FACE('',(#364),#40,.T.);
#1766=ADVANCED_FACE('',(#365),#41,.T.);
#1767=ADVANCED_FACE('',(#366),#42,.T.);
#1768=ADVANCED_FACE('',(#367),#43,.T.);
#1769=ADVANCED_FACE('',(#368),#44,.T.);
#1770=ADVANCED_FACE('',(#369),#45,.T.);
#1771=ADVANCED_FACE('',(#370),#46,.T.);
#1772=ADVANCED_FACE('',(#371),#47,.T.);
#1773=ADVANCED_FACE('',(#372),#48,.T.);
#1774=ADVANCED_FACE('',(#373),#49,.T.);
#1775=ADVANCED_FACE('',(#374),#50,.T.);
#1776=ADVANCED_FACE('',(#375),#51,.T.);
#1777=ADVANCED_FACE('',(#376),#52,.T.);
#1778=ADVANCED_FACE('',(#377),#53,.T.);
#1779=ADVANCED_FACE('',(#378),#54,.T.);
#1780=ADVANCED_FACE('',(#379),#55,.T.);
#1781=ADVANCED_FACE('',(#380),#56,.T.);
#1782=ADVANCED_FACE('',(#381),#57,.T.);
#1783=ADVANCED_FACE('',(#382),#58,.T.);
#1784=ADVANCED_FACE('',(#383),#59,.T.);
#1785=ADVANCED_FACE('',(#384),#60,.T.);
#1786=ADVANCED_FACE('',(#385),#61,.T.);
#1787=ADVANCED_FACE('',(#386),#62,.T.);
#1788=ADVANCED_FACE('',(#387),#63,.T.);
#1789=ADVANCED_FACE('',(#388),#64,.T.);
#1790=ADVANCED_FACE('',(#389),#65,.T.);
#1791=ADVANCED_FACE('',(#390),#66,.T.);
#1792=ADVANCED_FACE('',(#391),#67,.T.);
#1793=ADVANCED_FACE('',(#392),#68,.T.);
#1794=ADVANCED_FACE('',(#393),#69,.T.);
#1795=ADVANCED_FACE('',(#394),#70,.T.);
#1796=ADVANCED_FACE('',(#395),#71,.T.);
#1797=ADVANCED_FACE('',(#396),#72,.T.);
#1798=ADVANCED_FACE('',(#397),#73,.T.);
#1799=ADVANCED_FACE('',(#398),#74,.T.);
#1800=ADVANCED_FACE('',(#399),#75,.T.);
#1801=ADVANCED_FACE('',(#400),#76,.T.);
#1802=ADVANCED_FACE('',(#401),#77,.T.);
#1803=ADVANCED_FACE('',(#402),#78,.T.);
#1804=ADVANCED_FACE('',(#403),#79,.T.);
#1805=ADVANCED_FACE('',(#404),#80,.T.);
#1806=ADVANCED_FACE('',(#405),#81,.T.);
#1807=ADVANCED_FACE('',(#406),#82,.T.);
#1808=ADVANCED_FACE('',(#407),#83,.T.);
#1809=ADVANCED_FACE('',(#408),#84,.T.);
#1810=ADVANCED_FACE('',(#409),#85,.T.);
#1811=ADVANCED_FACE('',(#410),#86,.T.);
#1812=ADVANCED_FACE('',(#411),#87,.T.);
#1813=ADVANCED_FACE('',(#412),#88,.T.);
#1814=ADVANCED_FACE('',(#413),#89,.T.);
#1815=ADVANCED_FACE('',(#414),#90,.T.);
#1816=ADVANCED_FACE('',(#415),#91,.T.);
#1817=ADVANCED_FACE('',(#416),#92,.T.);
#1818=ADVANCED_FACE('',(#417),#93,.T.);
#1819=ADVANCED_FACE('',(#418),#94,.T.);
#1820=ADVANCED_FACE('',(#419),#95,.T.);
#1821=ADVANCED_FACE('',(#420),#96,.T.);
#1822=ADVANCED_FACE('',(#421),#97,.T.);
#1823=ADVANCED_FACE('',(#422),#98,.T.);
#1824=ADVANCED_FACE('',(#423),#99,.T.);
#1825=ADVANCED_FACE('',(#424),#100,.T.);
#1826=ADVANCED_FACE('',(#425),#101,.T.);
#1827=ADVANCED_FACE('',(#426),#102,.T.);
#1828=ADVANCED_FACE('',(#427),#103,.T.);
#1829=ADVANCED_FACE('',(#428),#104,.T.);
#1830=ADVANCED_FACE('',(#429),#105,.T.);
#1831=ADVANCED_FACE('',(#430),#106,.T.);
#1832=ADVANCED_FACE('',(#431),#107,.T.);
#1833=ADVANCED_FACE('',(#432),#108,.T.);
#1834=ADVANCED_FACE('',(#433),#109,.T.);
#1835=ADVANCED_FACE('',(#434),#110,.T.);
#1836=ADVANCED_FACE('',(#435),#111,.T.);
#1837=ADVANCED_FACE('',(#436),#112,.T.);
#1838=ADVANCED_FACE('',(#437),#113,.T.);
#1839=CLOSED_SHELL('',(#1731,#1732,#1733,#1734,#1735,#1736,#1737,#1738,
#1739,#1740,#1741,#1742,#1743,#1744,#1745,#1746,#1747,#1748,#1749,#1750,
#1751,#1752,#1753,#1754,#1755,#1756,#1757,#1758,#1759,#1760,#1761,#1762,
#1763,#1764,#1765,#1766,#1767,#1768,#1769,#1770,#1771,#1772,#1773,#1774,
#1775,#1776,#1777,#1778,#1779,#1780,#1781,#1782,#1783,#1784,#1785,#1786,
#1787,#1788,#1789,#1790,#1791,#1792,#1793,#1794,#1795,#1796,#1797,#1798,
#1799,#1800,#1801,#1802,#1803,#1804,#1805,#1806,#1807,#1808,#1809,#1810,
#1811,#1812,#1813,#1814,#1815,#1816,#1817,#1818,#1819,#1820,#1821,#1822,
#1823,#1824,#1825,#1826,#1827,#1828,#1829,#1830,#1831,#1832,#1833,#1834,
#1835,#1836,#1837,#1838));
#1840=DERIVED_UNIT_ELEMENT(#1842,1.);
#1841=DERIVED_UNIT_ELEMENT(#3337,-3.);
#1842=(
MASS_UNIT()
NAMED_UNIT(*)
SI_UNIT(.KILO.,.GRAM.)
);
#1843=DERIVED_UNIT((#1840,#1841));
#1844=MEASURE_REPRESENTATION_ITEM('density measure',
POSITIVE_RATIO_MEASURE(7850.),#1843);
#1845=PROPERTY_DEFINITION_REPRESENTATION(#1850,#1847);
#1846=PROPERTY_DEFINITION_REPRESENTATION(#1851,#1848);
#1847=REPRESENTATION('material name',(#1849),#3334);
#1848=REPRESENTATION('density',(#1844),#3334);
#1849=DESCRIPTIVE_REPRESENTATION_ITEM('Steel','Steel');
#1850=PROPERTY_DEFINITION('material property','material name',#3344);
#1851=PROPERTY_DEFINITION('material property','density of part',#3344);
#1852=AXIS2_PLACEMENT_3D('',#2798,#2163,#2164);
#1853=AXIS2_PLACEMENT_3D('',#2799,#2165,#2166);
#1854=AXIS2_PLACEMENT_3D('',#2801,#2167,#2168);
#1855=AXIS2_PLACEMENT_3D('',#2804,#2170,#2171);
#1856=AXIS2_PLACEMENT_3D('',#2805,#2172,#2173);
#1857=AXIS2_PLACEMENT_3D('',#2814,#2178,#2179);
#1858=AXIS2_PLACEMENT_3D('',#2820,#2183,#2184);
#1859=AXIS2_PLACEMENT_3D('',#2824,#2187,#2188);
#1860=AXIS2_PLACEMENT_3D('',#2825,#2189,#2190);
#1861=AXIS2_PLACEMENT_3D('',#2829,#2193,#2194);
#1862=AXIS2_PLACEMENT_3D('',#2831,#2196,#2197);
#1863=AXIS2_PLACEMENT_3D('',#2833,#2198,#2199);
#1864=AXIS2_PLACEMENT_3D('',#2835,#2200,#2201);
#1865=AXIS2_PLACEMENT_3D('',#2837,#2202,#2203);
#1866=AXIS2_PLACEMENT_3D('',#2839,#2204,#2205);
#1867=AXIS2_PLACEMENT_3D('',#2841,#2206,#2207);
#1868=AXIS2_PLACEMENT_3D('',#2843,#2208,#2209);
#1869=AXIS2_PLACEMENT_3D('',#2845,#2210,#2211);
#1870=AXIS2_PLACEMENT_3D('',#2847,#2212,#2213);
#1871=AXIS2_PLACEMENT_3D('',#2849,#2214,#2215);
#1872=AXIS2_PLACEMENT_3D('',#2851,#2216,#2217);
#1873=AXIS2_PLACEMENT_3D('',#2853,#2218,#2219);
#1874=AXIS2_PLACEMENT_3D('',#2855,#2220,#2221);
#1875=AXIS2_PLACEMENT_3D('',#2857,#2222,#2223);
#1876=AXIS2_PLACEMENT_3D('',#2859,#2224,#2225);
#1877=AXIS2_PLACEMENT_3D('',#2861,#2226,#2227);
#1878=AXIS2_PLACEMENT_3D('',#2863,#2228,#2229);
#1879=AXIS2_PLACEMENT_3D('',#2865,#2230,#2231);
#1880=AXIS2_PLACEMENT_3D('',#2867,#2232,#2233);
#1881=AXIS2_PLACEMENT_3D('',#2869,#2234,#2235);
#1882=AXIS2_PLACEMENT_3D('',#2871,#2236,#2237);
#1883=AXIS2_PLACEMENT_3D('',#2873,#2238,#2239);
#1884=AXIS2_PLACEMENT_3D('',#2875,#2240,#2241);
#1885=AXIS2_PLACEMENT_3D('',#2877,#2242,#2243);
#1886=AXIS2_PLACEMENT_3D('',#2879,#2244,#2245);
#1887=AXIS2_PLACEMENT_3D('',#2881,#2246,#2247);
#1888=AXIS2_PLACEMENT_3D('',#2883,#2248,#2249);
#1889=AXIS2_PLACEMENT_3D('',#2885,#2250,#2251);
#1890=AXIS2_PLACEMENT_3D('',#2887,#2252,#2253);
#1891=AXIS2_PLACEMENT_3D('',#2889,#2254,#2255);
#1892=AXIS2_PLACEMENT_3D('',#2891,#2256,#2257);
#1893=AXIS2_PLACEMENT_3D('',#2893,#2258,#2259);
#1894=AXIS2_PLACEMENT_3D('',#2895,#2260,#2261);
#1895=AXIS2_PLACEMENT_3D('',#2897,#2262,#2263);
#1896=AXIS2_PLACEMENT_3D('',#2899,#2264,#2265);
#1897=AXIS2_PLACEMENT_3D('',#2901,#2266,#2267);
#1898=AXIS2_PLACEMENT_3D('',#2903,#2268,#2269);
#1899=AXIS2_PLACEMENT_3D('',#2905,#2270,#2271);
#1900=AXIS2_PLACEMENT_3D('',#2907,#2272,#2273);
#1901=AXIS2_PLACEMENT_3D('',#2909,#2274,#2275);
#1902=AXIS2_PLACEMENT_3D('',#2911,#2276,#2277);
#1903=AXIS2_PLACEMENT_3D('',#2913,#2278,#2279);
#1904=AXIS2_PLACEMENT_3D('',#2915,#2280,#2281);
#1905=AXIS2_PLACEMENT_3D('',#2917,#2282,#2283);
#1906=AXIS2_PLACEMENT_3D('',#2919,#2284,#2285);
#1907=AXIS2_PLACEMENT_3D('',#2921,#2286,#2287);
#1908=AXIS2_PLACEMENT_3D('',#2923,#2288,#2289);
#1909=AXIS2_PLACEMENT_3D('',#2925,#2290,#2291);
#1910=AXIS2_PLACEMENT_3D('',#2927,#2292,#2293);
#1911=AXIS2_PLACEMENT_3D('',#2929,#2294,#2295);
#1912=AXIS2_PLACEMENT_3D('',#2931,#2296,#2297);
#1913=AXIS2_PLACEMENT_3D('',#2933,#2298,#2299);
#1914=AXIS2_PLACEMENT_3D('',#2935,#2300,#2301);
#1915=AXIS2_PLACEMENT_3D('',#2937,#2302,#2303);
#1916=AXIS2_PLACEMENT_3D('',#2939,#2304,#2305);
#1917=AXIS2_PLACEMENT_3D('',#2941,#2306,#2307);
#1918=AXIS2_PLACEMENT_3D('',#2943,#2308,#2309);
#1919=AXIS2_PLACEMENT_3D('',#2945,#2310,#2311);
#1920=AXIS2_PLACEMENT_3D('',#2947,#2312,#2313);
#1921=AXIS2_PLACEMENT_3D('',#2949,#2314,#2315);
#1922=AXIS2_PLACEMENT_3D('',#2951,#2316,#2317);
#1923=AXIS2_PLACEMENT_3D('',#2953,#2318,#2319);
#1924=AXIS2_PLACEMENT_3D('',#2955,#2320,#2321);
#1925=AXIS2_PLACEMENT_3D('',#2957,#2322,#2323);
#1926=AXIS2_PLACEMENT_3D('',#2959,#2324,#2325);
#1927=AXIS2_PLACEMENT_3D('',#2961,#2326,#2327);
#1928=AXIS2_PLACEMENT_3D('',#2963,#2328,#2329);
#1929=AXIS2_PLACEMENT_3D('',#2965,#2330,#2331);
#1930=AXIS2_PLACEMENT_3D('',#2967,#2332,#2333);
#1931=AXIS2_PLACEMENT_3D('',#2969,#2334,#2335);
#1932=AXIS2_PLACEMENT_3D('',#2971,#2336,#2337);
#1933=AXIS2_PLACEMENT_3D('',#2973,#2338,#2339);
#1934=AXIS2_PLACEMENT_3D('',#2975,#2340,#2341);
#1935=AXIS2_PLACEMENT_3D('',#2977,#2342,#2343);
#1936=AXIS2_PLACEMENT_3D('',#2979,#2344,#2345);
#1937=AXIS2_PLACEMENT_3D('',#2981,#2346,#2347);
#1938=AXIS2_PLACEMENT_3D('',#2983,#2348,#2349);
#1939=AXIS2_PLACEMENT_3D('',#2985,#2350,#2351);
#1940=AXIS2_PLACEMENT_3D('',#2987,#2352,#2353);
#1941=AXIS2_PLACEMENT_3D('',#2989,#2354,#2355);
#1942=AXIS2_PLACEMENT_3D('',#2991,#2356,#2357);
#1943=AXIS2_PLACEMENT_3D('',#2993,#2358,#2359);
#1944=AXIS2_PLACEMENT_3D('',#2995,#2360,#2361);
#1945=AXIS2_PLACEMENT_3D('',#2997,#2362,#2363);
#1946=AXIS2_PLACEMENT_3D('',#2999,#2364,#2365);
#1947=AXIS2_PLACEMENT_3D('',#3001,#2366,#2367);
#1948=AXIS2_PLACEMENT_3D('',#3003,#2368,#2369);
#1949=AXIS2_PLACEMENT_3D('',#3005,#2370,#2371);
#1950=AXIS2_PLACEMENT_3D('',#3007,#2372,#2373);
#1951=AXIS2_PLACEMENT_3D('',#3009,#2374,#2375);
#1952=AXIS2_PLACEMENT_3D('',#3011,#2376,#2377);
#1953=AXIS2_PLACEMENT_3D('',#3013,#2378,#2379);
#1954=AXIS2_PLACEMENT_3D('',#3015,#2380,#2381);
#1955=AXIS2_PLACEMENT_3D('',#3017,#2382,#2383);
#1956=AXIS2_PLACEMENT_3D('',#3019,#2384,#2385);
#1957=AXIS2_PLACEMENT_3D('',#3021,#2386,#2387);
#1958=AXIS2_PLACEMENT_3D('',#3023,#2388,#2389);
#1959=AXIS2_PLACEMENT_3D('',#3025,#2390,#2391);
#1960=AXIS2_PLACEMENT_3D('',#3027,#2392,#2393);
#1961=AXIS2_PLACEMENT_3D('',#3029,#2394,#2395);
#1962=AXIS2_PLACEMENT_3D('',#3031,#2396,#2397);
#1963=AXIS2_PLACEMENT_3D('',#3032,#2398,#2399);
#1964=AXIS2_PLACEMENT_3D('',#3034,#2400,#2401);
#1965=AXIS2_PLACEMENT_3D('',#3035,#2402,#2403);
#1966=AXIS2_PLACEMENT_3D('',#3037,#2404,#2405);
#1967=AXIS2_PLACEMENT_3D('',#3038,#2406,#2407);
#1968=AXIS2_PLACEMENT_3D('',#3040,#2408,#2409);
#1969=AXIS2_PLACEMENT_3D('',#3041,#2410,#2411);
#1970=AXIS2_PLACEMENT_3D('',#3043,#2412,#2413);
#1971=AXIS2_PLACEMENT_3D('',#3044,#2414,#2415);
#1972=AXIS2_PLACEMENT_3D('',#3046,#2416,#2417);
#1973=AXIS2_PLACEMENT_3D('',#3047,#2418,#2419);
#1974=AXIS2_PLACEMENT_3D('',#3049,#2420,#2421);
#1975=AXIS2_PLACEMENT_3D('',#3050,#2422,#2423);
#1976=AXIS2_PLACEMENT_3D('',#3052,#2424,#2425);
#1977=AXIS2_PLACEMENT_3D('',#3053,#2426,#2427);
#1978=AXIS2_PLACEMENT_3D('',#3055,#2428,#2429);
#1979=AXIS2_PLACEMENT_3D('',#3056,#2430,#2431);
#1980=AXIS2_PLACEMENT_3D('',#3058,#2432,#2433);
#1981=AXIS2_PLACEMENT_3D('',#3059,#2434,#2435);
#1982=AXIS2_PLACEMENT_3D('',#3061,#2436,#2437);
#1983=AXIS2_PLACEMENT_3D('',#3062,#2438,#2439);
#1984=AXIS2_PLACEMENT_3D('',#3064,#2440,#2441);
#1985=AXIS2_PLACEMENT_3D('',#3065,#2442,#2443);
#1986=AXIS2_PLACEMENT_3D('',#3067,#2444,#2445);
#1987=AXIS2_PLACEMENT_3D('',#3068,#2446,#2447);
#1988=AXIS2_PLACEMENT_3D('',#3070,#2448,#2449);
#1989=AXIS2_PLACEMENT_3D('',#3071,#2450,#2451);
#1990=AXIS2_PLACEMENT_3D('',#3073,#2452,#2453);
#1991=AXIS2_PLACEMENT_3D('',#3074,#2454,#2455);
#1992=AXIS2_PLACEMENT_3D('',#3076,#2456,#2457);
#1993=AXIS2_PLACEMENT_3D('',#3077,#2458,#2459);
#1994=AXIS2_PLACEMENT_3D('',#3079,#2460,#2461);
#1995=AXIS2_PLACEMENT_3D('',#3080,#2462,#2463);
#1996=AXIS2_PLACEMENT_3D('',#3082,#2464,#2465);
#1997=AXIS2_PLACEMENT_3D('',#3083,#2466,#2467);
#1998=AXIS2_PLACEMENT_3D('',#3085,#2468,#2469);
#1999=AXIS2_PLACEMENT_3D('',#3086,#2470,#2471);
#2000=AXIS2_PLACEMENT_3D('',#3088,#2472,#2473);
#2001=AXIS2_PLACEMENT_3D('',#3089,#2474,#2475);
#2002=AXIS2_PLACEMENT_3D('',#3091,#2476,#2477);
#2003=AXIS2_PLACEMENT_3D('',#3092,#2478,#2479);
#2004=AXIS2_PLACEMENT_3D('',#3094,#2480,#2481);
#2005=AXIS2_PLACEMENT_3D('',#3095,#2482,#2483);
#2006=AXIS2_PLACEMENT_3D('',#3097,#2484,#2485);
#2007=AXIS2_PLACEMENT_3D('',#3098,#2486,#2487);
#2008=AXIS2_PLACEMENT_3D('',#3100,#2488,#2489);
#2009=AXIS2_PLACEMENT_3D('',#3101,#2490,#2491);
#2010=AXIS2_PLACEMENT_3D('',#3103,#2492,#2493);
#2011=AXIS2_PLACEMENT_3D('',#3104,#2494,#2495);
#2012=AXIS2_PLACEMENT_3D('',#3106,#2496,#2497);
#2013=AXIS2_PLACEMENT_3D('',#3107,#2498,#2499);
#2014=AXIS2_PLACEMENT_3D('',#3109,#2500,#2501);
#2015=AXIS2_PLACEMENT_3D('',#3110,#2502,#2503);
#2016=AXIS2_PLACEMENT_3D('',#3112,#2504,#2505);
#2017=AXIS2_PLACEMENT_3D('',#3113,#2506,#2507);
#2018=AXIS2_PLACEMENT_3D('',#3115,#2508,#2509);
#2019=AXIS2_PLACEMENT_3D('',#3116,#2510,#2511);
#2020=AXIS2_PLACEMENT_3D('',#3118,#2512,#2513);
#2021=AXIS2_PLACEMENT_3D('',#3119,#2514,#2515);
#2022=AXIS2_PLACEMENT_3D('',#3121,#2516,#2517);
#2023=AXIS2_PLACEMENT_3D('',#3122,#2518,#2519);
#2024=AXIS2_PLACEMENT_3D('',#3124,#2520,#2521);
#2025=AXIS2_PLACEMENT_3D('',#3125,#2522,#2523);
#2026=AXIS2_PLACEMENT_3D('',#3127,#2524,#2525);
#2027=AXIS2_PLACEMENT_3D('',#3128,#2526,#2527);
#2028=AXIS2_PLACEMENT_3D('',#3130,#2528,#2529);
#2029=AXIS2_PLACEMENT_3D('',#3131,#2530,#2531);
#2030=AXIS2_PLACEMENT_3D('',#3133,#2532,#2533);
#2031=AXIS2_PLACEMENT_3D('',#3134,#2534,#2535);
#2032=AXIS2_PLACEMENT_3D('',#3136,#2536,#2537);
#2033=AXIS2_PLACEMENT_3D('',#3137,#2538,#2539);
#2034=AXIS2_PLACEMENT_3D('',#3139,#2540,#2541);
#2035=AXIS2_PLACEMENT_3D('',#3140,#2542,#2543);
#2036=AXIS2_PLACEMENT_3D('',#3142,#2544,#2545);
#2037=AXIS2_PLACEMENT_3D('',#3143,#2546,#2547);
#2038=AXIS2_PLACEMENT_3D('',#3145,#2548,#2549);
#2039=AXIS2_PLACEMENT_3D('',#3146,#2550,#2551);
#2040=AXIS2_PLACEMENT_3D('',#3148,#2552,#2553);
#2041=AXIS2_PLACEMENT_3D('',#3149,#2554,#2555);
#2042=AXIS2_PLACEMENT_3D('',#3151,#2556,#2557);
#2043=AXIS2_PLACEMENT_3D('',#3152,#2558,#2559);
#2044=AXIS2_PLACEMENT_3D('',#3154,#2560,#2561);
#2045=AXIS2_PLACEMENT_3D('',#3155,#2562,#2563);
#2046=AXIS2_PLACEMENT_3D('',#3157,#2564,#2565);
#2047=AXIS2_PLACEMENT_3D('',#3158,#2566,#2567);
#2048=AXIS2_PLACEMENT_3D('',#3160,#2568,#2569);
#2049=AXIS2_PLACEMENT_3D('',#3161,#2570,#2571);
#2050=AXIS2_PLACEMENT_3D('',#3163,#2572,#2573);
#2051=AXIS2_PLACEMENT_3D('',#3164,#2574,#2575);
#2052=AXIS2_PLACEMENT_3D('',#3166,#2576,#2577);
#2053=AXIS2_PLACEMENT_3D('',#3167,#2578,#2579);
#2054=AXIS2_PLACEMENT_3D('',#3169,#2580,#2581);
#2055=AXIS2_PLACEMENT_3D('',#3170,#2582,#2583);
#2056=AXIS2_PLACEMENT_3D('',#3172,#2584,#2585);
#2057=AXIS2_PLACEMENT_3D('',#3173,#2586,#2587);
#2058=AXIS2_PLACEMENT_3D('',#3175,#2588,#2589);
#2059=AXIS2_PLACEMENT_3D('',#3176,#2590,#2591);
#2060=AXIS2_PLACEMENT_3D('',#3178,#2592,#2593);
#2061=AXIS2_PLACEMENT_3D('',#3179,#2594,#2595);
#2062=AXIS2_PLACEMENT_3D('',#3181,#2596,#2597);
#2063=AXIS2_PLACEMENT_3D('',#3182,#2598,#2599);
#2064=AXIS2_PLACEMENT_3D('',#3184,#2600,#2601);
#2065=AXIS2_PLACEMENT_3D('',#3185,#2602,#2603);
#2066=AXIS2_PLACEMENT_3D('',#3187,#2604,#2605);
#2067=AXIS2_PLACEMENT_3D('',#3188,#2606,#2607);
#2068=AXIS2_PLACEMENT_3D('',#3190,#2608,#2609);
#2069=AXIS2_PLACEMENT_3D('',#3191,#2610,#2611);
#2070=AXIS2_PLACEMENT_3D('',#3193,#2612,#2613);
#2071=AXIS2_PLACEMENT_3D('',#3194,#2614,#2615);
#2072=AXIS2_PLACEMENT_3D('',#3196,#2616,#2617);
#2073=AXIS2_PLACEMENT_3D('',#3197,#2618,#2619);
#2074=AXIS2_PLACEMENT_3D('',#3199,#2620,#2621);
#2075=AXIS2_PLACEMENT_3D('',#3200,#2622,#2623);
#2076=AXIS2_PLACEMENT_3D('',#3202,#2624,#2625);
#2077=AXIS2_PLACEMENT_3D('',#3203,#2626,#2627);
#2078=AXIS2_PLACEMENT_3D('',#3205,#2628,#2629);
#2079=AXIS2_PLACEMENT_3D('',#3206,#2630,#2631);
#2080=AXIS2_PLACEMENT_3D('',#3208,#2632,#2633);
#2081=AXIS2_PLACEMENT_3D('',#3209,#2634,#2635);
#2082=AXIS2_PLACEMENT_3D('',#3211,#2636,#2637);
#2083=AXIS2_PLACEMENT_3D('',#3212,#2638,#2639);
#2084=AXIS2_PLACEMENT_3D('',#3214,#2640,#2641);
#2085=AXIS2_PLACEMENT_3D('',#3215,#2642,#2643);
#2086=AXIS2_PLACEMENT_3D('',#3217,#2644,#2645);
#2087=AXIS2_PLACEMENT_3D('',#3218,#2646,#2647);
#2088=AXIS2_PLACEMENT_3D('',#3220,#2648,#2649);
#2089=AXIS2_PLACEMENT_3D('',#3221,#2650,#2651);
#2090=AXIS2_PLACEMENT_3D('',#3223,#2652,#2653);
#2091=AXIS2_PLACEMENT_3D('',#3224,#2654,#2655);
#2092=AXIS2_PLACEMENT_3D('',#3226,#2656,#2657);
#2093=AXIS2_PLACEMENT_3D('',#3227,#2658,#2659);
#2094=AXIS2_PLACEMENT_3D('',#3229,#2660,#2661);
#2095=AXIS2_PLACEMENT_3D('',#3230,#2662,#2663);
#2096=AXIS2_PLACEMENT_3D('',#3232,#2664,#2665);
#2097=AXIS2_PLACEMENT_3D('',#3233,#2666,#2667);
#2098=AXIS2_PLACEMENT_3D('',#3235,#2668,#2669);
#2099=AXIS2_PLACEMENT_3D('',#3236,#2670,#2671);
#2100=AXIS2_PLACEMENT_3D('',#3238,#2672,#2673);
#2101=AXIS2_PLACEMENT_3D('',#3239,#2674,#2675);
#2102=AXIS2_PLACEMENT_3D('',#3241,#2676,#2677);
#2103=AXIS2_PLACEMENT_3D('',#3242,#2678,#2679);
#2104=AXIS2_PLACEMENT_3D('',#3244,#2680,#2681);
#2105=AXIS2_PLACEMENT_3D('',#3245,#2682,#2683);
#2106=AXIS2_PLACEMENT_3D('',#3247,#2684,#2685);
#2107=AXIS2_PLACEMENT_3D('',#3248,#2686,#2687);
#2108=AXIS2_PLACEMENT_3D('',#3250,#2688,#2689);
#2109=AXIS2_PLACEMENT_3D('',#3251,#2690,#2691);
#2110=AXIS2_PLACEMENT_3D('',#3253,#2692,#2693);
#2111=AXIS2_PLACEMENT_3D('',#3254,#2694,#2695);
#2112=AXIS2_PLACEMENT_3D('',#3256,#2696,#2697);
#2113=AXIS2_PLACEMENT_3D('',#3257,#2698,#2699);
#2114=AXIS2_PLACEMENT_3D('',#3259,#2700,#2701);
#2115=AXIS2_PLACEMENT_3D('',#3260,#2702,#2703);
#2116=AXIS2_PLACEMENT_3D('',#3262,#2704,#2705);
#2117=AXIS2_PLACEMENT_3D('',#3263,#2706,#2707);
#2118=AXIS2_PLACEMENT_3D('',#3265,#2708,#2709);
#2119=AXIS2_PLACEMENT_3D('',#3266,#2710,#2711);
#2120=AXIS2_PLACEMENT_3D('',#3268,#2712,#2713);
#2121=AXIS2_PLACEMENT_3D('',#3269,#2714,#2715);
#2122=AXIS2_PLACEMENT_3D('',#3271,#2716,#2717);
#2123=AXIS2_PLACEMENT_3D('',#3272,#2718,#2719);
#2124=AXIS2_PLACEMENT_3D('',#3274,#2720,#2721);
#2125=AXIS2_PLACEMENT_3D('',#3275,#2722,#2723);
#2126=AXIS2_PLACEMENT_3D('',#3277,#2724,#2725);
#2127=AXIS2_PLACEMENT_3D('',#3278,#2726,#2727);
#2128=AXIS2_PLACEMENT_3D('',#3280,#2728,#2729);
#2129=AXIS2_PLACEMENT_3D('',#3281,#2730,#2731);
#2130=AXIS2_PLACEMENT_3D('',#3283,#2732,#2733);
#2131=AXIS2_PLACEMENT_3D('',#3284,#2734,#2735);
#2132=AXIS2_PLACEMENT_3D('',#3286,#2736,#2737);
#2133=AXIS2_PLACEMENT_3D('',#3287,#2738,#2739);
#2134=AXIS2_PLACEMENT_3D('',#3289,#2740,#2741);
#2135=AXIS2_PLACEMENT_3D('',#3290,#2742,#2743);
#2136=AXIS2_PLACEMENT_3D('',#3292,#2744,#2745);
#2137=AXIS2_PLACEMENT_3D('',#3293,#2746,#2747);
#2138=AXIS2_PLACEMENT_3D('',#3295,#2748,#2749);
#2139=AXIS2_PLACEMENT_3D('',#3296,#2750,#2751);
#2140=AXIS2_PLACEMENT_3D('',#3298,#2752,#2753);
#2141=AXIS2_PLACEMENT_3D('',#3299,#2754,#2755);
#2142=AXIS2_PLACEMENT_3D('',#3301,#2756,#2757);
#2143=AXIS2_PLACEMENT_3D('',#3302,#2758,#2759);
#2144=AXIS2_PLACEMENT_3D('',#3304,#2760,#2761);
#2145=AXIS2_PLACEMENT_3D('',#3305,#2762,#2763);
#2146=AXIS2_PLACEMENT_3D('',#3307,#2764,#2765);
#2147=AXIS2_PLACEMENT_3D('',#3308,#2766,#2767);
#2148=AXIS2_PLACEMENT_3D('',#3310,#2768,#2769);
#2149=AXIS2_PLACEMENT_3D('',#3311,#2770,#2771);
#2150=AXIS2_PLACEMENT_3D('',#3313,#2772,#2773);
#2151=AXIS2_PLACEMENT_3D('',#3314,#2774,#2775);
#2152=AXIS2_PLACEMENT_3D('',#3316,#2776,#2777);
#2153=AXIS2_PLACEMENT_3D('',#3317,#2778,#2779);
#2154=AXIS2_PLACEMENT_3D('',#3319,#2780,#2781);
#2155=AXIS2_PLACEMENT_3D('',#3320,#2782,#2783);
#2156=AXIS2_PLACEMENT_3D('',#3322,#2784,#2785);
#2157=AXIS2_PLACEMENT_3D('',#3323,#2786,#2787);
#2158=AXIS2_PLACEMENT_3D('',#3325,#2788,#2789);
#2159=AXIS2_PLACEMENT_3D('',#3326,#2790,#2791);
#2160=AXIS2_PLACEMENT_3D('',#3328,#2792,#2793);
#2161=AXIS2_PLACEMENT_3D('',#3329,#2794,#2795);
#2162=AXIS2_PLACEMENT_3D('',#3331,#2796,#2797);
#2163=DIRECTION('axis',(0.,0.,1.));
#2164=DIRECTION('refdir',(1.,0.,0.));
#2165=DIRECTION('center_axis',(0.,0.,-1.));
#2166=DIRECTION('ref_axis',(1.,0.,0.));
#2167=DIRECTION('center_axis',(0.,0.,-1.));
#2168=DIRECTION('ref_axis',(1.,0.,0.));
#2169=DIRECTION('',(0.,0.,-1.));
#2170=DIRECTION('center_axis',(0.,0.,1.));
#2171=DIRECTION('ref_axis',(1.,0.,0.));
#2172=DIRECTION('center_axis',(0.,0.,1.));
#2173=DIRECTION('ref_axis',(1.,0.,0.));
#2174=DIRECTION('',(0.,1.,0.));
#2175=DIRECTION('',(-1.,0.,0.));
#2176=DIRECTION('',(0.,-1.,0.));
#2177=DIRECTION('',(1.,0.,0.));
#2178=DIRECTION('center_axis',(0.,1.,0.));
#2179=DIRECTION('ref_axis',(0.,0.,1.));
#2180=DIRECTION('',(0.,0.,1.));
#2181=DIRECTION('',(1.,0.,0.));
#2182=DIRECTION('',(0.,0.,1.));
#2183=DIRECTION('center_axis',(1.,0.,0.));
#2184=DIRECTION('ref_axis',(0.,0.,1.));
#2185=DIRECTION('',(0.,0.,1.));
#2186=DIRECTION('',(0.,1.,0.));
#2187=DIRECTION('center_axis',(0.,0.,1.));
#2188=DIRECTION('ref_axis',(1.,0.,0.));
#2189=DIRECTION('center_axis',(0.,1.,0.));
#2190=DIRECTION('ref_axis',(0.,0.,1.));
#2191=DIRECTION('',(0.,0.,1.));
#2192=DIRECTION('',(1.,0.,0.));
#2193=DIRECTION('center_axis',(1.,0.,0.));
#2194=DIRECTION('ref_axis',(0.,0.,1.));
#2195=DIRECTION('',(0.,1.,0.));
#2196=DIRECTION('center_axis',(0.,0.,1.));
#2197=DIRECTION('ref_axis',(1.,0.,0.));
#2198=DIRECTION('center_axis',(0.,0.,1.));
#2199=DIRECTION('ref_axis',(1.,0.,0.));
#2200=DIRECTION('center_axis',(0.,0.,1.));
#2201=DIRECTION('ref_axis',(1.,0.,0.));
#2202=DIRECTION('center_axis',(0.,0.,1.));
#2203=DIRECTION('ref_axis',(1.,0.,0.));
#2204=DIRECTION('center_axis',(0.,0.,1.));
#2205=DIRECTION('ref_axis',(1.,0.,0.));
#2206=DIRECTION('center_axis',(0.,0.,1.));
#2207=DIRECTION('ref_axis',(1.,0.,0.));
#2208=DIRECTION('center_axis',(0.,0.,1.));
#2209=DIRECTION('ref_axis',(1.,0.,0.));
#2210=DIRECTION('center_axis',(0.,0.,1.));
#2211=DIRECTION('ref_axis',(1.,0.,0.));
#2212=DIRECTION('center_axis',(0.,0.,1.));
#2213=DIRECTION('ref_axis',(1.,0.,0.));
#2214=DIRECTION('center_axis',(0.,0.,1.));
#2215=DIRECTION('ref_axis',(1.,0.,0.));
#2216=DIRECTION('center_axis',(0.,0.,1.));
#2217=DIRECTION('ref_axis',(1.,0.,0.));
#2218=DIRECTION('center_axis',(0.,0.,1.));
#2219=DIRECTION('ref_axis',(1.,0.,0.));
#2220=DIRECTION('center_axis',(0.,0.,1.));
#2221=DIRECTION('ref_axis',(1.,0.,0.));
#2222=DIRECTION('center_axis',(0.,0.,1.));
#2223=DIRECTION('ref_axis',(1.,0.,0.));
#2224=DIRECTION('center_axis',(0.,0.,1.));
#2225=DIRECTION('ref_axis',(1.,0.,0.));
#2226=DIRECTION('center_axis',(0.,0.,1.));
#2227=DIRECTION('ref_axis',(1.,0.,0.));
#2228=DIRECTION('center_axis',(0.,0.,1.));
#2229=DIRECTION('ref_axis',(1.,0.,0.));
#2230=DIRECTION('center_axis',(0.,0.,1.));
#2231=DIRECTION('ref_axis',(1.,0.,0.));
#2232=DIRECTION('center_axis',(0.,0.,1.));
#2233=DIRECTION('ref_axis',(1.,0.,0.));
#2234=DIRECTION('center_axis',(0.,0.,1.));
#2235=DIRECTION('ref_axis',(1.,0.,0.));
#2236=DIRECTION('center_axis',(0.,0.,1.));
#2237=DIRECTION('ref_axis',(1.,0.,0.));
#2238=DIRECTION('center_axis',(0.,0.,1.));
#2239=DIRECTION('ref_axis',(1.,0.,0.));
#2240=DIRECTION('center_axis',(0.,0.,1.));
#2241=DIRECTION('ref_axis',(1.,0.,0.));
#2242=DIRECTION('center_axis',(0.,0.,1.));
#2243=DIRECTION('ref_axis',(1.,0.,0.));
#2244=DIRECTION('center_axis',(0.,0.,1.));
#2245=DIRECTION('ref_axis',(1.,0.,0.));
#2246=DIRECTION('center_axis',(0.,0.,1.));
#2247=DIRECTION('ref_axis',(1.,0.,0.));
#2248=DIRECTION('center_axis',(0.,0.,1.));
#2249=DIRECTION('ref_axis',(1.,0.,0.));
#2250=DIRECTION('center_axis',(0.,0.,1.));
#2251=DIRECTION('ref_axis',(1.,0.,0.));
#2252=DIRECTION('center_axis',(0.,0.,1.));
#2253=DIRECTION('ref_axis',(1.,0.,0.));
#2254=DIRECTION('center_axis',(0.,0.,1.));
#2255=DIRECTION('ref_axis',(1.,0.,0.));
#2256=DIRECTION('center_axis',(0.,0.,1.));
#2257=DIRECTION('ref_axis',(1.,0.,0.));
#2258=DIRECTION('center_axis',(0.,0.,1.));
#2259=DIRECTION('ref_axis',(1.,0.,0.));
#2260=DIRECTION('center_axis',(0.,0.,1.));
#2261=DIRECTION('ref_axis',(1.,0.,0.));
#2262=DIRECTION('center_axis',(0.,0.,1.));
#2263=DIRECTION('ref_axis',(1.,0.,0.));
#2264=DIRECTION('center_axis',(0.,0.,1.));
#2265=DIRECTION('ref_axis',(1.,0.,0.));
#2266=DIRECTION('center_axis',(0.,0.,1.));
#2267=DIRECTION('ref_axis',(1.,0.,0.));
#2268=DIRECTION('center_axis',(0.,0.,1.));
#2269=DIRECTION('ref_axis',(1.,0.,0.));
#2270=DIRECTION('center_axis',(0.,0.,1.));
#2271=DIRECTION('ref_axis',(1.,0.,0.));
#2272=DIRECTION('center_axis',(0.,0.,1.));
#2273=DIRECTION('ref_axis',(1.,0.,0.));
#2274=DIRECTION('center_axis',(0.,0.,1.));
#2275=DIRECTION('ref_axis',(1.,0.,0.));
#2276=DIRECTION('center_axis',(0.,0.,1.));
#2277=DIRECTION('ref_axis',(1.,0.,0.));
#2278=DIRECTION('center_axis',(0.,0.,1.));
#2279=DIRECTION('ref_axis',(1.,0.,0.));
#2280=DIRECTION('center_axis',(0.,0.,1.));
#2281=DIRECTION('ref_axis',(1.,0.,0.));
#2282=DIRECTION('center_axis',(0.,0.,1.));
#2283=DIRECTION('ref_axis',(1.,0.,0.));
#2284=DIRECTION('center_axis',(0.,0.,1.));
#2285=DIRECTION('ref_axis',(1.,0.,0.));
#2286=DIRECTION('center_axis',(0.,0.,1.));
#2287=DIRECTION('ref_axis',(1.,0.,0.));
#2288=DIRECTION('center_axis',(0.,0.,1.));
#2289=DIRECTION('ref_axis',(1.,0.,0.));
#2290=DIRECTION('center_axis',(0.,0.,1.));
#2291=DIRECTION('ref_axis',(1.,0.,0.));
#2292=DIRECTION('center_axis',(0.,0.,1.));
#2293=DIRECTION('ref_axis',(1.,0.,0.));
#2294=DIRECTION('center_axis',(0.,0.,1.));
#2295=DIRECTION('ref_axis',(1.,0.,0.));
#2296=DIRECTION('center_axis',(0.,0.,1.));
#2297=DIRECTION('ref_axis',(1.,0.,0.));
#2298=DIRECTION('center_axis',(0.,0.,1.));
#2299=DIRECTION('ref_axis',(1.,0.,0.));
#2300=DIRECTION('center_axis',(0.,0.,1.));
#2301=DIRECTION('ref_axis',(1.,0.,0.));
#2302=DIRECTION('center_axis',(0.,0.,1.));
#2303=DIRECTION('ref_axis',(1.,0.,0.));
#2304=DIRECTION('center_axis',(0.,0.,1.));
#2305=DIRECTION('ref_axis',(1.,0.,0.));
#2306=DIRECTION('center_axis',(0.,0.,1.));
#2307=DIRECTION('ref_axis',(1.,0.,0.));
#2308=DIRECTION('center_axis',(0.,0.,1.));
#2309=DIRECTION('ref_axis',(1.,0.,0.));
#2310=DIRECTION('center_axis',(0.,0.,1.));
#2311=DIRECTION('ref_axis',(1.,0.,0.));
#2312=DIRECTION('center_axis',(0.,0.,1.));
#2313=DIRECTION('ref_axis',(1.,0.,0.));
#2314=DIRECTION('center_axis',(0.,0.,1.));
#2315=DIRECTION('ref_axis',(1.,0.,0.));
#2316=DIRECTION('center_axis',(0.,0.,1.));
#2317=DIRECTION('ref_axis',(1.,0.,0.));
#2318=DIRECTION('center_axis',(0.,0.,1.));
#2319=DIRECTION('ref_axis',(1.,0.,0.));
#2320=DIRECTION('center_axis',(0.,0.,1.));
#2321=DIRECTION('ref_axis',(1.,0.,0.));
#2322=DIRECTION('center_axis',(0.,0.,1.));
#2323=DIRECTION('ref_axis',(1.,0.,0.));
#2324=DIRECTION('center_axis',(0.,0.,1.));
#2325=DIRECTION('ref_axis',(1.,0.,0.));
#2326=DIRECTION('center_axis',(0.,0.,1.));
#2327=DIRECTION('ref_axis',(1.,0.,0.));
#2328=DIRECTION('center_axis',(0.,0.,1.));
#2329=DIRECTION('ref_axis',(1.,0.,0.));
#2330=DIRECTION('center_axis',(0.,0.,1.));
#2331=DIRECTION('ref_axis',(1.,0.,0.));
#2332=DIRECTION('center_axis',(0.,0.,1.));
#2333=DIRECTION('ref_axis',(1.,0.,0.));
#2334=DIRECTION('center_axis',(0.,0.,1.));
#2335=DIRECTION('ref_axis',(1.,0.,0.));
#2336=DIRECTION('center_axis',(0.,0.,1.));
#2337=DIRECTION('ref_axis',(1.,0.,0.));
#2338=DIRECTION('center_axis',(0.,0.,1.));
#2339=DIRECTION('ref_axis',(1.,0.,0.));
#2340=DIRECTION('center_axis',(0.,0.,1.));
#2341=DIRECTION('ref_axis',(1.,0.,0.));
#2342=DIRECTION('center_axis',(0.,0.,1.));
#2343=DIRECTION('ref_axis',(1.,0.,0.));
#2344=DIRECTION('center_axis',(0.,0.,1.));
#2345=DIRECTION('ref_axis',(1.,0.,0.));
#2346=DIRECTION('center_axis',(0.,0.,1.));
#2347=DIRECTION('ref_axis',(1.,0.,0.));
#2348=DIRECTION('center_axis',(0.,0.,1.));
#2349=DIRECTION('ref_axis',(1.,0.,0.));
#2350=DIRECTION('center_axis',(0.,0.,1.));
#2351=DIRECTION('ref_axis',(1.,0.,0.));
#2352=DIRECTION('center_axis',(0.,0.,1.));
#2353=DIRECTION('ref_axis',(1.,0.,0.));
#2354=DIRECTION('center_axis',(0.,0.,1.));
#2355=DIRECTION('ref_axis',(1.,0.,0.));
#2356=DIRECTION('center_axis',(0.,0.,1.));
#2357=DIRECTION('ref_axis',(1.,0.,0.));
#2358=DIRECTION('center_axis',(0.,0.,1.));
#2359=DIRECTION('ref_axis',(1.,0.,0.));
#2360=DIRECTION('center_axis',(0.,0.,1.));
#2361=DIRECTION('ref_axis',(1.,0.,0.));
#2362=DIRECTION('center_axis',(0.,0.,1.));
#2363=DIRECTION('ref_axis',(1.,0.,0.));
#2364=DIRECTION('center_axis',(0.,0.,1.));
#2365=DIRECTION('ref_axis',(1.,0.,0.));
#2366=DIRECTION('center_axis',(0.,0.,1.));
#2367=DIRECTION('ref_axis',(1.,0.,0.));
#2368=DIRECTION('center_axis',(0.,0.,1.));
#2369=DIRECTION('ref_axis',(1.,0.,0.));
#2370=DIRECTION('center_axis',(0.,0.,1.));
#2371=DIRECTION('ref_axis',(1.,0.,0.));
#2372=DIRECTION('center_axis',(0.,0.,1.));
#2373=DIRECTION('ref_axis',(1.,0.,0.));
#2374=DIRECTION('center_axis',(0.,0.,1.));
#2375=DIRECTION('ref_axis',(1.,0.,0.));
#2376=DIRECTION('center_axis',(0.,0.,1.));
#2377=DIRECTION('ref_axis',(1.,0.,0.));
#2378=DIRECTION('center_axis',(0.,0.,1.));
#2379=DIRECTION('ref_axis',(1.,0.,0.));
#2380=DIRECTION('center_axis',(0.,0.,1.));
#2381=DIRECTION('ref_axis',(1.,0.,0.));
#2382=DIRECTION('center_axis',(0.,0.,1.));
#2383=DIRECTION('ref_axis',(1.,0.,0.));
#2384=DIRECTION('center_axis',(0.,0.,1.));
#2385=DIRECTION('ref_axis',(1.,0.,0.));
#2386=DIRECTION('center_axis',(0.,0.,1.));
#2387=DIRECTION('ref_axis',(1.,0.,0.));
#2388=DIRECTION('center_axis',(0.,0.,1.));
#2389=DIRECTION('ref_axis',(1.,0.,0.));
#2390=DIRECTION('center_axis',(0.,0.,1.));
#2391=DIRECTION('ref_axis',(1.,0.,0.));
#2392=DIRECTION('center_axis',(0.,0.,1.));
#2393=DIRECTION('ref_axis',(1.,0.,0.));
#2394=DIRECTION('center_axis',(0.,0.,1.));
#2395=DIRECTION('ref_axis',(1.,0.,0.));
#2396=DIRECTION('center_axis',(0.,0.,1.));
#2397=DIRECTION('ref_axis',(1.,0.,0.));
#2398=DIRECTION('center_axis',(0.,0.,1.));
#2399=DIRECTION('ref_axis',(1.,0.,0.));
#2400=DIRECTION('center_axis',(0.,-1.,0.));
#2401=DIRECTION('ref_axis',(-1.,0.,0.));
#2402=DIRECTION('center_axis',(0.,0.,1.));
#2403=DIRECTION('ref_axis',(1.,0.,0.));
#2404=DIRECTION('center_axis',(0.,-1.,0.));
#2405=DIRECTION('ref_axis',(-1.,0.,0.));
#2406=DIRECTION('center_axis',(0.,0.,1.));
#2407=DIRECTION('ref_axis',(1.,0.,0.));
#2408=DIRECTION('center_axis',(0.,-1.,0.));
#2409=DIRECTION('ref_axis',(-1.,0.,0.));
#2410=DIRECTION('center_axis',(0.,0.,1.));
#2411=DIRECTION('ref_axis',(1.,0.,0.));
#2412=DIRECTION('center_axis',(0.,-1.,0.));
#2413=DIRECTION('ref_axis',(-1.,0.,0.));
#2414=DIRECTION('center_axis',(0.,0.,1.));
#2415=DIRECTION('ref_axis',(1.,0.,0.));
#2416=DIRECTION('center_axis',(0.,-1.,0.));
#2417=DIRECTION('ref_axis',(-1.,0.,0.));
#2418=DIRECTION('center_axis',(1.22464679914735E-16,0.,1.));
#2419=DIRECTION('ref_axis',(1.,0.,0.));
#2420=DIRECTION('center_axis',(0.,-1.,0.));
#2421=DIRECTION('ref_axis',(-1.,0.,1.10141173077893E-16));
#2422=DIRECTION('center_axis',(0.,0.,1.));
#2423=DIRECTION('ref_axis',(1.,0.,0.));
#2424=DIRECTION('center_axis',(0.,-1.,0.));
#2425=DIRECTION('ref_axis',(-1.,0.,0.));
#2426=DIRECTION('center_axis',(0.,0.,1.));
#2427=DIRECTION('ref_axis',(1.,0.,0.));
#2428=DIRECTION('center_axis',(0.,-1.,0.));
#2429=DIRECTION('ref_axis',(-1.,0.,0.));
#2430=DIRECTION('center_axis',(0.,0.,1.));
#2431=DIRECTION('ref_axis',(1.,0.,0.));
#2432=DIRECTION('center_axis',(0.,-1.,0.));
#2433=DIRECTION('ref_axis',(-1.,0.,0.));
#2434=DIRECTION('center_axis',(0.,0.,1.));
#2435=DIRECTION('ref_axis',(1.,0.,0.));
#2436=DIRECTION('center_axis',(0.,-1.,0.));
#2437=DIRECTION('ref_axis',(-1.,0.,0.));
#2438=DIRECTION('center_axis',(0.,0.,1.));
#2439=DIRECTION('ref_axis',(1.,0.,0.));
#2440=DIRECTION('center_axis',(0.,-1.,0.));
#2441=DIRECTION('ref_axis',(-1.,0.,0.));
#2442=DIRECTION('center_axis',(0.,0.,1.));
#2443=DIRECTION('ref_axis',(1.,0.,0.));
#2444=DIRECTION('center_axis',(0.,-1.,0.));
#2445=DIRECTION('ref_axis',(-1.,0.,0.));
#2446=DIRECTION('center_axis',(0.,0.,1.));
#2447=DIRECTION('ref_axis',(1.,0.,0.));
#2448=DIRECTION('center_axis',(0.,-1.,0.));
#2449=DIRECTION('ref_axis',(-1.,0.,0.));
#2450=DIRECTION('center_axis',(0.,0.,1.));
#2451=DIRECTION('ref_axis',(1.,0.,0.));
#2452=DIRECTION('center_axis',(0.,-1.,0.));
#2453=DIRECTION('ref_axis',(-1.,0.,0.));
#2454=DIRECTION('center_axis',(0.,0.,1.));
#2455=DIRECTION('ref_axis',(1.,0.,0.));
#2456=DIRECTION('center_axis',(0.,-1.,0.));
#2457=DIRECTION('ref_axis',(-1.,0.,0.));
#2458=DIRECTION('center_axis',(0.,0.,1.));
#2459=DIRECTION('ref_axis',(1.,0.,0.));
#2460=DIRECTION('center_axis',(0.,-1.,0.));
#2461=DIRECTION('ref_axis',(-1.,0.,0.));
#2462=DIRECTION('center_axis',(1.22464679914735E-16,0.,1.));
#2463=DIRECTION('ref_axis',(1.,0.,0.));
#2464=DIRECTION('center_axis',(0.,-1.,0.));
#2465=DIRECTION('ref_axis',(-1.,0.,1.10141173077893E-16));
#2466=DIRECTION('center_axis',(0.,0.,1.));
#2467=DIRECTION('ref_axis',(1.,0.,0.));
#2468=DIRECTION('center_axis',(0.,-1.,0.));
#2469=DIRECTION('ref_axis',(-1.,0.,0.));
#2470=DIRECTION('center_axis',(0.,0.,1.));
#2471=DIRECTION('ref_axis',(1.,0.,0.));
#2472=DIRECTION('center_axis',(0.,-1.,0.));
#2473=DIRECTION('ref_axis',(-1.,0.,0.));
#2474=DIRECTION('center_axis',(0.,0.,1.));
#2475=DIRECTION('ref_axis',(1.,0.,0.));
#2476=DIRECTION('center_axis',(0.,-1.,0.));
#2477=DIRECTION('ref_axis',(-1.,0.,0.));
#2478=DIRECTION('center_axis',(0.,0.,1.));
#2479=DIRECTION('ref_axis',(1.,0.,0.));
#2480=DIRECTION('center_axis',(0.,-1.,0.));
#2481=DIRECTION('ref_axis',(-1.,0.,0.));
#2482=DIRECTION('center_axis',(0.,0.,1.));
#2483=DIRECTION('ref_axis',(1.,0.,0.));
#2484=DIRECTION('center_axis',(0.,-1.,0.));
#2485=DIRECTION('ref_axis',(-1.,0.,0.));
#2486=DIRECTION('center_axis',(0.,0.,1.));
#2487=DIRECTION('ref_axis',(1.,0.,0.));
#2488=DIRECTION('center_axis',(0.,-1.,0.));
#2489=DIRECTION('ref_axis',(-1.,0.,0.));
#2490=DIRECTION('center_axis',(0.,0.,1.));
#2491=DIRECTION('ref_axis',(1.,0.,0.));
#2492=DIRECTION('center_axis',(0.,-1.,0.));
#2493=DIRECTION('ref_axis',(-1.,0.,0.));
#2494=DIRECTION('center_axis',(0.,0.,1.));
#2495=DIRECTION('ref_axis',(1.,0.,0.));
#2496=DIRECTION('center_axis',(0.,-1.,0.));
#2497=DIRECTION('ref_axis',(-1.,0.,0.));
#2498=DIRECTION('center_axis',(0.,0.,1.));
#2499=DIRECTION('ref_axis',(1.,0.,0.));
#2500=DIRECTION('center_axis',(0.,-1.,0.));
#2501=DIRECTION('ref_axis',(-1.,0.,0.));
#2502=DIRECTION('center_axis',(0.,0.,1.));
#2503=DIRECTION('ref_axis',(1.,0.,0.));
#2504=DIRECTION('center_axis',(0.,-1.,0.));
#2505=DIRECTION('ref_axis',(-1.,0.,0.));
#2506=DIRECTION('center_axis',(1.22464679914735E-16,0.,1.));
#2507=DIRECTION('ref_axis',(1.,0.,0.));
#2508=DIRECTION('center_axis',(0.,-1.,0.));
#2509=DIRECTION('ref_axis',(-1.,0.,1.10141173077893E-16));
#2510=DIRECTION('center_axis',(0.,0.,1.));
#2511=DIRECTION('ref_axis',(1.,0.,0.));
#2512=DIRECTION('center_axis',(0.,-1.,0.));
#2513=DIRECTION('ref_axis',(-1.,0.,0.));
#2514=DIRECTION('center_axis',(0.,0.,1.));
#2515=DIRECTION('ref_axis',(1.,0.,0.));
#2516=DIRECTION('center_axis',(0.,-1.,0.));
#2517=DIRECTION('ref_axis',(-1.,0.,0.));
#2518=DIRECTION('center_axis',(0.,0.,1.));
#2519=DIRECTION('ref_axis',(1.,0.,0.));
#2520=DIRECTION('center_axis',(0.,-1.,0.));
#2521=DIRECTION('ref_axis',(-1.,0.,0.));
#2522=DIRECTION('center_axis',(0.,0.,1.));
#2523=DIRECTION('ref_axis',(1.,0.,0.));
#2524=DIRECTION('center_axis',(0.,-1.,0.));
#2525=DIRECTION('ref_axis',(-1.,0.,0.));
#2526=DIRECTION('center_axis',(0.,0.,1.));
#2527=DIRECTION('ref_axis',(1.,0.,0.));
#2528=DIRECTION('center_axis',(0.,-1.,0.));
#2529=DIRECTION('ref_axis',(-1.,0.,0.));
#2530=DIRECTION('center_axis',(0.,0.,1.));
#2531=DIRECTION('ref_axis',(1.,0.,0.));
#2532=DIRECTION('center_axis',(0.,-1.,0.));
#2533=DIRECTION('ref_axis',(-1.,0.,0.));
#2534=DIRECTION('center_axis',(0.,0.,1.));
#2535=DIRECTION('ref_axis',(1.,0.,0.));
#2536=DIRECTION('center_axis',(0.,-1.,0.));
#2537=DIRECTION('ref_axis',(-1.,0.,0.));
#2538=DIRECTION('center_axis',(0.,0.,1.));
#2539=DIRECTION('ref_axis',(1.,0.,0.));
#2540=DIRECTION('center_axis',(0.,-1.,0.));
#2541=DIRECTION('ref_axis',(-1.,0.,0.));
#2542=DIRECTION('center_axis',(0.,0.,1.));
#2543=DIRECTION('ref_axis',(1.,0.,0.));
#2544=DIRECTION('center_axis',(0.,-1.,0.));
#2545=DIRECTION('ref_axis',(-1.,0.,0.));
#2546=DIRECTION('center_axis',(0.,0.,1.));
#2547=DIRECTION('ref_axis',(1.,0.,0.));
#2548=DIRECTION('center_axis',(0.,-1.,0.));
#2549=DIRECTION('ref_axis',(-1.,0.,0.));
#2550=DIRECTION('center_axis',(0.,0.,1.));
#2551=DIRECTION('ref_axis',(1.,0.,0.));
#2552=DIRECTION('center_axis',(0.,-1.,0.));
#2553=DIRECTION('ref_axis',(-1.,0.,0.));
#2554=DIRECTION('center_axis',(0.,0.,1.));
#2555=DIRECTION('ref_axis',(1.,0.,0.));
#2556=DIRECTION('center_axis',(0.,-1.,0.));
#2557=DIRECTION('ref_axis',(-1.,0.,0.));
#2558=DIRECTION('center_axis',(0.,0.,1.));
#2559=DIRECTION('ref_axis',(1.,0.,0.));
#2560=DIRECTION('center_axis',(0.,-1.,0.));
#2561=DIRECTION('ref_axis',(-1.,0.,0.));
#2562=DIRECTION('center_axis',(0.,0.,1.));
#2563=DIRECTION('ref_axis',(1.,0.,0.));
#2564=DIRECTION('center_axis',(0.,-1.,0.));
#2565=DIRECTION('ref_axis',(-1.,0.,0.));
#2566=DIRECTION('center_axis',(0.,0.,1.));
#2567=DIRECTION('ref_axis',(1.,0.,0.));
#2568=DIRECTION('center_axis',(0.,-1.,0.));
#2569=DIRECTION('ref_axis',(-1.,0.,0.));
#2570=DIRECTION('center_axis',(0.,0.,1.));
#2571=DIRECTION('ref_axis',(1.,0.,0.));
#2572=DIRECTION('center_axis',(0.,-1.,0.));
#2573=DIRECTION('ref_axis',(-1.,0.,0.));
#2574=DIRECTION('center_axis',(0.,0.,1.));
#2575=DIRECTION('ref_axis',(1.,0.,0.));
#2576=DIRECTION('center_axis',(0.,-1.,0.));
#2577=DIRECTION('ref_axis',(-1.,0.,0.));
#2578=DIRECTION('center_axis',(0.,0.,1.));
#2579=DIRECTION('ref_axis',(1.,0.,0.));
#2580=DIRECTION('center_axis',(0.,-1.,0.));
#2581=DIRECTION('ref_axis',(-1.,0.,0.));
#2582=DIRECTION('center_axis',(0.,0.,1.));
#2583=DIRECTION('ref_axis',(1.,0.,0.));
#2584=DIRECTION('center_axis',(0.,-1.,0.));
#2585=DIRECTION('ref_axis',(-1.,0.,0.));
#2586=DIRECTION('center_axis',(0.,0.,1.));
#2587=DIRECTION('ref_axis',(1.,0.,0.));
#2588=DIRECTION('center_axis',(1.22464679914735E-16,-1.,0.));
#2589=DIRECTION('ref_axis',(-1.,-1.22464679914735E-16,0.));
#2590=DIRECTION('center_axis',(0.,0.,1.));
#2591=DIRECTION('ref_axis',(1.,0.,0.));
#2592=DIRECTION('center_axis',(1.22464679914735E-16,-1.,0.));
#2593=DIRECTION('ref_axis',(-1.,-1.22464679914735E-16,0.));
#2594=DIRECTION('center_axis',(0.,0.,1.));
#2595=DIRECTION('ref_axis',(1.,0.,0.));
#2596=DIRECTION('center_axis',(1.22464679914735E-16,-1.,0.));
#2597=DIRECTION('ref_axis',(-1.,-1.22464679914735E-16,0.));
#2598=DIRECTION('center_axis',(0.,0.,1.));
#2599=DIRECTION('ref_axis',(1.,0.,0.));
#2600=DIRECTION('center_axis',(1.22464679914735E-16,-1.,0.));
#2601=DIRECTION('ref_axis',(-1.,-1.22464679914735E-16,0.));
#2602=DIRECTION('center_axis',(0.,0.,1.));
#2603=DIRECTION('ref_axis',(1.,0.,0.));
#2604=DIRECTION('center_axis',(1.22464679914735E-16,-1.,0.));
#2605=DIRECTION('ref_axis',(-1.,-1.22464679914735E-16,0.));
#2606=DIRECTION('center_axis',(0.,0.,1.));
#2607=DIRECTION('ref_axis',(1.,0.,0.));
#2608=DIRECTION('center_axis',(1.22464679914735E-16,-1.,0.));
#2609=DIRECTION('ref_axis',(-1.,-1.22464679914735E-16,0.));
#2610=DIRECTION('center_axis',(0.,0.,1.));
#2611=DIRECTION('ref_axis',(1.,0.,0.));
#2612=DIRECTION('center_axis',(0.,-1.,0.));
#2613=DIRECTION('ref_axis',(-1.,0.,0.));
#2614=DIRECTION('center_axis',(0.,0.,1.));
#2615=DIRECTION('ref_axis',(1.,0.,0.));
#2616=DIRECTION('center_axis',(0.,-1.,0.));
#2617=DIRECTION('ref_axis',(-1.,0.,0.));
#2618=DIRECTION('center_axis',(0.,0.,1.));
#2619=DIRECTION('ref_axis',(1.,0.,0.));
#2620=DIRECTION('center_axis',(0.,-1.,0.));
#2621=DIRECTION('ref_axis',(-1.,0.,0.));
#2622=DIRECTION('center_axis',(0.,0.,1.));
#2623=DIRECTION('ref_axis',(1.,0.,0.));
#2624=DIRECTION('center_axis',(0.,-1.,0.));
#2625=DIRECTION('ref_axis',(-1.,0.,0.));
#2626=DIRECTION('center_axis',(0.,0.,1.));
#2627=DIRECTION('ref_axis',(1.,0.,0.));
#2628=DIRECTION('center_axis',(0.,-1.,0.));
#2629=DIRECTION('ref_axis',(-1.,0.,0.));
#2630=DIRECTION('center_axis',(0.,0.,1.));
#2631=DIRECTION('ref_axis',(1.,0.,0.));
#2632=DIRECTION('center_axis',(0.,-1.,0.));
#2633=DIRECTION('ref_axis',(-1.,0.,0.));
#2634=DIRECTION('center_axis',(0.,0.,1.));
#2635=DIRECTION('ref_axis',(1.,0.,0.));
#2636=DIRECTION('center_axis',(0.,-1.,0.));
#2637=DIRECTION('ref_axis',(-1.,0.,0.));
#2638=DIRECTION('center_axis',(0.,0.,1.));
#2639=DIRECTION('ref_axis',(1.,0.,0.));
#2640=DIRECTION('center_axis',(0.,-1.,0.));
#2641=DIRECTION('ref_axis',(-1.,0.,0.));
#2642=DIRECTION('center_axis',(0.,0.,1.));
#2643=DIRECTION('ref_axis',(1.,0.,0.));
#2644=DIRECTION('center_axis',(0.,-1.,0.));
#2645=DIRECTION('ref_axis',(-1.,0.,0.));
#2646=DIRECTION('center_axis',(0.,0.,1.));
#2647=DIRECTION('ref_axis',(1.,0.,0.));
#2648=DIRECTION('center_axis',(0.,-1.,0.));
#2649=DIRECTION('ref_axis',(-1.,0.,0.));
#2650=DIRECTION('center_axis',(0.,0.,1.));
#2651=DIRECTION('ref_axis',(1.,0.,0.));
#2652=DIRECTION('center_axis',(0.,-1.,0.));
#2653=DIRECTION('ref_axis',(-1.,0.,0.));
#2654=DIRECTION('center_axis',(0.,0.,1.));
#2655=DIRECTION('ref_axis',(1.,0.,0.));
#2656=DIRECTION('center_axis',(0.,-1.,0.));
#2657=DIRECTION('ref_axis',(-1.,0.,0.));
#2658=DIRECTION('center_axis',(0.,0.,1.));
#2659=DIRECTION('ref_axis',(1.,0.,0.));
#2660=DIRECTION('center_axis',(0.,-1.,0.));
#2661=DIRECTION('ref_axis',(-1.,0.,0.));
#2662=DIRECTION('center_axis',(0.,0.,1.));
#2663=DIRECTION('ref_axis',(1.,0.,0.));
#2664=DIRECTION('center_axis',(0.,-1.,0.));
#2665=DIRECTION('ref_axis',(-1.,0.,0.));
#2666=DIRECTION('center_axis',(0.,0.,1.));
#2667=DIRECTION('ref_axis',(1.,0.,0.));
#2668=DIRECTION('center_axis',(0.,-1.,0.));
#2669=DIRECTION('ref_axis',(-1.,0.,0.));
#2670=DIRECTION('center_axis',(0.,0.,1.));
#2671=DIRECTION('ref_axis',(1.,0.,0.));
#2672=DIRECTION('center_axis',(0.,-1.,0.));
#2673=DIRECTION('ref_axis',(-1.,0.,0.));
#2674=DIRECTION('center_axis',(0.,0.,1.));
#2675=DIRECTION('ref_axis',(1.,0.,0.));
#2676=DIRECTION('center_axis',(0.,-1.,0.));
#2677=DIRECTION('ref_axis',(-1.,0.,0.));
#2678=DIRECTION('center_axis',(0.,0.,1.));
#2679=DIRECTION('ref_axis',(1.,0.,0.));
#2680=DIRECTION('center_axis',(0.,-1.,0.));
#2681=DIRECTION('ref_axis',(-1.,0.,0.));
#2682=DIRECTION('center_axis',(0.,0.,1.));
#2683=DIRECTION('ref_axis',(1.,0.,0.));
#2684=DIRECTION('center_axis',(0.,-1.,0.));
#2685=DIRECTION('ref_axis',(-1.,0.,0.));
#2686=DIRECTION('center_axis',(1.22464679914735E-16,0.,1.));
#2687=DIRECTION('ref_axis',(1.,0.,0.));
#2688=DIRECTION('center_axis',(0.,-1.,0.));
#2689=DIRECTION('ref_axis',(-1.,0.,1.10141173077893E-16));
#2690=DIRECTION('center_axis',(0.,0.,1.));
#2691=DIRECTION('ref_axis',(1.,0.,0.));
#2692=DIRECTION('center_axis',(0.,-1.,0.));
#2693=DIRECTION('ref_axis',(-1.,0.,0.));
#2694=DIRECTION('center_axis',(0.,0.,1.));
#2695=DIRECTION('ref_axis',(1.,0.,0.));
#2696=DIRECTION('center_axis',(0.,-1.,0.));
#2697=DIRECTION('ref_axis',(-1.,0.,0.));
#2698=DIRECTION('center_axis',(0.,0.,1.));
#2699=DIRECTION('ref_axis',(1.,0.,0.));
#2700=DIRECTION('center_axis',(0.,-1.,0.));
#2701=DIRECTION('ref_axis',(-1.,0.,0.));
#2702=DIRECTION('center_axis',(0.,0.,1.));
#2703=DIRECTION('ref_axis',(1.,0.,0.));
#2704=DIRECTION('center_axis',(0.,-1.,0.));
#2705=DIRECTION('ref_axis',(-1.,0.,0.));
#2706=DIRECTION('center_axis',(0.,0.,1.));
#2707=DIRECTION('ref_axis',(1.,0.,0.));
#2708=DIRECTION('center_axis',(0.,-1.,0.));
#2709=DIRECTION('ref_axis',(-1.,0.,0.));
#2710=DIRECTION('center_axis',(0.,0.,1.));
#2711=DIRECTION('ref_axis',(1.,0.,0.));
#2712=DIRECTION('center_axis',(0.,-1.,0.));
#2713=DIRECTION('ref_axis',(-1.,0.,0.));
#2714=DIRECTION('center_axis',(0.,0.,1.));
#2715=DIRECTION('ref_axis',(1.,0.,0.));
#2716=DIRECTION('center_axis',(0.,-1.,0.));
#2717=DIRECTION('ref_axis',(-1.,0.,0.));
#2718=DIRECTION('center_axis',(0.,0.,1.));
#2719=DIRECTION('ref_axis',(1.,0.,0.));
#2720=DIRECTION('center_axis',(0.,-1.,0.));
#2721=DIRECTION('ref_axis',(-1.,0.,0.));
#2722=DIRECTION('center_axis',(0.,0.,1.));
#2723=DIRECTION('ref_axis',(1.,0.,0.));
#2724=DIRECTION('center_axis',(0.,-1.,0.));
#2725=DIRECTION('ref_axis',(-1.,0.,0.));
#2726=DIRECTION('center_axis',(0.,0.,1.));
#2727=DIRECTION('ref_axis',(1.,0.,0.));
#2728=DIRECTION('center_axis',(0.,-1.,0.));
#2729=DIRECTION('ref_axis',(-1.,0.,0.));
#2730=DIRECTION('center_axis',(1.22464679914735E-16,0.,1.));
#2731=DIRECTION('ref_axis',(1.,0.,0.));
#2732=DIRECTION('center_axis',(0.,-1.,0.));
#2733=DIRECTION('ref_axis',(-1.,0.,1.10141173077893E-16));
#2734=DIRECTION('center_axis',(0.,0.,1.));
#2735=DIRECTION('ref_axis',(1.,0.,0.));
#2736=DIRECTION('center_axis',(0.,-1.,0.));
#2737=DIRECTION('ref_axis',(-1.,0.,0.));
#2738=DIRECTION('center_axis',(0.,0.,1.));
#2739=DIRECTION('ref_axis',(1.,0.,0.));
#2740=DIRECTION('center_axis',(0.,-1.,0.));
#2741=DIRECTION('ref_axis',(-1.,0.,0.));
#2742=DIRECTION('center_axis',(0.,0.,1.));
#2743=DIRECTION('ref_axis',(1.,0.,0.));
#2744=DIRECTION('center_axis',(0.,-1.,0.));
#2745=DIRECTION('ref_axis',(-1.,0.,0.));
#2746=DIRECTION('center_axis',(0.,0.,1.));
#2747=DIRECTION('ref_axis',(1.,0.,0.));
#2748=DIRECTION('center_axis',(0.,-1.,0.));
#2749=DIRECTION('ref_axis',(-1.,0.,0.));
#2750=DIRECTION('center_axis',(0.,0.,1.));
#2751=DIRECTION('ref_axis',(1.,0.,0.));
#2752=DIRECTION('center_axis',(0.,-1.,0.));
#2753=DIRECTION('ref_axis',(-1.,0.,0.));
#2754=DIRECTION('center_axis',(0.,0.,1.));
#2755=DIRECTION('ref_axis',(1.,0.,0.));
#2756=DIRECTION('center_axis',(0.,-1.,0.));
#2757=DIRECTION('ref_axis',(-1.,0.,0.));
#2758=DIRECTION('center_axis',(0.,0.,1.));
#2759=DIRECTION('ref_axis',(1.,0.,0.));
#2760=DIRECTION('center_axis',(0.,-1.,0.));
#2761=DIRECTION('ref_axis',(-1.,0.,0.));
#2762=DIRECTION('center_axis',(0.,0.,1.));
#2763=DIRECTION('ref_axis',(1.,0.,0.));
#2764=DIRECTION('center_axis',(0.,-1.,0.));
#2765=DIRECTION('ref_axis',(-1.,0.,0.));
#2766=DIRECTION('center_axis',(0.,0.,1.));
#2767=DIRECTION('ref_axis',(1.,0.,0.));
#2768=DIRECTION('center_axis',(0.,-1.,0.));
#2769=DIRECTION('ref_axis',(-1.,0.,0.));
#2770=DIRECTION('center_axis',(0.,0.,1.));
#2771=DIRECTION('ref_axis',(1.,0.,0.));
#2772=DIRECTION('center_axis',(0.,-1.,0.));
#2773=DIRECTION('ref_axis',(-1.,0.,0.));
#2774=DIRECTION('center_axis',(1.22464679914735E-16,0.,1.));
#2775=DIRECTION('ref_axis',(1.,0.,0.));
#2776=DIRECTION('center_axis',(0.,-1.,0.));
#2777=DIRECTION('ref_axis',(-1.,0.,1.10141173077893E-16));
#2778=DIRECTION('center_axis',(0.,0.,1.));
#2779=DIRECTION('ref_axis',(1.,0.,0.));
#2780=DIRECTION('center_axis',(0.,-1.,0.));
#2781=DIRECTION('ref_axis',(-1.,0.,0.));
#2782=DIRECTION('center_axis',(0.,0.,1.));
#2783=DIRECTION('ref_axis',(1.,0.,0.));
#2784=DIRECTION('center_axis',(0.,-1.,0.));
#2785=DIRECTION('ref_axis',(-1.,0.,0.));
#2786=DIRECTION('center_axis',(0.,0.,1.));
#2787=DIRECTION('ref_axis',(1.,0.,0.));
#2788=DIRECTION('center_axis',(0.,-1.,0.));
#2789=DIRECTION('ref_axis',(-1.,0.,0.));
#2790=DIRECTION('center_axis',(0.,0.,1.));
#2791=DIRECTION('ref_axis',(1.,0.,0.));
#2792=DIRECTION('center_axis',(0.,-1.,0.));
#2793=DIRECTION('ref_axis',(-1.,0.,0.));
#2794=DIRECTION('center_axis',(0.,0.,1.));
#2795=DIRECTION('ref_axis',(1.,0.,0.));
#2796=DIRECTION('center_axis',(0.,-1.,0.));
#2797=DIRECTION('ref_axis',(-1.,0.,0.));
#2798=CARTESIAN_POINT('',(0.,0.,0.));
#2799=CARTESIAN_POINT('Origin',(-2.4,2.4,0.65));
#2800=CARTESIAN_POINT('',(-2.7,2.4,0.602));
#2801=CARTESIAN_POINT('Origin',(-2.4,2.4,0.602));
#2802=CARTESIAN_POINT('',(-2.7,2.4,0.6));
#2803=CARTESIAN_POINT('',(-2.7,2.4,0.65));
#2804=CARTESIAN_POINT('Origin',(-2.4,2.4,0.6));
#2805=CARTESIAN_POINT('Origin',(-3.,-3.,0.6));
#2806=CARTESIAN_POINT('',(-3.,-3.,0.6));
#2807=CARTESIAN_POINT('',(-3.,3.,0.6));
#2808=CARTESIAN_POINT('',(-3.,-3.,0.6));
#2809=CARTESIAN_POINT('',(3.,-3.,0.6));
#2810=CARTESIAN_POINT('',(-3.,-3.,0.6));
#2811=CARTESIAN_POINT('',(3.,3.,0.6));
#2812=CARTESIAN_POINT('',(3.,-3.,0.6));
#2813=CARTESIAN_POINT('',(-3.,3.,0.6));
#2814=CARTESIAN_POINT('Origin',(-3.,3.,0.2));
#2815=CARTESIAN_POINT('',(3.,3.,0.2));
#2816=CARTESIAN_POINT('',(3.,3.,0.2));
#2817=CARTESIAN_POINT('',(-3.,3.,0.2));
#2818=CARTESIAN_POINT('',(-3.,3.,0.2));
#2819=CARTESIAN_POINT('',(-3.,3.,0.2));
#2820=CARTESIAN_POINT('Origin',(3.,-3.,0.2));
#2821=CARTESIAN_POINT('',(3.,-3.,0.2));
#2822=CARTESIAN_POINT('',(3.,-3.,0.2));
#2823=CARTESIAN_POINT('',(3.,-3.,0.2));
#2824=CARTESIAN_POINT('Origin',(-2.4,2.4,0.602));
#2825=CARTESIAN_POINT('Origin',(-3.,-3.,0.2));
#2826=CARTESIAN_POINT('',(-3.,-3.,0.2));
#2827=CARTESIAN_POINT('',(-3.,-3.,0.2));
#2828=CARTESIAN_POINT('',(-3.,-3.,0.2));
#2829=CARTESIAN_POINT('Origin',(-3.,-3.,0.2));
#2830=CARTESIAN_POINT('',(-3.,-3.,0.2));
#2831=CARTESIAN_POINT('Origin',(-3.,-3.,0.2));
#2832=CARTESIAN_POINT('',(-2.649352770312,-2.5,0.2));
#2833=CARTESIAN_POINT('Origin',(-2.5,-2.5,0.2));
#2834=CARTESIAN_POINT('',(-2.149352770312,-2.5,0.2));
#2835=CARTESIAN_POINT('Origin',(-2.,-2.5,0.2));
#2836=CARTESIAN_POINT('',(-1.649352770312,-2.5,0.2));
#2837=CARTESIAN_POINT('Origin',(-1.5,-2.5,0.2));
#2838=CARTESIAN_POINT('',(-1.149352770312,-2.5,0.2));
#2839=CARTESIAN_POINT('Origin',(-1.,-2.5,0.2));
#2840=CARTESIAN_POINT('',(-0.649352770312,-2.5,0.2));
#2841=CARTESIAN_POINT('Origin',(-0.5,-2.5,0.2));
#2842=CARTESIAN_POINT('',(-0.149352770312,-2.5,0.2));
#2843=CARTESIAN_POINT('Origin',(0.,-2.5,0.2));
#2844=CARTESIAN_POINT('',(0.350647229688,-2.5,0.2));
#2845=CARTESIAN_POINT('Origin',(0.5,-2.5,0.2));
#2846=CARTESIAN_POINT('',(0.850647229688,-2.5,0.2));
#2847=CARTESIAN_POINT('Origin',(1.,-2.5,0.2));
#2848=CARTESIAN_POINT('',(1.350647229688,-2.5,0.2));
#2849=CARTESIAN_POINT('Origin',(1.5,-2.5,0.2));
#2850=CARTESIAN_POINT('',(1.850647229688,-2.5,0.2));
#2851=CARTESIAN_POINT('Origin',(2.,-2.5,0.2));
#2852=CARTESIAN_POINT('',(2.350647229688,-2.5,0.2));
#2853=CARTESIAN_POINT('Origin',(2.5,-2.5,0.2));
#2854=CARTESIAN_POINT('',(-2.649352770312,-2.,0.2));
#2855=CARTESIAN_POINT('Origin',(-2.5,-2.,0.2));
#2856=CARTESIAN_POINT('',(-2.149352770312,-2.,0.2));
#2857=CARTESIAN_POINT('Origin',(-2.,-2.,0.2));
#2858=CARTESIAN_POINT('',(-1.649352770312,-2.,0.2));
#2859=CARTESIAN_POINT('Origin',(-1.5,-2.,0.2));
#2860=CARTESIAN_POINT('',(-1.149352770312,-2.,0.2));
#2861=CARTESIAN_POINT('Origin',(-1.,-2.,0.2));
#2862=CARTESIAN_POINT('',(-0.649352770312,-2.,0.2));
#2863=CARTESIAN_POINT('Origin',(-0.5,-2.,0.2));
#2864=CARTESIAN_POINT('',(-0.149352770312,-2.,0.2));
#2865=CARTESIAN_POINT('Origin',(0.,-2.,0.2));
#2866=CARTESIAN_POINT('',(0.350647229688,-2.,0.2));
#2867=CARTESIAN_POINT('Origin',(0.5,-2.,0.2));
#2868=CARTESIAN_POINT('',(0.850647229688,-2.,0.2));
#2869=CARTESIAN_POINT('Origin',(1.,-2.,0.2));
#2870=CARTESIAN_POINT('',(1.350647229688,-2.,0.2));
#2871=CARTESIAN_POINT('Origin',(1.5,-2.,0.2));
#2872=CARTESIAN_POINT('',(1.850647229688,-2.,0.2));
#2873=CARTESIAN_POINT('Origin',(2.,-2.,0.2));
#2874=CARTESIAN_POINT('',(2.350647229688,-2.,0.2));
#2875=CARTESIAN_POINT('Origin',(2.5,-2.,0.2));
#2876=CARTESIAN_POINT('',(-2.649352770312,-1.5,0.2));
#2877=CARTESIAN_POINT('Origin',(-2.5,-1.5,0.2));
#2878=CARTESIAN_POINT('',(-2.149352770312,-1.5,0.2));
#2879=CARTESIAN_POINT('Origin',(-2.,-1.5,0.2));
#2880=CARTESIAN_POINT('',(-1.649352770312,-1.5,0.2));
#2881=CARTESIAN_POINT('Origin',(-1.5,-1.5,0.2));
#2882=CARTESIAN_POINT('',(-1.149352770312,-1.5,0.2));
#2883=CARTESIAN_POINT('Origin',(-1.,-1.5,0.2));
#2884=CARTESIAN_POINT('',(-0.649352770312,-1.5,0.2));
#2885=CARTESIAN_POINT('Origin',(-0.5,-1.5,0.2));
#2886=CARTESIAN_POINT('',(-0.149352770312,-1.5,0.2));
#2887=CARTESIAN_POINT('Origin',(0.,-1.5,0.2));
#2888=CARTESIAN_POINT('',(0.350647229688,-1.5,0.2));
#2889=CARTESIAN_POINT('Origin',(0.5,-1.5,0.2));
#2890=CARTESIAN_POINT('',(0.850647229688,-1.5,0.2));
#2891=CARTESIAN_POINT('Origin',(1.,-1.5,0.2));
#2892=CARTESIAN_POINT('',(1.350647229688,-1.5,0.2));
#2893=CARTESIAN_POINT('Origin',(1.5,-1.5,0.2));
#2894=CARTESIAN_POINT('',(1.850647229688,-1.5,0.2));
#2895=CARTESIAN_POINT('Origin',(2.,-1.5,0.2));
#2896=CARTESIAN_POINT('',(2.350647229688,-1.5,0.2));
#2897=CARTESIAN_POINT('Origin',(2.5,-1.5,0.2));
#2898=CARTESIAN_POINT('',(-2.649352770312,-1.,0.2));
#2899=CARTESIAN_POINT('Origin',(-2.5,-1.,0.2));
#2900=CARTESIAN_POINT('',(-2.149352770312,-1.,0.2));
#2901=CARTESIAN_POINT('Origin',(-2.,-1.,0.2));
#2902=CARTESIAN_POINT('',(-1.649352770312,-1.,0.2));
#2903=CARTESIAN_POINT('Origin',(-1.5,-1.,0.2));
#2904=CARTESIAN_POINT('',(-1.149352770312,-1.,0.2));
#2905=CARTESIAN_POINT('Origin',(-1.,-1.,0.2));
#2906=CARTESIAN_POINT('',(0.850647229688,-1.,0.2));
#2907=CARTESIAN_POINT('Origin',(1.,-1.,0.2));
#2908=CARTESIAN_POINT('',(1.350647229688,-1.,0.2));
#2909=CARTESIAN_POINT('Origin',(1.5,-1.,0.2));
#2910=CARTESIAN_POINT('',(1.850647229688,-1.,0.2));
#2911=CARTESIAN_POINT('Origin',(2.,-1.,0.2));
#2912=CARTESIAN_POINT('',(2.350647229688,-1.,0.2));
#2913=CARTESIAN_POINT('Origin',(2.5,-1.,0.2));
#2914=CARTESIAN_POINT('',(-2.649352770312,-0.5,0.2));
#2915=CARTESIAN_POINT('Origin',(-2.5,-0.5,0.2));
#2916=CARTESIAN_POINT('',(-2.149352770312,-0.5,0.2));
#2917=CARTESIAN_POINT('Origin',(-2.,-0.5,0.2));
#2918=CARTESIAN_POINT('',(-1.649352770312,-0.5,0.2));
#2919=CARTESIAN_POINT('Origin',(-1.5,-0.5,0.2));
#2920=CARTESIAN_POINT('',(1.350647229688,-0.5,0.2));
#2921=CARTESIAN_POINT('Origin',(1.5,-0.5,0.2));
#2922=CARTESIAN_POINT('',(1.850647229688,-0.5,0.2));
#2923=CARTESIAN_POINT('Origin',(2.,-0.5,0.2));
#2924=CARTESIAN_POINT('',(2.350647229688,-0.5,0.2));
#2925=CARTESIAN_POINT('Origin',(2.5,-0.5,0.2));
#2926=CARTESIAN_POINT('',(-2.649352770312,-1.82904392106381E-17,0.2));
#2927=CARTESIAN_POINT('Origin',(-2.5,0.,0.2));
#2928=CARTESIAN_POINT('',(-2.149352770312,-1.82904392106381E-17,0.2));
#2929=CARTESIAN_POINT('Origin',(-2.,0.,0.2));
#2930=CARTESIAN_POINT('',(-1.649352770312,-1.82904392106381E-17,0.2));
#2931=CARTESIAN_POINT('Origin',(-1.5,0.,0.2));
#2932=CARTESIAN_POINT('',(1.350647229688,-1.8290439210638E-17,0.2));
#2933=CARTESIAN_POINT('Origin',(1.5,0.,0.2));
#2934=CARTESIAN_POINT('',(1.850647229688,-1.82904392106381E-17,0.2));
#2935=CARTESIAN_POINT('Origin',(2.,0.,0.2));
#2936=CARTESIAN_POINT('',(2.350647229688,-1.82904392106381E-17,0.2));
#2937=CARTESIAN_POINT('Origin',(2.5,0.,0.2));
#2938=CARTESIAN_POINT('',(-2.649352770312,0.5,0.2));
#2939=CARTESIAN_POINT('Origin',(-2.5,0.5,0.2));
#2940=CARTESIAN_POINT('',(-2.149352770312,0.5,0.2));
#2941=CARTESIAN_POINT('Origin',(-2.,0.5,0.2));
#2942=CARTESIAN_POINT('',(-1.649352770312,0.5,0.2));
#2943=CARTESIAN_POINT('Origin',(-1.5,0.5,0.2));
#2944=CARTESIAN_POINT('',(1.350647229688,0.5,0.2));
#2945=CARTESIAN_POINT('Origin',(1.5,0.5,0.2));
#2946=CARTESIAN_POINT('',(1.850647229688,0.5,0.2));
#2947=CARTESIAN_POINT('Origin',(2.,0.5,0.2));
#2948=CARTESIAN_POINT('',(2.350647229688,0.5,0.2));
#2949=CARTESIAN_POINT('Origin',(2.5,0.5,0.2));
#2950=CARTESIAN_POINT('',(-2.649352770312,1.,0.2));
#2951=CARTESIAN_POINT('Origin',(-2.5,1.,0.2));
#2952=CARTESIAN_POINT('',(-2.149352770312,1.,0.2));
#2953=CARTESIAN_POINT('Origin',(-2.,1.,0.2));
#2954=CARTESIAN_POINT('',(-1.649352770312,1.,0.2));
#2955=CARTESIAN_POINT('Origin',(-1.5,1.,0.2));
#2956=CARTESIAN_POINT('',(-1.149352770312,1.,0.2));
#2957=CARTESIAN_POINT('Origin',(-1.,1.,0.2));
#2958=CARTESIAN_POINT('',(0.850647229688,1.,0.2));
#2959=CARTESIAN_POINT('Origin',(1.,1.,0.2));
#2960=CARTESIAN_POINT('',(1.350647229688,1.,0.2));
#2961=CARTESIAN_POINT('Origin',(1.5,1.,0.2));
#2962=CARTESIAN_POINT('',(1.850647229688,1.,0.2));
#2963=CARTESIAN_POINT('Origin',(2.,1.,0.2));
#2964=CARTESIAN_POINT('',(2.350647229688,1.,0.2));
#2965=CARTESIAN_POINT('Origin',(2.5,1.,0.2));
#2966=CARTESIAN_POINT('',(-2.649352770312,1.5,0.2));
#2967=CARTESIAN_POINT('Origin',(-2.5,1.5,0.2));
#2968=CARTESIAN_POINT('',(-2.149352770312,1.5,0.2));
#2969=CARTESIAN_POINT('Origin',(-2.,1.5,0.2));
#2970=CARTESIAN_POINT('',(-1.649352770312,1.5,0.2));
#2971=CARTESIAN_POINT('Origin',(-1.5,1.5,0.2));
#2972=CARTESIAN_POINT('',(-1.149352770312,1.5,0.2));
#2973=CARTESIAN_POINT('Origin',(-1.,1.5,0.2));
#2974=CARTESIAN_POINT('',(-0.649352770312,1.5,0.2));
#2975=CARTESIAN_POINT('Origin',(-0.5,1.5,0.2));
#2976=CARTESIAN_POINT('',(-0.149352770312,1.5,0.2));
#2977=CARTESIAN_POINT('Origin',(0.,1.5,0.2));
#2978=CARTESIAN_POINT('',(0.350647229688,1.5,0.2));
#2979=CARTESIAN_POINT('Origin',(0.5,1.5,0.2));
#2980=CARTESIAN_POINT('',(0.850647229688,1.5,0.2));
#2981=CARTESIAN_POINT('Origin',(1.,1.5,0.2));
#2982=CARTESIAN_POINT('',(1.350647229688,1.5,0.2));
#2983=CARTESIAN_POINT('Origin',(1.5,1.5,0.2));
#2984=CARTESIAN_POINT('',(1.850647229688,1.5,0.2));
#2985=CARTESIAN_POINT('Origin',(2.,1.5,0.2));
#2986=CARTESIAN_POINT('',(2.350647229688,1.5,0.2));
#2987=CARTESIAN_POINT('Origin',(2.5,1.5,0.2));
#2988=CARTESIAN_POINT('',(-2.649352770312,2.,0.2));
#2989=CARTESIAN_POINT('Origin',(-2.5,2.,0.2));
#2990=CARTESIAN_POINT('',(-2.149352770312,2.,0.2));
#2991=CARTESIAN_POINT('Origin',(-2.,2.,0.2));
#2992=CARTESIAN_POINT('',(-1.649352770312,2.,0.2));
#2993=CARTESIAN_POINT('Origin',(-1.5,2.,0.2));
#2994=CARTESIAN_POINT('',(-1.149352770312,2.,0.2));
#2995=CARTESIAN_POINT('Origin',(-1.,2.,0.2));
#2996=CARTESIAN_POINT('',(-0.649352770312,2.,0.2));
#2997=CARTESIAN_POINT('Origin',(-0.5,2.,0.2));
#2998=CARTESIAN_POINT('',(-0.149352770312,2.,0.2));
#2999=CARTESIAN_POINT('Origin',(0.,2.,0.2));
#3000=CARTESIAN_POINT('',(0.350647229688,2.,0.2));
#3001=CARTESIAN_POINT('Origin',(0.5,2.,0.2));
#3002=CARTESIAN_POINT('',(0.850647229688,2.,0.2));
#3003=CARTESIAN_POINT('Origin',(1.,2.,0.2));
#3004=CARTESIAN_POINT('',(1.350647229688,2.,0.2));
#3005=CARTESIAN_POINT('Origin',(1.5,2.,0.2));
#3006=CARTESIAN_POINT('',(1.850647229688,2.,0.2));
#3007=CARTESIAN_POINT('Origin',(2.,2.,0.2));
#3008=CARTESIAN_POINT('',(2.350647229688,2.,0.2));
#3009=CARTESIAN_POINT('Origin',(2.5,2.,0.2));
#3010=CARTESIAN_POINT('',(-2.649352770312,2.5,0.2));
#3011=CARTESIAN_POINT('Origin',(-2.5,2.5,0.2));
#3012=CARTESIAN_POINT('',(-2.149352770312,2.5,0.2));
#3013=CARTESIAN_POINT('Origin',(-2.,2.5,0.2));
#3014=CARTESIAN_POINT('',(-1.649352770312,2.5,0.2));
#3015=CARTESIAN_POINT('Origin',(-1.5,2.5,0.2));
#3016=CARTESIAN_POINT('',(-1.149352770312,2.5,0.2));
#3017=CARTESIAN_POINT('Origin',(-1.,2.5,0.2));
#3018=CARTESIAN_POINT('',(-0.649352770312,2.5,0.2));
#3019=CARTESIAN_POINT('Origin',(-0.5,2.5,0.2));
#3020=CARTESIAN_POINT('',(-0.149352770312,2.5,0.2));
#3021=CARTESIAN_POINT('Origin',(0.,2.5,0.2));
#3022=CARTESIAN_POINT('',(0.350647229688,2.5,0.2));
#3023=CARTESIAN_POINT('Origin',(0.5,2.5,0.2));
#3024=CARTESIAN_POINT('',(0.850647229688,2.5,0.2));
#3025=CARTESIAN_POINT('Origin',(1.,2.5,0.2));
#3026=CARTESIAN_POINT('',(1.350647229688,2.5,0.2));
#3027=CARTESIAN_POINT('Origin',(1.5,2.5,0.2));
#3028=CARTESIAN_POINT('',(1.850647229688,2.5,0.2));
#3029=CARTESIAN_POINT('Origin',(2.,2.5,0.2));
#3030=CARTESIAN_POINT('',(2.350647229688,2.5,0.2));
#3031=CARTESIAN_POINT('Origin',(2.5,2.5,0.2));
#3032=CARTESIAN_POINT('Origin',(2.5,2.5,0.15));
#3033=CARTESIAN_POINT('',(2.5,2.5,-0.00749999999999987));
#3034=CARTESIAN_POINT('Origin',(2.5,2.5,0.15));
#3035=CARTESIAN_POINT('Origin',(2.,2.5,0.15));
#3036=CARTESIAN_POINT('',(2.,2.5,-0.00749999999999987));
#3037=CARTESIAN_POINT('Origin',(2.,2.5,0.15));
#3038=CARTESIAN_POINT('Origin',(1.5,2.5,0.15));
#3039=CARTESIAN_POINT('',(1.5,2.5,-0.00749999999999987));
#3040=CARTESIAN_POINT('Origin',(1.5,2.5,0.15));
#3041=CARTESIAN_POINT('Origin',(1.,2.5,0.15));
#3042=CARTESIAN_POINT('',(1.,2.5,-0.00750000000000001));
#3043=CARTESIAN_POINT('Origin',(1.,2.5,0.15));
#3044=CARTESIAN_POINT('Origin',(0.5,2.5,0.15));
#3045=CARTESIAN_POINT('',(0.5,2.5,-0.00750000000000001));
#3046=CARTESIAN_POINT('Origin',(0.5,2.5,0.15));
#3047=CARTESIAN_POINT('Origin',(0.,2.5,0.15));
#3048=CARTESIAN_POINT('',(-2.69913283030535E-17,2.5,-0.00750000000000001));
#3049=CARTESIAN_POINT('Origin',(0.,2.5,0.15));
#3050=CARTESIAN_POINT('Origin',(-0.5,2.5,0.15));
#3051=CARTESIAN_POINT('',(-0.5,2.5,-0.00750000000000001));
#3052=CARTESIAN_POINT('Origin',(-0.5,2.5,0.15));
#3053=CARTESIAN_POINT('Origin',(-1.,2.5,0.15));
#3054=CARTESIAN_POINT('',(-1.,2.5,-0.00750000000000001));
#3055=CARTESIAN_POINT('Origin',(-1.,2.5,0.15));
#3056=CARTESIAN_POINT('Origin',(-1.5,2.5,0.15));
#3057=CARTESIAN_POINT('',(-1.5,2.5,-0.00749999999999987));
#3058=CARTESIAN_POINT('Origin',(-1.5,2.5,0.15));
#3059=CARTESIAN_POINT('Origin',(-2.,2.5,0.15));
#3060=CARTESIAN_POINT('',(-2.,2.5,-0.00749999999999987));
#3061=CARTESIAN_POINT('Origin',(-2.,2.5,0.15));
#3062=CARTESIAN_POINT('Origin',(-2.5,2.5,0.15));
#3063=CARTESIAN_POINT('',(-2.5,2.5,-0.00749999999999987));
#3064=CARTESIAN_POINT('Origin',(-2.5,2.5,0.15));
#3065=CARTESIAN_POINT('Origin',(2.5,2.,0.15));
#3066=CARTESIAN_POINT('',(2.5,2.,-0.00749999999999987));
#3067=CARTESIAN_POINT('Origin',(2.5,2.,0.15));
#3068=CARTESIAN_POINT('Origin',(2.,2.,0.15));
#3069=CARTESIAN_POINT('',(2.,2.,-0.00749999999999987));
#3070=CARTESIAN_POINT('Origin',(2.,2.,0.15));
#3071=CARTESIAN_POINT('Origin',(1.5,2.,0.15));
#3072=CARTESIAN_POINT('',(1.5,2.,-0.00749999999999987));
#3073=CARTESIAN_POINT('Origin',(1.5,2.,0.15));
#3074=CARTESIAN_POINT('Origin',(1.,2.,0.15));
#3075=CARTESIAN_POINT('',(1.,2.,-0.00750000000000001));
#3076=CARTESIAN_POINT('Origin',(1.,2.,0.15));
#3077=CARTESIAN_POINT('Origin',(0.5,2.,0.15));
#3078=CARTESIAN_POINT('',(0.5,2.,-0.00750000000000001));
#3079=CARTESIAN_POINT('Origin',(0.5,2.,0.15));
#3080=CARTESIAN_POINT('Origin',(0.,2.,0.15));
#3081=CARTESIAN_POINT('',(-2.69913283030535E-17,2.,-0.00750000000000001));
#3082=CARTESIAN_POINT('Origin',(0.,2.,0.15));
#3083=CARTESIAN_POINT('Origin',(-0.5,2.,0.15));
#3084=CARTESIAN_POINT('',(-0.5,2.,-0.00750000000000001));
#3085=CARTESIAN_POINT('Origin',(-0.5,2.,0.15));
#3086=CARTESIAN_POINT('Origin',(-1.,2.,0.15));
#3087=CARTESIAN_POINT('',(-1.,2.,-0.00750000000000001));
#3088=CARTESIAN_POINT('Origin',(-1.,2.,0.15));
#3089=CARTESIAN_POINT('Origin',(-1.5,2.,0.15));
#3090=CARTESIAN_POINT('',(-1.5,2.,-0.00749999999999987));
#3091=CARTESIAN_POINT('Origin',(-1.5,2.,0.15));
#3092=CARTESIAN_POINT('Origin',(-2.,2.,0.15));
#3093=CARTESIAN_POINT('',(-2.,2.,-0.00749999999999987));
#3094=CARTESIAN_POINT('Origin',(-2.,2.,0.15));
#3095=CARTESIAN_POINT('Origin',(-2.5,2.,0.15));
#3096=CARTESIAN_POINT('',(-2.5,2.,-0.00749999999999987));
#3097=CARTESIAN_POINT('Origin',(-2.5,2.,0.15));
#3098=CARTESIAN_POINT('Origin',(2.5,1.5,0.15));
#3099=CARTESIAN_POINT('',(2.5,1.5,-0.00749999999999987));
#3100=CARTESIAN_POINT('Origin',(2.5,1.5,0.15));
#3101=CARTESIAN_POINT('Origin',(2.,1.5,0.15));
#3102=CARTESIAN_POINT('',(2.,1.5,-0.00749999999999987));
#3103=CARTESIAN_POINT('Origin',(2.,1.5,0.15));
#3104=CARTESIAN_POINT('Origin',(1.5,1.5,0.15));
#3105=CARTESIAN_POINT('',(1.5,1.5,-0.00749999999999987));
#3106=CARTESIAN_POINT('Origin',(1.5,1.5,0.15));
#3107=CARTESIAN_POINT('Origin',(1.,1.5,0.15));
#3108=CARTESIAN_POINT('',(1.,1.5,-0.00750000000000001));
#3109=CARTESIAN_POINT('Origin',(1.,1.5,0.15));
#3110=CARTESIAN_POINT('Origin',(0.5,1.5,0.15));
#3111=CARTESIAN_POINT('',(0.5,1.5,-0.00750000000000001));
#3112=CARTESIAN_POINT('Origin',(0.5,1.5,0.15));
#3113=CARTESIAN_POINT('Origin',(0.,1.5,0.15));
#3114=CARTESIAN_POINT('',(-2.69913283030535E-17,1.5,-0.00750000000000001));
#3115=CARTESIAN_POINT('Origin',(0.,1.5,0.15));
#3116=CARTESIAN_POINT('Origin',(-0.5,1.5,0.15));
#3117=CARTESIAN_POINT('',(-0.5,1.5,-0.00750000000000001));
#3118=CARTESIAN_POINT('Origin',(-0.5,1.5,0.15));
#3119=CARTESIAN_POINT('Origin',(-1.,1.5,0.15));
#3120=CARTESIAN_POINT('',(-1.,1.5,-0.00750000000000001));
#3121=CARTESIAN_POINT('Origin',(-1.,1.5,0.15));
#3122=CARTESIAN_POINT('Origin',(-1.5,1.5,0.15));
#3123=CARTESIAN_POINT('',(-1.5,1.5,-0.00749999999999987));
#3124=CARTESIAN_POINT('Origin',(-1.5,1.5,0.15));
#3125=CARTESIAN_POINT('Origin',(-2.,1.5,0.15));
#3126=CARTESIAN_POINT('',(-2.,1.5,-0.00749999999999987));
#3127=CARTESIAN_POINT('Origin',(-2.,1.5,0.15));
#3128=CARTESIAN_POINT('Origin',(-2.5,1.5,0.15));
#3129=CARTESIAN_POINT('',(-2.5,1.5,-0.00749999999999987));
#3130=CARTESIAN_POINT('Origin',(-2.5,1.5,0.15));
#3131=CARTESIAN_POINT('Origin',(2.5,1.,0.15));
#3132=CARTESIAN_POINT('',(2.5,1.,-0.00749999999999987));
#3133=CARTESIAN_POINT('Origin',(2.5,1.,0.15));
#3134=CARTESIAN_POINT('Origin',(2.,1.,0.15));
#3135=CARTESIAN_POINT('',(2.,1.,-0.00749999999999987));
#3136=CARTESIAN_POINT('Origin',(2.,1.,0.15));
#3137=CARTESIAN_POINT('Origin',(1.5,1.,0.15));
#3138=CARTESIAN_POINT('',(1.5,1.,-0.00749999999999987));
#3139=CARTESIAN_POINT('Origin',(1.5,1.,0.15));
#3140=CARTESIAN_POINT('Origin',(1.,1.,0.15));
#3141=CARTESIAN_POINT('',(1.,1.,-0.00750000000000001));
#3142=CARTESIAN_POINT('Origin',(1.,1.,0.15));
#3143=CARTESIAN_POINT('Origin',(-1.,1.,0.15));
#3144=CARTESIAN_POINT('',(-1.,1.,-0.00750000000000001));
#3145=CARTESIAN_POINT('Origin',(-1.,1.,0.15));
#3146=CARTESIAN_POINT('Origin',(-1.5,1.,0.15));
#3147=CARTESIAN_POINT('',(-1.5,1.,-0.00749999999999987));
#3148=CARTESIAN_POINT('Origin',(-1.5,1.,0.15));
#3149=CARTESIAN_POINT('Origin',(-2.,1.,0.15));
#3150=CARTESIAN_POINT('',(-2.,1.,-0.00749999999999987));
#3151=CARTESIAN_POINT('Origin',(-2.,1.,0.15));
#3152=CARTESIAN_POINT('Origin',(-2.5,1.,0.15));
#3153=CARTESIAN_POINT('',(-2.5,1.,-0.00749999999999987));
#3154=CARTESIAN_POINT('Origin',(-2.5,1.,0.15));
#3155=CARTESIAN_POINT('Origin',(2.5,0.5,0.15));
#3156=CARTESIAN_POINT('',(2.5,0.5,-0.00749999999999987));
#3157=CARTESIAN_POINT('Origin',(2.5,0.5,0.15));
#3158=CARTESIAN_POINT('Origin',(2.,0.5,0.15));
#3159=CARTESIAN_POINT('',(2.,0.5,-0.00749999999999987));
#3160=CARTESIAN_POINT('Origin',(2.,0.5,0.15));
#3161=CARTESIAN_POINT('Origin',(1.5,0.5,0.15));
#3162=CARTESIAN_POINT('',(1.5,0.5,-0.00749999999999987));
#3163=CARTESIAN_POINT('Origin',(1.5,0.5,0.15));
#3164=CARTESIAN_POINT('Origin',(-1.5,0.5,0.15));
#3165=CARTESIAN_POINT('',(-1.5,0.5,-0.00749999999999987));
#3166=CARTESIAN_POINT('Origin',(-1.5,0.5,0.15));
#3167=CARTESIAN_POINT('Origin',(-2.,0.5,0.15));
#3168=CARTESIAN_POINT('',(-2.,0.5,-0.00749999999999987));
#3169=CARTESIAN_POINT('Origin',(-2.,0.5,0.15));
#3170=CARTESIAN_POINT('Origin',(-2.5,0.5,0.15));
#3171=CARTESIAN_POINT('',(-2.5,0.5,-0.00749999999999987));
#3172=CARTESIAN_POINT('Origin',(-2.5,0.5,0.15));
#3173=CARTESIAN_POINT('Origin',(2.5,0.,0.15));
#3174=CARTESIAN_POINT('',(2.5,-1.18106082884621E-33,-0.00749999999999987));
#3175=CARTESIAN_POINT('Origin',(2.5,0.,0.15));
#3176=CARTESIAN_POINT('Origin',(2.,0.,0.15));
#3177=CARTESIAN_POINT('',(2.,-1.18106082884621E-33,-0.00749999999999987));
#3178=CARTESIAN_POINT('Origin',(2.,0.,0.15));
#3179=CARTESIAN_POINT('Origin',(1.5,0.,0.15));
#3180=CARTESIAN_POINT('',(1.5,-1.18106082884621E-33,-0.00749999999999987));
#3181=CARTESIAN_POINT('Origin',(1.5,0.,0.15));
#3182=CARTESIAN_POINT('Origin',(-1.5,0.,0.15));
#3183=CARTESIAN_POINT('',(-1.5,-1.18106082884621E-33,-0.00749999999999987));
#3184=CARTESIAN_POINT('Origin',(-1.5,0.,0.15));
#3185=CARTESIAN_POINT('Origin',(-2.,0.,0.15));
#3186=CARTESIAN_POINT('',(-2.,-1.18106082884621E-33,-0.00749999999999987));
#3187=CARTESIAN_POINT('Origin',(-2.,0.,0.15));
#3188=CARTESIAN_POINT('Origin',(-2.5,0.,0.15));
#3189=CARTESIAN_POINT('',(-2.5,-1.18106082884621E-33,-0.00749999999999987));
#3190=CARTESIAN_POINT('Origin',(-2.5,0.,0.15));
#3191=CARTESIAN_POINT('Origin',(2.5,-0.5,0.15));
#3192=CARTESIAN_POINT('',(2.5,-0.5,-0.00749999999999987));
#3193=CARTESIAN_POINT('Origin',(2.5,-0.5,0.15));
#3194=CARTESIAN_POINT('Origin',(2.,-0.5,0.15));
#3195=CARTESIAN_POINT('',(2.,-0.5,-0.00749999999999987));
#3196=CARTESIAN_POINT('Origin',(2.,-0.5,0.15));
#3197=CARTESIAN_POINT('Origin',(1.5,-0.5,0.15));
#3198=CARTESIAN_POINT('',(1.5,-0.5,-0.00749999999999987));
#3199=CARTESIAN_POINT('Origin',(1.5,-0.5,0.15));
#3200=CARTESIAN_POINT('Origin',(-1.5,-0.5,0.15));
#3201=CARTESIAN_POINT('',(-1.5,-0.5,-0.00749999999999987));
#3202=CARTESIAN_POINT('Origin',(-1.5,-0.5,0.15));
#3203=CARTESIAN_POINT('Origin',(-2.,-0.5,0.15));
#3204=CARTESIAN_POINT('',(-2.,-0.5,-0.00749999999999987));
#3205=CARTESIAN_POINT('Origin',(-2.,-0.5,0.15));
#3206=CARTESIAN_POINT('Origin',(-2.5,-0.5,0.15));
#3207=CARTESIAN_POINT('',(-2.5,-0.5,-0.00749999999999987));
#3208=CARTESIAN_POINT('Origin',(-2.5,-0.5,0.15));
#3209=CARTESIAN_POINT('Origin',(2.5,-1.,0.15));
#3210=CARTESIAN_POINT('',(2.5,-1.,-0.00749999999999987));
#3211=CARTESIAN_POINT('Origin',(2.5,-1.,0.15));
#3212=CARTESIAN_POINT('Origin',(2.,-1.,0.15));
#3213=CARTESIAN_POINT('',(2.,-1.,-0.00749999999999987));
#3214=CARTESIAN_POINT('Origin',(2.,-1.,0.15));
#3215=CARTESIAN_POINT('Origin',(1.5,-1.,0.15));
#3216=CARTESIAN_POINT('',(1.5,-1.,-0.00749999999999987));
#3217=CARTESIAN_POINT('Origin',(1.5,-1.,0.15));
#3218=CARTESIAN_POINT('Origin',(1.,-1.,0.15));
#3219=CARTESIAN_POINT('',(1.,-1.,-0.00750000000000001));
#3220=CARTESIAN_POINT('Origin',(1.,-1.,0.15));
#3221=CARTESIAN_POINT('Origin',(-1.,-1.,0.15));
#3222=CARTESIAN_POINT('',(-1.,-1.,-0.00750000000000001));
#3223=CARTESIAN_POINT('Origin',(-1.,-1.,0.15));
#3224=CARTESIAN_POINT('Origin',(-1.5,-1.,0.15));
#3225=CARTESIAN_POINT('',(-1.5,-1.,-0.00749999999999987));
#3226=CARTESIAN_POINT('Origin',(-1.5,-1.,0.15));
#3227=CARTESIAN_POINT('Origin',(-2.,-1.,0.15));
#3228=CARTESIAN_POINT('',(-2.,-1.,-0.00749999999999987));
#3229=CARTESIAN_POINT('Origin',(-2.,-1.,0.15));
#3230=CARTESIAN_POINT('Origin',(-2.5,-1.,0.15));
#3231=CARTESIAN_POINT('',(-2.5,-1.,-0.00749999999999987));
#3232=CARTESIAN_POINT('Origin',(-2.5,-1.,0.15));
#3233=CARTESIAN_POINT('Origin',(2.5,-1.5,0.15));
#3234=CARTESIAN_POINT('',(2.5,-1.5,-0.00749999999999987));
#3235=CARTESIAN_POINT('Origin',(2.5,-1.5,0.15));
#3236=CARTESIAN_POINT('Origin',(2.,-1.5,0.15));
#3237=CARTESIAN_POINT('',(2.,-1.5,-0.00749999999999987));
#3238=CARTESIAN_POINT('Origin',(2.,-1.5,0.15));
#3239=CARTESIAN_POINT('Origin',(1.5,-1.5,0.15));
#3240=CARTESIAN_POINT('',(1.5,-1.5,-0.00749999999999987));
#3241=CARTESIAN_POINT('Origin',(1.5,-1.5,0.15));
#3242=CARTESIAN_POINT('Origin',(1.,-1.5,0.15));
#3243=CARTESIAN_POINT('',(1.,-1.5,-0.00750000000000001));
#3244=CARTESIAN_POINT('Origin',(1.,-1.5,0.15));
#3245=CARTESIAN_POINT('Origin',(0.5,-1.5,0.15));
#3246=CARTESIAN_POINT('',(0.5,-1.5,-0.00750000000000001));
#3247=CARTESIAN_POINT('Origin',(0.5,-1.5,0.15));
#3248=CARTESIAN_POINT('Origin',(0.,-1.5,0.15));
#3249=CARTESIAN_POINT('',(-2.69913283030535E-17,-1.5,-0.00750000000000001));
#3250=CARTESIAN_POINT('Origin',(0.,-1.5,0.15));
#3251=CARTESIAN_POINT('Origin',(-0.5,-1.5,0.15));
#3252=CARTESIAN_POINT('',(-0.5,-1.5,-0.00750000000000001));
#3253=CARTESIAN_POINT('Origin',(-0.5,-1.5,0.15));
#3254=CARTESIAN_POINT('Origin',(-1.,-1.5,0.15));
#3255=CARTESIAN_POINT('',(-1.,-1.5,-0.00750000000000001));
#3256=CARTESIAN_POINT('Origin',(-1.,-1.5,0.15));
#3257=CARTESIAN_POINT('Origin',(-1.5,-1.5,0.15));
#3258=CARTESIAN_POINT('',(-1.5,-1.5,-0.00749999999999987));
#3259=CARTESIAN_POINT('Origin',(-1.5,-1.5,0.15));
#3260=CARTESIAN_POINT('Origin',(-2.,-1.5,0.15));
#3261=CARTESIAN_POINT('',(-2.,-1.5,-0.00749999999999987));
#3262=CARTESIAN_POINT('Origin',(-2.,-1.5,0.15));
#3263=CARTESIAN_POINT('Origin',(-2.5,-1.5,0.15));
#3264=CARTESIAN_POINT('',(-2.5,-1.5,-0.00749999999999987));
#3265=CARTESIAN_POINT('Origin',(-2.5,-1.5,0.15));
#3266=CARTESIAN_POINT('Origin',(2.5,-2.,0.15));
#3267=CARTESIAN_POINT('',(2.5,-2.,-0.00749999999999987));
#3268=CARTESIAN_POINT('Origin',(2.5,-2.,0.15));
#3269=CARTESIAN_POINT('Origin',(2.,-2.,0.15));
#3270=CARTESIAN_POINT('',(2.,-2.,-0.00749999999999987));
#3271=CARTESIAN_POINT('Origin',(2.,-2.,0.15));
#3272=CARTESIAN_POINT('Origin',(1.5,-2.,0.15));
#3273=CARTESIAN_POINT('',(1.5,-2.,-0.00749999999999987));
#3274=CARTESIAN_POINT('Origin',(1.5,-2.,0.15));
#3275=CARTESIAN_POINT('Origin',(1.,-2.,0.15));
#3276=CARTESIAN_POINT('',(1.,-2.,-0.00750000000000001));
#3277=CARTESIAN_POINT('Origin',(1.,-2.,0.15));
#3278=CARTESIAN_POINT('Origin',(0.5,-2.,0.15));
#3279=CARTESIAN_POINT('',(0.5,-2.,-0.00750000000000001));
#3280=CARTESIAN_POINT('Origin',(0.5,-2.,0.15));
#3281=CARTESIAN_POINT('Origin',(0.,-2.,0.15));
#3282=CARTESIAN_POINT('',(-2.69913283030535E-17,-2.,-0.00750000000000001));
#3283=CARTESIAN_POINT('Origin',(0.,-2.,0.15));
#3284=CARTESIAN_POINT('Origin',(-0.5,-2.,0.15));
#3285=CARTESIAN_POINT('',(-0.5,-2.,-0.00750000000000001));
#3286=CARTESIAN_POINT('Origin',(-0.5,-2.,0.15));
#3287=CARTESIAN_POINT('Origin',(-1.,-2.,0.15));
#3288=CARTESIAN_POINT('',(-1.,-2.,-0.00750000000000001));
#3289=CARTESIAN_POINT('Origin',(-1.,-2.,0.15));
#3290=CARTESIAN_POINT('Origin',(-1.5,-2.,0.15));
#3291=CARTESIAN_POINT('',(-1.5,-2.,-0.00749999999999987));
#3292=CARTESIAN_POINT('Origin',(-1.5,-2.,0.15));
#3293=CARTESIAN_POINT('Origin',(-2.,-2.,0.15));
#3294=CARTESIAN_POINT('',(-2.,-2.,-0.00749999999999987));
#3295=CARTESIAN_POINT('Origin',(-2.,-2.,0.15));
#3296=CARTESIAN_POINT('Origin',(-2.5,-2.,0.15));
#3297=CARTESIAN_POINT('',(-2.5,-2.,-0.00749999999999987));
#3298=CARTESIAN_POINT('Origin',(-2.5,-2.,0.15));
#3299=CARTESIAN_POINT('Origin',(2.5,-2.5,0.15));
#3300=CARTESIAN_POINT('',(2.5,-2.5,-0.00749999999999987));
#3301=CARTESIAN_POINT('Origin',(2.5,-2.5,0.15));
#3302=CARTESIAN_POINT('Origin',(2.,-2.5,0.15));
#3303=CARTESIAN_POINT('',(2.,-2.5,-0.00749999999999987));
#3304=CARTESIAN_POINT('Origin',(2.,-2.5,0.15));
#3305=CARTESIAN_POINT('Origin',(1.5,-2.5,0.15));
#3306=CARTESIAN_POINT('',(1.5,-2.5,-0.00749999999999987));
#3307=CARTESIAN_POINT('Origin',(1.5,-2.5,0.15));
#3308=CARTESIAN_POINT('Origin',(1.,-2.5,0.15));
#3309=CARTESIAN_POINT('',(1.,-2.5,-0.00750000000000001));
#3310=CARTESIAN_POINT('Origin',(1.,-2.5,0.15));
#3311=CARTESIAN_POINT('Origin',(0.5,-2.5,0.15));
#3312=CARTESIAN_POINT('',(0.5,-2.5,-0.00750000000000001));
#3313=CARTESIAN_POINT('Origin',(0.5,-2.5,0.15));
#3314=CARTESIAN_POINT('Origin',(0.,-2.5,0.15));
#3315=CARTESIAN_POINT('',(-2.69913283030535E-17,-2.5,-0.00750000000000001));
#3316=CARTESIAN_POINT('Origin',(0.,-2.5,0.15));
#3317=CARTESIAN_POINT('Origin',(-0.5,-2.5,0.15));
#3318=CARTESIAN_POINT('',(-0.5,-2.5,-0.00750000000000001));
#3319=CARTESIAN_POINT('Origin',(-0.5,-2.5,0.15));
#3320=CARTESIAN_POINT('Origin',(-1.,-2.5,0.15));
#3321=CARTESIAN_POINT('',(-1.,-2.5,-0.00750000000000001));
#3322=CARTESIAN_POINT('Origin',(-1.,-2.5,0.15));
#3323=CARTESIAN_POINT('Origin',(-1.5,-2.5,0.15));
#3324=CARTESIAN_POINT('',(-1.5,-2.5,-0.00749999999999987));
#3325=CARTESIAN_POINT('Origin',(-1.5,-2.5,0.15));
#3326=CARTESIAN_POINT('Origin',(-2.,-2.5,0.15));
#3327=CARTESIAN_POINT('',(-2.,-2.5,-0.00749999999999987));
#3328=CARTESIAN_POINT('Origin',(-2.,-2.5,0.15));
#3329=CARTESIAN_POINT('Origin',(-2.5,-2.5,0.15));
#3330=CARTESIAN_POINT('',(-2.5,-2.5,-0.00749999999999987));
#3331=CARTESIAN_POINT('Origin',(-2.5,-2.5,0.15));
#3332=UNCERTAINTY_MEASURE_WITH_UNIT(LENGTH_MEASURE(0.01),#3336,
'DISTANCE_ACCURACY_VALUE',
'Maximum model space distance between geometric entities at asserted c
onnectivities');
#3333=UNCERTAINTY_MEASURE_WITH_UNIT(LENGTH_MEASURE(0.01),#3336,
'DISTANCE_ACCURACY_VALUE',
'Maximum model space distance between geometric entities at asserted c
onnectivities');
#3334=(
GEOMETRIC_REPRESENTATION_CONTEXT(3)
GLOBAL_UNCERTAINTY_ASSIGNED_CONTEXT((#3332))
GLOBAL_UNIT_ASSIGNED_CONTEXT((#3336,#3338,#3339))
REPRESENTATION_CONTEXT('','3D')
);
#3335=(
GEOMETRIC_REPRESENTATION_CONTEXT(3)
GLOBAL_UNCERTAINTY_ASSIGNED_CONTEXT((#3333))
GLOBAL_UNIT_ASSIGNED_CONTEXT((#3336,#3338,#3339))
REPRESENTATION_CONTEXT('','3D')
);
#3336=(
LENGTH_UNIT()
NAMED_UNIT(*)
SI_UNIT(.MILLI.,.METRE.)
);
#3337=(
LENGTH_UNIT()
NAMED_UNIT(*)
SI_UNIT($,.METRE.)
);
#3338=(
NAMED_UNIT(*)
PLANE_ANGLE_UNIT()
SI_UNIT($,.RADIAN.)
);
#3339=(
NAMED_UNIT(*)
SI_UNIT($,.STERADIAN.)
SOLID_ANGLE_UNIT()
);
#3340=SHAPE_DEFINITION_REPRESENTATION(#3341,#3342);
#3341=PRODUCT_DEFINITION_SHAPE('',$,#3344);
#3342=SHAPE_REPRESENTATION('',(#1852),#3334);
#3343=PRODUCT_DEFINITION_CONTEXT('part definition',#3348,'design');
#3344=PRODUCT_DEFINITION(
'BGA-100_6.0x6.0mm_Layout11x11_P0.5mm_Ball0.3mm_Pad0.25mm_NSMD',
'UFBGA-100_6.0x6.0mm_Layout11x11_P0.5mm_Ball0.3mm_Pad0.25mm_NSMD v1',#3345,
#3343);
#3345=PRODUCT_DEFINITION_FORMATION('',$,#3350);
#3346=PRODUCT_RELATED_PRODUCT_CATEGORY(
'UFBGA-100_6.0x6.0mm_Layout11x11_P0.5mm_Ball0.3mm_Pad0.25mm_NSMD v1',
'UFBGA-100_6.0x6.0mm_Layout11x11_P0.5mm_Ball0.3mm_Pad0.25mm_NSMD v1',(#3350));
#3347=APPLICATION_PROTOCOL_DEFINITION('international standard',
'automotive_design',2009,#3348);
#3348=APPLICATION_CONTEXT(
'Core Data for Automotive Mechanical Design Process');
#3349=PRODUCT_CONTEXT('part definition',#3348,'mechanical');
#3350=PRODUCT(
'BGA-100_6.0x6.0mm_Layout11x11_P0.5mm_Ball0.3mm_Pad0.25mm_NSMD',
'UFBGA-100_6.0x6.0mm_Layout11x11_P0.5mm_Ball0.3mm_Pad0.25mm_NSMD v1',
'model of BGA-100_6.0x6.0mm_Layout11x11_P0.5mm_Ball0.3mm_Pad0.25mm_NSM
D',(#3349));
#3351=PRESENTATION_STYLE_ASSIGNMENT((#3356));
#3352=PRESENTATION_STYLE_ASSIGNMENT((#3357));
#3353=PRESENTATION_STYLE_ASSIGNMENT((#3358));
#3354=PRESENTATION_STYLE_ASSIGNMENT((#3359));
#3355=PRESENTATION_STYLE_ASSIGNMENT((#3360));
#3356=SURFACE_STYLE_USAGE(.BOTH.,#3361);
#3357=SURFACE_STYLE_USAGE(.BOTH.,#3362);
#3358=SURFACE_STYLE_USAGE(.BOTH.,#3363);
#3359=SURFACE_STYLE_USAGE(.BOTH.,#3364);
#3360=SURFACE_STYLE_USAGE(.BOTH.,#3365);
#3361=SURFACE_SIDE_STYLE('',(#3366));
#3362=SURFACE_SIDE_STYLE('',(#3367));
#3363=SURFACE_SIDE_STYLE('',(#3368));
#3364=SURFACE_SIDE_STYLE('',(#3369));
#3365=SURFACE_SIDE_STYLE('',(#3370));
#3366=SURFACE_STYLE_FILL_AREA(#3371);
#3367=SURFACE_STYLE_FILL_AREA(#3372);
#3368=SURFACE_STYLE_FILL_AREA(#3373);
#3369=SURFACE_STYLE_FILL_AREA(#3374);
#3370=SURFACE_STYLE_FILL_AREA(#3375);
#3371=FILL_AREA_STYLE('Plate',(#3376));
#3372=FILL_AREA_STYLE('Opaque(160,160,160)',(#3377));
#3373=FILL_AREA_STYLE('Opaque(38,37,37)',(#3378));
#3374=FILL_AREA_STYLE('Opaque(176,169,152)',(#3379));
#3375=FILL_AREA_STYLE('Opaque(210,209,199)',(#3380));
#3376=FILL_AREA_STYLE_COLOUR('Plate',#3381);
#3377=FILL_AREA_STYLE_COLOUR('Opaque(160,160,160)',#3382);
#3378=FILL_AREA_STYLE_COLOUR('Opaque(38,37,37)',#3383);
#3379=FILL_AREA_STYLE_COLOUR('Opaque(176,169,152)',#3384);
#3380=FILL_AREA_STYLE_COLOUR('Opaque(210,209,199)',#3385);
#3381=COLOUR_RGB('Plate',0.6,0.6,0.6);
#3382=COLOUR_RGB('Opaque(160,160,160)',0.627450980392157,0.627450980392157,
0.627450980392157);
#3383=COLOUR_RGB('Opaque(38,37,37)',0.149019607843137,0.145098039215686,
0.145098039215686);
#3384=COLOUR_RGB('Opaque(176,169,152)',0.690196078431373,0.662745098039216,
0.596078431372549);
#3385=COLOUR_RGB('Opaque(210,209,199)',0.823529411764706,0.819607843137255,
0.780392156862745);
ENDSEC;
END-ISO-10303-21;
