ISO-10303-21;
HEADER;
FILE_DESCRIPTION(('KiCad electronic assembly'),'2;1');
FILE_NAME('OutatimeProAccelerometer.step','2026-08-24T09:47:25',(
    'Pcbnew'),('Kicad'),'Open CASCADE STEP processor 7.9',
  'KiCad to STEP converter','Unknown');
FILE_SCHEMA(('AUTOMOTIVE_DESIGN { 1 0 10303 214 1 1 1 1 }'));
ENDSEC;
DATA;
#1 = APPLICATION_PROTOCOL_DEFINITION('international standard',
  'automotive_design',2000,#2);
#2 = APPLICATION_CONTEXT(
  'core data for automotive mechanical design processes');
#3 = SHAPE_DEFINITION_REPRESENTATION(#4,#10);
#4 = PRODUCT_DEFINITION_SHAPE('','',#5);
#5 = PRODUCT_DEFINITION('design','',#6,#9);
#6 = PRODUCT_DEFINITION_FORMATION('','',#7);
#7 = PRODUCT('OutatimeProAccelerometer 1','OutatimeProAccelerometer 1',
  '',(#8));
#8 = PRODUCT_CONTEXT('',#2,'mechanical');
#9 = PRODUCT_DEFINITION_CONTEXT('part definition',#2,'design');
#10 = SHAPE_REPRESENTATION('',(#11,#15,#19,#23,#27,#31,#35),#39);
#11 = AXIS2_PLACEMENT_3D('',#12,#13,#14);
#12 = CARTESIAN_POINT('',(0.,0.,0.));
#13 = DIRECTION('',(0.,0.,1.));
#14 = DIRECTION('',(1.,0.,-0.));
#15 = AXIS2_PLACEMENT_3D('',#16,#17,#18);
#16 = CARTESIAN_POINT('',(24.125,-15.25,-6.2E-02));
#17 = DIRECTION('',(-1.224646799147E-16,-1.359631073447E-32,-1.));
#18 = DIRECTION('',(1.110223024625E-16,-1.,0.));
#19 = AXIS2_PLACEMENT_3D('',#20,#21,#22);
#20 = CARTESIAN_POINT('',(18.15,-15.025,-6.2E-02));
#21 = DIRECTION('',(1.499759782662E-32,1.224646799147E-16,-1.));
#22 = DIRECTION('',(-1.,1.224646799147E-16,0.));
#23 = AXIS2_PLACEMENT_3D('',#24,#25,#26);
#24 = CARTESIAN_POINT('',(21.85,-16.4,-6.2E-02));
#25 = DIRECTION('',(1.499759782662E-32,1.224646799147E-16,-1.));
#26 = DIRECTION('',(-1.,1.224646799147E-16,0.));
#27 = AXIS2_PLACEMENT_3D('',#28,#29,#30);
#28 = CARTESIAN_POINT('',(0.,0.,0.));
#29 = DIRECTION('',(0.,0.,1.));
#30 = DIRECTION('',(1.,0.,-0.));
#31 = AXIS2_PLACEMENT_3D('',#32,#33,#34);
#32 = CARTESIAN_POINT('',(0.,0.,0.));
#33 = DIRECTION('',(0.,0.,1.));
#34 = DIRECTION('',(1.,0.,-0.));
#35 = AXIS2_PLACEMENT_3D('',#36,#37,#38);
#36 = CARTESIAN_POINT('',(0.,0.,0.));
#37 = DIRECTION('',(0.,0.,1.));
#38 = DIRECTION('',(1.,0.,-0.));
#39 = ( GEOMETRIC_REPRESENTATION_CONTEXT(3) 
GLOBAL_UNCERTAINTY_ASSIGNED_CONTEXT((#43)) GLOBAL_UNIT_ASSIGNED_CONTEXT(
(#40,#41,#42)) REPRESENTATION_CONTEXT('Context #1',
  '3D Context with UNIT and UNCERTAINTY') );
#40 = ( LENGTH_UNIT() NAMED_UNIT(*) SI_UNIT(.MILLI.,.METRE.) );
#41 = ( NAMED_UNIT(*) PLANE_ANGLE_UNIT() SI_UNIT($,.RADIAN.) );
#42 = ( NAMED_UNIT(*) SI_UNIT($,.STERADIAN.) SOLID_ANGLE_UNIT() );
#43 = UNCERTAINTY_MEASURE_WITH_UNIT(LENGTH_MEASURE(1.E-07),#40,
  'distance_accuracy_value','confusion accuracy');
#44 = PRODUCT_RELATED_PRODUCT_CATEGORY('part',$,(#7));
#45 = SHAPE_DEFINITION_REPRESENTATION(#46,#52);
#46 = PRODUCT_DEFINITION_SHAPE('','',#47);
#47 = PRODUCT_DEFINITION('design','',#48,#51);
#48 = PRODUCT_DEFINITION_FORMATION('','',#49);
#49 = PRODUCT('C_0402_1005Metric','C_0402_1005Metric','',(#50));
#50 = PRODUCT_CONTEXT('',#2,'mechanical');
#51 = PRODUCT_DEFINITION_CONTEXT('part definition',#2,'design');
#52 = SHAPE_REPRESENTATION('',(#11,#53),#57);
#53 = AXIS2_PLACEMENT_3D('',#54,#55,#56);
#54 = CARTESIAN_POINT('',(0.,0.,0.));
#55 = DIRECTION('',(0.,0.,1.));
#56 = DIRECTION('',(1.,0.,-0.));
#57 = ( GEOMETRIC_REPRESENTATION_CONTEXT(3) 
GLOBAL_UNCERTAINTY_ASSIGNED_CONTEXT((#61)) GLOBAL_UNIT_ASSIGNED_CONTEXT(
(#58,#59,#60)) REPRESENTATION_CONTEXT('Context #1',
  '3D Context with UNIT and UNCERTAINTY') );
#58 = ( LENGTH_UNIT() NAMED_UNIT(*) SI_UNIT(.MILLI.,.METRE.) );
#59 = ( NAMED_UNIT(*) PLANE_ANGLE_UNIT() SI_UNIT($,.RADIAN.) );
#60 = ( NAMED_UNIT(*) SI_UNIT($,.STERADIAN.) SOLID_ANGLE_UNIT() );
#61 = UNCERTAINTY_MEASURE_WITH_UNIT(LENGTH_MEASURE(1.E-07),#58,
  'distance_accuracy_value','confusion accuracy');
#62 = CONTEXT_DEPENDENT_SHAPE_REPRESENTATION(#63,#65);
#63 = ( REPRESENTATION_RELATIONSHIP('','',#52,#10) 
REPRESENTATION_RELATIONSHIP_WITH_TRANSFORMATION(#64) 
SHAPE_REPRESENTATION_RELATIONSHIP() );
#64 = ITEM_DEFINED_TRANSFORMATION('','',#11,#15);
#65 = PRODUCT_DEFINITION_SHAPE('Placement','Placement of an item',#66);
#66 = NEXT_ASSEMBLY_USAGE_OCCURRENCE('2','C2','',#5,#47,$);
#67 = PRODUCT_RELATED_PRODUCT_CATEGORY('part',$,(#49));
#68 = SHAPE_DEFINITION_REPRESENTATION(#69,#75);
#69 = PRODUCT_DEFINITION_SHAPE('','',#70);
#70 = PRODUCT_DEFINITION('design','',#71,#74);
#71 = PRODUCT_DEFINITION_FORMATION('','',#72);
#72 = PRODUCT('C_0402_1005Metric','C_0402_1005Metric','',(#73));
#73 = PRODUCT_CONTEXT('',#2,'mechanical');
#74 = PRODUCT_DEFINITION_CONTEXT('part definition',#2,'design');
#75 = ADVANCED_BREP_SHAPE_REPRESENTATION('',(#11,#76),#930);
#76 = MANIFOLD_SOLID_BREP('',#77);
#77 = CLOSED_SHELL('',(#78,#154,#185,#210,#235,#259,#283,#308,#333,#350,
    #436,#468,#492,#517,#541,#566,#590,#615,#632,#718,#749,#774,#799,
    #823,#847,#872,#897,#914));
#78 = ADVANCED_FACE('',(#79),#149,.F.);
#79 = FACE_BOUND('',#80,.F.);
#80 = EDGE_LOOP('',(#81,#91,#100,#108,#117,#125,#134,#142));
#81 = ORIENTED_EDGE('',*,*,#82,.F.);
#82 = EDGE_CURVE('',#83,#85,#87,.T.);
#83 = VERTEX_POINT('',#84);
#84 = CARTESIAN_POINT('',(-0.5,-0.25,2.E-02));
#85 = VERTEX_POINT('',#86);
#86 = CARTESIAN_POINT('',(-0.5,-0.25,0.48));
#87 = LINE('',#88,#89);
#88 = CARTESIAN_POINT('',(-0.5,-0.25,0.));
#89 = VECTOR('',#90,1.);
#90 = DIRECTION('',(0.,0.,1.));
#91 = ORIENTED_EDGE('',*,*,#92,.T.);
#92 = EDGE_CURVE('',#83,#93,#95,.T.);
#93 = VERTEX_POINT('',#94);
#94 = CARTESIAN_POINT('',(-0.5,-0.23,0.));
#95 = CIRCLE('',#96,2.E-02);
#96 = AXIS2_PLACEMENT_3D('',#97,#98,#99);
#97 = CARTESIAN_POINT('',(-0.5,-0.23,2.E-02));
#98 = DIRECTION('',(1.,0.,-0.));
#99 = DIRECTION('',(0.,0.,1.));
#100 = ORIENTED_EDGE('',*,*,#101,.T.);
#101 = EDGE_CURVE('',#93,#102,#104,.T.);
#102 = VERTEX_POINT('',#103);
#103 = CARTESIAN_POINT('',(-0.5,0.23,0.));
#104 = LINE('',#105,#106);
#105 = CARTESIAN_POINT('',(-0.5,-0.25,0.));
#106 = VECTOR('',#107,1.);
#107 = DIRECTION('',(0.,1.,0.));
#108 = ORIENTED_EDGE('',*,*,#109,.F.);
#109 = EDGE_CURVE('',#110,#102,#112,.T.);
#110 = VERTEX_POINT('',#111);
#111 = CARTESIAN_POINT('',(-0.5,0.25,2.E-02));
#112 = CIRCLE('',#113,2.E-02);
#113 = AXIS2_PLACEMENT_3D('',#114,#115,#116);
#114 = CARTESIAN_POINT('',(-0.5,0.23,2.E-02));
#115 = DIRECTION('',(-1.,0.,0.));
#116 = DIRECTION('',(0.,0.,1.));
#117 = ORIENTED_EDGE('',*,*,#118,.T.);
#118 = EDGE_CURVE('',#110,#119,#121,.T.);
#119 = VERTEX_POINT('',#120);
#120 = CARTESIAN_POINT('',(-0.5,0.25,0.48));
#121 = LINE('',#122,#123);
#122 = CARTESIAN_POINT('',(-0.5,0.25,0.));
#123 = VECTOR('',#124,1.);
#124 = DIRECTION('',(0.,0.,1.));
#125 = ORIENTED_EDGE('',*,*,#126,.T.);
#126 = EDGE_CURVE('',#119,#127,#129,.T.);
#127 = VERTEX_POINT('',#128);
#128 = CARTESIAN_POINT('',(-0.5,0.23,0.5));
#129 = CIRCLE('',#130,2.E-02);
#130 = AXIS2_PLACEMENT_3D('',#131,#132,#133);
#131 = CARTESIAN_POINT('',(-0.5,0.23,0.48));
#132 = DIRECTION('',(1.,0.,-0.));
#133 = DIRECTION('',(0.,0.,1.));
#134 = ORIENTED_EDGE('',*,*,#135,.F.);
#135 = EDGE_CURVE('',#136,#127,#138,.T.);
#136 = VERTEX_POINT('',#137);
#137 = CARTESIAN_POINT('',(-0.5,-0.23,0.5));
#138 = LINE('',#139,#140);
#139 = CARTESIAN_POINT('',(-0.5,-0.25,0.5));
#140 = VECTOR('',#141,1.);
#141 = DIRECTION('',(0.,1.,0.));
#142 = ORIENTED_EDGE('',*,*,#143,.F.);
#143 = EDGE_CURVE('',#85,#136,#144,.T.);
#144 = CIRCLE('',#145,2.E-02);
#145 = AXIS2_PLACEMENT_3D('',#146,#147,#148);
#146 = CARTESIAN_POINT('',(-0.5,-0.23,0.48));
#147 = DIRECTION('',(-1.,0.,0.));
#148 = DIRECTION('',(0.,0.,1.));
#149 = PLANE('',#150);
#150 = AXIS2_PLACEMENT_3D('',#151,#152,#153);
#151 = CARTESIAN_POINT('',(-0.5,-0.25,0.));
#152 = DIRECTION('',(1.,0.,0.));
#153 = DIRECTION('',(0.,0.,1.));
#154 = ADVANCED_FACE('',(#155),#180,.F.);
#155 = FACE_BOUND('',#156,.F.);
#156 = EDGE_LOOP('',(#157,#167,#173,#174));
#157 = ORIENTED_EDGE('',*,*,#158,.F.);
#158 = EDGE_CURVE('',#159,#161,#163,.T.);
#159 = VERTEX_POINT('',#160);
#160 = CARTESIAN_POINT('',(-0.3,-0.25,2.E-02));
#161 = VERTEX_POINT('',#162);
#162 = CARTESIAN_POINT('',(-0.3,-0.25,0.48));
#163 = LINE('',#164,#165);
#164 = CARTESIAN_POINT('',(-0.3,-0.25,0.));
#165 = VECTOR('',#166,1.);
#166 = DIRECTION('',(0.,0.,1.));
#167 = ORIENTED_EDGE('',*,*,#168,.F.);
#168 = EDGE_CURVE('',#83,#159,#169,.T.);
#169 = LINE('',#170,#171);
#170 = CARTESIAN_POINT('',(-0.5,-0.25,2.E-02));
#171 = VECTOR('',#172,1.);
#172 = DIRECTION('',(1.,0.,0.));
#173 = ORIENTED_EDGE('',*,*,#82,.T.);
#174 = ORIENTED_EDGE('',*,*,#175,.T.);
#175 = EDGE_CURVE('',#85,#161,#176,.T.);
#176 = LINE('',#177,#178);
#177 = CARTESIAN_POINT('',(-0.5,-0.25,0.48));
#178 = VECTOR('',#179,1.);
#179 = DIRECTION('',(1.,0.,0.));
#180 = PLANE('',#181);
#181 = AXIS2_PLACEMENT_3D('',#182,#183,#184);
#182 = CARTESIAN_POINT('',(-0.5,-0.25,0.));
#183 = DIRECTION('',(0.,1.,0.));
#184 = DIRECTION('',(0.,-0.,1.));
#185 = ADVANCED_FACE('',(#186),#205,.T.);
#186 = FACE_BOUND('',#187,.T.);
#187 = EDGE_LOOP('',(#188,#189,#197,#204));
#188 = ORIENTED_EDGE('',*,*,#92,.T.);
#189 = ORIENTED_EDGE('',*,*,#190,.T.);
#190 = EDGE_CURVE('',#93,#191,#193,.T.);
#191 = VERTEX_POINT('',#192);
#192 = CARTESIAN_POINT('',(-0.3,-0.23,0.));
#193 = LINE('',#194,#195);
#194 = CARTESIAN_POINT('',(-0.5,-0.23,0.));
#195 = VECTOR('',#196,1.);
#196 = DIRECTION('',(1.,0.,0.));
#197 = ORIENTED_EDGE('',*,*,#198,.F.);
#198 = EDGE_CURVE('',#159,#191,#199,.T.);
#199 = CIRCLE('',#200,2.E-02);
#200 = AXIS2_PLACEMENT_3D('',#201,#202,#203);
#201 = CARTESIAN_POINT('',(-0.3,-0.23,2.E-02));
#202 = DIRECTION('',(1.,0.,-0.));
#203 = DIRECTION('',(0.,0.,1.));
#204 = ORIENTED_EDGE('',*,*,#168,.F.);
#205 = CYLINDRICAL_SURFACE('',#206,2.E-02);
#206 = AXIS2_PLACEMENT_3D('',#207,#208,#209);
#207 = CARTESIAN_POINT('',(-0.5,-0.23,2.E-02));
#208 = DIRECTION('',(1.,0.,0.));
#209 = DIRECTION('',(0.,-1.,0.));
#210 = ADVANCED_FACE('',(#211),#230,.T.);
#211 = FACE_BOUND('',#212,.T.);
#212 = EDGE_LOOP('',(#213,#214,#223,#229));
#213 = ORIENTED_EDGE('',*,*,#175,.T.);
#214 = ORIENTED_EDGE('',*,*,#215,.T.);
#215 = EDGE_CURVE('',#161,#216,#218,.T.);
#216 = VERTEX_POINT('',#217);
#217 = CARTESIAN_POINT('',(-0.3,-0.23,0.5));
#218 = CIRCLE('',#219,2.E-02);
#219 = AXIS2_PLACEMENT_3D('',#220,#221,#222);
#220 = CARTESIAN_POINT('',(-0.3,-0.23,0.48));
#221 = DIRECTION('',(-1.,0.,0.));
#222 = DIRECTION('',(0.,0.,1.));
#223 = ORIENTED_EDGE('',*,*,#224,.F.);
#224 = EDGE_CURVE('',#136,#216,#225,.T.);
#225 = LINE('',#226,#227);
#226 = CARTESIAN_POINT('',(-0.5,-0.23,0.5));
#227 = VECTOR('',#228,1.);
#228 = DIRECTION('',(1.,0.,0.));
#229 = ORIENTED_EDGE('',*,*,#143,.F.);
#230 = CYLINDRICAL_SURFACE('',#231,2.E-02);
#231 = AXIS2_PLACEMENT_3D('',#232,#233,#234);
#232 = CARTESIAN_POINT('',(-0.5,-0.23,0.48));
#233 = DIRECTION('',(1.,0.,0.));
#234 = DIRECTION('',(0.,-1.,0.));
#235 = ADVANCED_FACE('',(#236),#254,.F.);
#236 = FACE_BOUND('',#237,.F.);
#237 = EDGE_LOOP('',(#238,#239,#240,#248));
#238 = ORIENTED_EDGE('',*,*,#101,.F.);
#239 = ORIENTED_EDGE('',*,*,#190,.T.);
#240 = ORIENTED_EDGE('',*,*,#241,.T.);
#241 = EDGE_CURVE('',#191,#242,#244,.T.);
#242 = VERTEX_POINT('',#243);
#243 = CARTESIAN_POINT('',(-0.3,0.23,0.));
#244 = LINE('',#245,#246);
#245 = CARTESIAN_POINT('',(-0.3,-0.25,0.));
#246 = VECTOR('',#247,1.);
#247 = DIRECTION('',(0.,1.,0.));
#248 = ORIENTED_EDGE('',*,*,#249,.F.);
#249 = EDGE_CURVE('',#102,#242,#250,.T.);
#250 = LINE('',#251,#252);
#251 = CARTESIAN_POINT('',(-0.5,0.23,0.));
#252 = VECTOR('',#253,1.);
#253 = DIRECTION('',(1.,0.,0.));
#254 = PLANE('',#255);
#255 = AXIS2_PLACEMENT_3D('',#256,#257,#258);
#256 = CARTESIAN_POINT('',(-0.5,-0.25,0.));
#257 = DIRECTION('',(0.,0.,1.));
#258 = DIRECTION('',(1.,0.,-0.));
#259 = ADVANCED_FACE('',(#260),#278,.T.);
#260 = FACE_BOUND('',#261,.T.);
#261 = EDGE_LOOP('',(#262,#263,#264,#272));
#262 = ORIENTED_EDGE('',*,*,#135,.F.);
#263 = ORIENTED_EDGE('',*,*,#224,.T.);
#264 = ORIENTED_EDGE('',*,*,#265,.T.);
#265 = EDGE_CURVE('',#216,#266,#268,.T.);
#266 = VERTEX_POINT('',#267);
#267 = CARTESIAN_POINT('',(-0.3,0.23,0.5));
#268 = LINE('',#269,#270);
#269 = CARTESIAN_POINT('',(-0.3,-0.25,0.5));
#270 = VECTOR('',#271,1.);
#271 = DIRECTION('',(0.,1.,0.));
#272 = ORIENTED_EDGE('',*,*,#273,.F.);
#273 = EDGE_CURVE('',#127,#266,#274,.T.);
#274 = LINE('',#275,#276);
#275 = CARTESIAN_POINT('',(-0.5,0.23,0.5));
#276 = VECTOR('',#277,1.);
#277 = DIRECTION('',(1.,0.,0.));
#278 = PLANE('',#279);
#279 = AXIS2_PLACEMENT_3D('',#280,#281,#282);
#280 = CARTESIAN_POINT('',(-0.5,-0.25,0.5));
#281 = DIRECTION('',(0.,0.,1.));
#282 = DIRECTION('',(1.,0.,-0.));
#283 = ADVANCED_FACE('',(#284),#303,.T.);
#284 = FACE_BOUND('',#285,.T.);
#285 = EDGE_LOOP('',(#286,#294,#301,#302));
#286 = ORIENTED_EDGE('',*,*,#287,.T.);
#287 = EDGE_CURVE('',#110,#288,#290,.T.);
#288 = VERTEX_POINT('',#289);
#289 = CARTESIAN_POINT('',(-0.3,0.25,2.E-02));
#290 = LINE('',#291,#292);
#291 = CARTESIAN_POINT('',(-0.5,0.25,2.E-02));
#292 = VECTOR('',#293,1.);
#293 = DIRECTION('',(1.,0.,0.));
#294 = ORIENTED_EDGE('',*,*,#295,.T.);
#295 = EDGE_CURVE('',#288,#242,#296,.T.);
#296 = CIRCLE('',#297,2.E-02);
#297 = AXIS2_PLACEMENT_3D('',#298,#299,#300);
#298 = CARTESIAN_POINT('',(-0.3,0.23,2.E-02));
#299 = DIRECTION('',(-1.,0.,0.));
#300 = DIRECTION('',(0.,0.,1.));
#301 = ORIENTED_EDGE('',*,*,#249,.F.);
#302 = ORIENTED_EDGE('',*,*,#109,.F.);
#303 = CYLINDRICAL_SURFACE('',#304,2.E-02);
#304 = AXIS2_PLACEMENT_3D('',#305,#306,#307);
#305 = CARTESIAN_POINT('',(-0.5,0.23,2.E-02));
#306 = DIRECTION('',(1.,0.,0.));
#307 = DIRECTION('',(-0.,1.,0.));
#308 = ADVANCED_FACE('',(#309),#328,.T.);
#309 = FACE_BOUND('',#310,.T.);
#310 = EDGE_LOOP('',(#311,#312,#313,#322));
#311 = ORIENTED_EDGE('',*,*,#126,.T.);
#312 = ORIENTED_EDGE('',*,*,#273,.T.);
#313 = ORIENTED_EDGE('',*,*,#314,.F.);
#314 = EDGE_CURVE('',#315,#266,#317,.T.);
#315 = VERTEX_POINT('',#316);
#316 = CARTESIAN_POINT('',(-0.3,0.25,0.48));
#317 = CIRCLE('',#318,2.E-02);
#318 = AXIS2_PLACEMENT_3D('',#319,#320,#321);
#319 = CARTESIAN_POINT('',(-0.3,0.23,0.48));
#320 = DIRECTION('',(1.,0.,-0.));
#321 = DIRECTION('',(0.,0.,1.));
#322 = ORIENTED_EDGE('',*,*,#323,.F.);
#323 = EDGE_CURVE('',#119,#315,#324,.T.);
#324 = LINE('',#325,#326);
#325 = CARTESIAN_POINT('',(-0.5,0.25,0.48));
#326 = VECTOR('',#327,1.);
#327 = DIRECTION('',(1.,0.,0.));
#328 = CYLINDRICAL_SURFACE('',#329,2.E-02);
#329 = AXIS2_PLACEMENT_3D('',#330,#331,#332);
#330 = CARTESIAN_POINT('',(-0.5,0.23,0.48));
#331 = DIRECTION('',(1.,0.,0.));
#332 = DIRECTION('',(-0.,1.,0.));
#333 = ADVANCED_FACE('',(#334),#345,.T.);
#334 = FACE_BOUND('',#335,.T.);
#335 = EDGE_LOOP('',(#336,#342,#343,#344));
#336 = ORIENTED_EDGE('',*,*,#337,.F.);
#337 = EDGE_CURVE('',#288,#315,#338,.T.);
#338 = LINE('',#339,#340);
#339 = CARTESIAN_POINT('',(-0.3,0.25,0.));
#340 = VECTOR('',#341,1.);
#341 = DIRECTION('',(0.,0.,1.));
#342 = ORIENTED_EDGE('',*,*,#287,.F.);
#343 = ORIENTED_EDGE('',*,*,#118,.T.);
#344 = ORIENTED_EDGE('',*,*,#323,.T.);
#345 = PLANE('',#346);
#346 = AXIS2_PLACEMENT_3D('',#347,#348,#349);
#347 = CARTESIAN_POINT('',(-0.5,0.25,0.));
#348 = DIRECTION('',(0.,1.,0.));
#349 = DIRECTION('',(0.,-0.,1.));
#350 = ADVANCED_FACE('',(#351,#361),#431,.T.);
#351 = FACE_BOUND('',#352,.T.);
#352 = EDGE_LOOP('',(#353,#354,#355,#356,#357,#358,#359,#360));
#353 = ORIENTED_EDGE('',*,*,#158,.F.);
#354 = ORIENTED_EDGE('',*,*,#198,.T.);
#355 = ORIENTED_EDGE('',*,*,#241,.T.);
#356 = ORIENTED_EDGE('',*,*,#295,.F.);
#357 = ORIENTED_EDGE('',*,*,#337,.T.);
#358 = ORIENTED_EDGE('',*,*,#314,.T.);
#359 = ORIENTED_EDGE('',*,*,#265,.F.);
#360 = ORIENTED_EDGE('',*,*,#215,.F.);
#361 = FACE_BOUND('',#362,.T.);
#362 = EDGE_LOOP('',(#363,#374,#382,#391,#399,#408,#416,#425));
#363 = ORIENTED_EDGE('',*,*,#364,.F.);
#364 = EDGE_CURVE('',#365,#367,#369,.T.);
#365 = VERTEX_POINT('',#366);
#366 = CARTESIAN_POINT('',(-0.3,-0.23,4.E-02));
#367 = VERTEX_POINT('',#368);
#368 = CARTESIAN_POINT('',(-0.3,-0.21,2.E-02));
#369 = CIRCLE('',#370,2.E-02);
#370 = AXIS2_PLACEMENT_3D('',#371,#372,#373);
#371 = CARTESIAN_POINT('',(-0.3,-0.21,4.E-02));
#372 = DIRECTION('',(1.,0.,-0.));
#373 = DIRECTION('',(0.,0.,1.));
#374 = ORIENTED_EDGE('',*,*,#375,.T.);
#375 = EDGE_CURVE('',#365,#376,#378,.T.);
#376 = VERTEX_POINT('',#377);
#377 = CARTESIAN_POINT('',(-0.3,-0.23,0.46));
#378 = LINE('',#379,#380);
#379 = CARTESIAN_POINT('',(-0.3,-0.23,2.E-02));
#380 = VECTOR('',#381,1.);
#381 = DIRECTION('',(0.,0.,1.));
#382 = ORIENTED_EDGE('',*,*,#383,.T.);
#383 = EDGE_CURVE('',#376,#384,#386,.T.);
#384 = VERTEX_POINT('',#385);
#385 = CARTESIAN_POINT('',(-0.3,-0.21,0.48));
#386 = CIRCLE('',#387,2.E-02);
#387 = AXIS2_PLACEMENT_3D('',#388,#389,#390);
#388 = CARTESIAN_POINT('',(-0.3,-0.21,0.46));
#389 = DIRECTION('',(-1.,0.,0.));
#390 = DIRECTION('',(0.,0.,1.));
#391 = ORIENTED_EDGE('',*,*,#392,.T.);
#392 = EDGE_CURVE('',#384,#393,#395,.T.);
#393 = VERTEX_POINT('',#394);
#394 = CARTESIAN_POINT('',(-0.3,0.21,0.48));
#395 = LINE('',#396,#397);
#396 = CARTESIAN_POINT('',(-0.3,-0.23,0.48));
#397 = VECTOR('',#398,1.);
#398 = DIRECTION('',(0.,1.,0.));
#399 = ORIENTED_EDGE('',*,*,#400,.F.);
#400 = EDGE_CURVE('',#401,#393,#403,.T.);
#401 = VERTEX_POINT('',#402);
#402 = CARTESIAN_POINT('',(-0.3,0.23,0.46));
#403 = CIRCLE('',#404,2.E-02);
#404 = AXIS2_PLACEMENT_3D('',#405,#406,#407);
#405 = CARTESIAN_POINT('',(-0.3,0.21,0.46));
#406 = DIRECTION('',(1.,0.,-0.));
#407 = DIRECTION('',(0.,0.,1.));
#408 = ORIENTED_EDGE('',*,*,#409,.F.);
#409 = EDGE_CURVE('',#410,#401,#412,.T.);
#410 = VERTEX_POINT('',#411);
#411 = CARTESIAN_POINT('',(-0.3,0.23,4.E-02));
#412 = LINE('',#413,#414);
#413 = CARTESIAN_POINT('',(-0.3,0.23,2.E-02));
#414 = VECTOR('',#415,1.);
#415 = DIRECTION('',(0.,0.,1.));
#416 = ORIENTED_EDGE('',*,*,#417,.T.);
#417 = EDGE_CURVE('',#410,#418,#420,.T.);
#418 = VERTEX_POINT('',#419);
#419 = CARTESIAN_POINT('',(-0.3,0.21,2.E-02));
#420 = CIRCLE('',#421,2.E-02);
#421 = AXIS2_PLACEMENT_3D('',#422,#423,#424);
#422 = CARTESIAN_POINT('',(-0.3,0.21,4.E-02));
#423 = DIRECTION('',(-1.,0.,0.));
#424 = DIRECTION('',(0.,0.,1.));
#425 = ORIENTED_EDGE('',*,*,#426,.F.);
#426 = EDGE_CURVE('',#367,#418,#427,.T.);
#427 = LINE('',#428,#429);
#428 = CARTESIAN_POINT('',(-0.3,-0.23,2.E-02));
#429 = VECTOR('',#430,1.);
#430 = DIRECTION('',(0.,1.,0.));
#431 = PLANE('',#432);
#432 = AXIS2_PLACEMENT_3D('',#433,#434,#435);
#433 = CARTESIAN_POINT('',(-0.3,-0.25,0.));
#434 = DIRECTION('',(1.,0.,0.));
#435 = DIRECTION('',(0.,0.,1.));
#436 = ADVANCED_FACE('',(#437),#463,.T.);
#437 = FACE_BOUND('',#438,.T.);
#438 = EDGE_LOOP('',(#439,#440,#448,#457));
#439 = ORIENTED_EDGE('',*,*,#364,.T.);
#440 = ORIENTED_EDGE('',*,*,#441,.T.);
#441 = EDGE_CURVE('',#367,#442,#444,.T.);
#442 = VERTEX_POINT('',#443);
#443 = CARTESIAN_POINT('',(0.3,-0.21,2.E-02));
#444 = LINE('',#445,#446);
#445 = CARTESIAN_POINT('',(-0.3,-0.21,2.E-02));
#446 = VECTOR('',#447,1.);
#447 = DIRECTION('',(1.,0.,0.));
#448 = ORIENTED_EDGE('',*,*,#449,.F.);
#449 = EDGE_CURVE('',#450,#442,#452,.T.);
#450 = VERTEX_POINT('',#451);
#451 = CARTESIAN_POINT('',(0.3,-0.23,4.E-02));
#452 = CIRCLE('',#453,2.E-02);
#453 = AXIS2_PLACEMENT_3D('',#454,#455,#456);
#454 = CARTESIAN_POINT('',(0.3,-0.21,4.E-02));
#455 = DIRECTION('',(1.,0.,-0.));
#456 = DIRECTION('',(0.,0.,1.));
#457 = ORIENTED_EDGE('',*,*,#458,.F.);
#458 = EDGE_CURVE('',#365,#450,#459,.T.);
#459 = LINE('',#460,#461);
#460 = CARTESIAN_POINT('',(-0.3,-0.23,4.E-02));
#461 = VECTOR('',#462,1.);
#462 = DIRECTION('',(1.,0.,0.));
#463 = CYLINDRICAL_SURFACE('',#464,2.E-02);
#464 = AXIS2_PLACEMENT_3D('',#465,#466,#467);
#465 = CARTESIAN_POINT('',(-0.3,-0.21,4.E-02));
#466 = DIRECTION('',(1.,0.,0.));
#467 = DIRECTION('',(0.,-1.,0.));
#468 = ADVANCED_FACE('',(#469),#487,.F.);
#469 = FACE_BOUND('',#470,.F.);
#470 = EDGE_LOOP('',(#471,#472,#473,#481));
#471 = ORIENTED_EDGE('',*,*,#426,.F.);
#472 = ORIENTED_EDGE('',*,*,#441,.T.);
#473 = ORIENTED_EDGE('',*,*,#474,.T.);
#474 = EDGE_CURVE('',#442,#475,#477,.T.);
#475 = VERTEX_POINT('',#476);
#476 = CARTESIAN_POINT('',(0.3,0.21,2.E-02));
#477 = LINE('',#478,#479);
#478 = CARTESIAN_POINT('',(0.3,-0.23,2.E-02));
#479 = VECTOR('',#480,1.);
#480 = DIRECTION('',(0.,1.,0.));
#481 = ORIENTED_EDGE('',*,*,#482,.F.);
#482 = EDGE_CURVE('',#418,#475,#483,.T.);
#483 = LINE('',#484,#485);
#484 = CARTESIAN_POINT('',(-0.3,0.21,2.E-02));
#485 = VECTOR('',#486,1.);
#486 = DIRECTION('',(1.,0.,0.));
#487 = PLANE('',#488);
#488 = AXIS2_PLACEMENT_3D('',#489,#490,#491);
#489 = CARTESIAN_POINT('',(-0.3,-0.23,2.E-02));
#490 = DIRECTION('',(0.,0.,1.));
#491 = DIRECTION('',(1.,0.,-0.));
#492 = ADVANCED_FACE('',(#493),#512,.T.);
#493 = FACE_BOUND('',#494,.T.);
#494 = EDGE_LOOP('',(#495,#503,#510,#511));
#495 = ORIENTED_EDGE('',*,*,#496,.T.);
#496 = EDGE_CURVE('',#410,#497,#499,.T.);
#497 = VERTEX_POINT('',#498);
#498 = CARTESIAN_POINT('',(0.3,0.23,4.E-02));
#499 = LINE('',#500,#501);
#500 = CARTESIAN_POINT('',(-0.3,0.23,4.E-02));
#501 = VECTOR('',#502,1.);
#502 = DIRECTION('',(1.,0.,0.));
#503 = ORIENTED_EDGE('',*,*,#504,.T.);
#504 = EDGE_CURVE('',#497,#475,#505,.T.);
#505 = CIRCLE('',#506,2.E-02);
#506 = AXIS2_PLACEMENT_3D('',#507,#508,#509);
#507 = CARTESIAN_POINT('',(0.3,0.21,4.E-02));
#508 = DIRECTION('',(-1.,0.,0.));
#509 = DIRECTION('',(0.,0.,1.));
#510 = ORIENTED_EDGE('',*,*,#482,.F.);
#511 = ORIENTED_EDGE('',*,*,#417,.F.);
#512 = CYLINDRICAL_SURFACE('',#513,2.E-02);
#513 = AXIS2_PLACEMENT_3D('',#514,#515,#516);
#514 = CARTESIAN_POINT('',(-0.3,0.21,4.E-02));
#515 = DIRECTION('',(1.,0.,0.));
#516 = DIRECTION('',(-0.,1.,0.));
#517 = ADVANCED_FACE('',(#518),#536,.T.);
#518 = FACE_BOUND('',#519,.T.);
#519 = EDGE_LOOP('',(#520,#528,#529,#530));
#520 = ORIENTED_EDGE('',*,*,#521,.F.);
#521 = EDGE_CURVE('',#497,#522,#524,.T.);
#522 = VERTEX_POINT('',#523);
#523 = CARTESIAN_POINT('',(0.3,0.23,0.46));
#524 = LINE('',#525,#526);
#525 = CARTESIAN_POINT('',(0.3,0.23,2.E-02));
#526 = VECTOR('',#527,1.);
#527 = DIRECTION('',(0.,0.,1.));
#528 = ORIENTED_EDGE('',*,*,#496,.F.);
#529 = ORIENTED_EDGE('',*,*,#409,.T.);
#530 = ORIENTED_EDGE('',*,*,#531,.T.);
#531 = EDGE_CURVE('',#401,#522,#532,.T.);
#532 = LINE('',#533,#534);
#533 = CARTESIAN_POINT('',(-0.3,0.23,0.46));
#534 = VECTOR('',#535,1.);
#535 = DIRECTION('',(1.,0.,0.));
#536 = PLANE('',#537);
#537 = AXIS2_PLACEMENT_3D('',#538,#539,#540);
#538 = CARTESIAN_POINT('',(-0.3,0.23,2.E-02));
#539 = DIRECTION('',(0.,1.,0.));
#540 = DIRECTION('',(0.,-0.,1.));
#541 = ADVANCED_FACE('',(#542),#561,.T.);
#542 = FACE_BOUND('',#543,.T.);
#543 = EDGE_LOOP('',(#544,#545,#553,#560));
#544 = ORIENTED_EDGE('',*,*,#400,.T.);
#545 = ORIENTED_EDGE('',*,*,#546,.T.);
#546 = EDGE_CURVE('',#393,#547,#549,.T.);
#547 = VERTEX_POINT('',#548);
#548 = CARTESIAN_POINT('',(0.3,0.21,0.48));
#549 = LINE('',#550,#551);
#550 = CARTESIAN_POINT('',(-0.3,0.21,0.48));
#551 = VECTOR('',#552,1.);
#552 = DIRECTION('',(1.,0.,0.));
#553 = ORIENTED_EDGE('',*,*,#554,.F.);
#554 = EDGE_CURVE('',#522,#547,#555,.T.);
#555 = CIRCLE('',#556,2.E-02);
#556 = AXIS2_PLACEMENT_3D('',#557,#558,#559);
#557 = CARTESIAN_POINT('',(0.3,0.21,0.46));
#558 = DIRECTION('',(1.,0.,-0.));
#559 = DIRECTION('',(0.,0.,1.));
#560 = ORIENTED_EDGE('',*,*,#531,.F.);
#561 = CYLINDRICAL_SURFACE('',#562,2.E-02);
#562 = AXIS2_PLACEMENT_3D('',#563,#564,#565);
#563 = CARTESIAN_POINT('',(-0.3,0.21,0.46));
#564 = DIRECTION('',(1.,0.,0.));
#565 = DIRECTION('',(-0.,1.,0.));
#566 = ADVANCED_FACE('',(#567),#585,.T.);
#567 = FACE_BOUND('',#568,.T.);
#568 = EDGE_LOOP('',(#569,#570,#578,#584));
#569 = ORIENTED_EDGE('',*,*,#392,.F.);
#570 = ORIENTED_EDGE('',*,*,#571,.T.);
#571 = EDGE_CURVE('',#384,#572,#574,.T.);
#572 = VERTEX_POINT('',#573);
#573 = CARTESIAN_POINT('',(0.3,-0.21,0.48));
#574 = LINE('',#575,#576);
#575 = CARTESIAN_POINT('',(-0.3,-0.21,0.48));
#576 = VECTOR('',#577,1.);
#577 = DIRECTION('',(1.,0.,0.));
#578 = ORIENTED_EDGE('',*,*,#579,.T.);
#579 = EDGE_CURVE('',#572,#547,#580,.T.);
#580 = LINE('',#581,#582);
#581 = CARTESIAN_POINT('',(0.3,-0.23,0.48));
#582 = VECTOR('',#583,1.);
#583 = DIRECTION('',(0.,1.,0.));
#584 = ORIENTED_EDGE('',*,*,#546,.F.);
#585 = PLANE('',#586);
#586 = AXIS2_PLACEMENT_3D('',#587,#588,#589);
#587 = CARTESIAN_POINT('',(-0.3,-0.23,0.48));
#588 = DIRECTION('',(0.,0.,1.));
#589 = DIRECTION('',(1.,0.,-0.));
#590 = ADVANCED_FACE('',(#591),#610,.T.);
#591 = FACE_BOUND('',#592,.T.);
#592 = EDGE_LOOP('',(#593,#601,#608,#609));
#593 = ORIENTED_EDGE('',*,*,#594,.T.);
#594 = EDGE_CURVE('',#376,#595,#597,.T.);
#595 = VERTEX_POINT('',#596);
#596 = CARTESIAN_POINT('',(0.3,-0.23,0.46));
#597 = LINE('',#598,#599);
#598 = CARTESIAN_POINT('',(-0.3,-0.23,0.46));
#599 = VECTOR('',#600,1.);
#600 = DIRECTION('',(1.,0.,0.));
#601 = ORIENTED_EDGE('',*,*,#602,.T.);
#602 = EDGE_CURVE('',#595,#572,#603,.T.);
#603 = CIRCLE('',#604,2.E-02);
#604 = AXIS2_PLACEMENT_3D('',#605,#606,#607);
#605 = CARTESIAN_POINT('',(0.3,-0.21,0.46));
#606 = DIRECTION('',(-1.,0.,0.));
#607 = DIRECTION('',(0.,0.,1.));
#608 = ORIENTED_EDGE('',*,*,#571,.F.);
#609 = ORIENTED_EDGE('',*,*,#383,.F.);
#610 = CYLINDRICAL_SURFACE('',#611,2.E-02);
#611 = AXIS2_PLACEMENT_3D('',#612,#613,#614);
#612 = CARTESIAN_POINT('',(-0.3,-0.21,0.46));
#613 = DIRECTION('',(1.,0.,0.));
#614 = DIRECTION('',(0.,-1.,0.));
#615 = ADVANCED_FACE('',(#616),#627,.F.);
#616 = FACE_BOUND('',#617,.F.);
#617 = EDGE_LOOP('',(#618,#624,#625,#626));
#618 = ORIENTED_EDGE('',*,*,#619,.F.);
#619 = EDGE_CURVE('',#450,#595,#620,.T.);
#620 = LINE('',#621,#622);
#621 = CARTESIAN_POINT('',(0.3,-0.23,2.E-02));
#622 = VECTOR('',#623,1.);
#623 = DIRECTION('',(0.,0.,1.));
#624 = ORIENTED_EDGE('',*,*,#458,.F.);
#625 = ORIENTED_EDGE('',*,*,#375,.T.);
#626 = ORIENTED_EDGE('',*,*,#594,.T.);
#627 = PLANE('',#628);
#628 = AXIS2_PLACEMENT_3D('',#629,#630,#631);
#629 = CARTESIAN_POINT('',(-0.3,-0.23,2.E-02));
#630 = DIRECTION('',(0.,1.,0.));
#631 = DIRECTION('',(0.,-0.,1.));
#632 = ADVANCED_FACE('',(#633,#703),#713,.F.);
#633 = FACE_BOUND('',#634,.F.);
#634 = EDGE_LOOP('',(#635,#645,#654,#662,#671,#679,#688,#696));
#635 = ORIENTED_EDGE('',*,*,#636,.F.);
#636 = EDGE_CURVE('',#637,#639,#641,.T.);
#637 = VERTEX_POINT('',#638);
#638 = CARTESIAN_POINT('',(0.3,-0.25,2.E-02));
#639 = VERTEX_POINT('',#640);
#640 = CARTESIAN_POINT('',(0.3,-0.25,0.48));
#641 = LINE('',#642,#643);
#642 = CARTESIAN_POINT('',(0.3,-0.25,0.));
#643 = VECTOR('',#644,1.);
#644 = DIRECTION('',(0.,0.,1.));
#645 = ORIENTED_EDGE('',*,*,#646,.T.);
#646 = EDGE_CURVE('',#637,#647,#649,.T.);
#647 = VERTEX_POINT('',#648);
#648 = CARTESIAN_POINT('',(0.3,-0.23,0.));
#649 = CIRCLE('',#650,2.E-02);
#650 = AXIS2_PLACEMENT_3D('',#651,#652,#653);
#651 = CARTESIAN_POINT('',(0.3,-0.23,2.E-02));
#652 = DIRECTION('',(1.,0.,-0.));
#653 = DIRECTION('',(0.,0.,1.));
#654 = ORIENTED_EDGE('',*,*,#655,.T.);
#655 = EDGE_CURVE('',#647,#656,#658,.T.);
#656 = VERTEX_POINT('',#657);
#657 = CARTESIAN_POINT('',(0.3,0.23,0.));
#658 = LINE('',#659,#660);
#659 = CARTESIAN_POINT('',(0.3,-0.25,0.));
#660 = VECTOR('',#661,1.);
#661 = DIRECTION('',(0.,1.,0.));
#662 = ORIENTED_EDGE('',*,*,#663,.F.);
#663 = EDGE_CURVE('',#664,#656,#666,.T.);
#664 = VERTEX_POINT('',#665);
#665 = CARTESIAN_POINT('',(0.3,0.25,2.E-02));
#666 = CIRCLE('',#667,2.E-02);
#667 = AXIS2_PLACEMENT_3D('',#668,#669,#670);
#668 = CARTESIAN_POINT('',(0.3,0.23,2.E-02));
#669 = DIRECTION('',(-1.,0.,0.));
#670 = DIRECTION('',(0.,0.,1.));
#671 = ORIENTED_EDGE('',*,*,#672,.T.);
#672 = EDGE_CURVE('',#664,#673,#675,.T.);
#673 = VERTEX_POINT('',#674);
#674 = CARTESIAN_POINT('',(0.3,0.25,0.48));
#675 = LINE('',#676,#677);
#676 = CARTESIAN_POINT('',(0.3,0.25,0.));
#677 = VECTOR('',#678,1.);
#678 = DIRECTION('',(0.,0.,1.));
#679 = ORIENTED_EDGE('',*,*,#680,.T.);
#680 = EDGE_CURVE('',#673,#681,#683,.T.);
#681 = VERTEX_POINT('',#682);
#682 = CARTESIAN_POINT('',(0.3,0.23,0.5));
#683 = CIRCLE('',#684,2.E-02);
#684 = AXIS2_PLACEMENT_3D('',#685,#686,#687);
#685 = CARTESIAN_POINT('',(0.3,0.23,0.48));
#686 = DIRECTION('',(1.,0.,-0.));
#687 = DIRECTION('',(0.,0.,1.));
#688 = ORIENTED_EDGE('',*,*,#689,.F.);
#689 = EDGE_CURVE('',#690,#681,#692,.T.);
#690 = VERTEX_POINT('',#691);
#691 = CARTESIAN_POINT('',(0.3,-0.23,0.5));
#692 = LINE('',#693,#694);
#693 = CARTESIAN_POINT('',(0.3,-0.25,0.5));
#694 = VECTOR('',#695,1.);
#695 = DIRECTION('',(0.,1.,0.));
#696 = ORIENTED_EDGE('',*,*,#697,.F.);
#697 = EDGE_CURVE('',#639,#690,#698,.T.);
#698 = CIRCLE('',#699,2.E-02);
#699 = AXIS2_PLACEMENT_3D('',#700,#701,#702);
#700 = CARTESIAN_POINT('',(0.3,-0.23,0.48));
#701 = DIRECTION('',(-1.,0.,0.));
#702 = DIRECTION('',(0.,0.,1.));
#703 = FACE_BOUND('',#704,.F.);
#704 = EDGE_LOOP('',(#705,#706,#707,#708,#709,#710,#711,#712));
#705 = ORIENTED_EDGE('',*,*,#449,.F.);
#706 = ORIENTED_EDGE('',*,*,#619,.T.);
#707 = ORIENTED_EDGE('',*,*,#602,.T.);
#708 = ORIENTED_EDGE('',*,*,#579,.T.);
#709 = ORIENTED_EDGE('',*,*,#554,.F.);
#710 = ORIENTED_EDGE('',*,*,#521,.F.);
#711 = ORIENTED_EDGE('',*,*,#504,.T.);
#712 = ORIENTED_EDGE('',*,*,#474,.F.);
#713 = PLANE('',#714);
#714 = AXIS2_PLACEMENT_3D('',#715,#716,#717);
#715 = CARTESIAN_POINT('',(0.3,-0.25,0.));
#716 = DIRECTION('',(1.,0.,0.));
#717 = DIRECTION('',(0.,0.,1.));
#718 = ADVANCED_FACE('',(#719),#744,.F.);
#719 = FACE_BOUND('',#720,.F.);
#720 = EDGE_LOOP('',(#721,#731,#737,#738));
#721 = ORIENTED_EDGE('',*,*,#722,.F.);
#722 = EDGE_CURVE('',#723,#725,#727,.T.);
#723 = VERTEX_POINT('',#724);
#724 = CARTESIAN_POINT('',(0.5,-0.25,2.E-02));
#725 = VERTEX_POINT('',#726);
#726 = CARTESIAN_POINT('',(0.5,-0.25,0.48));
#727 = LINE('',#728,#729);
#728 = CARTESIAN_POINT('',(0.5,-0.25,0.));
#729 = VECTOR('',#730,1.);
#730 = DIRECTION('',(0.,0.,1.));
#731 = ORIENTED_EDGE('',*,*,#732,.F.);
#732 = EDGE_CURVE('',#637,#723,#733,.T.);
#733 = LINE('',#734,#735);
#734 = CARTESIAN_POINT('',(0.3,-0.25,2.E-02));
#735 = VECTOR('',#736,1.);
#736 = DIRECTION('',(1.,0.,0.));
#737 = ORIENTED_EDGE('',*,*,#636,.T.);
#738 = ORIENTED_EDGE('',*,*,#739,.T.);
#739 = EDGE_CURVE('',#639,#725,#740,.T.);
#740 = LINE('',#741,#742);
#741 = CARTESIAN_POINT('',(0.3,-0.25,0.48));
#742 = VECTOR('',#743,1.);
#743 = DIRECTION('',(1.,0.,0.));
#744 = PLANE('',#745);
#745 = AXIS2_PLACEMENT_3D('',#746,#747,#748);
#746 = CARTESIAN_POINT('',(0.3,-0.25,0.));
#747 = DIRECTION('',(0.,1.,0.));
#748 = DIRECTION('',(0.,-0.,1.));
#749 = ADVANCED_FACE('',(#750),#769,.T.);
#750 = FACE_BOUND('',#751,.T.);
#751 = EDGE_LOOP('',(#752,#753,#761,#768));
#752 = ORIENTED_EDGE('',*,*,#646,.T.);
#753 = ORIENTED_EDGE('',*,*,#754,.T.);
#754 = EDGE_CURVE('',#647,#755,#757,.T.);
#755 = VERTEX_POINT('',#756);
#756 = CARTESIAN_POINT('',(0.5,-0.23,0.));
#757 = LINE('',#758,#759);
#758 = CARTESIAN_POINT('',(0.3,-0.23,0.));
#759 = VECTOR('',#760,1.);
#760 = DIRECTION('',(1.,0.,0.));
#761 = ORIENTED_EDGE('',*,*,#762,.F.);
#762 = EDGE_CURVE('',#723,#755,#763,.T.);
#763 = CIRCLE('',#764,2.E-02);
#764 = AXIS2_PLACEMENT_3D('',#765,#766,#767);
#765 = CARTESIAN_POINT('',(0.5,-0.23,2.E-02));
#766 = DIRECTION('',(1.,0.,-0.));
#767 = DIRECTION('',(0.,0.,1.));
#768 = ORIENTED_EDGE('',*,*,#732,.F.);
#769 = CYLINDRICAL_SURFACE('',#770,2.E-02);
#770 = AXIS2_PLACEMENT_3D('',#771,#772,#773);
#771 = CARTESIAN_POINT('',(0.3,-0.23,2.E-02));
#772 = DIRECTION('',(1.,0.,0.));
#773 = DIRECTION('',(0.,-1.,0.));
#774 = ADVANCED_FACE('',(#775),#794,.T.);
#775 = FACE_BOUND('',#776,.T.);
#776 = EDGE_LOOP('',(#777,#778,#787,#793));
#777 = ORIENTED_EDGE('',*,*,#739,.T.);
#778 = ORIENTED_EDGE('',*,*,#779,.T.);
#779 = EDGE_CURVE('',#725,#780,#782,.T.);
#780 = VERTEX_POINT('',#781);
#781 = CARTESIAN_POINT('',(0.5,-0.23,0.5));
#782 = CIRCLE('',#783,2.E-02);
#783 = AXIS2_PLACEMENT_3D('',#784,#785,#786);
#784 = CARTESIAN_POINT('',(0.5,-0.23,0.48));
#785 = DIRECTION('',(-1.,0.,0.));
#786 = DIRECTION('',(0.,0.,1.));
#787 = ORIENTED_EDGE('',*,*,#788,.F.);
#788 = EDGE_CURVE('',#690,#780,#789,.T.);
#789 = LINE('',#790,#791);
#790 = CARTESIAN_POINT('',(0.3,-0.23,0.5));
#791 = VECTOR('',#792,1.);
#792 = DIRECTION('',(1.,0.,0.));
#793 = ORIENTED_EDGE('',*,*,#697,.F.);
#794 = CYLINDRICAL_SURFACE('',#795,2.E-02);
#795 = AXIS2_PLACEMENT_3D('',#796,#797,#798);
#796 = CARTESIAN_POINT('',(0.3,-0.23,0.48));
#797 = DIRECTION('',(1.,0.,0.));
#798 = DIRECTION('',(0.,-1.,0.));
#799 = ADVANCED_FACE('',(#800),#818,.F.);
#800 = FACE_BOUND('',#801,.F.);
#801 = EDGE_LOOP('',(#802,#803,#804,#812));
#802 = ORIENTED_EDGE('',*,*,#655,.F.);
#803 = ORIENTED_EDGE('',*,*,#754,.T.);
#804 = ORIENTED_EDGE('',*,*,#805,.T.);
#805 = EDGE_CURVE('',#755,#806,#808,.T.);
#806 = VERTEX_POINT('',#807);
#807 = CARTESIAN_POINT('',(0.5,0.23,0.));
#808 = LINE('',#809,#810);
#809 = CARTESIAN_POINT('',(0.5,-0.25,0.));
#810 = VECTOR('',#811,1.);
#811 = DIRECTION('',(0.,1.,0.));
#812 = ORIENTED_EDGE('',*,*,#813,.F.);
#813 = EDGE_CURVE('',#656,#806,#814,.T.);
#814 = LINE('',#815,#816);
#815 = CARTESIAN_POINT('',(0.3,0.23,0.));
#816 = VECTOR('',#817,1.);
#817 = DIRECTION('',(1.,0.,0.));
#818 = PLANE('',#819);
#819 = AXIS2_PLACEMENT_3D('',#820,#821,#822);
#820 = CARTESIAN_POINT('',(0.3,-0.25,0.));
#821 = DIRECTION('',(0.,0.,1.));
#822 = DIRECTION('',(1.,0.,-0.));
#823 = ADVANCED_FACE('',(#824),#842,.T.);
#824 = FACE_BOUND('',#825,.T.);
#825 = EDGE_LOOP('',(#826,#827,#828,#836));
#826 = ORIENTED_EDGE('',*,*,#689,.F.);
#827 = ORIENTED_EDGE('',*,*,#788,.T.);
#828 = ORIENTED_EDGE('',*,*,#829,.T.);
#829 = EDGE_CURVE('',#780,#830,#832,.T.);
#830 = VERTEX_POINT('',#831);
#831 = CARTESIAN_POINT('',(0.5,0.23,0.5));
#832 = LINE('',#833,#834);
#833 = CARTESIAN_POINT('',(0.5,-0.25,0.5));
#834 = VECTOR('',#835,1.);
#835 = DIRECTION('',(0.,1.,0.));
#836 = ORIENTED_EDGE('',*,*,#837,.F.);
#837 = EDGE_CURVE('',#681,#830,#838,.T.);
#838 = LINE('',#839,#840);
#839 = CARTESIAN_POINT('',(0.3,0.23,0.5));
#840 = VECTOR('',#841,1.);
#841 = DIRECTION('',(1.,0.,0.));
#842 = PLANE('',#843);
#843 = AXIS2_PLACEMENT_3D('',#844,#845,#846);
#844 = CARTESIAN_POINT('',(0.3,-0.25,0.5));
#845 = DIRECTION('',(0.,0.,1.));
#846 = DIRECTION('',(1.,0.,-0.));
#847 = ADVANCED_FACE('',(#848),#867,.T.);
#848 = FACE_BOUND('',#849,.T.);
#849 = EDGE_LOOP('',(#850,#858,#865,#866));
#850 = ORIENTED_EDGE('',*,*,#851,.T.);
#851 = EDGE_CURVE('',#664,#852,#854,.T.);
#852 = VERTEX_POINT('',#853);
#853 = CARTESIAN_POINT('',(0.5,0.25,2.E-02));
#854 = LINE('',#855,#856);
#855 = CARTESIAN_POINT('',(0.3,0.25,2.E-02));
#856 = VECTOR('',#857,1.);
#857 = DIRECTION('',(1.,0.,0.));
#858 = ORIENTED_EDGE('',*,*,#859,.T.);
#859 = EDGE_CURVE('',#852,#806,#860,.T.);
#860 = CIRCLE('',#861,2.E-02);
#861 = AXIS2_PLACEMENT_3D('',#862,#863,#864);
#862 = CARTESIAN_POINT('',(0.5,0.23,2.E-02));
#863 = DIRECTION('',(-1.,0.,0.));
#864 = DIRECTION('',(0.,0.,1.));
#865 = ORIENTED_EDGE('',*,*,#813,.F.);
#866 = ORIENTED_EDGE('',*,*,#663,.F.);
#867 = CYLINDRICAL_SURFACE('',#868,2.E-02);
#868 = AXIS2_PLACEMENT_3D('',#869,#870,#871);
#869 = CARTESIAN_POINT('',(0.3,0.23,2.E-02));
#870 = DIRECTION('',(1.,0.,0.));
#871 = DIRECTION('',(-0.,1.,0.));
#872 = ADVANCED_FACE('',(#873),#892,.T.);
#873 = FACE_BOUND('',#874,.T.);
#874 = EDGE_LOOP('',(#875,#876,#877,#886));
#875 = ORIENTED_EDGE('',*,*,#680,.T.);
#876 = ORIENTED_EDGE('',*,*,#837,.T.);
#877 = ORIENTED_EDGE('',*,*,#878,.F.);
#878 = EDGE_CURVE('',#879,#830,#881,.T.);
#879 = VERTEX_POINT('',#880);
#880 = CARTESIAN_POINT('',(0.5,0.25,0.48));
#881 = CIRCLE('',#882,2.E-02);
#882 = AXIS2_PLACEMENT_3D('',#883,#884,#885);
#883 = CARTESIAN_POINT('',(0.5,0.23,0.48));
#884 = DIRECTION('',(1.,0.,-0.));
#885 = DIRECTION('',(0.,0.,1.));
#886 = ORIENTED_EDGE('',*,*,#887,.F.);
#887 = EDGE_CURVE('',#673,#879,#888,.T.);
#888 = LINE('',#889,#890);
#889 = CARTESIAN_POINT('',(0.3,0.25,0.48));
#890 = VECTOR('',#891,1.);
#891 = DIRECTION('',(1.,0.,0.));
#892 = CYLINDRICAL_SURFACE('',#893,2.E-02);
#893 = AXIS2_PLACEMENT_3D('',#894,#895,#896);
#894 = CARTESIAN_POINT('',(0.3,0.23,0.48));
#895 = DIRECTION('',(1.,0.,0.));
#896 = DIRECTION('',(-0.,1.,0.));
#897 = ADVANCED_FACE('',(#898),#909,.T.);
#898 = FACE_BOUND('',#899,.T.);
#899 = EDGE_LOOP('',(#900,#906,#907,#908));
#900 = ORIENTED_EDGE('',*,*,#901,.F.);
#901 = EDGE_CURVE('',#852,#879,#902,.T.);
#902 = LINE('',#903,#904);
#903 = CARTESIAN_POINT('',(0.5,0.25,0.));
#904 = VECTOR('',#905,1.);
#905 = DIRECTION('',(0.,0.,1.));
#906 = ORIENTED_EDGE('',*,*,#851,.F.);
#907 = ORIENTED_EDGE('',*,*,#672,.T.);
#908 = ORIENTED_EDGE('',*,*,#887,.T.);
#909 = PLANE('',#910);
#910 = AXIS2_PLACEMENT_3D('',#911,#912,#913);
#911 = CARTESIAN_POINT('',(0.3,0.25,0.));
#912 = DIRECTION('',(0.,1.,0.));
#913 = DIRECTION('',(0.,-0.,1.));
#914 = ADVANCED_FACE('',(#915),#925,.T.);
#915 = FACE_BOUND('',#916,.T.);
#916 = EDGE_LOOP('',(#917,#918,#919,#920,#921,#922,#923,#924));
#917 = ORIENTED_EDGE('',*,*,#722,.F.);
#918 = ORIENTED_EDGE('',*,*,#762,.T.);
#919 = ORIENTED_EDGE('',*,*,#805,.T.);
#920 = ORIENTED_EDGE('',*,*,#859,.F.);
#921 = ORIENTED_EDGE('',*,*,#901,.T.);
#922 = ORIENTED_EDGE('',*,*,#878,.T.);
#923 = ORIENTED_EDGE('',*,*,#829,.F.);
#924 = ORIENTED_EDGE('',*,*,#779,.F.);
#925 = PLANE('',#926);
#926 = AXIS2_PLACEMENT_3D('',#927,#928,#929);
#927 = CARTESIAN_POINT('',(0.5,-0.25,0.));
#928 = DIRECTION('',(1.,0.,0.));
#929 = DIRECTION('',(0.,0.,1.));
#930 = ( GEOMETRIC_REPRESENTATION_CONTEXT(3) 
GLOBAL_UNCERTAINTY_ASSIGNED_CONTEXT((#934)) GLOBAL_UNIT_ASSIGNED_CONTEXT
((#931,#932,#933)) REPRESENTATION_CONTEXT('Context #1',
  '3D Context with UNIT and UNCERTAINTY') );
#931 = ( LENGTH_UNIT() NAMED_UNIT(*) SI_UNIT(.MILLI.,.METRE.) );
#932 = ( NAMED_UNIT(*) PLANE_ANGLE_UNIT() SI_UNIT($,.RADIAN.) );
#933 = ( NAMED_UNIT(*) SI_UNIT($,.STERADIAN.) SOLID_ANGLE_UNIT() );
#934 = UNCERTAINTY_MEASURE_WITH_UNIT(LENGTH_MEASURE(1.E-07),#931,
  'distance_accuracy_value','confusion accuracy');
#935 = CONTEXT_DEPENDENT_SHAPE_REPRESENTATION(#936,#938);
#936 = ( REPRESENTATION_RELATIONSHIP('','',#75,#52) 
REPRESENTATION_RELATIONSHIP_WITH_TRANSFORMATION(#937) 
SHAPE_REPRESENTATION_RELATIONSHIP() );
#937 = ITEM_DEFINED_TRANSFORMATION('','',#11,#53);
#938 = PRODUCT_DEFINITION_SHAPE('Placement','Placement of an item',#939
  );
#939 = NEXT_ASSEMBLY_USAGE_OCCURRENCE('1','=>[0:1:1:3]','',#47,#70,$);
#940 = PRODUCT_RELATED_PRODUCT_CATEGORY('part',$,(#72));
#941 = SHAPE_DEFINITION_REPRESENTATION(#942,#948);
#942 = PRODUCT_DEFINITION_SHAPE('','',#943);
#943 = PRODUCT_DEFINITION('design','',#944,#947);
#944 = PRODUCT_DEFINITION_FORMATION('','',#945);
#945 = PRODUCT('C_0603_1608Metric','C_0603_1608Metric','',(#946));
#946 = PRODUCT_CONTEXT('',#2,'mechanical');
#947 = PRODUCT_DEFINITION_CONTEXT('part definition',#2,'design');
#948 = SHAPE_REPRESENTATION('',(#11,#949),#953);
#949 = AXIS2_PLACEMENT_3D('',#950,#951,#952);
#950 = CARTESIAN_POINT('',(0.,0.,0.));
#951 = DIRECTION('',(0.,0.,1.));
#952 = DIRECTION('',(1.,0.,-0.));
#953 = ( GEOMETRIC_REPRESENTATION_CONTEXT(3) 
GLOBAL_UNCERTAINTY_ASSIGNED_CONTEXT((#957)) GLOBAL_UNIT_ASSIGNED_CONTEXT
((#954,#955,#956)) REPRESENTATION_CONTEXT('Context #1',
  '3D Context with UNIT and UNCERTAINTY') );
#954 = ( LENGTH_UNIT() NAMED_UNIT(*) SI_UNIT(.MILLI.,.METRE.) );
#955 = ( NAMED_UNIT(*) PLANE_ANGLE_UNIT() SI_UNIT($,.RADIAN.) );
#956 = ( NAMED_UNIT(*) SI_UNIT($,.STERADIAN.) SOLID_ANGLE_UNIT() );
#957 = UNCERTAINTY_MEASURE_WITH_UNIT(LENGTH_MEASURE(1.E-07),#954,
  'distance_accuracy_value','confusion accuracy');
#958 = CONTEXT_DEPENDENT_SHAPE_REPRESENTATION(#959,#961);
#959 = ( REPRESENTATION_RELATIONSHIP('','',#948,#10) 
REPRESENTATION_RELATIONSHIP_WITH_TRANSFORMATION(#960) 
SHAPE_REPRESENTATION_RELATIONSHIP() );
#960 = ITEM_DEFINED_TRANSFORMATION('','',#11,#19);
#961 = PRODUCT_DEFINITION_SHAPE('Placement','Placement of an item',#962
  );
#962 = NEXT_ASSEMBLY_USAGE_OCCURRENCE('4','C1','',#5,#943,$);
#963 = PRODUCT_RELATED_PRODUCT_CATEGORY('part',$,(#945));
#964 = SHAPE_DEFINITION_REPRESENTATION(#965,#971);
#965 = PRODUCT_DEFINITION_SHAPE('','',#966);
#966 = PRODUCT_DEFINITION('design','',#967,#970);
#967 = PRODUCT_DEFINITION_FORMATION('','',#968);
#968 = PRODUCT('C_0603_1608Metric','C_0603_1608Metric','',(#969));
#969 = PRODUCT_CONTEXT('',#2,'mechanical');
#970 = PRODUCT_DEFINITION_CONTEXT('part definition',#2,'design');
#971 = ADVANCED_BREP_SHAPE_REPRESENTATION('',(#11,#972),#1826);
#972 = MANIFOLD_SOLID_BREP('',#973);
#973 = CLOSED_SHELL('',(#974,#1050,#1081,#1106,#1131,#1155,#1179,#1204,
    #1229,#1246,#1332,#1364,#1388,#1413,#1437,#1462,#1486,#1511,#1528,
    #1614,#1645,#1670,#1695,#1719,#1743,#1768,#1793,#1810));
#974 = ADVANCED_FACE('',(#975),#1045,.F.);
#975 = FACE_BOUND('',#976,.F.);
#976 = EDGE_LOOP('',(#977,#987,#996,#1004,#1013,#1021,#1030,#1038));
#977 = ORIENTED_EDGE('',*,*,#978,.F.);
#978 = EDGE_CURVE('',#979,#981,#983,.T.);
#979 = VERTEX_POINT('',#980);
#980 = CARTESIAN_POINT('',(-0.8,-0.4,3.E-02));
#981 = VERTEX_POINT('',#982);
#982 = CARTESIAN_POINT('',(-0.8,-0.4,0.77));
#983 = LINE('',#984,#985);
#984 = CARTESIAN_POINT('',(-0.8,-0.4,0.));
#985 = VECTOR('',#986,1.);
#986 = DIRECTION('',(0.,0.,1.));
#987 = ORIENTED_EDGE('',*,*,#988,.T.);
#988 = EDGE_CURVE('',#979,#989,#991,.T.);
#989 = VERTEX_POINT('',#990);
#990 = CARTESIAN_POINT('',(-0.8,-0.37,0.));
#991 = CIRCLE('',#992,3.E-02);
#992 = AXIS2_PLACEMENT_3D('',#993,#994,#995);
#993 = CARTESIAN_POINT('',(-0.8,-0.37,3.E-02));
#994 = DIRECTION('',(1.,0.,-0.));
#995 = DIRECTION('',(0.,0.,1.));
#996 = ORIENTED_EDGE('',*,*,#997,.T.);
#997 = EDGE_CURVE('',#989,#998,#1000,.T.);
#998 = VERTEX_POINT('',#999);
#999 = CARTESIAN_POINT('',(-0.8,0.37,0.));
#1000 = LINE('',#1001,#1002);
#1001 = CARTESIAN_POINT('',(-0.8,-0.4,0.));
#1002 = VECTOR('',#1003,1.);
#1003 = DIRECTION('',(0.,1.,0.));
#1004 = ORIENTED_EDGE('',*,*,#1005,.F.);
#1005 = EDGE_CURVE('',#1006,#998,#1008,.T.);
#1006 = VERTEX_POINT('',#1007);
#1007 = CARTESIAN_POINT('',(-0.8,0.4,3.E-02));
#1008 = CIRCLE('',#1009,3.E-02);
#1009 = AXIS2_PLACEMENT_3D('',#1010,#1011,#1012);
#1010 = CARTESIAN_POINT('',(-0.8,0.37,3.E-02));
#1011 = DIRECTION('',(-1.,0.,0.));
#1012 = DIRECTION('',(0.,0.,1.));
#1013 = ORIENTED_EDGE('',*,*,#1014,.T.);
#1014 = EDGE_CURVE('',#1006,#1015,#1017,.T.);
#1015 = VERTEX_POINT('',#1016);
#1016 = CARTESIAN_POINT('',(-0.8,0.4,0.77));
#1017 = LINE('',#1018,#1019);
#1018 = CARTESIAN_POINT('',(-0.8,0.4,0.));
#1019 = VECTOR('',#1020,1.);
#1020 = DIRECTION('',(0.,0.,1.));
#1021 = ORIENTED_EDGE('',*,*,#1022,.T.);
#1022 = EDGE_CURVE('',#1015,#1023,#1025,.T.);
#1023 = VERTEX_POINT('',#1024);
#1024 = CARTESIAN_POINT('',(-0.8,0.37,0.8));
#1025 = CIRCLE('',#1026,3.E-02);
#1026 = AXIS2_PLACEMENT_3D('',#1027,#1028,#1029);
#1027 = CARTESIAN_POINT('',(-0.8,0.37,0.77));
#1028 = DIRECTION('',(1.,0.,-0.));
#1029 = DIRECTION('',(0.,0.,1.));
#1030 = ORIENTED_EDGE('',*,*,#1031,.F.);
#1031 = EDGE_CURVE('',#1032,#1023,#1034,.T.);
#1032 = VERTEX_POINT('',#1033);
#1033 = CARTESIAN_POINT('',(-0.8,-0.37,0.8));
#1034 = LINE('',#1035,#1036);
#1035 = CARTESIAN_POINT('',(-0.8,-0.4,0.8));
#1036 = VECTOR('',#1037,1.);
#1037 = DIRECTION('',(0.,1.,0.));
#1038 = ORIENTED_EDGE('',*,*,#1039,.F.);
#1039 = EDGE_CURVE('',#981,#1032,#1040,.T.);
#1040 = CIRCLE('',#1041,3.E-02);
#1041 = AXIS2_PLACEMENT_3D('',#1042,#1043,#1044);
#1042 = CARTESIAN_POINT('',(-0.8,-0.37,0.77));
#1043 = DIRECTION('',(-1.,0.,0.));
#1044 = DIRECTION('',(0.,0.,1.));
#1045 = PLANE('',#1046);
#1046 = AXIS2_PLACEMENT_3D('',#1047,#1048,#1049);
#1047 = CARTESIAN_POINT('',(-0.8,-0.4,0.));
#1048 = DIRECTION('',(1.,0.,0.));
#1049 = DIRECTION('',(0.,0.,1.));
#1050 = ADVANCED_FACE('',(#1051),#1076,.F.);
#1051 = FACE_BOUND('',#1052,.F.);
#1052 = EDGE_LOOP('',(#1053,#1063,#1069,#1070));
#1053 = ORIENTED_EDGE('',*,*,#1054,.F.);
#1054 = EDGE_CURVE('',#1055,#1057,#1059,.T.);
#1055 = VERTEX_POINT('',#1056);
#1056 = CARTESIAN_POINT('',(-0.5,-0.4,3.E-02));
#1057 = VERTEX_POINT('',#1058);
#1058 = CARTESIAN_POINT('',(-0.5,-0.4,0.77));
#1059 = LINE('',#1060,#1061);
#1060 = CARTESIAN_POINT('',(-0.5,-0.4,0.));
#1061 = VECTOR('',#1062,1.);
#1062 = DIRECTION('',(0.,0.,1.));
#1063 = ORIENTED_EDGE('',*,*,#1064,.F.);
#1064 = EDGE_CURVE('',#979,#1055,#1065,.T.);
#1065 = LINE('',#1066,#1067);
#1066 = CARTESIAN_POINT('',(-0.8,-0.4,3.E-02));
#1067 = VECTOR('',#1068,1.);
#1068 = DIRECTION('',(1.,0.,0.));
#1069 = ORIENTED_EDGE('',*,*,#978,.T.);
#1070 = ORIENTED_EDGE('',*,*,#1071,.T.);
#1071 = EDGE_CURVE('',#981,#1057,#1072,.T.);
#1072 = LINE('',#1073,#1074);
#1073 = CARTESIAN_POINT('',(-0.8,-0.4,0.77));
#1074 = VECTOR('',#1075,1.);
#1075 = DIRECTION('',(1.,0.,0.));
#1076 = PLANE('',#1077);
#1077 = AXIS2_PLACEMENT_3D('',#1078,#1079,#1080);
#1078 = CARTESIAN_POINT('',(-0.8,-0.4,0.));
#1079 = DIRECTION('',(0.,1.,0.));
#1080 = DIRECTION('',(0.,-0.,1.));
#1081 = ADVANCED_FACE('',(#1082),#1101,.T.);
#1082 = FACE_BOUND('',#1083,.T.);
#1083 = EDGE_LOOP('',(#1084,#1085,#1093,#1100));
#1084 = ORIENTED_EDGE('',*,*,#988,.T.);
#1085 = ORIENTED_EDGE('',*,*,#1086,.T.);
#1086 = EDGE_CURVE('',#989,#1087,#1089,.T.);
#1087 = VERTEX_POINT('',#1088);
#1088 = CARTESIAN_POINT('',(-0.5,-0.37,0.));
#1089 = LINE('',#1090,#1091);
#1090 = CARTESIAN_POINT('',(-0.8,-0.37,0.));
#1091 = VECTOR('',#1092,1.);
#1092 = DIRECTION('',(1.,0.,0.));
#1093 = ORIENTED_EDGE('',*,*,#1094,.F.);
#1094 = EDGE_CURVE('',#1055,#1087,#1095,.T.);
#1095 = CIRCLE('',#1096,3.E-02);
#1096 = AXIS2_PLACEMENT_3D('',#1097,#1098,#1099);
#1097 = CARTESIAN_POINT('',(-0.5,-0.37,3.E-02));
#1098 = DIRECTION('',(1.,0.,-0.));
#1099 = DIRECTION('',(0.,0.,1.));
#1100 = ORIENTED_EDGE('',*,*,#1064,.F.);
#1101 = CYLINDRICAL_SURFACE('',#1102,3.E-02);
#1102 = AXIS2_PLACEMENT_3D('',#1103,#1104,#1105);
#1103 = CARTESIAN_POINT('',(-0.8,-0.37,3.E-02));
#1104 = DIRECTION('',(1.,0.,0.));
#1105 = DIRECTION('',(0.,-1.,0.));
#1106 = ADVANCED_FACE('',(#1107),#1126,.T.);
#1107 = FACE_BOUND('',#1108,.T.);
#1108 = EDGE_LOOP('',(#1109,#1110,#1119,#1125));
#1109 = ORIENTED_EDGE('',*,*,#1071,.T.);
#1110 = ORIENTED_EDGE('',*,*,#1111,.T.);
#1111 = EDGE_CURVE('',#1057,#1112,#1114,.T.);
#1112 = VERTEX_POINT('',#1113);
#1113 = CARTESIAN_POINT('',(-0.5,-0.37,0.8));
#1114 = CIRCLE('',#1115,3.E-02);
#1115 = AXIS2_PLACEMENT_3D('',#1116,#1117,#1118);
#1116 = CARTESIAN_POINT('',(-0.5,-0.37,0.77));
#1117 = DIRECTION('',(-1.,0.,0.));
#1118 = DIRECTION('',(0.,0.,1.));
#1119 = ORIENTED_EDGE('',*,*,#1120,.F.);
#1120 = EDGE_CURVE('',#1032,#1112,#1121,.T.);
#1121 = LINE('',#1122,#1123);
#1122 = CARTESIAN_POINT('',(-0.8,-0.37,0.8));
#1123 = VECTOR('',#1124,1.);
#1124 = DIRECTION('',(1.,0.,0.));
#1125 = ORIENTED_EDGE('',*,*,#1039,.F.);
#1126 = CYLINDRICAL_SURFACE('',#1127,3.E-02);
#1127 = AXIS2_PLACEMENT_3D('',#1128,#1129,#1130);
#1128 = CARTESIAN_POINT('',(-0.8,-0.37,0.77));
#1129 = DIRECTION('',(1.,0.,0.));
#1130 = DIRECTION('',(0.,-1.,0.));
#1131 = ADVANCED_FACE('',(#1132),#1150,.F.);
#1132 = FACE_BOUND('',#1133,.F.);
#1133 = EDGE_LOOP('',(#1134,#1135,#1136,#1144));
#1134 = ORIENTED_EDGE('',*,*,#997,.F.);
#1135 = ORIENTED_EDGE('',*,*,#1086,.T.);
#1136 = ORIENTED_EDGE('',*,*,#1137,.T.);
#1137 = EDGE_CURVE('',#1087,#1138,#1140,.T.);
#1138 = VERTEX_POINT('',#1139);
#1139 = CARTESIAN_POINT('',(-0.5,0.37,0.));
#1140 = LINE('',#1141,#1142);
#1141 = CARTESIAN_POINT('',(-0.5,-0.4,0.));
#1142 = VECTOR('',#1143,1.);
#1143 = DIRECTION('',(0.,1.,0.));
#1144 = ORIENTED_EDGE('',*,*,#1145,.F.);
#1145 = EDGE_CURVE('',#998,#1138,#1146,.T.);
#1146 = LINE('',#1147,#1148);
#1147 = CARTESIAN_POINT('',(-0.8,0.37,0.));
#1148 = VECTOR('',#1149,1.);
#1149 = DIRECTION('',(1.,0.,0.));
#1150 = PLANE('',#1151);
#1151 = AXIS2_PLACEMENT_3D('',#1152,#1153,#1154);
#1152 = CARTESIAN_POINT('',(-0.8,-0.4,0.));
#1153 = DIRECTION('',(0.,0.,1.));
#1154 = DIRECTION('',(1.,0.,-0.));
#1155 = ADVANCED_FACE('',(#1156),#1174,.T.);
#1156 = FACE_BOUND('',#1157,.T.);
#1157 = EDGE_LOOP('',(#1158,#1159,#1160,#1168));
#1158 = ORIENTED_EDGE('',*,*,#1031,.F.);
#1159 = ORIENTED_EDGE('',*,*,#1120,.T.);
#1160 = ORIENTED_EDGE('',*,*,#1161,.T.);
#1161 = EDGE_CURVE('',#1112,#1162,#1164,.T.);
#1162 = VERTEX_POINT('',#1163);
#1163 = CARTESIAN_POINT('',(-0.5,0.37,0.8));
#1164 = LINE('',#1165,#1166);
#1165 = CARTESIAN_POINT('',(-0.5,-0.4,0.8));
#1166 = VECTOR('',#1167,1.);
#1167 = DIRECTION('',(0.,1.,0.));
#1168 = ORIENTED_EDGE('',*,*,#1169,.F.);
#1169 = EDGE_CURVE('',#1023,#1162,#1170,.T.);
#1170 = LINE('',#1171,#1172);
#1171 = CARTESIAN_POINT('',(-0.8,0.37,0.8));
#1172 = VECTOR('',#1173,1.);
#1173 = DIRECTION('',(1.,0.,0.));
#1174 = PLANE('',#1175);
#1175 = AXIS2_PLACEMENT_3D('',#1176,#1177,#1178);
#1176 = CARTESIAN_POINT('',(-0.8,-0.4,0.8));
#1177 = DIRECTION('',(0.,0.,1.));
#1178 = DIRECTION('',(1.,0.,-0.));
#1179 = ADVANCED_FACE('',(#1180),#1199,.T.);
#1180 = FACE_BOUND('',#1181,.T.);
#1181 = EDGE_LOOP('',(#1182,#1190,#1197,#1198));
#1182 = ORIENTED_EDGE('',*,*,#1183,.T.);
#1183 = EDGE_CURVE('',#1006,#1184,#1186,.T.);
#1184 = VERTEX_POINT('',#1185);
#1185 = CARTESIAN_POINT('',(-0.5,0.4,3.E-02));
#1186 = LINE('',#1187,#1188);
#1187 = CARTESIAN_POINT('',(-0.8,0.4,3.E-02));
#1188 = VECTOR('',#1189,1.);
#1189 = DIRECTION('',(1.,0.,0.));
#1190 = ORIENTED_EDGE('',*,*,#1191,.T.);
#1191 = EDGE_CURVE('',#1184,#1138,#1192,.T.);
#1192 = CIRCLE('',#1193,3.E-02);
#1193 = AXIS2_PLACEMENT_3D('',#1194,#1195,#1196);
#1194 = CARTESIAN_POINT('',(-0.5,0.37,3.E-02));
#1195 = DIRECTION('',(-1.,0.,0.));
#1196 = DIRECTION('',(0.,0.,1.));
#1197 = ORIENTED_EDGE('',*,*,#1145,.F.);
#1198 = ORIENTED_EDGE('',*,*,#1005,.F.);
#1199 = CYLINDRICAL_SURFACE('',#1200,3.E-02);
#1200 = AXIS2_PLACEMENT_3D('',#1201,#1202,#1203);
#1201 = CARTESIAN_POINT('',(-0.8,0.37,3.E-02));
#1202 = DIRECTION('',(1.,0.,0.));
#1203 = DIRECTION('',(-0.,1.,0.));
#1204 = ADVANCED_FACE('',(#1205),#1224,.T.);
#1205 = FACE_BOUND('',#1206,.T.);
#1206 = EDGE_LOOP('',(#1207,#1208,#1209,#1218));
#1207 = ORIENTED_EDGE('',*,*,#1022,.T.);
#1208 = ORIENTED_EDGE('',*,*,#1169,.T.);
#1209 = ORIENTED_EDGE('',*,*,#1210,.F.);
#1210 = EDGE_CURVE('',#1211,#1162,#1213,.T.);
#1211 = VERTEX_POINT('',#1212);
#1212 = CARTESIAN_POINT('',(-0.5,0.4,0.77));
#1213 = CIRCLE('',#1214,3.E-02);
#1214 = AXIS2_PLACEMENT_3D('',#1215,#1216,#1217);
#1215 = CARTESIAN_POINT('',(-0.5,0.37,0.77));
#1216 = DIRECTION('',(1.,0.,-0.));
#1217 = DIRECTION('',(0.,0.,1.));
#1218 = ORIENTED_EDGE('',*,*,#1219,.F.);
#1219 = EDGE_CURVE('',#1015,#1211,#1220,.T.);
#1220 = LINE('',#1221,#1222);
#1221 = CARTESIAN_POINT('',(-0.8,0.4,0.77));
#1222 = VECTOR('',#1223,1.);
#1223 = DIRECTION('',(1.,0.,0.));
#1224 = CYLINDRICAL_SURFACE('',#1225,3.E-02);
#1225 = AXIS2_PLACEMENT_3D('',#1226,#1227,#1228);
#1226 = CARTESIAN_POINT('',(-0.8,0.37,0.77));
#1227 = DIRECTION('',(1.,0.,0.));
#1228 = DIRECTION('',(-0.,1.,0.));
#1229 = ADVANCED_FACE('',(#1230),#1241,.T.);
#1230 = FACE_BOUND('',#1231,.T.);
#1231 = EDGE_LOOP('',(#1232,#1238,#1239,#1240));
#1232 = ORIENTED_EDGE('',*,*,#1233,.F.);
#1233 = EDGE_CURVE('',#1184,#1211,#1234,.T.);
#1234 = LINE('',#1235,#1236);
#1235 = CARTESIAN_POINT('',(-0.5,0.4,0.));
#1236 = VECTOR('',#1237,1.);
#1237 = DIRECTION('',(0.,0.,1.));
#1238 = ORIENTED_EDGE('',*,*,#1183,.F.);
#1239 = ORIENTED_EDGE('',*,*,#1014,.T.);
#1240 = ORIENTED_EDGE('',*,*,#1219,.T.);
#1241 = PLANE('',#1242);
#1242 = AXIS2_PLACEMENT_3D('',#1243,#1244,#1245);
#1243 = CARTESIAN_POINT('',(-0.8,0.4,0.));
#1244 = DIRECTION('',(0.,1.,0.));
#1245 = DIRECTION('',(0.,-0.,1.));
#1246 = ADVANCED_FACE('',(#1247,#1257),#1327,.T.);
#1247 = FACE_BOUND('',#1248,.T.);
#1248 = EDGE_LOOP('',(#1249,#1250,#1251,#1252,#1253,#1254,#1255,#1256));
#1249 = ORIENTED_EDGE('',*,*,#1054,.F.);
#1250 = ORIENTED_EDGE('',*,*,#1094,.T.);
#1251 = ORIENTED_EDGE('',*,*,#1137,.T.);
#1252 = ORIENTED_EDGE('',*,*,#1191,.F.);
#1253 = ORIENTED_EDGE('',*,*,#1233,.T.);
#1254 = ORIENTED_EDGE('',*,*,#1210,.T.);
#1255 = ORIENTED_EDGE('',*,*,#1161,.F.);
#1256 = ORIENTED_EDGE('',*,*,#1111,.F.);
#1257 = FACE_BOUND('',#1258,.T.);
#1258 = EDGE_LOOP('',(#1259,#1270,#1278,#1287,#1295,#1304,#1312,#1321));
#1259 = ORIENTED_EDGE('',*,*,#1260,.F.);
#1260 = EDGE_CURVE('',#1261,#1263,#1265,.T.);
#1261 = VERTEX_POINT('',#1262);
#1262 = CARTESIAN_POINT('',(-0.5,-0.37,6.E-02));
#1263 = VERTEX_POINT('',#1264);
#1264 = CARTESIAN_POINT('',(-0.5,-0.34,3.E-02));
#1265 = CIRCLE('',#1266,3.E-02);
#1266 = AXIS2_PLACEMENT_3D('',#1267,#1268,#1269);
#1267 = CARTESIAN_POINT('',(-0.5,-0.34,6.E-02));
#1268 = DIRECTION('',(1.,0.,-0.));
#1269 = DIRECTION('',(0.,0.,1.));
#1270 = ORIENTED_EDGE('',*,*,#1271,.T.);
#1271 = EDGE_CURVE('',#1261,#1272,#1274,.T.);
#1272 = VERTEX_POINT('',#1273);
#1273 = CARTESIAN_POINT('',(-0.5,-0.37,0.74));
#1274 = LINE('',#1275,#1276);
#1275 = CARTESIAN_POINT('',(-0.5,-0.37,3.E-02));
#1276 = VECTOR('',#1277,1.);
#1277 = DIRECTION('',(0.,0.,1.));
#1278 = ORIENTED_EDGE('',*,*,#1279,.T.);
#1279 = EDGE_CURVE('',#1272,#1280,#1282,.T.);
#1280 = VERTEX_POINT('',#1281);
#1281 = CARTESIAN_POINT('',(-0.5,-0.34,0.77));
#1282 = CIRCLE('',#1283,3.E-02);
#1283 = AXIS2_PLACEMENT_3D('',#1284,#1285,#1286);
#1284 = CARTESIAN_POINT('',(-0.5,-0.34,0.74));
#1285 = DIRECTION('',(-1.,0.,0.));
#1286 = DIRECTION('',(0.,0.,1.));
#1287 = ORIENTED_EDGE('',*,*,#1288,.T.);
#1288 = EDGE_CURVE('',#1280,#1289,#1291,.T.);
#1289 = VERTEX_POINT('',#1290);
#1290 = CARTESIAN_POINT('',(-0.5,0.34,0.77));
#1291 = LINE('',#1292,#1293);
#1292 = CARTESIAN_POINT('',(-0.5,-0.37,0.77));
#1293 = VECTOR('',#1294,1.);
#1294 = DIRECTION('',(0.,1.,0.));
#1295 = ORIENTED_EDGE('',*,*,#1296,.F.);
#1296 = EDGE_CURVE('',#1297,#1289,#1299,.T.);
#1297 = VERTEX_POINT('',#1298);
#1298 = CARTESIAN_POINT('',(-0.5,0.37,0.74));
#1299 = CIRCLE('',#1300,3.E-02);
#1300 = AXIS2_PLACEMENT_3D('',#1301,#1302,#1303);
#1301 = CARTESIAN_POINT('',(-0.5,0.34,0.74));
#1302 = DIRECTION('',(1.,0.,-0.));
#1303 = DIRECTION('',(0.,0.,1.));
#1304 = ORIENTED_EDGE('',*,*,#1305,.F.);
#1305 = EDGE_CURVE('',#1306,#1297,#1308,.T.);
#1306 = VERTEX_POINT('',#1307);
#1307 = CARTESIAN_POINT('',(-0.5,0.37,6.E-02));
#1308 = LINE('',#1309,#1310);
#1309 = CARTESIAN_POINT('',(-0.5,0.37,3.E-02));
#1310 = VECTOR('',#1311,1.);
#1311 = DIRECTION('',(0.,0.,1.));
#1312 = ORIENTED_EDGE('',*,*,#1313,.T.);
#1313 = EDGE_CURVE('',#1306,#1314,#1316,.T.);
#1314 = VERTEX_POINT('',#1315);
#1315 = CARTESIAN_POINT('',(-0.5,0.34,3.E-02));
#1316 = CIRCLE('',#1317,3.E-02);
#1317 = AXIS2_PLACEMENT_3D('',#1318,#1319,#1320);
#1318 = CARTESIAN_POINT('',(-0.5,0.34,6.E-02));
#1319 = DIRECTION('',(-1.,0.,0.));
#1320 = DIRECTION('',(0.,0.,1.));
#1321 = ORIENTED_EDGE('',*,*,#1322,.F.);
#1322 = EDGE_CURVE('',#1263,#1314,#1323,.T.);
#1323 = LINE('',#1324,#1325);
#1324 = CARTESIAN_POINT('',(-0.5,-0.37,3.E-02));
#1325 = VECTOR('',#1326,1.);
#1326 = DIRECTION('',(0.,1.,0.));
#1327 = PLANE('',#1328);
#1328 = AXIS2_PLACEMENT_3D('',#1329,#1330,#1331);
#1329 = CARTESIAN_POINT('',(-0.5,-0.4,0.));
#1330 = DIRECTION('',(1.,0.,0.));
#1331 = DIRECTION('',(0.,0.,1.));
#1332 = ADVANCED_FACE('',(#1333),#1359,.T.);
#1333 = FACE_BOUND('',#1334,.T.);
#1334 = EDGE_LOOP('',(#1335,#1336,#1344,#1353));
#1335 = ORIENTED_EDGE('',*,*,#1260,.T.);
#1336 = ORIENTED_EDGE('',*,*,#1337,.T.);
#1337 = EDGE_CURVE('',#1263,#1338,#1340,.T.);
#1338 = VERTEX_POINT('',#1339);
#1339 = CARTESIAN_POINT('',(0.5,-0.34,3.E-02));
#1340 = LINE('',#1341,#1342);
#1341 = CARTESIAN_POINT('',(-0.5,-0.34,3.E-02));
#1342 = VECTOR('',#1343,1.);
#1343 = DIRECTION('',(1.,0.,0.));
#1344 = ORIENTED_EDGE('',*,*,#1345,.F.);
#1345 = EDGE_CURVE('',#1346,#1338,#1348,.T.);
#1346 = VERTEX_POINT('',#1347);
#1347 = CARTESIAN_POINT('',(0.5,-0.37,6.E-02));
#1348 = CIRCLE('',#1349,3.E-02);
#1349 = AXIS2_PLACEMENT_3D('',#1350,#1351,#1352);
#1350 = CARTESIAN_POINT('',(0.5,-0.34,6.E-02));
#1351 = DIRECTION('',(1.,0.,-0.));
#1352 = DIRECTION('',(0.,0.,1.));
#1353 = ORIENTED_EDGE('',*,*,#1354,.F.);
#1354 = EDGE_CURVE('',#1261,#1346,#1355,.T.);
#1355 = LINE('',#1356,#1357);
#1356 = CARTESIAN_POINT('',(-0.5,-0.37,6.E-02));
#1357 = VECTOR('',#1358,1.);
#1358 = DIRECTION('',(1.,0.,0.));
#1359 = CYLINDRICAL_SURFACE('',#1360,3.E-02);
#1360 = AXIS2_PLACEMENT_3D('',#1361,#1362,#1363);
#1361 = CARTESIAN_POINT('',(-0.5,-0.34,6.E-02));
#1362 = DIRECTION('',(1.,0.,0.));
#1363 = DIRECTION('',(0.,-1.,0.));
#1364 = ADVANCED_FACE('',(#1365),#1383,.F.);
#1365 = FACE_BOUND('',#1366,.F.);
#1366 = EDGE_LOOP('',(#1367,#1368,#1369,#1377));
#1367 = ORIENTED_EDGE('',*,*,#1322,.F.);
#1368 = ORIENTED_EDGE('',*,*,#1337,.T.);
#1369 = ORIENTED_EDGE('',*,*,#1370,.T.);
#1370 = EDGE_CURVE('',#1338,#1371,#1373,.T.);
#1371 = VERTEX_POINT('',#1372);
#1372 = CARTESIAN_POINT('',(0.5,0.34,3.E-02));
#1373 = LINE('',#1374,#1375);
#1374 = CARTESIAN_POINT('',(0.5,-0.37,3.E-02));
#1375 = VECTOR('',#1376,1.);
#1376 = DIRECTION('',(0.,1.,0.));
#1377 = ORIENTED_EDGE('',*,*,#1378,.F.);
#1378 = EDGE_CURVE('',#1314,#1371,#1379,.T.);
#1379 = LINE('',#1380,#1381);
#1380 = CARTESIAN_POINT('',(-0.5,0.34,3.E-02));
#1381 = VECTOR('',#1382,1.);
#1382 = DIRECTION('',(1.,0.,0.));
#1383 = PLANE('',#1384);
#1384 = AXIS2_PLACEMENT_3D('',#1385,#1386,#1387);
#1385 = CARTESIAN_POINT('',(-0.5,-0.37,3.E-02));
#1386 = DIRECTION('',(0.,0.,1.));
#1387 = DIRECTION('',(1.,0.,-0.));
#1388 = ADVANCED_FACE('',(#1389),#1408,.T.);
#1389 = FACE_BOUND('',#1390,.T.);
#1390 = EDGE_LOOP('',(#1391,#1399,#1406,#1407));
#1391 = ORIENTED_EDGE('',*,*,#1392,.T.);
#1392 = EDGE_CURVE('',#1306,#1393,#1395,.T.);
#1393 = VERTEX_POINT('',#1394);
#1394 = CARTESIAN_POINT('',(0.5,0.37,6.E-02));
#1395 = LINE('',#1396,#1397);
#1396 = CARTESIAN_POINT('',(-0.5,0.37,6.E-02));
#1397 = VECTOR('',#1398,1.);
#1398 = DIRECTION('',(1.,0.,0.));
#1399 = ORIENTED_EDGE('',*,*,#1400,.T.);
#1400 = EDGE_CURVE('',#1393,#1371,#1401,.T.);
#1401 = CIRCLE('',#1402,3.E-02);
#1402 = AXIS2_PLACEMENT_3D('',#1403,#1404,#1405);
#1403 = CARTESIAN_POINT('',(0.5,0.34,6.E-02));
#1404 = DIRECTION('',(-1.,0.,0.));
#1405 = DIRECTION('',(0.,0.,1.));
#1406 = ORIENTED_EDGE('',*,*,#1378,.F.);
#1407 = ORIENTED_EDGE('',*,*,#1313,.F.);
#1408 = CYLINDRICAL_SURFACE('',#1409,3.E-02);
#1409 = AXIS2_PLACEMENT_3D('',#1410,#1411,#1412);
#1410 = CARTESIAN_POINT('',(-0.5,0.34,6.E-02));
#1411 = DIRECTION('',(1.,0.,0.));
#1412 = DIRECTION('',(-0.,1.,0.));
#1413 = ADVANCED_FACE('',(#1414),#1432,.T.);
#1414 = FACE_BOUND('',#1415,.T.);
#1415 = EDGE_LOOP('',(#1416,#1424,#1425,#1426));
#1416 = ORIENTED_EDGE('',*,*,#1417,.F.);
#1417 = EDGE_CURVE('',#1393,#1418,#1420,.T.);
#1418 = VERTEX_POINT('',#1419);
#1419 = CARTESIAN_POINT('',(0.5,0.37,0.74));
#1420 = LINE('',#1421,#1422);
#1421 = CARTESIAN_POINT('',(0.5,0.37,3.E-02));
#1422 = VECTOR('',#1423,1.);
#1423 = DIRECTION('',(0.,0.,1.));
#1424 = ORIENTED_EDGE('',*,*,#1392,.F.);
#1425 = ORIENTED_EDGE('',*,*,#1305,.T.);
#1426 = ORIENTED_EDGE('',*,*,#1427,.T.);
#1427 = EDGE_CURVE('',#1297,#1418,#1428,.T.);
#1428 = LINE('',#1429,#1430);
#1429 = CARTESIAN_POINT('',(-0.5,0.37,0.74));
#1430 = VECTOR('',#1431,1.);
#1431 = DIRECTION('',(1.,0.,0.));
#1432 = PLANE('',#1433);
#1433 = AXIS2_PLACEMENT_3D('',#1434,#1435,#1436);
#1434 = CARTESIAN_POINT('',(-0.5,0.37,3.E-02));
#1435 = DIRECTION('',(0.,1.,0.));
#1436 = DIRECTION('',(0.,-0.,1.));
#1437 = ADVANCED_FACE('',(#1438),#1457,.T.);
#1438 = FACE_BOUND('',#1439,.T.);
#1439 = EDGE_LOOP('',(#1440,#1441,#1449,#1456));
#1440 = ORIENTED_EDGE('',*,*,#1296,.T.);
#1441 = ORIENTED_EDGE('',*,*,#1442,.T.);
#1442 = EDGE_CURVE('',#1289,#1443,#1445,.T.);
#1443 = VERTEX_POINT('',#1444);
#1444 = CARTESIAN_POINT('',(0.5,0.34,0.77));
#1445 = LINE('',#1446,#1447);
#1446 = CARTESIAN_POINT('',(-0.5,0.34,0.77));
#1447 = VECTOR('',#1448,1.);
#1448 = DIRECTION('',(1.,0.,0.));
#1449 = ORIENTED_EDGE('',*,*,#1450,.F.);
#1450 = EDGE_CURVE('',#1418,#1443,#1451,.T.);
#1451 = CIRCLE('',#1452,3.E-02);
#1452 = AXIS2_PLACEMENT_3D('',#1453,#1454,#1455);
#1453 = CARTESIAN_POINT('',(0.5,0.34,0.74));
#1454 = DIRECTION('',(1.,0.,-0.));
#1455 = DIRECTION('',(0.,0.,1.));
#1456 = ORIENTED_EDGE('',*,*,#1427,.F.);
#1457 = CYLINDRICAL_SURFACE('',#1458,3.E-02);
#1458 = AXIS2_PLACEMENT_3D('',#1459,#1460,#1461);
#1459 = CARTESIAN_POINT('',(-0.5,0.34,0.74));
#1460 = DIRECTION('',(1.,0.,0.));
#1461 = DIRECTION('',(-0.,1.,0.));
#1462 = ADVANCED_FACE('',(#1463),#1481,.T.);
#1463 = FACE_BOUND('',#1464,.T.);
#1464 = EDGE_LOOP('',(#1465,#1466,#1474,#1480));
#1465 = ORIENTED_EDGE('',*,*,#1288,.F.);
#1466 = ORIENTED_EDGE('',*,*,#1467,.T.);
#1467 = EDGE_CURVE('',#1280,#1468,#1470,.T.);
#1468 = VERTEX_POINT('',#1469);
#1469 = CARTESIAN_POINT('',(0.5,-0.34,0.77));
#1470 = LINE('',#1471,#1472);
#1471 = CARTESIAN_POINT('',(-0.5,-0.34,0.77));
#1472 = VECTOR('',#1473,1.);
#1473 = DIRECTION('',(1.,0.,0.));
#1474 = ORIENTED_EDGE('',*,*,#1475,.T.);
#1475 = EDGE_CURVE('',#1468,#1443,#1476,.T.);
#1476 = LINE('',#1477,#1478);
#1477 = CARTESIAN_POINT('',(0.5,-0.37,0.77));
#1478 = VECTOR('',#1479,1.);
#1479 = DIRECTION('',(0.,1.,0.));
#1480 = ORIENTED_EDGE('',*,*,#1442,.F.);
#1481 = PLANE('',#1482);
#1482 = AXIS2_PLACEMENT_3D('',#1483,#1484,#1485);
#1483 = CARTESIAN_POINT('',(-0.5,-0.37,0.77));
#1484 = DIRECTION('',(0.,0.,1.));
#1485 = DIRECTION('',(1.,0.,-0.));
#1486 = ADVANCED_FACE('',(#1487),#1506,.T.);
#1487 = FACE_BOUND('',#1488,.T.);
#1488 = EDGE_LOOP('',(#1489,#1497,#1504,#1505));
#1489 = ORIENTED_EDGE('',*,*,#1490,.T.);
#1490 = EDGE_CURVE('',#1272,#1491,#1493,.T.);
#1491 = VERTEX_POINT('',#1492);
#1492 = CARTESIAN_POINT('',(0.5,-0.37,0.74));
#1493 = LINE('',#1494,#1495);
#1494 = CARTESIAN_POINT('',(-0.5,-0.37,0.74));
#1495 = VECTOR('',#1496,1.);
#1496 = DIRECTION('',(1.,0.,0.));
#1497 = ORIENTED_EDGE('',*,*,#1498,.T.);
#1498 = EDGE_CURVE('',#1491,#1468,#1499,.T.);
#1499 = CIRCLE('',#1500,3.E-02);
#1500 = AXIS2_PLACEMENT_3D('',#1501,#1502,#1503);
#1501 = CARTESIAN_POINT('',(0.5,-0.34,0.74));
#1502 = DIRECTION('',(-1.,0.,0.));
#1503 = DIRECTION('',(0.,0.,1.));
#1504 = ORIENTED_EDGE('',*,*,#1467,.F.);
#1505 = ORIENTED_EDGE('',*,*,#1279,.F.);
#1506 = CYLINDRICAL_SURFACE('',#1507,3.E-02);
#1507 = AXIS2_PLACEMENT_3D('',#1508,#1509,#1510);
#1508 = CARTESIAN_POINT('',(-0.5,-0.34,0.74));
#1509 = DIRECTION('',(1.,0.,0.));
#1510 = DIRECTION('',(0.,-1.,0.));
#1511 = ADVANCED_FACE('',(#1512),#1523,.F.);
#1512 = FACE_BOUND('',#1513,.F.);
#1513 = EDGE_LOOP('',(#1514,#1520,#1521,#1522));
#1514 = ORIENTED_EDGE('',*,*,#1515,.F.);
#1515 = EDGE_CURVE('',#1346,#1491,#1516,.T.);
#1516 = LINE('',#1517,#1518);
#1517 = CARTESIAN_POINT('',(0.5,-0.37,3.E-02));
#1518 = VECTOR('',#1519,1.);
#1519 = DIRECTION('',(0.,0.,1.));
#1520 = ORIENTED_EDGE('',*,*,#1354,.F.);
#1521 = ORIENTED_EDGE('',*,*,#1271,.T.);
#1522 = ORIENTED_EDGE('',*,*,#1490,.T.);
#1523 = PLANE('',#1524);
#1524 = AXIS2_PLACEMENT_3D('',#1525,#1526,#1527);
#1525 = CARTESIAN_POINT('',(-0.5,-0.37,3.E-02));
#1526 = DIRECTION('',(0.,1.,0.));
#1527 = DIRECTION('',(0.,-0.,1.));
#1528 = ADVANCED_FACE('',(#1529,#1599),#1609,.F.);
#1529 = FACE_BOUND('',#1530,.F.);
#1530 = EDGE_LOOP('',(#1531,#1541,#1550,#1558,#1567,#1575,#1584,#1592));
#1531 = ORIENTED_EDGE('',*,*,#1532,.F.);
#1532 = EDGE_CURVE('',#1533,#1535,#1537,.T.);
#1533 = VERTEX_POINT('',#1534);
#1534 = CARTESIAN_POINT('',(0.5,-0.4,3.E-02));
#1535 = VERTEX_POINT('',#1536);
#1536 = CARTESIAN_POINT('',(0.5,-0.4,0.77));
#1537 = LINE('',#1538,#1539);
#1538 = CARTESIAN_POINT('',(0.5,-0.4,0.));
#1539 = VECTOR('',#1540,1.);
#1540 = DIRECTION('',(0.,0.,1.));
#1541 = ORIENTED_EDGE('',*,*,#1542,.T.);
#1542 = EDGE_CURVE('',#1533,#1543,#1545,.T.);
#1543 = VERTEX_POINT('',#1544);
#1544 = CARTESIAN_POINT('',(0.5,-0.37,0.));
#1545 = CIRCLE('',#1546,3.E-02);
#1546 = AXIS2_PLACEMENT_3D('',#1547,#1548,#1549);
#1547 = CARTESIAN_POINT('',(0.5,-0.37,3.E-02));
#1548 = DIRECTION('',(1.,0.,-0.));
#1549 = DIRECTION('',(0.,0.,1.));
#1550 = ORIENTED_EDGE('',*,*,#1551,.T.);
#1551 = EDGE_CURVE('',#1543,#1552,#1554,.T.);
#1552 = VERTEX_POINT('',#1553);
#1553 = CARTESIAN_POINT('',(0.5,0.37,0.));
#1554 = LINE('',#1555,#1556);
#1555 = CARTESIAN_POINT('',(0.5,-0.4,0.));
#1556 = VECTOR('',#1557,1.);
#1557 = DIRECTION('',(0.,1.,0.));
#1558 = ORIENTED_EDGE('',*,*,#1559,.F.);
#1559 = EDGE_CURVE('',#1560,#1552,#1562,.T.);
#1560 = VERTEX_POINT('',#1561);
#1561 = CARTESIAN_POINT('',(0.5,0.4,3.E-02));
#1562 = CIRCLE('',#1563,3.E-02);
#1563 = AXIS2_PLACEMENT_3D('',#1564,#1565,#1566);
#1564 = CARTESIAN_POINT('',(0.5,0.37,3.E-02));
#1565 = DIRECTION('',(-1.,0.,0.));
#1566 = DIRECTION('',(0.,0.,1.));
#1567 = ORIENTED_EDGE('',*,*,#1568,.T.);
#1568 = EDGE_CURVE('',#1560,#1569,#1571,.T.);
#1569 = VERTEX_POINT('',#1570);
#1570 = CARTESIAN_POINT('',(0.5,0.4,0.77));
#1571 = LINE('',#1572,#1573);
#1572 = CARTESIAN_POINT('',(0.5,0.4,0.));
#1573 = VECTOR('',#1574,1.);
#1574 = DIRECTION('',(0.,0.,1.));
#1575 = ORIENTED_EDGE('',*,*,#1576,.T.);
#1576 = EDGE_CURVE('',#1569,#1577,#1579,.T.);
#1577 = VERTEX_POINT('',#1578);
#1578 = CARTESIAN_POINT('',(0.5,0.37,0.8));
#1579 = CIRCLE('',#1580,3.E-02);
#1580 = AXIS2_PLACEMENT_3D('',#1581,#1582,#1583);
#1581 = CARTESIAN_POINT('',(0.5,0.37,0.77));
#1582 = DIRECTION('',(1.,0.,-0.));
#1583 = DIRECTION('',(0.,0.,1.));
#1584 = ORIENTED_EDGE('',*,*,#1585,.F.);
#1585 = EDGE_CURVE('',#1586,#1577,#1588,.T.);
#1586 = VERTEX_POINT('',#1587);
#1587 = CARTESIAN_POINT('',(0.5,-0.37,0.8));
#1588 = LINE('',#1589,#1590);
#1589 = CARTESIAN_POINT('',(0.5,-0.4,0.8));
#1590 = VECTOR('',#1591,1.);
#1591 = DIRECTION('',(0.,1.,0.));
#1592 = ORIENTED_EDGE('',*,*,#1593,.F.);
#1593 = EDGE_CURVE('',#1535,#1586,#1594,.T.);
#1594 = CIRCLE('',#1595,3.E-02);
#1595 = AXIS2_PLACEMENT_3D('',#1596,#1597,#1598);
#1596 = CARTESIAN_POINT('',(0.5,-0.37,0.77));
#1597 = DIRECTION('',(-1.,0.,0.));
#1598 = DIRECTION('',(0.,0.,1.));
#1599 = FACE_BOUND('',#1600,.F.);
#1600 = EDGE_LOOP('',(#1601,#1602,#1603,#1604,#1605,#1606,#1607,#1608));
#1601 = ORIENTED_EDGE('',*,*,#1345,.F.);
#1602 = ORIENTED_EDGE('',*,*,#1515,.T.);
#1603 = ORIENTED_EDGE('',*,*,#1498,.T.);
#1604 = ORIENTED_EDGE('',*,*,#1475,.T.);
#1605 = ORIENTED_EDGE('',*,*,#1450,.F.);
#1606 = ORIENTED_EDGE('',*,*,#1417,.F.);
#1607 = ORIENTED_EDGE('',*,*,#1400,.T.);
#1608 = ORIENTED_EDGE('',*,*,#1370,.F.);
#1609 = PLANE('',#1610);
#1610 = AXIS2_PLACEMENT_3D('',#1611,#1612,#1613);
#1611 = CARTESIAN_POINT('',(0.5,-0.4,0.));
#1612 = DIRECTION('',(1.,0.,0.));
#1613 = DIRECTION('',(0.,0.,1.));
#1614 = ADVANCED_FACE('',(#1615),#1640,.F.);
#1615 = FACE_BOUND('',#1616,.F.);
#1616 = EDGE_LOOP('',(#1617,#1627,#1633,#1634));
#1617 = ORIENTED_EDGE('',*,*,#1618,.F.);
#1618 = EDGE_CURVE('',#1619,#1621,#1623,.T.);
#1619 = VERTEX_POINT('',#1620);
#1620 = CARTESIAN_POINT('',(0.8,-0.4,3.E-02));
#1621 = VERTEX_POINT('',#1622);
#1622 = CARTESIAN_POINT('',(0.8,-0.4,0.77));
#1623 = LINE('',#1624,#1625);
#1624 = CARTESIAN_POINT('',(0.8,-0.4,0.));
#1625 = VECTOR('',#1626,1.);
#1626 = DIRECTION('',(0.,0.,1.));
#1627 = ORIENTED_EDGE('',*,*,#1628,.F.);
#1628 = EDGE_CURVE('',#1533,#1619,#1629,.T.);
#1629 = LINE('',#1630,#1631);
#1630 = CARTESIAN_POINT('',(0.5,-0.4,3.E-02));
#1631 = VECTOR('',#1632,1.);
#1632 = DIRECTION('',(1.,0.,0.));
#1633 = ORIENTED_EDGE('',*,*,#1532,.T.);
#1634 = ORIENTED_EDGE('',*,*,#1635,.T.);
#1635 = EDGE_CURVE('',#1535,#1621,#1636,.T.);
#1636 = LINE('',#1637,#1638);
#1637 = CARTESIAN_POINT('',(0.5,-0.4,0.77));
#1638 = VECTOR('',#1639,1.);
#1639 = DIRECTION('',(1.,0.,0.));
#1640 = PLANE('',#1641);
#1641 = AXIS2_PLACEMENT_3D('',#1642,#1643,#1644);
#1642 = CARTESIAN_POINT('',(0.5,-0.4,0.));
#1643 = DIRECTION('',(0.,1.,0.));
#1644 = DIRECTION('',(0.,-0.,1.));
#1645 = ADVANCED_FACE('',(#1646),#1665,.T.);
#1646 = FACE_BOUND('',#1647,.T.);
#1647 = EDGE_LOOP('',(#1648,#1649,#1657,#1664));
#1648 = ORIENTED_EDGE('',*,*,#1542,.T.);
#1649 = ORIENTED_EDGE('',*,*,#1650,.T.);
#1650 = EDGE_CURVE('',#1543,#1651,#1653,.T.);
#1651 = VERTEX_POINT('',#1652);
#1652 = CARTESIAN_POINT('',(0.8,-0.37,0.));
#1653 = LINE('',#1654,#1655);
#1654 = CARTESIAN_POINT('',(0.5,-0.37,0.));
#1655 = VECTOR('',#1656,1.);
#1656 = DIRECTION('',(1.,0.,0.));
#1657 = ORIENTED_EDGE('',*,*,#1658,.F.);
#1658 = EDGE_CURVE('',#1619,#1651,#1659,.T.);
#1659 = CIRCLE('',#1660,3.E-02);
#1660 = AXIS2_PLACEMENT_3D('',#1661,#1662,#1663);
#1661 = CARTESIAN_POINT('',(0.8,-0.37,3.E-02));
#1662 = DIRECTION('',(1.,0.,-0.));
#1663 = DIRECTION('',(0.,0.,1.));
#1664 = ORIENTED_EDGE('',*,*,#1628,.F.);
#1665 = CYLINDRICAL_SURFACE('',#1666,3.E-02);
#1666 = AXIS2_PLACEMENT_3D('',#1667,#1668,#1669);
#1667 = CARTESIAN_POINT('',(0.5,-0.37,3.E-02));
#1668 = DIRECTION('',(1.,0.,0.));
#1669 = DIRECTION('',(0.,-1.,0.));
#1670 = ADVANCED_FACE('',(#1671),#1690,.T.);
#1671 = FACE_BOUND('',#1672,.T.);
#1672 = EDGE_LOOP('',(#1673,#1674,#1683,#1689));
#1673 = ORIENTED_EDGE('',*,*,#1635,.T.);
#1674 = ORIENTED_EDGE('',*,*,#1675,.T.);
#1675 = EDGE_CURVE('',#1621,#1676,#1678,.T.);
#1676 = VERTEX_POINT('',#1677);
#1677 = CARTESIAN_POINT('',(0.8,-0.37,0.8));
#1678 = CIRCLE('',#1679,3.E-02);
#1679 = AXIS2_PLACEMENT_3D('',#1680,#1681,#1682);
#1680 = CARTESIAN_POINT('',(0.8,-0.37,0.77));
#1681 = DIRECTION('',(-1.,0.,0.));
#1682 = DIRECTION('',(0.,0.,1.));
#1683 = ORIENTED_EDGE('',*,*,#1684,.F.);
#1684 = EDGE_CURVE('',#1586,#1676,#1685,.T.);
#1685 = LINE('',#1686,#1687);
#1686 = CARTESIAN_POINT('',(0.5,-0.37,0.8));
#1687 = VECTOR('',#1688,1.);
#1688 = DIRECTION('',(1.,0.,0.));
#1689 = ORIENTED_EDGE('',*,*,#1593,.F.);
#1690 = CYLINDRICAL_SURFACE('',#1691,3.E-02);
#1691 = AXIS2_PLACEMENT_3D('',#1692,#1693,#1694);
#1692 = CARTESIAN_POINT('',(0.5,-0.37,0.77));
#1693 = DIRECTION('',(1.,0.,0.));
#1694 = DIRECTION('',(0.,-1.,0.));
#1695 = ADVANCED_FACE('',(#1696),#1714,.F.);
#1696 = FACE_BOUND('',#1697,.F.);
#1697 = EDGE_LOOP('',(#1698,#1699,#1700,#1708));
#1698 = ORIENTED_EDGE('',*,*,#1551,.F.);
#1699 = ORIENTED_EDGE('',*,*,#1650,.T.);
#1700 = ORIENTED_EDGE('',*,*,#1701,.T.);
#1701 = EDGE_CURVE('',#1651,#1702,#1704,.T.);
#1702 = VERTEX_POINT('',#1703);
#1703 = CARTESIAN_POINT('',(0.8,0.37,0.));
#1704 = LINE('',#1705,#1706);
#1705 = CARTESIAN_POINT('',(0.8,-0.4,0.));
#1706 = VECTOR('',#1707,1.);
#1707 = DIRECTION('',(0.,1.,0.));
#1708 = ORIENTED_EDGE('',*,*,#1709,.F.);
#1709 = EDGE_CURVE('',#1552,#1702,#1710,.T.);
#1710 = LINE('',#1711,#1712);
#1711 = CARTESIAN_POINT('',(0.5,0.37,0.));
#1712 = VECTOR('',#1713,1.);
#1713 = DIRECTION('',(1.,0.,0.));
#1714 = PLANE('',#1715);
#1715 = AXIS2_PLACEMENT_3D('',#1716,#1717,#1718);
#1716 = CARTESIAN_POINT('',(0.5,-0.4,0.));
#1717 = DIRECTION('',(0.,0.,1.));
#1718 = DIRECTION('',(1.,0.,-0.));
#1719 = ADVANCED_FACE('',(#1720),#1738,.T.);
#1720 = FACE_BOUND('',#1721,.T.);
#1721 = EDGE_LOOP('',(#1722,#1723,#1724,#1732));
#1722 = ORIENTED_EDGE('',*,*,#1585,.F.);
#1723 = ORIENTED_EDGE('',*,*,#1684,.T.);
#1724 = ORIENTED_EDGE('',*,*,#1725,.T.);
#1725 = EDGE_CURVE('',#1676,#1726,#1728,.T.);
#1726 = VERTEX_POINT('',#1727);
#1727 = CARTESIAN_POINT('',(0.8,0.37,0.8));
#1728 = LINE('',#1729,#1730);
#1729 = CARTESIAN_POINT('',(0.8,-0.4,0.8));
#1730 = VECTOR('',#1731,1.);
#1731 = DIRECTION('',(0.,1.,0.));
#1732 = ORIENTED_EDGE('',*,*,#1733,.F.);
#1733 = EDGE_CURVE('',#1577,#1726,#1734,.T.);
#1734 = LINE('',#1735,#1736);
#1735 = CARTESIAN_POINT('',(0.5,0.37,0.8));
#1736 = VECTOR('',#1737,1.);
#1737 = DIRECTION('',(1.,0.,0.));
#1738 = PLANE('',#1739);
#1739 = AXIS2_PLACEMENT_3D('',#1740,#1741,#1742);
#1740 = CARTESIAN_POINT('',(0.5,-0.4,0.8));
#1741 = DIRECTION('',(0.,0.,1.));
#1742 = DIRECTION('',(1.,0.,-0.));
#1743 = ADVANCED_FACE('',(#1744),#1763,.T.);
#1744 = FACE_BOUND('',#1745,.T.);
#1745 = EDGE_LOOP('',(#1746,#1754,#1761,#1762));
#1746 = ORIENTED_EDGE('',*,*,#1747,.T.);
#1747 = EDGE_CURVE('',#1560,#1748,#1750,.T.);
#1748 = VERTEX_POINT('',#1749);
#1749 = CARTESIAN_POINT('',(0.8,0.4,3.E-02));
#1750 = LINE('',#1751,#1752);
#1751 = CARTESIAN_POINT('',(0.5,0.4,3.E-02));
#1752 = VECTOR('',#1753,1.);
#1753 = DIRECTION('',(1.,0.,0.));
#1754 = ORIENTED_EDGE('',*,*,#1755,.T.);
#1755 = EDGE_CURVE('',#1748,#1702,#1756,.T.);
#1756 = CIRCLE('',#1757,3.E-02);
#1757 = AXIS2_PLACEMENT_3D('',#1758,#1759,#1760);
#1758 = CARTESIAN_POINT('',(0.8,0.37,3.E-02));
#1759 = DIRECTION('',(-1.,0.,0.));
#1760 = DIRECTION('',(0.,0.,1.));
#1761 = ORIENTED_EDGE('',*,*,#1709,.F.);
#1762 = ORIENTED_EDGE('',*,*,#1559,.F.);
#1763 = CYLINDRICAL_SURFACE('',#1764,3.E-02);
#1764 = AXIS2_PLACEMENT_3D('',#1765,#1766,#1767);
#1765 = CARTESIAN_POINT('',(0.5,0.37,3.E-02));
#1766 = DIRECTION('',(1.,0.,0.));
#1767 = DIRECTION('',(-0.,1.,0.));
#1768 = ADVANCED_FACE('',(#1769),#1788,.T.);
#1769 = FACE_BOUND('',#1770,.T.);
#1770 = EDGE_LOOP('',(#1771,#1772,#1773,#1782));
#1771 = ORIENTED_EDGE('',*,*,#1576,.T.);
#1772 = ORIENTED_EDGE('',*,*,#1733,.T.);
#1773 = ORIENTED_EDGE('',*,*,#1774,.F.);
#1774 = EDGE_CURVE('',#1775,#1726,#1777,.T.);
#1775 = VERTEX_POINT('',#1776);
#1776 = CARTESIAN_POINT('',(0.8,0.4,0.77));
#1777 = CIRCLE('',#1778,3.E-02);
#1778 = AXIS2_PLACEMENT_3D('',#1779,#1780,#1781);
#1779 = CARTESIAN_POINT('',(0.8,0.37,0.77));
#1780 = DIRECTION('',(1.,0.,-0.));
#1781 = DIRECTION('',(0.,0.,1.));
#1782 = ORIENTED_EDGE('',*,*,#1783,.F.);
#1783 = EDGE_CURVE('',#1569,#1775,#1784,.T.);
#1784 = LINE('',#1785,#1786);
#1785 = CARTESIAN_POINT('',(0.5,0.4,0.77));
#1786 = VECTOR('',#1787,1.);
#1787 = DIRECTION('',(1.,0.,0.));
#1788 = CYLINDRICAL_SURFACE('',#1789,3.E-02);
#1789 = AXIS2_PLACEMENT_3D('',#1790,#1791,#1792);
#1790 = CARTESIAN_POINT('',(0.5,0.37,0.77));
#1791 = DIRECTION('',(1.,0.,0.));
#1792 = DIRECTION('',(-0.,1.,0.));
#1793 = ADVANCED_FACE('',(#1794),#1805,.T.);
#1794 = FACE_BOUND('',#1795,.T.);
#1795 = EDGE_LOOP('',(#1796,#1802,#1803,#1804));
#1796 = ORIENTED_EDGE('',*,*,#1797,.F.);
#1797 = EDGE_CURVE('',#1748,#1775,#1798,.T.);
#1798 = LINE('',#1799,#1800);
#1799 = CARTESIAN_POINT('',(0.8,0.4,0.));
#1800 = VECTOR('',#1801,1.);
#1801 = DIRECTION('',(0.,0.,1.));
#1802 = ORIENTED_EDGE('',*,*,#1747,.F.);
#1803 = ORIENTED_EDGE('',*,*,#1568,.T.);
#1804 = ORIENTED_EDGE('',*,*,#1783,.T.);
#1805 = PLANE('',#1806);
#1806 = AXIS2_PLACEMENT_3D('',#1807,#1808,#1809);
#1807 = CARTESIAN_POINT('',(0.5,0.4,0.));
#1808 = DIRECTION('',(0.,1.,0.));
#1809 = DIRECTION('',(0.,-0.,1.));
#1810 = ADVANCED_FACE('',(#1811),#1821,.T.);
#1811 = FACE_BOUND('',#1812,.T.);
#1812 = EDGE_LOOP('',(#1813,#1814,#1815,#1816,#1817,#1818,#1819,#1820));
#1813 = ORIENTED_EDGE('',*,*,#1618,.F.);
#1814 = ORIENTED_EDGE('',*,*,#1658,.T.);
#1815 = ORIENTED_EDGE('',*,*,#1701,.T.);
#1816 = ORIENTED_EDGE('',*,*,#1755,.F.);
#1817 = ORIENTED_EDGE('',*,*,#1797,.T.);
#1818 = ORIENTED_EDGE('',*,*,#1774,.T.);
#1819 = ORIENTED_EDGE('',*,*,#1725,.F.);
#1820 = ORIENTED_EDGE('',*,*,#1675,.F.);
#1821 = PLANE('',#1822);
#1822 = AXIS2_PLACEMENT_3D('',#1823,#1824,#1825);
#1823 = CARTESIAN_POINT('',(0.8,-0.4,0.));
#1824 = DIRECTION('',(1.,0.,0.));
#1825 = DIRECTION('',(0.,0.,1.));
#1826 = ( GEOMETRIC_REPRESENTATION_CONTEXT(3) 
GLOBAL_UNCERTAINTY_ASSIGNED_CONTEXT((#1830)) 
GLOBAL_UNIT_ASSIGNED_CONTEXT((#1827,#1828,#1829)) REPRESENTATION_CONTEXT
('Context #1','3D Context with UNIT and UNCERTAINTY') );
#1827 = ( LENGTH_UNIT() NAMED_UNIT(*) SI_UNIT(.MILLI.,.METRE.) );
#1828 = ( NAMED_UNIT(*) PLANE_ANGLE_UNIT() SI_UNIT($,.RADIAN.) );
#1829 = ( NAMED_UNIT(*) SI_UNIT($,.STERADIAN.) SOLID_ANGLE_UNIT() );
#1830 = UNCERTAINTY_MEASURE_WITH_UNIT(LENGTH_MEASURE(1.E-07),#1827,
  'distance_accuracy_value','confusion accuracy');
#1831 = CONTEXT_DEPENDENT_SHAPE_REPRESENTATION(#1832,#1834);
#1832 = ( REPRESENTATION_RELATIONSHIP('','',#971,#948) 
REPRESENTATION_RELATIONSHIP_WITH_TRANSFORMATION(#1833) 
SHAPE_REPRESENTATION_RELATIONSHIP() );
#1833 = ITEM_DEFINED_TRANSFORMATION('','',#11,#949);
#1834 = PRODUCT_DEFINITION_SHAPE('Placement','Placement of an item',
  #1835);
#1835 = NEXT_ASSEMBLY_USAGE_OCCURRENCE('3','=>[0:1:1:5]','',#943,#966,$
  );
#1836 = PRODUCT_RELATED_PRODUCT_CATEGORY('part',$,(#968));
#1837 = SHAPE_DEFINITION_REPRESENTATION(#1838,#1844);
#1838 = PRODUCT_DEFINITION_SHAPE('','',#1839);
#1839 = PRODUCT_DEFINITION('design','',#1840,#1843);
#1840 = PRODUCT_DEFINITION_FORMATION('','',#1841);
#1841 = PRODUCT('LGA-12_2x2mm_P0.5mm','LGA-12_2x2mm_P0.5mm','',(#1842));
#1842 = PRODUCT_CONTEXT('',#2,'mechanical');
#1843 = PRODUCT_DEFINITION_CONTEXT('part definition',#2,'design');
#1844 = SHAPE_REPRESENTATION('',(#11,#1845),#1849);
#1845 = AXIS2_PLACEMENT_3D('',#1846,#1847,#1848);
#1846 = CARTESIAN_POINT('',(0.,0.,0.));
#1847 = DIRECTION('',(0.,0.,1.));
#1848 = DIRECTION('',(1.,0.,-0.));
#1849 = ( GEOMETRIC_REPRESENTATION_CONTEXT(3) 
GLOBAL_UNCERTAINTY_ASSIGNED_CONTEXT((#1853)) 
GLOBAL_UNIT_ASSIGNED_CONTEXT((#1850,#1851,#1852)) REPRESENTATION_CONTEXT
('Context #1','3D Context with UNIT and UNCERTAINTY') );
#1850 = ( LENGTH_UNIT() NAMED_UNIT(*) SI_UNIT(.MILLI.,.METRE.) );
#1851 = ( NAMED_UNIT(*) PLANE_ANGLE_UNIT() SI_UNIT($,.RADIAN.) );
#1852 = ( NAMED_UNIT(*) SI_UNIT($,.STERADIAN.) SOLID_ANGLE_UNIT() );
#1853 = UNCERTAINTY_MEASURE_WITH_UNIT(LENGTH_MEASURE(1.E-07),#1850,
  'distance_accuracy_value','confusion accuracy');
#1854 = CONTEXT_DEPENDENT_SHAPE_REPRESENTATION(#1855,#1857);
#1855 = ( REPRESENTATION_RELATIONSHIP('','',#1844,#10) 
REPRESENTATION_RELATIONSHIP_WITH_TRANSFORMATION(#1856) 
SHAPE_REPRESENTATION_RELATIONSHIP() );
#1856 = ITEM_DEFINED_TRANSFORMATION('','',#11,#23);
#1857 = PRODUCT_DEFINITION_SHAPE('Placement','Placement of an item',
  #1858);
#1858 = NEXT_ASSEMBLY_USAGE_OCCURRENCE('6','U1','',#5,#1839,$);
#1859 = PRODUCT_RELATED_PRODUCT_CATEGORY('part',$,(#1841));
#1860 = SHAPE_DEFINITION_REPRESENTATION(#1861,#1867);
#1861 = PRODUCT_DEFINITION_SHAPE('','',#1862);
#1862 = PRODUCT_DEFINITION('design','',#1863,#1866);
#1863 = PRODUCT_DEFINITION_FORMATION('','',#1864);
#1864 = PRODUCT('LGA-12_2x2mm_P0.5mm v1','LGA-12_2x2mm_P0.5mm v1','',(
    #1865));
#1865 = PRODUCT_CONTEXT('',#2,'mechanical');
#1866 = PRODUCT_DEFINITION_CONTEXT('part definition',#2,'design');
#1867 = ADVANCED_BREP_SHAPE_REPRESENTATION('',(#11,#1868),#3767);
#1868 = MANIFOLD_SOLID_BREP('',#1869);
#1869 = CLOSED_SHELL('',(#1870,#1921,#1952,#1976,#1993,#2033,#2064,#2088
    ,#2112,#2129,#2533,#2550,#2562,#2593,#2617,#2641,#2658,#2689,#2713,
    #2737,#2754,#2785,#2809,#2833,#2850,#2881,#2905,#2929,#2946,#2977,
    #3001,#3025,#3042,#3073,#3097,#3121,#3138,#3169,#3193,#3217,#3234,
    #3265,#3289,#3313,#3330,#3361,#3385,#3409,#3426,#3457,#3481,#3505,
    #3522,#3553,#3577,#3601,#3618,#3630,#3642,#3654,#3666,#3678,#3690,
    #3702,#3714,#3726,#3738,#3750));
#1870 = ADVANCED_FACE('',(#1871,#1905),#1916,.T.);
#1871 = FACE_BOUND('',#1872,.T.);
#1872 = EDGE_LOOP('',(#1873,#1883,#1891,#1899));
#1873 = ORIENTED_EDGE('',*,*,#1874,.F.);
#1874 = EDGE_CURVE('',#1875,#1877,#1879,.T.);
#1875 = VERTEX_POINT('',#1876);
#1876 = CARTESIAN_POINT('',(-1.,1.,0.725));
#1877 = VERTEX_POINT('',#1878);
#1878 = CARTESIAN_POINT('',(1.,1.,0.725));
#1879 = LINE('',#1880,#1881);
#1880 = CARTESIAN_POINT('',(-1.,1.,0.725));
#1881 = VECTOR('',#1882,1.);
#1882 = DIRECTION('',(1.,-2.22044604925E-16,0.));
#1883 = ORIENTED_EDGE('',*,*,#1884,.F.);
#1884 = EDGE_CURVE('',#1885,#1875,#1887,.T.);
#1885 = VERTEX_POINT('',#1886);
#1886 = CARTESIAN_POINT('',(-1.,-1.,0.725));
#1887 = LINE('',#1888,#1889);
#1888 = CARTESIAN_POINT('',(-1.,1.,0.725));
#1889 = VECTOR('',#1890,1.);
#1890 = DIRECTION('',(2.22044604925E-16,1.,0.));
#1891 = ORIENTED_EDGE('',*,*,#1892,.F.);
#1892 = EDGE_CURVE('',#1893,#1885,#1895,.T.);
#1893 = VERTEX_POINT('',#1894);
#1894 = CARTESIAN_POINT('',(1.,-1.,0.725));
#1895 = LINE('',#1896,#1897);
#1896 = CARTESIAN_POINT('',(-1.,-1.,0.725));
#1897 = VECTOR('',#1898,1.);
#1898 = DIRECTION('',(-1.,2.22044604925E-16,0.));
#1899 = ORIENTED_EDGE('',*,*,#1900,.F.);
#1900 = EDGE_CURVE('',#1877,#1893,#1901,.T.);
#1901 = LINE('',#1902,#1903);
#1902 = CARTESIAN_POINT('',(1.,1.,0.725));
#1903 = VECTOR('',#1904,1.);
#1904 = DIRECTION('',(-2.22044604925E-16,-1.,0.));
#1905 = FACE_BOUND('',#1906,.T.);
#1906 = EDGE_LOOP('',(#1907));
#1907 = ORIENTED_EDGE('',*,*,#1908,.F.);
#1908 = EDGE_CURVE('',#1909,#1909,#1911,.T.);
#1909 = VERTEX_POINT('',#1910);
#1910 = CARTESIAN_POINT('',(-0.55,0.725,0.725));
#1911 = CIRCLE('',#1912,0.175);
#1912 = AXIS2_PLACEMENT_3D('',#1913,#1914,#1915);
#1913 = CARTESIAN_POINT('',(-0.55,0.55,0.725));
#1914 = DIRECTION('',(0.,0.,1.));
#1915 = DIRECTION('',(-2.22044604925E-16,-1.,0.));
#1916 = PLANE('',#1917);
#1917 = AXIS2_PLACEMENT_3D('',#1918,#1919,#1920);
#1918 = CARTESIAN_POINT('',(-1.,1.,0.725));
#1919 = DIRECTION('',(0.,0.,1.));
#1920 = DIRECTION('',(-2.22044604925E-16,-1.,0.));
#1921 = ADVANCED_FACE('',(#1922),#1947,.F.);
#1922 = FACE_BOUND('',#1923,.T.);
#1923 = EDGE_LOOP('',(#1924,#1925,#1933,#1941));
#1924 = ORIENTED_EDGE('',*,*,#1884,.T.);
#1925 = ORIENTED_EDGE('',*,*,#1926,.F.);
#1926 = EDGE_CURVE('',#1927,#1875,#1929,.T.);
#1927 = VERTEX_POINT('',#1928);
#1928 = CARTESIAN_POINT('',(-1.,1.,2.5E-02));
#1929 = LINE('',#1930,#1931);
#1930 = CARTESIAN_POINT('',(-1.,1.,2.5E-02));
#1931 = VECTOR('',#1932,1.);
#1932 = DIRECTION('',(0.,0.,1.));
#1933 = ORIENTED_EDGE('',*,*,#1934,.T.);
#1934 = EDGE_CURVE('',#1927,#1935,#1937,.T.);
#1935 = VERTEX_POINT('',#1936);
#1936 = CARTESIAN_POINT('',(-1.,-1.,2.5E-02));
#1937 = LINE('',#1938,#1939);
#1938 = CARTESIAN_POINT('',(-1.,1.,2.5E-02));
#1939 = VECTOR('',#1940,1.);
#1940 = DIRECTION('',(-2.22044604925E-16,-1.,0.));
#1941 = ORIENTED_EDGE('',*,*,#1942,.T.);
#1942 = EDGE_CURVE('',#1935,#1885,#1943,.T.);
#1943 = LINE('',#1944,#1945);
#1944 = CARTESIAN_POINT('',(-1.,-1.,2.5E-02));
#1945 = VECTOR('',#1946,1.);
#1946 = DIRECTION('',(0.,0.,1.));
#1947 = PLANE('',#1948);
#1948 = AXIS2_PLACEMENT_3D('',#1949,#1950,#1951);
#1949 = CARTESIAN_POINT('',(-1.,1.,2.5E-02));
#1950 = DIRECTION('',(1.,-2.22044604925E-16,0.));
#1951 = DIRECTION('',(0.,0.,1.));
#1952 = ADVANCED_FACE('',(#1953),#1971,.F.);
#1953 = FACE_BOUND('',#1954,.T.);
#1954 = EDGE_LOOP('',(#1955,#1956,#1964,#1970));
#1955 = ORIENTED_EDGE('',*,*,#1874,.T.);
#1956 = ORIENTED_EDGE('',*,*,#1957,.F.);
#1957 = EDGE_CURVE('',#1958,#1877,#1960,.T.);
#1958 = VERTEX_POINT('',#1959);
#1959 = CARTESIAN_POINT('',(1.,1.,2.5E-02));
#1960 = LINE('',#1961,#1962);
#1961 = CARTESIAN_POINT('',(1.,1.,2.5E-02));
#1962 = VECTOR('',#1963,1.);
#1963 = DIRECTION('',(0.,0.,1.));
#1964 = ORIENTED_EDGE('',*,*,#1965,.F.);
#1965 = EDGE_CURVE('',#1927,#1958,#1966,.T.);
#1966 = LINE('',#1967,#1968);
#1967 = CARTESIAN_POINT('',(-1.,1.,2.5E-02));
#1968 = VECTOR('',#1969,1.);
#1969 = DIRECTION('',(1.,-2.22044604925E-16,0.));
#1970 = ORIENTED_EDGE('',*,*,#1926,.T.);
#1971 = PLANE('',#1972);
#1972 = AXIS2_PLACEMENT_3D('',#1973,#1974,#1975);
#1973 = CARTESIAN_POINT('',(-1.,1.,2.5E-02));
#1974 = DIRECTION('',(-2.22044604925E-16,-1.,0.));
#1975 = DIRECTION('',(0.,0.,1.));
#1976 = ADVANCED_FACE('',(#1977),#1988,.T.);
#1977 = FACE_BOUND('',#1978,.T.);
#1978 = EDGE_LOOP('',(#1979));
#1979 = ORIENTED_EDGE('',*,*,#1980,.F.);
#1980 = EDGE_CURVE('',#1981,#1981,#1983,.T.);
#1981 = VERTEX_POINT('',#1982);
#1982 = CARTESIAN_POINT('',(-0.55,0.725,0.705));
#1983 = CIRCLE('',#1984,0.175);
#1984 = AXIS2_PLACEMENT_3D('',#1985,#1986,#1987);
#1985 = CARTESIAN_POINT('',(-0.55,0.55,0.705));
#1986 = DIRECTION('',(0.,0.,-1.));
#1987 = DIRECTION('',(-2.22044604925E-16,-1.,-0.));
#1988 = PLANE('',#1989);
#1989 = AXIS2_PLACEMENT_3D('',#1990,#1991,#1992);
#1990 = CARTESIAN_POINT('',(-0.55,0.55,0.705));
#1991 = DIRECTION('',(0.,0.,1.));
#1992 = DIRECTION('',(-2.22044604925E-16,-1.,0.));
#1993 = ADVANCED_FACE('',(#1994),#2028,.F.);
#1994 = FACE_BOUND('',#1995,.T.);
#1995 = EDGE_LOOP('',(#1996,#2006,#2014,#2022));
#1996 = ORIENTED_EDGE('',*,*,#1997,.F.);
#1997 = EDGE_CURVE('',#1998,#2000,#2002,.T.);
#1998 = VERTEX_POINT('',#1999);
#1999 = CARTESIAN_POINT('',(-0.375,0.9,0.));
#2000 = VERTEX_POINT('',#2001);
#2001 = CARTESIAN_POINT('',(-0.375,0.65,0.));
#2002 = LINE('',#2003,#2004);
#2003 = CARTESIAN_POINT('',(-0.375,0.9,0.));
#2004 = VECTOR('',#2005,1.);
#2005 = DIRECTION('',(-4.555315873023E-16,-1.,0.));
#2006 = ORIENTED_EDGE('',*,*,#2007,.F.);
#2007 = EDGE_CURVE('',#2008,#1998,#2010,.T.);
#2008 = VERTEX_POINT('',#2009);
#2009 = CARTESIAN_POINT('',(-0.125,0.9,0.));
#2010 = LINE('',#2011,#2012);
#2011 = CARTESIAN_POINT('',(-0.125,0.9,0.));
#2012 = VECTOR('',#2013,1.);
#2013 = DIRECTION('',(-1.,4.555315873023E-16,0.));
#2014 = ORIENTED_EDGE('',*,*,#2015,.F.);
#2015 = EDGE_CURVE('',#2016,#2008,#2018,.T.);
#2016 = VERTEX_POINT('',#2017);
#2017 = CARTESIAN_POINT('',(-0.125,0.65,0.));
#2018 = LINE('',#2019,#2020);
#2019 = CARTESIAN_POINT('',(-0.125,0.65,0.));
#2020 = VECTOR('',#2021,1.);
#2021 = DIRECTION('',(4.555315873023E-16,1.,0.));
#2022 = ORIENTED_EDGE('',*,*,#2023,.F.);
#2023 = EDGE_CURVE('',#2000,#2016,#2024,.T.);
#2024 = LINE('',#2025,#2026);
#2025 = CARTESIAN_POINT('',(-0.375,0.65,0.));
#2026 = VECTOR('',#2027,1.);
#2027 = DIRECTION('',(1.,-4.555315873023E-16,0.));
#2028 = PLANE('',#2029);
#2029 = AXIS2_PLACEMENT_3D('',#2030,#2031,#2032);
#2030 = CARTESIAN_POINT('',(-0.25,0.775,0.));
#2031 = DIRECTION('',(0.,0.,1.));
#2032 = DIRECTION('',(-1.,4.555315873023E-16,0.));
#2033 = ADVANCED_FACE('',(#2034),#2059,.F.);
#2034 = FACE_BOUND('',#2035,.T.);
#2035 = EDGE_LOOP('',(#2036,#2037,#2045,#2053));
#2036 = ORIENTED_EDGE('',*,*,#1997,.T.);
#2037 = ORIENTED_EDGE('',*,*,#2038,.T.);
#2038 = EDGE_CURVE('',#2000,#2039,#2041,.T.);
#2039 = VERTEX_POINT('',#2040);
#2040 = CARTESIAN_POINT('',(-0.375,0.65,2.5E-02));
#2041 = LINE('',#2042,#2043);
#2042 = CARTESIAN_POINT('',(-0.375,0.65,0.));
#2043 = VECTOR('',#2044,1.);
#2044 = DIRECTION('',(0.,0.,1.));
#2045 = ORIENTED_EDGE('',*,*,#2046,.T.);
#2046 = EDGE_CURVE('',#2039,#2047,#2049,.T.);
#2047 = VERTEX_POINT('',#2048);
#2048 = CARTESIAN_POINT('',(-0.375,0.9,2.5E-02));
#2049 = LINE('',#2050,#2051);
#2050 = CARTESIAN_POINT('',(-0.375,0.95,2.5E-02));
#2051 = VECTOR('',#2052,1.);
#2052 = DIRECTION('',(4.555315873023E-16,1.,0.));
#2053 = ORIENTED_EDGE('',*,*,#2054,.F.);
#2054 = EDGE_CURVE('',#1998,#2047,#2055,.T.);
#2055 = LINE('',#2056,#2057);
#2056 = CARTESIAN_POINT('',(-0.375,0.9,0.));
#2057 = VECTOR('',#2058,1.);
#2058 = DIRECTION('',(0.,0.,1.));
#2059 = PLANE('',#2060);
#2060 = AXIS2_PLACEMENT_3D('',#2061,#2062,#2063);
#2061 = CARTESIAN_POINT('',(-0.375,0.9,0.));
#2062 = DIRECTION('',(1.,-4.555315873023E-16,0.));
#2063 = DIRECTION('',(-4.555315873023E-16,-1.,0.));
#2064 = ADVANCED_FACE('',(#2065),#2083,.F.);
#2065 = FACE_BOUND('',#2066,.T.);
#2066 = EDGE_LOOP('',(#2067,#2068,#2076,#2082));
#2067 = ORIENTED_EDGE('',*,*,#2023,.T.);
#2068 = ORIENTED_EDGE('',*,*,#2069,.T.);
#2069 = EDGE_CURVE('',#2016,#2070,#2072,.T.);
#2070 = VERTEX_POINT('',#2071);
#2071 = CARTESIAN_POINT('',(-0.125,0.65,2.5E-02));
#2072 = LINE('',#2073,#2074);
#2073 = CARTESIAN_POINT('',(-0.125,0.65,0.));
#2074 = VECTOR('',#2075,1.);
#2075 = DIRECTION('',(0.,0.,1.));
#2076 = ORIENTED_EDGE('',*,*,#2077,.T.);
#2077 = EDGE_CURVE('',#2070,#2039,#2078,.T.);
#2078 = LINE('',#2079,#2080);
#2079 = CARTESIAN_POINT('',(-0.6875,0.65,2.5E-02));
#2080 = VECTOR('',#2081,1.);
#2081 = DIRECTION('',(-1.,4.555315873023E-16,0.));
#2082 = ORIENTED_EDGE('',*,*,#2038,.F.);
#2083 = PLANE('',#2084);
#2084 = AXIS2_PLACEMENT_3D('',#2085,#2086,#2087);
#2085 = CARTESIAN_POINT('',(-0.375,0.65,0.));
#2086 = DIRECTION('',(4.555315873023E-16,1.,0.));
#2087 = DIRECTION('',(1.,-4.555315873023E-16,0.));
#2088 = ADVANCED_FACE('',(#2089),#2107,.F.);
#2089 = FACE_BOUND('',#2090,.T.);
#2090 = EDGE_LOOP('',(#2091,#2092,#2100,#2106));
#2091 = ORIENTED_EDGE('',*,*,#2015,.T.);
#2092 = ORIENTED_EDGE('',*,*,#2093,.T.);
#2093 = EDGE_CURVE('',#2008,#2094,#2096,.T.);
#2094 = VERTEX_POINT('',#2095);
#2095 = CARTESIAN_POINT('',(-0.125,0.9,2.5E-02));
#2096 = LINE('',#2097,#2098);
#2097 = CARTESIAN_POINT('',(-0.125,0.9,0.));
#2098 = VECTOR('',#2099,1.);
#2099 = DIRECTION('',(0.,0.,1.));
#2100 = ORIENTED_EDGE('',*,*,#2101,.T.);
#2101 = EDGE_CURVE('',#2094,#2070,#2102,.T.);
#2102 = LINE('',#2103,#2104);
#2103 = CARTESIAN_POINT('',(-0.125,0.825,2.5E-02));
#2104 = VECTOR('',#2105,1.);
#2105 = DIRECTION('',(-4.555315873023E-16,-1.,0.));
#2106 = ORIENTED_EDGE('',*,*,#2069,.F.);
#2107 = PLANE('',#2108);
#2108 = AXIS2_PLACEMENT_3D('',#2109,#2110,#2111);
#2109 = CARTESIAN_POINT('',(-0.125,0.65,0.));
#2110 = DIRECTION('',(-1.,4.555315873023E-16,0.));
#2111 = DIRECTION('',(4.555315873023E-16,1.,0.));
#2112 = ADVANCED_FACE('',(#2113),#2124,.F.);
#2113 = FACE_BOUND('',#2114,.T.);
#2114 = EDGE_LOOP('',(#2115,#2116,#2117,#2123));
#2115 = ORIENTED_EDGE('',*,*,#2007,.T.);
#2116 = ORIENTED_EDGE('',*,*,#2054,.T.);
#2117 = ORIENTED_EDGE('',*,*,#2118,.T.);
#2118 = EDGE_CURVE('',#2047,#2094,#2119,.T.);
#2119 = LINE('',#2120,#2121);
#2120 = CARTESIAN_POINT('',(-0.5625,0.9,2.5E-02));
#2121 = VECTOR('',#2122,1.);
#2122 = DIRECTION('',(1.,-4.555315873023E-16,0.));
#2123 = ORIENTED_EDGE('',*,*,#2093,.F.);
#2124 = PLANE('',#2125);
#2125 = AXIS2_PLACEMENT_3D('',#2126,#2127,#2128);
#2126 = CARTESIAN_POINT('',(-0.125,0.9,0.));
#2127 = DIRECTION('',(-4.555315873023E-16,-1.,0.));
#2128 = DIRECTION('',(-1.,4.555315873023E-16,0.));
#2129 = ADVANCED_FACE('',(#2130,#2148,#2182,#2216,#2250,#2284,#2318,
    #2352,#2386,#2420,#2454,#2488,#2522),#2528,.F.);
#2130 = FACE_BOUND('',#2131,.T.);
#2131 = EDGE_LOOP('',(#2132,#2133,#2141,#2147));
#2132 = ORIENTED_EDGE('',*,*,#1965,.T.);
#2133 = ORIENTED_EDGE('',*,*,#2134,.T.);
#2134 = EDGE_CURVE('',#1958,#2135,#2137,.T.);
#2135 = VERTEX_POINT('',#2136);
#2136 = CARTESIAN_POINT('',(1.,-1.,2.5E-02));
#2137 = LINE('',#2138,#2139);
#2138 = CARTESIAN_POINT('',(1.,1.,2.5E-02));
#2139 = VECTOR('',#2140,1.);
#2140 = DIRECTION('',(-2.22044604925E-16,-1.,0.));
#2141 = ORIENTED_EDGE('',*,*,#2142,.F.);
#2142 = EDGE_CURVE('',#1935,#2135,#2143,.T.);
#2143 = LINE('',#2144,#2145);
#2144 = CARTESIAN_POINT('',(-1.,-1.,2.5E-02));
#2145 = VECTOR('',#2146,1.);
#2146 = DIRECTION('',(1.,-2.22044604925E-16,0.));
#2147 = ORIENTED_EDGE('',*,*,#1934,.F.);
#2148 = FACE_BOUND('',#2149,.T.);
#2149 = EDGE_LOOP('',(#2150,#2160,#2168,#2176));
#2150 = ORIENTED_EDGE('',*,*,#2151,.F.);
#2151 = EDGE_CURVE('',#2152,#2154,#2156,.T.);
#2152 = VERTEX_POINT('',#2153);
#2153 = CARTESIAN_POINT('',(-0.65,-0.625,2.5E-02));
#2154 = VERTEX_POINT('',#2155);
#2155 = CARTESIAN_POINT('',(-0.65,-0.875,2.5E-02));
#2156 = LINE('',#2157,#2158);
#2157 = CARTESIAN_POINT('',(-0.65,6.25E-02,2.5E-02));
#2158 = VECTOR('',#2159,1.);
#2159 = DIRECTION('',(-4.669739647545E-16,-1.,0.));
#2160 = ORIENTED_EDGE('',*,*,#2161,.F.);
#2161 = EDGE_CURVE('',#2162,#2152,#2164,.T.);
#2162 = VERTEX_POINT('',#2163);
#2163 = CARTESIAN_POINT('',(-0.9,-0.625,2.5E-02));
#2164 = LINE('',#2165,#2166);
#2165 = CARTESIAN_POINT('',(-0.825,-0.625,2.5E-02));
#2166 = VECTOR('',#2167,1.);
#2167 = DIRECTION('',(1.,-4.669739647545E-16,0.));
#2168 = ORIENTED_EDGE('',*,*,#2169,.F.);
#2169 = EDGE_CURVE('',#2170,#2162,#2172,.T.);
#2170 = VERTEX_POINT('',#2171);
#2171 = CARTESIAN_POINT('',(-0.9,-0.875,2.5E-02));
#2172 = LINE('',#2173,#2174);
#2173 = CARTESIAN_POINT('',(-0.9,0.1875,2.5E-02));
#2174 = VECTOR('',#2175,1.);
#2175 = DIRECTION('',(4.669739647545E-16,1.,0.));
#2176 = ORIENTED_EDGE('',*,*,#2177,.F.);
#2177 = EDGE_CURVE('',#2154,#2170,#2178,.T.);
#2178 = LINE('',#2179,#2180);
#2179 = CARTESIAN_POINT('',(-0.95,-0.875,2.5E-02));
#2180 = VECTOR('',#2181,1.);
#2181 = DIRECTION('',(-1.,4.669739647545E-16,0.));
#2182 = FACE_BOUND('',#2183,.T.);
#2183 = EDGE_LOOP('',(#2184,#2194,#2202,#2210));
#2184 = ORIENTED_EDGE('',*,*,#2185,.F.);
#2185 = EDGE_CURVE('',#2186,#2188,#2190,.T.);
#2186 = VERTEX_POINT('',#2187);
#2187 = CARTESIAN_POINT('',(-0.9,-0.125,2.5E-02));
#2188 = VERTEX_POINT('',#2189);
#2189 = CARTESIAN_POINT('',(-0.65,-0.125,2.5E-02));
#2190 = LINE('',#2191,#2192);
#2191 = CARTESIAN_POINT('',(-0.825,-0.125,2.5E-02));
#2192 = VECTOR('',#2193,1.);
#2193 = DIRECTION('',(1.,-4.669739647545E-16,0.));
#2194 = ORIENTED_EDGE('',*,*,#2195,.F.);
#2195 = EDGE_CURVE('',#2196,#2186,#2198,.T.);
#2196 = VERTEX_POINT('',#2197);
#2197 = CARTESIAN_POINT('',(-0.9,-0.375,2.5E-02));
#2198 = LINE('',#2199,#2200);
#2199 = CARTESIAN_POINT('',(-0.9,0.4375,2.5E-02));
#2200 = VECTOR('',#2201,1.);
#2201 = DIRECTION('',(4.669739647545E-16,1.,0.));
#2202 = ORIENTED_EDGE('',*,*,#2203,.F.);
#2203 = EDGE_CURVE('',#2204,#2196,#2206,.T.);
#2204 = VERTEX_POINT('',#2205);
#2205 = CARTESIAN_POINT('',(-0.65,-0.375,2.5E-02));
#2206 = LINE('',#2207,#2208);
#2207 = CARTESIAN_POINT('',(-0.95,-0.375,2.5E-02));
#2208 = VECTOR('',#2209,1.);
#2209 = DIRECTION('',(-1.,4.669739647545E-16,0.));
#2210 = ORIENTED_EDGE('',*,*,#2211,.F.);
#2211 = EDGE_CURVE('',#2188,#2204,#2212,.T.);
#2212 = LINE('',#2213,#2214);
#2213 = CARTESIAN_POINT('',(-0.65,0.3125,2.5E-02));
#2214 = VECTOR('',#2215,1.);
#2215 = DIRECTION('',(-4.669739647545E-16,-1.,0.));
#2216 = FACE_BOUND('',#2217,.T.);
#2217 = EDGE_LOOP('',(#2218,#2228,#2236,#2244));
#2218 = ORIENTED_EDGE('',*,*,#2219,.F.);
#2219 = EDGE_CURVE('',#2220,#2222,#2224,.T.);
#2220 = VERTEX_POINT('',#2221);
#2221 = CARTESIAN_POINT('',(-0.125,-0.9,2.5E-02));
#2222 = VERTEX_POINT('',#2223);
#2223 = CARTESIAN_POINT('',(-0.375,-0.9,2.5E-02));
#2224 = LINE('',#2225,#2226);
#2225 = CARTESIAN_POINT('',(-0.6875,-0.9,2.5E-02));
#2226 = VECTOR('',#2227,1.);
#2227 = DIRECTION('',(-1.,5.665538897648E-16,0.));
#2228 = ORIENTED_EDGE('',*,*,#2229,.F.);
#2229 = EDGE_CURVE('',#2230,#2220,#2232,.T.);
#2230 = VERTEX_POINT('',#2231);
#2231 = CARTESIAN_POINT('',(-0.125,-0.65,2.5E-02));
#2232 = LINE('',#2233,#2234);
#2233 = CARTESIAN_POINT('',(-0.125,5.E-02,2.5E-02));
#2234 = VECTOR('',#2235,1.);
#2235 = DIRECTION('',(-5.665538897648E-16,-1.,0.));
#2236 = ORIENTED_EDGE('',*,*,#2237,.F.);
#2237 = EDGE_CURVE('',#2238,#2230,#2240,.T.);
#2238 = VERTEX_POINT('',#2239);
#2239 = CARTESIAN_POINT('',(-0.375,-0.65,2.5E-02));
#2240 = LINE('',#2241,#2242);
#2241 = CARTESIAN_POINT('',(-0.5625,-0.65,2.5E-02));
#2242 = VECTOR('',#2243,1.);
#2243 = DIRECTION('',(1.,-5.665538897648E-16,0.));
#2244 = ORIENTED_EDGE('',*,*,#2245,.F.);
#2245 = EDGE_CURVE('',#2222,#2238,#2246,.T.);
#2246 = LINE('',#2247,#2248);
#2247 = CARTESIAN_POINT('',(-0.375,0.175,2.5E-02));
#2248 = VECTOR('',#2249,1.);
#2249 = DIRECTION('',(5.665538897648E-16,1.,0.));
#2250 = FACE_BOUND('',#2251,.T.);
#2251 = EDGE_LOOP('',(#2252,#2262,#2270,#2278));
#2252 = ORIENTED_EDGE('',*,*,#2253,.F.);
#2253 = EDGE_CURVE('',#2254,#2256,#2258,.T.);
#2254 = VERTEX_POINT('',#2255);
#2255 = CARTESIAN_POINT('',(0.9,-0.375,2.5E-02));
#2256 = VERTEX_POINT('',#2257);
#2257 = CARTESIAN_POINT('',(0.65,-0.375,2.5E-02));
#2258 = LINE('',#2259,#2260);
#2259 = CARTESIAN_POINT('',(-0.175,-0.375,2.5E-02));
#2260 = VECTOR('',#2261,1.);
#2261 = DIRECTION('',(-1.,3.445092848398E-16,0.));
#2262 = ORIENTED_EDGE('',*,*,#2263,.F.);
#2263 = EDGE_CURVE('',#2264,#2254,#2266,.T.);
#2264 = VERTEX_POINT('',#2265);
#2265 = CARTESIAN_POINT('',(0.9,-0.125,2.5E-02));
#2266 = LINE('',#2267,#2268);
#2267 = CARTESIAN_POINT('',(0.9,0.3125,2.5E-02));
#2268 = VECTOR('',#2269,1.);
#2269 = DIRECTION('',(-3.445092848398E-16,-1.,0.));
#2270 = ORIENTED_EDGE('',*,*,#2271,.F.);
#2271 = EDGE_CURVE('',#2272,#2264,#2274,.T.);
#2272 = VERTEX_POINT('',#2273);
#2273 = CARTESIAN_POINT('',(0.65,-0.125,2.5E-02));
#2274 = LINE('',#2275,#2276);
#2275 = CARTESIAN_POINT('',(-5.E-02,-0.125,2.5E-02));
#2276 = VECTOR('',#2277,1.);
#2277 = DIRECTION('',(1.,-3.445092848398E-16,0.));
#2278 = ORIENTED_EDGE('',*,*,#2279,.F.);
#2279 = EDGE_CURVE('',#2256,#2272,#2280,.T.);
#2280 = LINE('',#2281,#2282);
#2281 = CARTESIAN_POINT('',(0.65,0.4375,2.5E-02));
#2282 = VECTOR('',#2283,1.);
#2283 = DIRECTION('',(3.445092848398E-16,1.,0.));
#2284 = FACE_BOUND('',#2285,.T.);
#2285 = EDGE_LOOP('',(#2286,#2296,#2304,#2312));
#2286 = ORIENTED_EDGE('',*,*,#2287,.F.);
#2287 = EDGE_CURVE('',#2288,#2290,#2292,.T.);
#2288 = VERTEX_POINT('',#2289);
#2289 = CARTESIAN_POINT('',(0.9,-0.875,2.5E-02));
#2290 = VERTEX_POINT('',#2291);
#2291 = CARTESIAN_POINT('',(0.65,-0.875,2.5E-02));
#2292 = LINE('',#2293,#2294);
#2293 = CARTESIAN_POINT('',(-0.175,-0.875,2.5E-02));
#2294 = VECTOR('',#2295,1.);
#2295 = DIRECTION('',(-1.,3.445092848398E-16,0.));
#2296 = ORIENTED_EDGE('',*,*,#2297,.F.);
#2297 = EDGE_CURVE('',#2298,#2288,#2300,.T.);
#2298 = VERTEX_POINT('',#2299);
#2299 = CARTESIAN_POINT('',(0.9,-0.625,2.5E-02));
#2300 = LINE('',#2301,#2302);
#2301 = CARTESIAN_POINT('',(0.9,6.25E-02,2.5E-02));
#2302 = VECTOR('',#2303,1.);
#2303 = DIRECTION('',(-3.445092848398E-16,-1.,0.));
#2304 = ORIENTED_EDGE('',*,*,#2305,.F.);
#2305 = EDGE_CURVE('',#2306,#2298,#2308,.T.);
#2306 = VERTEX_POINT('',#2307);
#2307 = CARTESIAN_POINT('',(0.65,-0.625,2.5E-02));
#2308 = LINE('',#2309,#2310);
#2309 = CARTESIAN_POINT('',(-5.E-02,-0.625,2.5E-02));
#2310 = VECTOR('',#2311,1.);
#2311 = DIRECTION('',(1.,-3.445092848398E-16,0.));
#2312 = ORIENTED_EDGE('',*,*,#2313,.F.);
#2313 = EDGE_CURVE('',#2290,#2306,#2314,.T.);
#2314 = LINE('',#2315,#2316);
#2315 = CARTESIAN_POINT('',(0.65,0.1875,2.5E-02));
#2316 = VECTOR('',#2317,1.);
#2317 = DIRECTION('',(3.445092848398E-16,1.,0.));
#2318 = FACE_BOUND('',#2319,.T.);
#2319 = EDGE_LOOP('',(#2320,#2330,#2338,#2346));
#2320 = ORIENTED_EDGE('',*,*,#2321,.F.);
#2321 = EDGE_CURVE('',#2322,#2324,#2326,.T.);
#2322 = VERTEX_POINT('',#2323);
#2323 = CARTESIAN_POINT('',(0.375,-0.65,2.5E-02));
#2324 = VERTEX_POINT('',#2325);
#2325 = CARTESIAN_POINT('',(0.375,-0.9,2.5E-02));
#2326 = LINE('',#2327,#2328);
#2327 = CARTESIAN_POINT('',(0.375,5.E-02,2.5E-02));
#2328 = VECTOR('',#2329,1.);
#2329 = DIRECTION('',(-5.665538897648E-16,-1.,0.));
#2330 = ORIENTED_EDGE('',*,*,#2331,.F.);
#2331 = EDGE_CURVE('',#2332,#2322,#2334,.T.);
#2332 = VERTEX_POINT('',#2333);
#2333 = CARTESIAN_POINT('',(0.125,-0.65,2.5E-02));
#2334 = LINE('',#2335,#2336);
#2335 = CARTESIAN_POINT('',(-0.3125,-0.65,2.5E-02));
#2336 = VECTOR('',#2337,1.);
#2337 = DIRECTION('',(1.,-5.665538897648E-16,0.));
#2338 = ORIENTED_EDGE('',*,*,#2339,.F.);
#2339 = EDGE_CURVE('',#2340,#2332,#2342,.T.);
#2340 = VERTEX_POINT('',#2341);
#2341 = CARTESIAN_POINT('',(0.125,-0.9,2.5E-02));
#2342 = LINE('',#2343,#2344);
#2343 = CARTESIAN_POINT('',(0.125,0.175,2.5E-02));
#2344 = VECTOR('',#2345,1.);
#2345 = DIRECTION('',(5.665538897648E-16,1.,0.));
#2346 = ORIENTED_EDGE('',*,*,#2347,.F.);
#2347 = EDGE_CURVE('',#2324,#2340,#2348,.T.);
#2348 = LINE('',#2349,#2350);
#2349 = CARTESIAN_POINT('',(-0.4375,-0.9,2.5E-02));
#2350 = VECTOR('',#2351,1.);
#2351 = DIRECTION('',(-1.,5.665538897648E-16,0.));
#2352 = FACE_BOUND('',#2353,.T.);
#2353 = EDGE_LOOP('',(#2354,#2364,#2372,#2380));
#2354 = ORIENTED_EDGE('',*,*,#2355,.F.);
#2355 = EDGE_CURVE('',#2356,#2358,#2360,.T.);
#2356 = VERTEX_POINT('',#2357);
#2357 = CARTESIAN_POINT('',(0.9,0.625,2.5E-02));
#2358 = VERTEX_POINT('',#2359);
#2359 = CARTESIAN_POINT('',(0.65,0.625,2.5E-02));
#2360 = LINE('',#2361,#2362);
#2361 = CARTESIAN_POINT('',(-0.175,0.625,2.5E-02));
#2362 = VECTOR('',#2363,1.);
#2363 = DIRECTION('',(-1.,3.445092848398E-16,0.));
#2364 = ORIENTED_EDGE('',*,*,#2365,.F.);
#2365 = EDGE_CURVE('',#2366,#2356,#2368,.T.);
#2366 = VERTEX_POINT('',#2367);
#2367 = CARTESIAN_POINT('',(0.9,0.875,2.5E-02));
#2368 = LINE('',#2369,#2370);
#2369 = CARTESIAN_POINT('',(0.9,0.8125,2.5E-02));
#2370 = VECTOR('',#2371,1.);
#2371 = DIRECTION('',(-3.445092848398E-16,-1.,0.));
#2372 = ORIENTED_EDGE('',*,*,#2373,.F.);
#2373 = EDGE_CURVE('',#2374,#2366,#2376,.T.);
#2374 = VERTEX_POINT('',#2375);
#2375 = CARTESIAN_POINT('',(0.65,0.875,2.5E-02));
#2376 = LINE('',#2377,#2378);
#2377 = CARTESIAN_POINT('',(-5.E-02,0.875,2.5E-02));
#2378 = VECTOR('',#2379,1.);
#2379 = DIRECTION('',(1.,-3.445092848398E-16,0.));
#2380 = ORIENTED_EDGE('',*,*,#2381,.F.);
#2381 = EDGE_CURVE('',#2358,#2374,#2382,.T.);
#2382 = LINE('',#2383,#2384);
#2383 = CARTESIAN_POINT('',(0.65,0.9375,2.5E-02));
#2384 = VECTOR('',#2385,1.);
#2385 = DIRECTION('',(3.445092848398E-16,1.,0.));
#2386 = FACE_BOUND('',#2387,.T.);
#2387 = EDGE_LOOP('',(#2388,#2398,#2406,#2414));
#2388 = ORIENTED_EDGE('',*,*,#2389,.F.);
#2389 = EDGE_CURVE('',#2390,#2392,#2394,.T.);
#2390 = VERTEX_POINT('',#2391);
#2391 = CARTESIAN_POINT('',(0.375,0.9,2.5E-02));
#2392 = VERTEX_POINT('',#2393);
#2393 = CARTESIAN_POINT('',(0.375,0.65,2.5E-02));
#2394 = LINE('',#2395,#2396);
#2395 = CARTESIAN_POINT('',(0.375,0.825,2.5E-02));
#2396 = VECTOR('',#2397,1.);
#2397 = DIRECTION('',(-4.555315873023E-16,-1.,0.));
#2398 = ORIENTED_EDGE('',*,*,#2399,.F.);
#2399 = EDGE_CURVE('',#2400,#2390,#2402,.T.);
#2400 = VERTEX_POINT('',#2401);
#2401 = CARTESIAN_POINT('',(0.125,0.9,2.5E-02));
#2402 = LINE('',#2403,#2404);
#2403 = CARTESIAN_POINT('',(-0.3125,0.9,2.5E-02));
#2404 = VECTOR('',#2405,1.);
#2405 = DIRECTION('',(1.,-4.555315873023E-16,0.));
#2406 = ORIENTED_EDGE('',*,*,#2407,.F.);
#2407 = EDGE_CURVE('',#2408,#2400,#2410,.T.);
#2408 = VERTEX_POINT('',#2409);
#2409 = CARTESIAN_POINT('',(0.125,0.65,2.5E-02));
#2410 = LINE('',#2411,#2412);
#2411 = CARTESIAN_POINT('',(0.125,0.95,2.5E-02));
#2412 = VECTOR('',#2413,1.);
#2413 = DIRECTION('',(4.555315873023E-16,1.,0.));
#2414 = ORIENTED_EDGE('',*,*,#2415,.F.);
#2415 = EDGE_CURVE('',#2392,#2408,#2416,.T.);
#2416 = LINE('',#2417,#2418);
#2417 = CARTESIAN_POINT('',(-0.4375,0.65,2.5E-02));
#2418 = VECTOR('',#2419,1.);
#2419 = DIRECTION('',(-1.,4.555315873023E-16,0.));
#2420 = FACE_BOUND('',#2421,.T.);
#2421 = EDGE_LOOP('',(#2422,#2432,#2440,#2448));
#2422 = ORIENTED_EDGE('',*,*,#2423,.F.);
#2423 = EDGE_CURVE('',#2424,#2426,#2428,.T.);
#2424 = VERTEX_POINT('',#2425);
#2425 = CARTESIAN_POINT('',(0.65,0.125,2.5E-02));
#2426 = VERTEX_POINT('',#2427);
#2427 = CARTESIAN_POINT('',(0.65,0.375,2.5E-02));
#2428 = LINE('',#2429,#2430);
#2429 = CARTESIAN_POINT('',(0.65,0.6875,2.5E-02));
#2430 = VECTOR('',#2431,1.);
#2431 = DIRECTION('',(3.445092848398E-16,1.,0.));
#2432 = ORIENTED_EDGE('',*,*,#2433,.F.);
#2433 = EDGE_CURVE('',#2434,#2424,#2436,.T.);
#2434 = VERTEX_POINT('',#2435);
#2435 = CARTESIAN_POINT('',(0.9,0.125,2.5E-02));
#2436 = LINE('',#2437,#2438);
#2437 = CARTESIAN_POINT('',(-0.175,0.125,2.5E-02));
#2438 = VECTOR('',#2439,1.);
#2439 = DIRECTION('',(-1.,3.445092848398E-16,0.));
#2440 = ORIENTED_EDGE('',*,*,#2441,.F.);
#2441 = EDGE_CURVE('',#2442,#2434,#2444,.T.);
#2442 = VERTEX_POINT('',#2443);
#2443 = CARTESIAN_POINT('',(0.9,0.375,2.5E-02));
#2444 = LINE('',#2445,#2446);
#2445 = CARTESIAN_POINT('',(0.9,0.5625,2.5E-02));
#2446 = VECTOR('',#2447,1.);
#2447 = DIRECTION('',(-3.445092848398E-16,-1.,0.));
#2448 = ORIENTED_EDGE('',*,*,#2449,.F.);
#2449 = EDGE_CURVE('',#2426,#2442,#2450,.T.);
#2450 = LINE('',#2451,#2452);
#2451 = CARTESIAN_POINT('',(-5.E-02,0.375,2.5E-02));
#2452 = VECTOR('',#2453,1.);
#2453 = DIRECTION('',(1.,-3.445092848398E-16,0.));
#2454 = FACE_BOUND('',#2455,.T.);
#2455 = EDGE_LOOP('',(#2456,#2466,#2474,#2482));
#2456 = ORIENTED_EDGE('',*,*,#2457,.F.);
#2457 = EDGE_CURVE('',#2458,#2460,#2462,.T.);
#2458 = VERTEX_POINT('',#2459);
#2459 = CARTESIAN_POINT('',(-0.9,0.875,2.5E-02));
#2460 = VERTEX_POINT('',#2461);
#2461 = CARTESIAN_POINT('',(-0.65,0.875,2.5E-02));
#2462 = LINE('',#2463,#2464);
#2463 = CARTESIAN_POINT('',(-0.825,0.875,2.5E-02));
#2464 = VECTOR('',#2465,1.);
#2465 = DIRECTION('',(1.,-4.669739647545E-16,0.));
#2466 = ORIENTED_EDGE('',*,*,#2467,.F.);
#2467 = EDGE_CURVE('',#2468,#2458,#2470,.T.);
#2468 = VERTEX_POINT('',#2469);
#2469 = CARTESIAN_POINT('',(-0.9,0.625,2.5E-02));
#2470 = LINE('',#2471,#2472);
#2471 = CARTESIAN_POINT('',(-0.9,0.9375,2.5E-02));
#2472 = VECTOR('',#2473,1.);
#2473 = DIRECTION('',(4.669739647545E-16,1.,0.));
#2474 = ORIENTED_EDGE('',*,*,#2475,.F.);
#2475 = EDGE_CURVE('',#2476,#2468,#2478,.T.);
#2476 = VERTEX_POINT('',#2477);
#2477 = CARTESIAN_POINT('',(-0.65,0.625,2.5E-02));
#2478 = LINE('',#2479,#2480);
#2479 = CARTESIAN_POINT('',(-0.95,0.625,2.5E-02));
#2480 = VECTOR('',#2481,1.);
#2481 = DIRECTION('',(-1.,4.669739647545E-16,0.));
#2482 = ORIENTED_EDGE('',*,*,#2483,.F.);
#2483 = EDGE_CURVE('',#2460,#2476,#2484,.T.);
#2484 = LINE('',#2485,#2486);
#2485 = CARTESIAN_POINT('',(-0.65,0.8125,2.5E-02));
#2486 = VECTOR('',#2487,1.);
#2487 = DIRECTION('',(-4.669739647545E-16,-1.,0.));
#2488 = FACE_BOUND('',#2489,.T.);
#2489 = EDGE_LOOP('',(#2490,#2500,#2508,#2516));
#2490 = ORIENTED_EDGE('',*,*,#2491,.F.);
#2491 = EDGE_CURVE('',#2492,#2494,#2496,.T.);
#2492 = VERTEX_POINT('',#2493);
#2493 = CARTESIAN_POINT('',(-0.65,0.125,2.5E-02));
#2494 = VERTEX_POINT('',#2495);
#2495 = CARTESIAN_POINT('',(-0.9,0.125,2.5E-02));
#2496 = LINE('',#2497,#2498);
#2497 = CARTESIAN_POINT('',(-0.95,0.125,2.5E-02));
#2498 = VECTOR('',#2499,1.);
#2499 = DIRECTION('',(-1.,4.669739647545E-16,0.));
#2500 = ORIENTED_EDGE('',*,*,#2501,.F.);
#2501 = EDGE_CURVE('',#2502,#2492,#2504,.T.);
#2502 = VERTEX_POINT('',#2503);
#2503 = CARTESIAN_POINT('',(-0.65,0.375,2.5E-02));
#2504 = LINE('',#2505,#2506);
#2505 = CARTESIAN_POINT('',(-0.65,0.5625,2.5E-02));
#2506 = VECTOR('',#2507,1.);
#2507 = DIRECTION('',(-4.669739647545E-16,-1.,0.));
#2508 = ORIENTED_EDGE('',*,*,#2509,.F.);
#2509 = EDGE_CURVE('',#2510,#2502,#2512,.T.);
#2510 = VERTEX_POINT('',#2511);
#2511 = CARTESIAN_POINT('',(-0.9,0.375,2.5E-02));
#2512 = LINE('',#2513,#2514);
#2513 = CARTESIAN_POINT('',(-0.825,0.375,2.5E-02));
#2514 = VECTOR('',#2515,1.);
#2515 = DIRECTION('',(1.,-4.669739647545E-16,0.));
#2516 = ORIENTED_EDGE('',*,*,#2517,.F.);
#2517 = EDGE_CURVE('',#2494,#2510,#2518,.T.);
#2518 = LINE('',#2519,#2520);
#2519 = CARTESIAN_POINT('',(-0.9,0.6875,2.5E-02));
#2520 = VECTOR('',#2521,1.);
#2521 = DIRECTION('',(4.669739647545E-16,1.,0.));
#2522 = FACE_BOUND('',#2523,.T.);
#2523 = EDGE_LOOP('',(#2524,#2525,#2526,#2527));
#2524 = ORIENTED_EDGE('',*,*,#2101,.F.);
#2525 = ORIENTED_EDGE('',*,*,#2118,.F.);
#2526 = ORIENTED_EDGE('',*,*,#2046,.F.);
#2527 = ORIENTED_EDGE('',*,*,#2077,.F.);
#2528 = PLANE('',#2529);
#2529 = AXIS2_PLACEMENT_3D('',#2530,#2531,#2532);
#2530 = CARTESIAN_POINT('',(-1.,1.,2.5E-02));
#2531 = DIRECTION('',(0.,0.,1.));
#2532 = DIRECTION('',(-2.22044604925E-16,-1.,0.));
#2533 = ADVANCED_FACE('',(#2534),#2545,.T.);
#2534 = FACE_BOUND('',#2535,.T.);
#2535 = EDGE_LOOP('',(#2536,#2537,#2543,#2544));
#2536 = ORIENTED_EDGE('',*,*,#1900,.T.);
#2537 = ORIENTED_EDGE('',*,*,#2538,.F.);
#2538 = EDGE_CURVE('',#2135,#1893,#2539,.T.);
#2539 = LINE('',#2540,#2541);
#2540 = CARTESIAN_POINT('',(1.,-1.,2.5E-02));
#2541 = VECTOR('',#2542,1.);
#2542 = DIRECTION('',(0.,0.,1.));
#2543 = ORIENTED_EDGE('',*,*,#2134,.F.);
#2544 = ORIENTED_EDGE('',*,*,#1957,.T.);
#2545 = PLANE('',#2546);
#2546 = AXIS2_PLACEMENT_3D('',#2547,#2548,#2549);
#2547 = CARTESIAN_POINT('',(1.,1.,2.5E-02));
#2548 = DIRECTION('',(1.,-2.22044604925E-16,0.));
#2549 = DIRECTION('',(0.,0.,1.));
#2550 = ADVANCED_FACE('',(#2551),#2557,.T.);
#2551 = FACE_BOUND('',#2552,.T.);
#2552 = EDGE_LOOP('',(#2553,#2554,#2555,#2556));
#2553 = ORIENTED_EDGE('',*,*,#1892,.T.);
#2554 = ORIENTED_EDGE('',*,*,#1942,.F.);
#2555 = ORIENTED_EDGE('',*,*,#2142,.T.);
#2556 = ORIENTED_EDGE('',*,*,#2538,.T.);
#2557 = PLANE('',#2558);
#2558 = AXIS2_PLACEMENT_3D('',#2559,#2560,#2561);
#2559 = CARTESIAN_POINT('',(-1.,-1.,2.5E-02));
#2560 = DIRECTION('',(-2.22044604925E-16,-1.,0.));
#2561 = DIRECTION('',(0.,0.,1.));
#2562 = ADVANCED_FACE('',(#2563),#2588,.F.);
#2563 = FACE_BOUND('',#2564,.T.);
#2564 = EDGE_LOOP('',(#2565,#2575,#2581,#2582));
#2565 = ORIENTED_EDGE('',*,*,#2566,.T.);
#2566 = EDGE_CURVE('',#2567,#2569,#2571,.T.);
#2567 = VERTEX_POINT('',#2568);
#2568 = CARTESIAN_POINT('',(-0.65,-0.875,0.));
#2569 = VERTEX_POINT('',#2570);
#2570 = CARTESIAN_POINT('',(-0.65,-0.625,0.));
#2571 = LINE('',#2572,#2573);
#2572 = CARTESIAN_POINT('',(-0.65,-0.875,0.));
#2573 = VECTOR('',#2574,1.);
#2574 = DIRECTION('',(4.669739647545E-16,1.,0.));
#2575 = ORIENTED_EDGE('',*,*,#2576,.T.);
#2576 = EDGE_CURVE('',#2569,#2152,#2577,.T.);
#2577 = LINE('',#2578,#2579);
#2578 = CARTESIAN_POINT('',(-0.65,-0.625,0.));
#2579 = VECTOR('',#2580,1.);
#2580 = DIRECTION('',(0.,0.,1.));
#2581 = ORIENTED_EDGE('',*,*,#2151,.T.);
#2582 = ORIENTED_EDGE('',*,*,#2583,.F.);
#2583 = EDGE_CURVE('',#2567,#2154,#2584,.T.);
#2584 = LINE('',#2585,#2586);
#2585 = CARTESIAN_POINT('',(-0.65,-0.875,0.));
#2586 = VECTOR('',#2587,1.);
#2587 = DIRECTION('',(0.,0.,1.));
#2588 = PLANE('',#2589);
#2589 = AXIS2_PLACEMENT_3D('',#2590,#2591,#2592);
#2590 = CARTESIAN_POINT('',(-0.65,-0.875,0.));
#2591 = DIRECTION('',(-1.,4.669739647545E-16,0.));
#2592 = DIRECTION('',(4.669739647545E-16,1.,0.));
#2593 = ADVANCED_FACE('',(#2594),#2612,.F.);
#2594 = FACE_BOUND('',#2595,.T.);
#2595 = EDGE_LOOP('',(#2596,#2604,#2610,#2611));
#2596 = ORIENTED_EDGE('',*,*,#2597,.T.);
#2597 = EDGE_CURVE('',#2569,#2598,#2600,.T.);
#2598 = VERTEX_POINT('',#2599);
#2599 = CARTESIAN_POINT('',(-0.9,-0.625,0.));
#2600 = LINE('',#2601,#2602);
#2601 = CARTESIAN_POINT('',(-0.65,-0.625,0.));
#2602 = VECTOR('',#2603,1.);
#2603 = DIRECTION('',(-1.,4.669739647545E-16,0.));
#2604 = ORIENTED_EDGE('',*,*,#2605,.T.);
#2605 = EDGE_CURVE('',#2598,#2162,#2606,.T.);
#2606 = LINE('',#2607,#2608);
#2607 = CARTESIAN_POINT('',(-0.9,-0.625,0.));
#2608 = VECTOR('',#2609,1.);
#2609 = DIRECTION('',(0.,0.,1.));
#2610 = ORIENTED_EDGE('',*,*,#2161,.T.);
#2611 = ORIENTED_EDGE('',*,*,#2576,.F.);
#2612 = PLANE('',#2613);
#2613 = AXIS2_PLACEMENT_3D('',#2614,#2615,#2616);
#2614 = CARTESIAN_POINT('',(-0.65,-0.625,0.));
#2615 = DIRECTION('',(-4.669739647545E-16,-1.,0.));
#2616 = DIRECTION('',(-1.,4.669739647545E-16,0.));
#2617 = ADVANCED_FACE('',(#2618),#2636,.F.);
#2618 = FACE_BOUND('',#2619,.T.);
#2619 = EDGE_LOOP('',(#2620,#2628,#2629,#2630));
#2620 = ORIENTED_EDGE('',*,*,#2621,.T.);
#2621 = EDGE_CURVE('',#2622,#2567,#2624,.T.);
#2622 = VERTEX_POINT('',#2623);
#2623 = CARTESIAN_POINT('',(-0.9,-0.875,0.));
#2624 = LINE('',#2625,#2626);
#2625 = CARTESIAN_POINT('',(-0.9,-0.875,0.));
#2626 = VECTOR('',#2627,1.);
#2627 = DIRECTION('',(1.,-4.669739647545E-16,0.));
#2628 = ORIENTED_EDGE('',*,*,#2583,.T.);
#2629 = ORIENTED_EDGE('',*,*,#2177,.T.);
#2630 = ORIENTED_EDGE('',*,*,#2631,.F.);
#2631 = EDGE_CURVE('',#2622,#2170,#2632,.T.);
#2632 = LINE('',#2633,#2634);
#2633 = CARTESIAN_POINT('',(-0.9,-0.875,0.));
#2634 = VECTOR('',#2635,1.);
#2635 = DIRECTION('',(0.,0.,1.));
#2636 = PLANE('',#2637);
#2637 = AXIS2_PLACEMENT_3D('',#2638,#2639,#2640);
#2638 = CARTESIAN_POINT('',(-0.9,-0.875,0.));
#2639 = DIRECTION('',(4.669739647545E-16,1.,0.));
#2640 = DIRECTION('',(1.,-4.669739647545E-16,0.));
#2641 = ADVANCED_FACE('',(#2642),#2653,.F.);
#2642 = FACE_BOUND('',#2643,.T.);
#2643 = EDGE_LOOP('',(#2644,#2650,#2651,#2652));
#2644 = ORIENTED_EDGE('',*,*,#2645,.T.);
#2645 = EDGE_CURVE('',#2598,#2622,#2646,.T.);
#2646 = LINE('',#2647,#2648);
#2647 = CARTESIAN_POINT('',(-0.9,-0.625,0.));
#2648 = VECTOR('',#2649,1.);
#2649 = DIRECTION('',(-4.669739647545E-16,-1.,0.));
#2650 = ORIENTED_EDGE('',*,*,#2631,.T.);
#2651 = ORIENTED_EDGE('',*,*,#2169,.T.);
#2652 = ORIENTED_EDGE('',*,*,#2605,.F.);
#2653 = PLANE('',#2654);
#2654 = AXIS2_PLACEMENT_3D('',#2655,#2656,#2657);
#2655 = CARTESIAN_POINT('',(-0.9,-0.625,0.));
#2656 = DIRECTION('',(1.,-4.669739647545E-16,0.));
#2657 = DIRECTION('',(-4.669739647545E-16,-1.,0.));
#2658 = ADVANCED_FACE('',(#2659),#2684,.F.);
#2659 = FACE_BOUND('',#2660,.T.);
#2660 = EDGE_LOOP('',(#2661,#2671,#2677,#2678));
#2661 = ORIENTED_EDGE('',*,*,#2662,.T.);
#2662 = EDGE_CURVE('',#2663,#2665,#2667,.T.);
#2663 = VERTEX_POINT('',#2664);
#2664 = CARTESIAN_POINT('',(-0.65,-0.125,0.));
#2665 = VERTEX_POINT('',#2666);
#2666 = CARTESIAN_POINT('',(-0.9,-0.125,0.));
#2667 = LINE('',#2668,#2669);
#2668 = CARTESIAN_POINT('',(-0.65,-0.125,0.));
#2669 = VECTOR('',#2670,1.);
#2670 = DIRECTION('',(-1.,4.669739647545E-16,0.));
#2671 = ORIENTED_EDGE('',*,*,#2672,.T.);
#2672 = EDGE_CURVE('',#2665,#2186,#2673,.T.);
#2673 = LINE('',#2674,#2675);
#2674 = CARTESIAN_POINT('',(-0.9,-0.125,0.));
#2675 = VECTOR('',#2676,1.);
#2676 = DIRECTION('',(0.,0.,1.));
#2677 = ORIENTED_EDGE('',*,*,#2185,.T.);
#2678 = ORIENTED_EDGE('',*,*,#2679,.F.);
#2679 = EDGE_CURVE('',#2663,#2188,#2680,.T.);
#2680 = LINE('',#2681,#2682);
#2681 = CARTESIAN_POINT('',(-0.65,-0.125,0.));
#2682 = VECTOR('',#2683,1.);
#2683 = DIRECTION('',(0.,0.,1.));
#2684 = PLANE('',#2685);
#2685 = AXIS2_PLACEMENT_3D('',#2686,#2687,#2688);
#2686 = CARTESIAN_POINT('',(-0.65,-0.125,0.));
#2687 = DIRECTION('',(-4.669739647545E-16,-1.,0.));
#2688 = DIRECTION('',(-1.,4.669739647545E-16,0.));
#2689 = ADVANCED_FACE('',(#2690),#2708,.F.);
#2690 = FACE_BOUND('',#2691,.T.);
#2691 = EDGE_LOOP('',(#2692,#2700,#2706,#2707));
#2692 = ORIENTED_EDGE('',*,*,#2693,.T.);
#2693 = EDGE_CURVE('',#2665,#2694,#2696,.T.);
#2694 = VERTEX_POINT('',#2695);
#2695 = CARTESIAN_POINT('',(-0.9,-0.375,0.));
#2696 = LINE('',#2697,#2698);
#2697 = CARTESIAN_POINT('',(-0.9,-0.125,0.));
#2698 = VECTOR('',#2699,1.);
#2699 = DIRECTION('',(-4.669739647545E-16,-1.,0.));
#2700 = ORIENTED_EDGE('',*,*,#2701,.T.);
#2701 = EDGE_CURVE('',#2694,#2196,#2702,.T.);
#2702 = LINE('',#2703,#2704);
#2703 = CARTESIAN_POINT('',(-0.9,-0.375,0.));
#2704 = VECTOR('',#2705,1.);
#2705 = DIRECTION('',(0.,0.,1.));
#2706 = ORIENTED_EDGE('',*,*,#2195,.T.);
#2707 = ORIENTED_EDGE('',*,*,#2672,.F.);
#2708 = PLANE('',#2709);
#2709 = AXIS2_PLACEMENT_3D('',#2710,#2711,#2712);
#2710 = CARTESIAN_POINT('',(-0.9,-0.125,0.));
#2711 = DIRECTION('',(1.,-4.669739647545E-16,0.));
#2712 = DIRECTION('',(-4.669739647545E-16,-1.,0.));
#2713 = ADVANCED_FACE('',(#2714),#2732,.F.);
#2714 = FACE_BOUND('',#2715,.T.);
#2715 = EDGE_LOOP('',(#2716,#2724,#2725,#2726));
#2716 = ORIENTED_EDGE('',*,*,#2717,.T.);
#2717 = EDGE_CURVE('',#2718,#2663,#2720,.T.);
#2718 = VERTEX_POINT('',#2719);
#2719 = CARTESIAN_POINT('',(-0.65,-0.375,0.));
#2720 = LINE('',#2721,#2722);
#2721 = CARTESIAN_POINT('',(-0.65,-0.375,0.));
#2722 = VECTOR('',#2723,1.);
#2723 = DIRECTION('',(4.669739647545E-16,1.,0.));
#2724 = ORIENTED_EDGE('',*,*,#2679,.T.);
#2725 = ORIENTED_EDGE('',*,*,#2211,.T.);
#2726 = ORIENTED_EDGE('',*,*,#2727,.F.);
#2727 = EDGE_CURVE('',#2718,#2204,#2728,.T.);
#2728 = LINE('',#2729,#2730);
#2729 = CARTESIAN_POINT('',(-0.65,-0.375,0.));
#2730 = VECTOR('',#2731,1.);
#2731 = DIRECTION('',(0.,0.,1.));
#2732 = PLANE('',#2733);
#2733 = AXIS2_PLACEMENT_3D('',#2734,#2735,#2736);
#2734 = CARTESIAN_POINT('',(-0.65,-0.375,0.));
#2735 = DIRECTION('',(-1.,4.669739647545E-16,0.));
#2736 = DIRECTION('',(4.669739647545E-16,1.,0.));
#2737 = ADVANCED_FACE('',(#2738),#2749,.F.);
#2738 = FACE_BOUND('',#2739,.T.);
#2739 = EDGE_LOOP('',(#2740,#2746,#2747,#2748));
#2740 = ORIENTED_EDGE('',*,*,#2741,.T.);
#2741 = EDGE_CURVE('',#2694,#2718,#2742,.T.);
#2742 = LINE('',#2743,#2744);
#2743 = CARTESIAN_POINT('',(-0.9,-0.375,0.));
#2744 = VECTOR('',#2745,1.);
#2745 = DIRECTION('',(1.,-4.669739647545E-16,0.));
#2746 = ORIENTED_EDGE('',*,*,#2727,.T.);
#2747 = ORIENTED_EDGE('',*,*,#2203,.T.);
#2748 = ORIENTED_EDGE('',*,*,#2701,.F.);
#2749 = PLANE('',#2750);
#2750 = AXIS2_PLACEMENT_3D('',#2751,#2752,#2753);
#2751 = CARTESIAN_POINT('',(-0.9,-0.375,0.));
#2752 = DIRECTION('',(4.669739647545E-16,1.,0.));
#2753 = DIRECTION('',(1.,-4.669739647545E-16,0.));
#2754 = ADVANCED_FACE('',(#2755),#2780,.F.);
#2755 = FACE_BOUND('',#2756,.T.);
#2756 = EDGE_LOOP('',(#2757,#2767,#2773,#2774));
#2757 = ORIENTED_EDGE('',*,*,#2758,.T.);
#2758 = EDGE_CURVE('',#2759,#2761,#2763,.T.);
#2759 = VERTEX_POINT('',#2760);
#2760 = CARTESIAN_POINT('',(-0.375,-0.9,0.));
#2761 = VERTEX_POINT('',#2762);
#2762 = CARTESIAN_POINT('',(-0.125,-0.9,0.));
#2763 = LINE('',#2764,#2765);
#2764 = CARTESIAN_POINT('',(-0.375,-0.9,0.));
#2765 = VECTOR('',#2766,1.);
#2766 = DIRECTION('',(1.,-5.665538897648E-16,0.));
#2767 = ORIENTED_EDGE('',*,*,#2768,.T.);
#2768 = EDGE_CURVE('',#2761,#2220,#2769,.T.);
#2769 = LINE('',#2770,#2771);
#2770 = CARTESIAN_POINT('',(-0.125,-0.9,0.));
#2771 = VECTOR('',#2772,1.);
#2772 = DIRECTION('',(0.,0.,1.));
#2773 = ORIENTED_EDGE('',*,*,#2219,.T.);
#2774 = ORIENTED_EDGE('',*,*,#2775,.F.);
#2775 = EDGE_CURVE('',#2759,#2222,#2776,.T.);
#2776 = LINE('',#2777,#2778);
#2777 = CARTESIAN_POINT('',(-0.375,-0.9,0.));
#2778 = VECTOR('',#2779,1.);
#2779 = DIRECTION('',(0.,0.,1.));
#2780 = PLANE('',#2781);
#2781 = AXIS2_PLACEMENT_3D('',#2782,#2783,#2784);
#2782 = CARTESIAN_POINT('',(-0.375,-0.9,0.));
#2783 = DIRECTION('',(5.665538897648E-16,1.,0.));
#2784 = DIRECTION('',(1.,-5.665538897648E-16,0.));
#2785 = ADVANCED_FACE('',(#2786),#2804,.F.);
#2786 = FACE_BOUND('',#2787,.T.);
#2787 = EDGE_LOOP('',(#2788,#2796,#2802,#2803));
#2788 = ORIENTED_EDGE('',*,*,#2789,.T.);
#2789 = EDGE_CURVE('',#2761,#2790,#2792,.T.);
#2790 = VERTEX_POINT('',#2791);
#2791 = CARTESIAN_POINT('',(-0.125,-0.65,0.));
#2792 = LINE('',#2793,#2794);
#2793 = CARTESIAN_POINT('',(-0.125,-0.9,0.));
#2794 = VECTOR('',#2795,1.);
#2795 = DIRECTION('',(5.665538897648E-16,1.,0.));
#2796 = ORIENTED_EDGE('',*,*,#2797,.T.);
#2797 = EDGE_CURVE('',#2790,#2230,#2798,.T.);
#2798 = LINE('',#2799,#2800);
#2799 = CARTESIAN_POINT('',(-0.125,-0.65,0.));
#2800 = VECTOR('',#2801,1.);
#2801 = DIRECTION('',(0.,0.,1.));
#2802 = ORIENTED_EDGE('',*,*,#2229,.T.);
#2803 = ORIENTED_EDGE('',*,*,#2768,.F.);
#2804 = PLANE('',#2805);
#2805 = AXIS2_PLACEMENT_3D('',#2806,#2807,#2808);
#2806 = CARTESIAN_POINT('',(-0.125,-0.9,0.));
#2807 = DIRECTION('',(-1.,5.665538897648E-16,0.));
#2808 = DIRECTION('',(5.665538897648E-16,1.,0.));
#2809 = ADVANCED_FACE('',(#2810),#2828,.F.);
#2810 = FACE_BOUND('',#2811,.T.);
#2811 = EDGE_LOOP('',(#2812,#2820,#2821,#2822));
#2812 = ORIENTED_EDGE('',*,*,#2813,.T.);
#2813 = EDGE_CURVE('',#2814,#2759,#2816,.T.);
#2814 = VERTEX_POINT('',#2815);
#2815 = CARTESIAN_POINT('',(-0.375,-0.65,0.));
#2816 = LINE('',#2817,#2818);
#2817 = CARTESIAN_POINT('',(-0.375,-0.65,0.));
#2818 = VECTOR('',#2819,1.);
#2819 = DIRECTION('',(-5.665538897648E-16,-1.,0.));
#2820 = ORIENTED_EDGE('',*,*,#2775,.T.);
#2821 = ORIENTED_EDGE('',*,*,#2245,.T.);
#2822 = ORIENTED_EDGE('',*,*,#2823,.F.);
#2823 = EDGE_CURVE('',#2814,#2238,#2824,.T.);
#2824 = LINE('',#2825,#2826);
#2825 = CARTESIAN_POINT('',(-0.375,-0.65,0.));
#2826 = VECTOR('',#2827,1.);
#2827 = DIRECTION('',(0.,0.,1.));
#2828 = PLANE('',#2829);
#2829 = AXIS2_PLACEMENT_3D('',#2830,#2831,#2832);
#2830 = CARTESIAN_POINT('',(-0.375,-0.65,0.));
#2831 = DIRECTION('',(1.,-5.665538897648E-16,0.));
#2832 = DIRECTION('',(-5.665538897648E-16,-1.,0.));
#2833 = ADVANCED_FACE('',(#2834),#2845,.F.);
#2834 = FACE_BOUND('',#2835,.T.);
#2835 = EDGE_LOOP('',(#2836,#2842,#2843,#2844));
#2836 = ORIENTED_EDGE('',*,*,#2837,.T.);
#2837 = EDGE_CURVE('',#2790,#2814,#2838,.T.);
#2838 = LINE('',#2839,#2840);
#2839 = CARTESIAN_POINT('',(-0.125,-0.65,0.));
#2840 = VECTOR('',#2841,1.);
#2841 = DIRECTION('',(-1.,5.665538897648E-16,0.));
#2842 = ORIENTED_EDGE('',*,*,#2823,.T.);
#2843 = ORIENTED_EDGE('',*,*,#2237,.T.);
#2844 = ORIENTED_EDGE('',*,*,#2797,.F.);
#2845 = PLANE('',#2846);
#2846 = AXIS2_PLACEMENT_3D('',#2847,#2848,#2849);
#2847 = CARTESIAN_POINT('',(-0.125,-0.65,0.));
#2848 = DIRECTION('',(-5.665538897648E-16,-1.,0.));
#2849 = DIRECTION('',(-1.,5.665538897648E-16,0.));
#2850 = ADVANCED_FACE('',(#2851),#2876,.F.);
#2851 = FACE_BOUND('',#2852,.T.);
#2852 = EDGE_LOOP('',(#2853,#2863,#2869,#2870));
#2853 = ORIENTED_EDGE('',*,*,#2854,.T.);
#2854 = EDGE_CURVE('',#2855,#2857,#2859,.T.);
#2855 = VERTEX_POINT('',#2856);
#2856 = CARTESIAN_POINT('',(0.65,-0.375,0.));
#2857 = VERTEX_POINT('',#2858);
#2858 = CARTESIAN_POINT('',(0.9,-0.375,0.));
#2859 = LINE('',#2860,#2861);
#2860 = CARTESIAN_POINT('',(0.65,-0.375,0.));
#2861 = VECTOR('',#2862,1.);
#2862 = DIRECTION('',(1.,-3.445092848398E-16,0.));
#2863 = ORIENTED_EDGE('',*,*,#2864,.T.);
#2864 = EDGE_CURVE('',#2857,#2254,#2865,.T.);
#2865 = LINE('',#2866,#2867);
#2866 = CARTESIAN_POINT('',(0.9,-0.375,0.));
#2867 = VECTOR('',#2868,1.);
#2868 = DIRECTION('',(0.,0.,1.));
#2869 = ORIENTED_EDGE('',*,*,#2253,.T.);
#2870 = ORIENTED_EDGE('',*,*,#2871,.F.);
#2871 = EDGE_CURVE('',#2855,#2256,#2872,.T.);
#2872 = LINE('',#2873,#2874);
#2873 = CARTESIAN_POINT('',(0.65,-0.375,0.));
#2874 = VECTOR('',#2875,1.);
#2875 = DIRECTION('',(0.,0.,1.));
#2876 = PLANE('',#2877);
#2877 = AXIS2_PLACEMENT_3D('',#2878,#2879,#2880);
#2878 = CARTESIAN_POINT('',(0.65,-0.375,0.));
#2879 = DIRECTION('',(3.445092848398E-16,1.,0.));
#2880 = DIRECTION('',(1.,-3.445092848398E-16,0.));
#2881 = ADVANCED_FACE('',(#2882),#2900,.F.);
#2882 = FACE_BOUND('',#2883,.T.);
#2883 = EDGE_LOOP('',(#2884,#2892,#2898,#2899));
#2884 = ORIENTED_EDGE('',*,*,#2885,.T.);
#2885 = EDGE_CURVE('',#2857,#2886,#2888,.T.);
#2886 = VERTEX_POINT('',#2887);
#2887 = CARTESIAN_POINT('',(0.9,-0.125,0.));
#2888 = LINE('',#2889,#2890);
#2889 = CARTESIAN_POINT('',(0.9,-0.375,0.));
#2890 = VECTOR('',#2891,1.);
#2891 = DIRECTION('',(3.445092848398E-16,1.,0.));
#2892 = ORIENTED_EDGE('',*,*,#2893,.T.);
#2893 = EDGE_CURVE('',#2886,#2264,#2894,.T.);
#2894 = LINE('',#2895,#2896);
#2895 = CARTESIAN_POINT('',(0.9,-0.125,0.));
#2896 = VECTOR('',#2897,1.);
#2897 = DIRECTION('',(0.,0.,1.));
#2898 = ORIENTED_EDGE('',*,*,#2263,.T.);
#2899 = ORIENTED_EDGE('',*,*,#2864,.F.);
#2900 = PLANE('',#2901);
#2901 = AXIS2_PLACEMENT_3D('',#2902,#2903,#2904);
#2902 = CARTESIAN_POINT('',(0.9,-0.375,0.));
#2903 = DIRECTION('',(-1.,3.445092848398E-16,0.));
#2904 = DIRECTION('',(3.445092848398E-16,1.,0.));
#2905 = ADVANCED_FACE('',(#2906),#2924,.F.);
#2906 = FACE_BOUND('',#2907,.T.);
#2907 = EDGE_LOOP('',(#2908,#2916,#2917,#2918));
#2908 = ORIENTED_EDGE('',*,*,#2909,.T.);
#2909 = EDGE_CURVE('',#2910,#2855,#2912,.T.);
#2910 = VERTEX_POINT('',#2911);
#2911 = CARTESIAN_POINT('',(0.65,-0.125,0.));
#2912 = LINE('',#2913,#2914);
#2913 = CARTESIAN_POINT('',(0.65,-0.125,0.));
#2914 = VECTOR('',#2915,1.);
#2915 = DIRECTION('',(-3.445092848398E-16,-1.,0.));
#2916 = ORIENTED_EDGE('',*,*,#2871,.T.);
#2917 = ORIENTED_EDGE('',*,*,#2279,.T.);
#2918 = ORIENTED_EDGE('',*,*,#2919,.F.);
#2919 = EDGE_CURVE('',#2910,#2272,#2920,.T.);
#2920 = LINE('',#2921,#2922);
#2921 = CARTESIAN_POINT('',(0.65,-0.125,0.));
#2922 = VECTOR('',#2923,1.);
#2923 = DIRECTION('',(0.,0.,1.));
#2924 = PLANE('',#2925);
#2925 = AXIS2_PLACEMENT_3D('',#2926,#2927,#2928);
#2926 = CARTESIAN_POINT('',(0.65,-0.125,0.));
#2927 = DIRECTION('',(1.,-3.445092848398E-16,0.));
#2928 = DIRECTION('',(-3.445092848398E-16,-1.,0.));
#2929 = ADVANCED_FACE('',(#2930),#2941,.F.);
#2930 = FACE_BOUND('',#2931,.T.);
#2931 = EDGE_LOOP('',(#2932,#2938,#2939,#2940));
#2932 = ORIENTED_EDGE('',*,*,#2933,.T.);
#2933 = EDGE_CURVE('',#2886,#2910,#2934,.T.);
#2934 = LINE('',#2935,#2936);
#2935 = CARTESIAN_POINT('',(0.9,-0.125,0.));
#2936 = VECTOR('',#2937,1.);
#2937 = DIRECTION('',(-1.,3.445092848398E-16,0.));
#2938 = ORIENTED_EDGE('',*,*,#2919,.T.);
#2939 = ORIENTED_EDGE('',*,*,#2271,.T.);
#2940 = ORIENTED_EDGE('',*,*,#2893,.F.);
#2941 = PLANE('',#2942);
#2942 = AXIS2_PLACEMENT_3D('',#2943,#2944,#2945);
#2943 = CARTESIAN_POINT('',(0.9,-0.125,0.));
#2944 = DIRECTION('',(-3.445092848398E-16,-1.,0.));
#2945 = DIRECTION('',(-1.,3.445092848398E-16,0.));
#2946 = ADVANCED_FACE('',(#2947),#2972,.F.);
#2947 = FACE_BOUND('',#2948,.T.);
#2948 = EDGE_LOOP('',(#2949,#2959,#2965,#2966));
#2949 = ORIENTED_EDGE('',*,*,#2950,.T.);
#2950 = EDGE_CURVE('',#2951,#2953,#2955,.T.);
#2951 = VERTEX_POINT('',#2952);
#2952 = CARTESIAN_POINT('',(0.65,-0.875,0.));
#2953 = VERTEX_POINT('',#2954);
#2954 = CARTESIAN_POINT('',(0.9,-0.875,0.));
#2955 = LINE('',#2956,#2957);
#2956 = CARTESIAN_POINT('',(0.65,-0.875,0.));
#2957 = VECTOR('',#2958,1.);
#2958 = DIRECTION('',(1.,-3.445092848398E-16,0.));
#2959 = ORIENTED_EDGE('',*,*,#2960,.T.);
#2960 = EDGE_CURVE('',#2953,#2288,#2961,.T.);
#2961 = LINE('',#2962,#2963);
#2962 = CARTESIAN_POINT('',(0.9,-0.875,0.));
#2963 = VECTOR('',#2964,1.);
#2964 = DIRECTION('',(0.,0.,1.));
#2965 = ORIENTED_EDGE('',*,*,#2287,.T.);
#2966 = ORIENTED_EDGE('',*,*,#2967,.F.);
#2967 = EDGE_CURVE('',#2951,#2290,#2968,.T.);
#2968 = LINE('',#2969,#2970);
#2969 = CARTESIAN_POINT('',(0.65,-0.875,0.));
#2970 = VECTOR('',#2971,1.);
#2971 = DIRECTION('',(0.,0.,1.));
#2972 = PLANE('',#2973);
#2973 = AXIS2_PLACEMENT_3D('',#2974,#2975,#2976);
#2974 = CARTESIAN_POINT('',(0.65,-0.875,0.));
#2975 = DIRECTION('',(3.445092848398E-16,1.,0.));
#2976 = DIRECTION('',(1.,-3.445092848398E-16,0.));
#2977 = ADVANCED_FACE('',(#2978),#2996,.F.);
#2978 = FACE_BOUND('',#2979,.T.);
#2979 = EDGE_LOOP('',(#2980,#2988,#2994,#2995));
#2980 = ORIENTED_EDGE('',*,*,#2981,.T.);
#2981 = EDGE_CURVE('',#2953,#2982,#2984,.T.);
#2982 = VERTEX_POINT('',#2983);
#2983 = CARTESIAN_POINT('',(0.9,-0.625,0.));
#2984 = LINE('',#2985,#2986);
#2985 = CARTESIAN_POINT('',(0.9,-0.875,0.));
#2986 = VECTOR('',#2987,1.);
#2987 = DIRECTION('',(3.445092848398E-16,1.,0.));
#2988 = ORIENTED_EDGE('',*,*,#2989,.T.);
#2989 = EDGE_CURVE('',#2982,#2298,#2990,.T.);
#2990 = LINE('',#2991,#2992);
#2991 = CARTESIAN_POINT('',(0.9,-0.625,0.));
#2992 = VECTOR('',#2993,1.);
#2993 = DIRECTION('',(0.,0.,1.));
#2994 = ORIENTED_EDGE('',*,*,#2297,.T.);
#2995 = ORIENTED_EDGE('',*,*,#2960,.F.);
#2996 = PLANE('',#2997);
#2997 = AXIS2_PLACEMENT_3D('',#2998,#2999,#3000);
#2998 = CARTESIAN_POINT('',(0.9,-0.875,0.));
#2999 = DIRECTION('',(-1.,3.445092848398E-16,0.));
#3000 = DIRECTION('',(3.445092848398E-16,1.,0.));
#3001 = ADVANCED_FACE('',(#3002),#3020,.F.);
#3002 = FACE_BOUND('',#3003,.T.);
#3003 = EDGE_LOOP('',(#3004,#3012,#3013,#3014));
#3004 = ORIENTED_EDGE('',*,*,#3005,.T.);
#3005 = EDGE_CURVE('',#3006,#2951,#3008,.T.);
#3006 = VERTEX_POINT('',#3007);
#3007 = CARTESIAN_POINT('',(0.65,-0.625,0.));
#3008 = LINE('',#3009,#3010);
#3009 = CARTESIAN_POINT('',(0.65,-0.625,0.));
#3010 = VECTOR('',#3011,1.);
#3011 = DIRECTION('',(-3.445092848398E-16,-1.,0.));
#3012 = ORIENTED_EDGE('',*,*,#2967,.T.);
#3013 = ORIENTED_EDGE('',*,*,#2313,.T.);
#3014 = ORIENTED_EDGE('',*,*,#3015,.F.);
#3015 = EDGE_CURVE('',#3006,#2306,#3016,.T.);
#3016 = LINE('',#3017,#3018);
#3017 = CARTESIAN_POINT('',(0.65,-0.625,0.));
#3018 = VECTOR('',#3019,1.);
#3019 = DIRECTION('',(0.,0.,1.));
#3020 = PLANE('',#3021);
#3021 = AXIS2_PLACEMENT_3D('',#3022,#3023,#3024);
#3022 = CARTESIAN_POINT('',(0.65,-0.625,0.));
#3023 = DIRECTION('',(1.,-3.445092848398E-16,0.));
#3024 = DIRECTION('',(-3.445092848398E-16,-1.,0.));
#3025 = ADVANCED_FACE('',(#3026),#3037,.F.);
#3026 = FACE_BOUND('',#3027,.T.);
#3027 = EDGE_LOOP('',(#3028,#3034,#3035,#3036));
#3028 = ORIENTED_EDGE('',*,*,#3029,.T.);
#3029 = EDGE_CURVE('',#2982,#3006,#3030,.T.);
#3030 = LINE('',#3031,#3032);
#3031 = CARTESIAN_POINT('',(0.9,-0.625,0.));
#3032 = VECTOR('',#3033,1.);
#3033 = DIRECTION('',(-1.,3.445092848398E-16,0.));
#3034 = ORIENTED_EDGE('',*,*,#3015,.T.);
#3035 = ORIENTED_EDGE('',*,*,#2305,.T.);
#3036 = ORIENTED_EDGE('',*,*,#2989,.F.);
#3037 = PLANE('',#3038);
#3038 = AXIS2_PLACEMENT_3D('',#3039,#3040,#3041);
#3039 = CARTESIAN_POINT('',(0.9,-0.625,0.));
#3040 = DIRECTION('',(-3.445092848398E-16,-1.,0.));
#3041 = DIRECTION('',(-1.,3.445092848398E-16,0.));
#3042 = ADVANCED_FACE('',(#3043),#3068,.F.);
#3043 = FACE_BOUND('',#3044,.T.);
#3044 = EDGE_LOOP('',(#3045,#3055,#3061,#3062));
#3045 = ORIENTED_EDGE('',*,*,#3046,.T.);
#3046 = EDGE_CURVE('',#3047,#3049,#3051,.T.);
#3047 = VERTEX_POINT('',#3048);
#3048 = CARTESIAN_POINT('',(0.375,-0.9,0.));
#3049 = VERTEX_POINT('',#3050);
#3050 = CARTESIAN_POINT('',(0.375,-0.65,0.));
#3051 = LINE('',#3052,#3053);
#3052 = CARTESIAN_POINT('',(0.375,-0.9,0.));
#3053 = VECTOR('',#3054,1.);
#3054 = DIRECTION('',(5.665538897648E-16,1.,0.));
#3055 = ORIENTED_EDGE('',*,*,#3056,.T.);
#3056 = EDGE_CURVE('',#3049,#2322,#3057,.T.);
#3057 = LINE('',#3058,#3059);
#3058 = CARTESIAN_POINT('',(0.375,-0.65,0.));
#3059 = VECTOR('',#3060,1.);
#3060 = DIRECTION('',(0.,0.,1.));
#3061 = ORIENTED_EDGE('',*,*,#2321,.T.);
#3062 = ORIENTED_EDGE('',*,*,#3063,.F.);
#3063 = EDGE_CURVE('',#3047,#2324,#3064,.T.);
#3064 = LINE('',#3065,#3066);
#3065 = CARTESIAN_POINT('',(0.375,-0.9,0.));
#3066 = VECTOR('',#3067,1.);
#3067 = DIRECTION('',(0.,0.,1.));
#3068 = PLANE('',#3069);
#3069 = AXIS2_PLACEMENT_3D('',#3070,#3071,#3072);
#3070 = CARTESIAN_POINT('',(0.375,-0.9,0.));
#3071 = DIRECTION('',(-1.,5.665538897648E-16,0.));
#3072 = DIRECTION('',(5.665538897648E-16,1.,0.));
#3073 = ADVANCED_FACE('',(#3074),#3092,.F.);
#3074 = FACE_BOUND('',#3075,.T.);
#3075 = EDGE_LOOP('',(#3076,#3084,#3090,#3091));
#3076 = ORIENTED_EDGE('',*,*,#3077,.T.);
#3077 = EDGE_CURVE('',#3049,#3078,#3080,.T.);
#3078 = VERTEX_POINT('',#3079);
#3079 = CARTESIAN_POINT('',(0.125,-0.65,0.));
#3080 = LINE('',#3081,#3082);
#3081 = CARTESIAN_POINT('',(0.375,-0.65,0.));
#3082 = VECTOR('',#3083,1.);
#3083 = DIRECTION('',(-1.,5.665538897648E-16,0.));
#3084 = ORIENTED_EDGE('',*,*,#3085,.T.);
#3085 = EDGE_CURVE('',#3078,#2332,#3086,.T.);
#3086 = LINE('',#3087,#3088);
#3087 = CARTESIAN_POINT('',(0.125,-0.65,0.));
#3088 = VECTOR('',#3089,1.);
#3089 = DIRECTION('',(0.,0.,1.));
#3090 = ORIENTED_EDGE('',*,*,#2331,.T.);
#3091 = ORIENTED_EDGE('',*,*,#3056,.F.);
#3092 = PLANE('',#3093);
#3093 = AXIS2_PLACEMENT_3D('',#3094,#3095,#3096);
#3094 = CARTESIAN_POINT('',(0.375,-0.65,0.));
#3095 = DIRECTION('',(-5.665538897648E-16,-1.,0.));
#3096 = DIRECTION('',(-1.,5.665538897648E-16,0.));
#3097 = ADVANCED_FACE('',(#3098),#3116,.F.);
#3098 = FACE_BOUND('',#3099,.T.);
#3099 = EDGE_LOOP('',(#3100,#3108,#3109,#3110));
#3100 = ORIENTED_EDGE('',*,*,#3101,.T.);
#3101 = EDGE_CURVE('',#3102,#3047,#3104,.T.);
#3102 = VERTEX_POINT('',#3103);
#3103 = CARTESIAN_POINT('',(0.125,-0.9,0.));
#3104 = LINE('',#3105,#3106);
#3105 = CARTESIAN_POINT('',(0.125,-0.9,0.));
#3106 = VECTOR('',#3107,1.);
#3107 = DIRECTION('',(1.,-5.665538897648E-16,0.));
#3108 = ORIENTED_EDGE('',*,*,#3063,.T.);
#3109 = ORIENTED_EDGE('',*,*,#2347,.T.);
#3110 = ORIENTED_EDGE('',*,*,#3111,.F.);
#3111 = EDGE_CURVE('',#3102,#2340,#3112,.T.);
#3112 = LINE('',#3113,#3114);
#3113 = CARTESIAN_POINT('',(0.125,-0.9,0.));
#3114 = VECTOR('',#3115,1.);
#3115 = DIRECTION('',(0.,0.,1.));
#3116 = PLANE('',#3117);
#3117 = AXIS2_PLACEMENT_3D('',#3118,#3119,#3120);
#3118 = CARTESIAN_POINT('',(0.125,-0.9,0.));
#3119 = DIRECTION('',(5.665538897648E-16,1.,0.));
#3120 = DIRECTION('',(1.,-5.665538897648E-16,0.));
#3121 = ADVANCED_FACE('',(#3122),#3133,.F.);
#3122 = FACE_BOUND('',#3123,.T.);
#3123 = EDGE_LOOP('',(#3124,#3130,#3131,#3132));
#3124 = ORIENTED_EDGE('',*,*,#3125,.T.);
#3125 = EDGE_CURVE('',#3078,#3102,#3126,.T.);
#3126 = LINE('',#3127,#3128);
#3127 = CARTESIAN_POINT('',(0.125,-0.65,0.));
#3128 = VECTOR('',#3129,1.);
#3129 = DIRECTION('',(-5.665538897648E-16,-1.,0.));
#3130 = ORIENTED_EDGE('',*,*,#3111,.T.);
#3131 = ORIENTED_EDGE('',*,*,#2339,.T.);
#3132 = ORIENTED_EDGE('',*,*,#3085,.F.);
#3133 = PLANE('',#3134);
#3134 = AXIS2_PLACEMENT_3D('',#3135,#3136,#3137);
#3135 = CARTESIAN_POINT('',(0.125,-0.65,0.));
#3136 = DIRECTION('',(1.,-5.665538897648E-16,0.));
#3137 = DIRECTION('',(-5.665538897648E-16,-1.,0.));
#3138 = ADVANCED_FACE('',(#3139),#3164,.F.);
#3139 = FACE_BOUND('',#3140,.T.);
#3140 = EDGE_LOOP('',(#3141,#3151,#3157,#3158));
#3141 = ORIENTED_EDGE('',*,*,#3142,.T.);
#3142 = EDGE_CURVE('',#3143,#3145,#3147,.T.);
#3143 = VERTEX_POINT('',#3144);
#3144 = CARTESIAN_POINT('',(0.65,0.625,0.));
#3145 = VERTEX_POINT('',#3146);
#3146 = CARTESIAN_POINT('',(0.9,0.625,0.));
#3147 = LINE('',#3148,#3149);
#3148 = CARTESIAN_POINT('',(0.65,0.625,0.));
#3149 = VECTOR('',#3150,1.);
#3150 = DIRECTION('',(1.,-3.445092848398E-16,0.));
#3151 = ORIENTED_EDGE('',*,*,#3152,.T.);
#3152 = EDGE_CURVE('',#3145,#2356,#3153,.T.);
#3153 = LINE('',#3154,#3155);
#3154 = CARTESIAN_POINT('',(0.9,0.625,0.));
#3155 = VECTOR('',#3156,1.);
#3156 = DIRECTION('',(0.,0.,1.));
#3157 = ORIENTED_EDGE('',*,*,#2355,.T.);
#3158 = ORIENTED_EDGE('',*,*,#3159,.F.);
#3159 = EDGE_CURVE('',#3143,#2358,#3160,.T.);
#3160 = LINE('',#3161,#3162);
#3161 = CARTESIAN_POINT('',(0.65,0.625,0.));
#3162 = VECTOR('',#3163,1.);
#3163 = DIRECTION('',(0.,0.,1.));
#3164 = PLANE('',#3165);
#3165 = AXIS2_PLACEMENT_3D('',#3166,#3167,#3168);
#3166 = CARTESIAN_POINT('',(0.65,0.625,0.));
#3167 = DIRECTION('',(3.445092848398E-16,1.,0.));
#3168 = DIRECTION('',(1.,-3.445092848398E-16,0.));
#3169 = ADVANCED_FACE('',(#3170),#3188,.F.);
#3170 = FACE_BOUND('',#3171,.T.);
#3171 = EDGE_LOOP('',(#3172,#3180,#3186,#3187));
#3172 = ORIENTED_EDGE('',*,*,#3173,.T.);
#3173 = EDGE_CURVE('',#3145,#3174,#3176,.T.);
#3174 = VERTEX_POINT('',#3175);
#3175 = CARTESIAN_POINT('',(0.9,0.875,0.));
#3176 = LINE('',#3177,#3178);
#3177 = CARTESIAN_POINT('',(0.9,0.625,0.));
#3178 = VECTOR('',#3179,1.);
#3179 = DIRECTION('',(3.445092848398E-16,1.,0.));
#3180 = ORIENTED_EDGE('',*,*,#3181,.T.);
#3181 = EDGE_CURVE('',#3174,#2366,#3182,.T.);
#3182 = LINE('',#3183,#3184);
#3183 = CARTESIAN_POINT('',(0.9,0.875,0.));
#3184 = VECTOR('',#3185,1.);
#3185 = DIRECTION('',(0.,0.,1.));
#3186 = ORIENTED_EDGE('',*,*,#2365,.T.);
#3187 = ORIENTED_EDGE('',*,*,#3152,.F.);
#3188 = PLANE('',#3189);
#3189 = AXIS2_PLACEMENT_3D('',#3190,#3191,#3192);
#3190 = CARTESIAN_POINT('',(0.9,0.625,0.));
#3191 = DIRECTION('',(-1.,3.445092848398E-16,0.));
#3192 = DIRECTION('',(3.445092848398E-16,1.,0.));
#3193 = ADVANCED_FACE('',(#3194),#3212,.F.);
#3194 = FACE_BOUND('',#3195,.T.);
#3195 = EDGE_LOOP('',(#3196,#3204,#3205,#3206));
#3196 = ORIENTED_EDGE('',*,*,#3197,.T.);
#3197 = EDGE_CURVE('',#3198,#3143,#3200,.T.);
#3198 = VERTEX_POINT('',#3199);
#3199 = CARTESIAN_POINT('',(0.65,0.875,0.));
#3200 = LINE('',#3201,#3202);
#3201 = CARTESIAN_POINT('',(0.65,0.875,0.));
#3202 = VECTOR('',#3203,1.);
#3203 = DIRECTION('',(-3.445092848398E-16,-1.,0.));
#3204 = ORIENTED_EDGE('',*,*,#3159,.T.);
#3205 = ORIENTED_EDGE('',*,*,#2381,.T.);
#3206 = ORIENTED_EDGE('',*,*,#3207,.F.);
#3207 = EDGE_CURVE('',#3198,#2374,#3208,.T.);
#3208 = LINE('',#3209,#3210);
#3209 = CARTESIAN_POINT('',(0.65,0.875,0.));
#3210 = VECTOR('',#3211,1.);
#3211 = DIRECTION('',(0.,0.,1.));
#3212 = PLANE('',#3213);
#3213 = AXIS2_PLACEMENT_3D('',#3214,#3215,#3216);
#3214 = CARTESIAN_POINT('',(0.65,0.875,0.));
#3215 = DIRECTION('',(1.,-3.445092848398E-16,0.));
#3216 = DIRECTION('',(-3.445092848398E-16,-1.,0.));
#3217 = ADVANCED_FACE('',(#3218),#3229,.F.);
#3218 = FACE_BOUND('',#3219,.T.);
#3219 = EDGE_LOOP('',(#3220,#3226,#3227,#3228));
#3220 = ORIENTED_EDGE('',*,*,#3221,.T.);
#3221 = EDGE_CURVE('',#3174,#3198,#3222,.T.);
#3222 = LINE('',#3223,#3224);
#3223 = CARTESIAN_POINT('',(0.9,0.875,0.));
#3224 = VECTOR('',#3225,1.);
#3225 = DIRECTION('',(-1.,3.445092848398E-16,0.));
#3226 = ORIENTED_EDGE('',*,*,#3207,.T.);
#3227 = ORIENTED_EDGE('',*,*,#2373,.T.);
#3228 = ORIENTED_EDGE('',*,*,#3181,.F.);
#3229 = PLANE('',#3230);
#3230 = AXIS2_PLACEMENT_3D('',#3231,#3232,#3233);
#3231 = CARTESIAN_POINT('',(0.9,0.875,0.));
#3232 = DIRECTION('',(-3.445092848398E-16,-1.,0.));
#3233 = DIRECTION('',(-1.,3.445092848398E-16,0.));
#3234 = ADVANCED_FACE('',(#3235),#3260,.F.);
#3235 = FACE_BOUND('',#3236,.T.);
#3236 = EDGE_LOOP('',(#3237,#3247,#3253,#3254));
#3237 = ORIENTED_EDGE('',*,*,#3238,.T.);
#3238 = EDGE_CURVE('',#3239,#3241,#3243,.T.);
#3239 = VERTEX_POINT('',#3240);
#3240 = CARTESIAN_POINT('',(0.375,0.65,0.));
#3241 = VERTEX_POINT('',#3242);
#3242 = CARTESIAN_POINT('',(0.375,0.9,0.));
#3243 = LINE('',#3244,#3245);
#3244 = CARTESIAN_POINT('',(0.375,0.65,0.));
#3245 = VECTOR('',#3246,1.);
#3246 = DIRECTION('',(4.555315873023E-16,1.,0.));
#3247 = ORIENTED_EDGE('',*,*,#3248,.T.);
#3248 = EDGE_CURVE('',#3241,#2390,#3249,.T.);
#3249 = LINE('',#3250,#3251);
#3250 = CARTESIAN_POINT('',(0.375,0.9,0.));
#3251 = VECTOR('',#3252,1.);
#3252 = DIRECTION('',(0.,0.,1.));
#3253 = ORIENTED_EDGE('',*,*,#2389,.T.);
#3254 = ORIENTED_EDGE('',*,*,#3255,.F.);
#3255 = EDGE_CURVE('',#3239,#2392,#3256,.T.);
#3256 = LINE('',#3257,#3258);
#3257 = CARTESIAN_POINT('',(0.375,0.65,0.));
#3258 = VECTOR('',#3259,1.);
#3259 = DIRECTION('',(0.,0.,1.));
#3260 = PLANE('',#3261);
#3261 = AXIS2_PLACEMENT_3D('',#3262,#3263,#3264);
#3262 = CARTESIAN_POINT('',(0.375,0.65,0.));
#3263 = DIRECTION('',(-1.,4.555315873023E-16,0.));
#3264 = DIRECTION('',(4.555315873023E-16,1.,0.));
#3265 = ADVANCED_FACE('',(#3266),#3284,.F.);
#3266 = FACE_BOUND('',#3267,.T.);
#3267 = EDGE_LOOP('',(#3268,#3276,#3282,#3283));
#3268 = ORIENTED_EDGE('',*,*,#3269,.T.);
#3269 = EDGE_CURVE('',#3241,#3270,#3272,.T.);
#3270 = VERTEX_POINT('',#3271);
#3271 = CARTESIAN_POINT('',(0.125,0.9,0.));
#3272 = LINE('',#3273,#3274);
#3273 = CARTESIAN_POINT('',(0.375,0.9,0.));
#3274 = VECTOR('',#3275,1.);
#3275 = DIRECTION('',(-1.,4.555315873023E-16,0.));
#3276 = ORIENTED_EDGE('',*,*,#3277,.T.);
#3277 = EDGE_CURVE('',#3270,#2400,#3278,.T.);
#3278 = LINE('',#3279,#3280);
#3279 = CARTESIAN_POINT('',(0.125,0.9,0.));
#3280 = VECTOR('',#3281,1.);
#3281 = DIRECTION('',(0.,0.,1.));
#3282 = ORIENTED_EDGE('',*,*,#2399,.T.);
#3283 = ORIENTED_EDGE('',*,*,#3248,.F.);
#3284 = PLANE('',#3285);
#3285 = AXIS2_PLACEMENT_3D('',#3286,#3287,#3288);
#3286 = CARTESIAN_POINT('',(0.375,0.9,0.));
#3287 = DIRECTION('',(-4.555315873023E-16,-1.,0.));
#3288 = DIRECTION('',(-1.,4.555315873023E-16,0.));
#3289 = ADVANCED_FACE('',(#3290),#3308,.F.);
#3290 = FACE_BOUND('',#3291,.T.);
#3291 = EDGE_LOOP('',(#3292,#3300,#3301,#3302));
#3292 = ORIENTED_EDGE('',*,*,#3293,.T.);
#3293 = EDGE_CURVE('',#3294,#3239,#3296,.T.);
#3294 = VERTEX_POINT('',#3295);
#3295 = CARTESIAN_POINT('',(0.125,0.65,0.));
#3296 = LINE('',#3297,#3298);
#3297 = CARTESIAN_POINT('',(0.125,0.65,0.));
#3298 = VECTOR('',#3299,1.);
#3299 = DIRECTION('',(1.,-4.555315873023E-16,0.));
#3300 = ORIENTED_EDGE('',*,*,#3255,.T.);
#3301 = ORIENTED_EDGE('',*,*,#2415,.T.);
#3302 = ORIENTED_EDGE('',*,*,#3303,.F.);
#3303 = EDGE_CURVE('',#3294,#2408,#3304,.T.);
#3304 = LINE('',#3305,#3306);
#3305 = CARTESIAN_POINT('',(0.125,0.65,0.));
#3306 = VECTOR('',#3307,1.);
#3307 = DIRECTION('',(0.,0.,1.));
#3308 = PLANE('',#3309);
#3309 = AXIS2_PLACEMENT_3D('',#3310,#3311,#3312);
#3310 = CARTESIAN_POINT('',(0.125,0.65,0.));
#3311 = DIRECTION('',(4.555315873023E-16,1.,0.));
#3312 = DIRECTION('',(1.,-4.555315873023E-16,0.));
#3313 = ADVANCED_FACE('',(#3314),#3325,.F.);
#3314 = FACE_BOUND('',#3315,.T.);
#3315 = EDGE_LOOP('',(#3316,#3322,#3323,#3324));
#3316 = ORIENTED_EDGE('',*,*,#3317,.T.);
#3317 = EDGE_CURVE('',#3270,#3294,#3318,.T.);
#3318 = LINE('',#3319,#3320);
#3319 = CARTESIAN_POINT('',(0.125,0.9,0.));
#3320 = VECTOR('',#3321,1.);
#3321 = DIRECTION('',(-4.555315873023E-16,-1.,0.));
#3322 = ORIENTED_EDGE('',*,*,#3303,.T.);
#3323 = ORIENTED_EDGE('',*,*,#2407,.T.);
#3324 = ORIENTED_EDGE('',*,*,#3277,.F.);
#3325 = PLANE('',#3326);
#3326 = AXIS2_PLACEMENT_3D('',#3327,#3328,#3329);
#3327 = CARTESIAN_POINT('',(0.125,0.9,0.));
#3328 = DIRECTION('',(1.,-4.555315873023E-16,0.));
#3329 = DIRECTION('',(-4.555315873023E-16,-1.,0.));
#3330 = ADVANCED_FACE('',(#3331),#3356,.F.);
#3331 = FACE_BOUND('',#3332,.T.);
#3332 = EDGE_LOOP('',(#3333,#3343,#3349,#3350));
#3333 = ORIENTED_EDGE('',*,*,#3334,.T.);
#3334 = EDGE_CURVE('',#3335,#3337,#3339,.T.);
#3335 = VERTEX_POINT('',#3336);
#3336 = CARTESIAN_POINT('',(0.65,0.375,0.));
#3337 = VERTEX_POINT('',#3338);
#3338 = CARTESIAN_POINT('',(0.65,0.125,0.));
#3339 = LINE('',#3340,#3341);
#3340 = CARTESIAN_POINT('',(0.65,0.375,0.));
#3341 = VECTOR('',#3342,1.);
#3342 = DIRECTION('',(-3.445092848398E-16,-1.,0.));
#3343 = ORIENTED_EDGE('',*,*,#3344,.T.);
#3344 = EDGE_CURVE('',#3337,#2424,#3345,.T.);
#3345 = LINE('',#3346,#3347);
#3346 = CARTESIAN_POINT('',(0.65,0.125,0.));
#3347 = VECTOR('',#3348,1.);
#3348 = DIRECTION('',(0.,0.,1.));
#3349 = ORIENTED_EDGE('',*,*,#2423,.T.);
#3350 = ORIENTED_EDGE('',*,*,#3351,.F.);
#3351 = EDGE_CURVE('',#3335,#2426,#3352,.T.);
#3352 = LINE('',#3353,#3354);
#3353 = CARTESIAN_POINT('',(0.65,0.375,0.));
#3354 = VECTOR('',#3355,1.);
#3355 = DIRECTION('',(0.,0.,1.));
#3356 = PLANE('',#3357);
#3357 = AXIS2_PLACEMENT_3D('',#3358,#3359,#3360);
#3358 = CARTESIAN_POINT('',(0.65,0.375,0.));
#3359 = DIRECTION('',(1.,-3.445092848398E-16,0.));
#3360 = DIRECTION('',(-3.445092848398E-16,-1.,0.));
#3361 = ADVANCED_FACE('',(#3362),#3380,.F.);
#3362 = FACE_BOUND('',#3363,.T.);
#3363 = EDGE_LOOP('',(#3364,#3372,#3378,#3379));
#3364 = ORIENTED_EDGE('',*,*,#3365,.T.);
#3365 = EDGE_CURVE('',#3337,#3366,#3368,.T.);
#3366 = VERTEX_POINT('',#3367);
#3367 = CARTESIAN_POINT('',(0.9,0.125,0.));
#3368 = LINE('',#3369,#3370);
#3369 = CARTESIAN_POINT('',(0.65,0.125,0.));
#3370 = VECTOR('',#3371,1.);
#3371 = DIRECTION('',(1.,-3.445092848398E-16,0.));
#3372 = ORIENTED_EDGE('',*,*,#3373,.T.);
#3373 = EDGE_CURVE('',#3366,#2434,#3374,.T.);
#3374 = LINE('',#3375,#3376);
#3375 = CARTESIAN_POINT('',(0.9,0.125,0.));
#3376 = VECTOR('',#3377,1.);
#3377 = DIRECTION('',(0.,0.,1.));
#3378 = ORIENTED_EDGE('',*,*,#2433,.T.);
#3379 = ORIENTED_EDGE('',*,*,#3344,.F.);
#3380 = PLANE('',#3381);
#3381 = AXIS2_PLACEMENT_3D('',#3382,#3383,#3384);
#3382 = CARTESIAN_POINT('',(0.65,0.125,0.));
#3383 = DIRECTION('',(3.445092848398E-16,1.,0.));
#3384 = DIRECTION('',(1.,-3.445092848398E-16,0.));
#3385 = ADVANCED_FACE('',(#3386),#3404,.F.);
#3386 = FACE_BOUND('',#3387,.T.);
#3387 = EDGE_LOOP('',(#3388,#3396,#3397,#3398));
#3388 = ORIENTED_EDGE('',*,*,#3389,.T.);
#3389 = EDGE_CURVE('',#3390,#3335,#3392,.T.);
#3390 = VERTEX_POINT('',#3391);
#3391 = CARTESIAN_POINT('',(0.9,0.375,0.));
#3392 = LINE('',#3393,#3394);
#3393 = CARTESIAN_POINT('',(0.9,0.375,0.));
#3394 = VECTOR('',#3395,1.);
#3395 = DIRECTION('',(-1.,3.445092848398E-16,0.));
#3396 = ORIENTED_EDGE('',*,*,#3351,.T.);
#3397 = ORIENTED_EDGE('',*,*,#2449,.T.);
#3398 = ORIENTED_EDGE('',*,*,#3399,.F.);
#3399 = EDGE_CURVE('',#3390,#2442,#3400,.T.);
#3400 = LINE('',#3401,#3402);
#3401 = CARTESIAN_POINT('',(0.9,0.375,0.));
#3402 = VECTOR('',#3403,1.);
#3403 = DIRECTION('',(0.,0.,1.));
#3404 = PLANE('',#3405);
#3405 = AXIS2_PLACEMENT_3D('',#3406,#3407,#3408);
#3406 = CARTESIAN_POINT('',(0.9,0.375,0.));
#3407 = DIRECTION('',(-3.445092848398E-16,-1.,0.));
#3408 = DIRECTION('',(-1.,3.445092848398E-16,0.));
#3409 = ADVANCED_FACE('',(#3410),#3421,.F.);
#3410 = FACE_BOUND('',#3411,.T.);
#3411 = EDGE_LOOP('',(#3412,#3418,#3419,#3420));
#3412 = ORIENTED_EDGE('',*,*,#3413,.T.);
#3413 = EDGE_CURVE('',#3366,#3390,#3414,.T.);
#3414 = LINE('',#3415,#3416);
#3415 = CARTESIAN_POINT('',(0.9,0.125,0.));
#3416 = VECTOR('',#3417,1.);
#3417 = DIRECTION('',(3.445092848398E-16,1.,0.));
#3418 = ORIENTED_EDGE('',*,*,#3399,.T.);
#3419 = ORIENTED_EDGE('',*,*,#2441,.T.);
#3420 = ORIENTED_EDGE('',*,*,#3373,.F.);
#3421 = PLANE('',#3422);
#3422 = AXIS2_PLACEMENT_3D('',#3423,#3424,#3425);
#3423 = CARTESIAN_POINT('',(0.9,0.125,0.));
#3424 = DIRECTION('',(-1.,3.445092848398E-16,0.));
#3425 = DIRECTION('',(3.445092848398E-16,1.,0.));
#3426 = ADVANCED_FACE('',(#3427),#3452,.F.);
#3427 = FACE_BOUND('',#3428,.T.);
#3428 = EDGE_LOOP('',(#3429,#3439,#3445,#3446));
#3429 = ORIENTED_EDGE('',*,*,#3430,.T.);
#3430 = EDGE_CURVE('',#3431,#3433,#3435,.T.);
#3431 = VERTEX_POINT('',#3432);
#3432 = CARTESIAN_POINT('',(-0.65,0.875,0.));
#3433 = VERTEX_POINT('',#3434);
#3434 = CARTESIAN_POINT('',(-0.9,0.875,0.));
#3435 = LINE('',#3436,#3437);
#3436 = CARTESIAN_POINT('',(-0.65,0.875,0.));
#3437 = VECTOR('',#3438,1.);
#3438 = DIRECTION('',(-1.,4.669739647545E-16,0.));
#3439 = ORIENTED_EDGE('',*,*,#3440,.T.);
#3440 = EDGE_CURVE('',#3433,#2458,#3441,.T.);
#3441 = LINE('',#3442,#3443);
#3442 = CARTESIAN_POINT('',(-0.9,0.875,0.));
#3443 = VECTOR('',#3444,1.);
#3444 = DIRECTION('',(0.,0.,1.));
#3445 = ORIENTED_EDGE('',*,*,#2457,.T.);
#3446 = ORIENTED_EDGE('',*,*,#3447,.F.);
#3447 = EDGE_CURVE('',#3431,#2460,#3448,.T.);
#3448 = LINE('',#3449,#3450);
#3449 = CARTESIAN_POINT('',(-0.65,0.875,0.));
#3450 = VECTOR('',#3451,1.);
#3451 = DIRECTION('',(0.,0.,1.));
#3452 = PLANE('',#3453);
#3453 = AXIS2_PLACEMENT_3D('',#3454,#3455,#3456);
#3454 = CARTESIAN_POINT('',(-0.65,0.875,0.));
#3455 = DIRECTION('',(-4.669739647545E-16,-1.,0.));
#3456 = DIRECTION('',(-1.,4.669739647545E-16,0.));
#3457 = ADVANCED_FACE('',(#3458),#3476,.F.);
#3458 = FACE_BOUND('',#3459,.T.);
#3459 = EDGE_LOOP('',(#3460,#3468,#3474,#3475));
#3460 = ORIENTED_EDGE('',*,*,#3461,.T.);
#3461 = EDGE_CURVE('',#3433,#3462,#3464,.T.);
#3462 = VERTEX_POINT('',#3463);
#3463 = CARTESIAN_POINT('',(-0.9,0.625,0.));
#3464 = LINE('',#3465,#3466);
#3465 = CARTESIAN_POINT('',(-0.9,0.875,0.));
#3466 = VECTOR('',#3467,1.);
#3467 = DIRECTION('',(-4.669739647545E-16,-1.,0.));
#3468 = ORIENTED_EDGE('',*,*,#3469,.T.);
#3469 = EDGE_CURVE('',#3462,#2468,#3470,.T.);
#3470 = LINE('',#3471,#3472);
#3471 = CARTESIAN_POINT('',(-0.9,0.625,0.));
#3472 = VECTOR('',#3473,1.);
#3473 = DIRECTION('',(0.,0.,1.));
#3474 = ORIENTED_EDGE('',*,*,#2467,.T.);
#3475 = ORIENTED_EDGE('',*,*,#3440,.F.);
#3476 = PLANE('',#3477);
#3477 = AXIS2_PLACEMENT_3D('',#3478,#3479,#3480);
#3478 = CARTESIAN_POINT('',(-0.9,0.875,0.));
#3479 = DIRECTION('',(1.,-4.669739647545E-16,0.));
#3480 = DIRECTION('',(-4.669739647545E-16,-1.,0.));
#3481 = ADVANCED_FACE('',(#3482),#3500,.F.);
#3482 = FACE_BOUND('',#3483,.T.);
#3483 = EDGE_LOOP('',(#3484,#3492,#3493,#3494));
#3484 = ORIENTED_EDGE('',*,*,#3485,.T.);
#3485 = EDGE_CURVE('',#3486,#3431,#3488,.T.);
#3486 = VERTEX_POINT('',#3487);
#3487 = CARTESIAN_POINT('',(-0.65,0.625,0.));
#3488 = LINE('',#3489,#3490);
#3489 = CARTESIAN_POINT('',(-0.65,0.625,0.));
#3490 = VECTOR('',#3491,1.);
#3491 = DIRECTION('',(4.669739647545E-16,1.,0.));
#3492 = ORIENTED_EDGE('',*,*,#3447,.T.);
#3493 = ORIENTED_EDGE('',*,*,#2483,.T.);
#3494 = ORIENTED_EDGE('',*,*,#3495,.F.);
#3495 = EDGE_CURVE('',#3486,#2476,#3496,.T.);
#3496 = LINE('',#3497,#3498);
#3497 = CARTESIAN_POINT('',(-0.65,0.625,0.));
#3498 = VECTOR('',#3499,1.);
#3499 = DIRECTION('',(0.,0.,1.));
#3500 = PLANE('',#3501);
#3501 = AXIS2_PLACEMENT_3D('',#3502,#3503,#3504);
#3502 = CARTESIAN_POINT('',(-0.65,0.625,0.));
#3503 = DIRECTION('',(-1.,4.669739647545E-16,0.));
#3504 = DIRECTION('',(4.669739647545E-16,1.,0.));
#3505 = ADVANCED_FACE('',(#3506),#3517,.F.);
#3506 = FACE_BOUND('',#3507,.T.);
#3507 = EDGE_LOOP('',(#3508,#3514,#3515,#3516));
#3508 = ORIENTED_EDGE('',*,*,#3509,.T.);
#3509 = EDGE_CURVE('',#3462,#3486,#3510,.T.);
#3510 = LINE('',#3511,#3512);
#3511 = CARTESIAN_POINT('',(-0.9,0.625,0.));
#3512 = VECTOR('',#3513,1.);
#3513 = DIRECTION('',(1.,-4.669739647545E-16,0.));
#3514 = ORIENTED_EDGE('',*,*,#3495,.T.);
#3515 = ORIENTED_EDGE('',*,*,#2475,.T.);
#3516 = ORIENTED_EDGE('',*,*,#3469,.F.);
#3517 = PLANE('',#3518);
#3518 = AXIS2_PLACEMENT_3D('',#3519,#3520,#3521);
#3519 = CARTESIAN_POINT('',(-0.9,0.625,0.));
#3520 = DIRECTION('',(4.669739647545E-16,1.,0.));
#3521 = DIRECTION('',(1.,-4.669739647545E-16,0.));
#3522 = ADVANCED_FACE('',(#3523),#3548,.F.);
#3523 = FACE_BOUND('',#3524,.T.);
#3524 = EDGE_LOOP('',(#3525,#3535,#3541,#3542));
#3525 = ORIENTED_EDGE('',*,*,#3526,.T.);
#3526 = EDGE_CURVE('',#3527,#3529,#3531,.T.);
#3527 = VERTEX_POINT('',#3528);
#3528 = CARTESIAN_POINT('',(-0.9,0.125,0.));
#3529 = VERTEX_POINT('',#3530);
#3530 = CARTESIAN_POINT('',(-0.65,0.125,0.));
#3531 = LINE('',#3532,#3533);
#3532 = CARTESIAN_POINT('',(-0.9,0.125,0.));
#3533 = VECTOR('',#3534,1.);
#3534 = DIRECTION('',(1.,-4.669739647545E-16,0.));
#3535 = ORIENTED_EDGE('',*,*,#3536,.T.);
#3536 = EDGE_CURVE('',#3529,#2492,#3537,.T.);
#3537 = LINE('',#3538,#3539);
#3538 = CARTESIAN_POINT('',(-0.65,0.125,0.));
#3539 = VECTOR('',#3540,1.);
#3540 = DIRECTION('',(0.,0.,1.));
#3541 = ORIENTED_EDGE('',*,*,#2491,.T.);
#3542 = ORIENTED_EDGE('',*,*,#3543,.F.);
#3543 = EDGE_CURVE('',#3527,#2494,#3544,.T.);
#3544 = LINE('',#3545,#3546);
#3545 = CARTESIAN_POINT('',(-0.9,0.125,0.));
#3546 = VECTOR('',#3547,1.);
#3547 = DIRECTION('',(0.,0.,1.));
#3548 = PLANE('',#3549);
#3549 = AXIS2_PLACEMENT_3D('',#3550,#3551,#3552);
#3550 = CARTESIAN_POINT('',(-0.9,0.125,0.));
#3551 = DIRECTION('',(4.669739647545E-16,1.,0.));
#3552 = DIRECTION('',(1.,-4.669739647545E-16,0.));
#3553 = ADVANCED_FACE('',(#3554),#3572,.F.);
#3554 = FACE_BOUND('',#3555,.T.);
#3555 = EDGE_LOOP('',(#3556,#3564,#3570,#3571));
#3556 = ORIENTED_EDGE('',*,*,#3557,.T.);
#3557 = EDGE_CURVE('',#3529,#3558,#3560,.T.);
#3558 = VERTEX_POINT('',#3559);
#3559 = CARTESIAN_POINT('',(-0.65,0.375,0.));
#3560 = LINE('',#3561,#3562);
#3561 = CARTESIAN_POINT('',(-0.65,0.125,0.));
#3562 = VECTOR('',#3563,1.);
#3563 = DIRECTION('',(4.669739647545E-16,1.,0.));
#3564 = ORIENTED_EDGE('',*,*,#3565,.T.);
#3565 = EDGE_CURVE('',#3558,#2502,#3566,.T.);
#3566 = LINE('',#3567,#3568);
#3567 = CARTESIAN_POINT('',(-0.65,0.375,0.));
#3568 = VECTOR('',#3569,1.);
#3569 = DIRECTION('',(0.,0.,1.));
#3570 = ORIENTED_EDGE('',*,*,#2501,.T.);
#3571 = ORIENTED_EDGE('',*,*,#3536,.F.);
#3572 = PLANE('',#3573);
#3573 = AXIS2_PLACEMENT_3D('',#3574,#3575,#3576);
#3574 = CARTESIAN_POINT('',(-0.65,0.125,0.));
#3575 = DIRECTION('',(-1.,4.669739647545E-16,0.));
#3576 = DIRECTION('',(4.669739647545E-16,1.,0.));
#3577 = ADVANCED_FACE('',(#3578),#3596,.F.);
#3578 = FACE_BOUND('',#3579,.T.);
#3579 = EDGE_LOOP('',(#3580,#3588,#3589,#3590));
#3580 = ORIENTED_EDGE('',*,*,#3581,.T.);
#3581 = EDGE_CURVE('',#3582,#3527,#3584,.T.);
#3582 = VERTEX_POINT('',#3583);
#3583 = CARTESIAN_POINT('',(-0.9,0.375,0.));
#3584 = LINE('',#3585,#3586);
#3585 = CARTESIAN_POINT('',(-0.9,0.375,0.));
#3586 = VECTOR('',#3587,1.);
#3587 = DIRECTION('',(-4.669739647545E-16,-1.,0.));
#3588 = ORIENTED_EDGE('',*,*,#3543,.T.);
#3589 = ORIENTED_EDGE('',*,*,#2517,.T.);
#3590 = ORIENTED_EDGE('',*,*,#3591,.F.);
#3591 = EDGE_CURVE('',#3582,#2510,#3592,.T.);
#3592 = LINE('',#3593,#3594);
#3593 = CARTESIAN_POINT('',(-0.9,0.375,0.));
#3594 = VECTOR('',#3595,1.);
#3595 = DIRECTION('',(0.,0.,1.));
#3596 = PLANE('',#3597);
#3597 = AXIS2_PLACEMENT_3D('',#3598,#3599,#3600);
#3598 = CARTESIAN_POINT('',(-0.9,0.375,0.));
#3599 = DIRECTION('',(1.,-4.669739647545E-16,0.));
#3600 = DIRECTION('',(-4.669739647545E-16,-1.,0.));
#3601 = ADVANCED_FACE('',(#3602),#3613,.F.);
#3602 = FACE_BOUND('',#3603,.T.);
#3603 = EDGE_LOOP('',(#3604,#3610,#3611,#3612));
#3604 = ORIENTED_EDGE('',*,*,#3605,.T.);
#3605 = EDGE_CURVE('',#3558,#3582,#3606,.T.);
#3606 = LINE('',#3607,#3608);
#3607 = CARTESIAN_POINT('',(-0.65,0.375,0.));
#3608 = VECTOR('',#3609,1.);
#3609 = DIRECTION('',(-1.,4.669739647545E-16,0.));
#3610 = ORIENTED_EDGE('',*,*,#3591,.T.);
#3611 = ORIENTED_EDGE('',*,*,#2509,.T.);
#3612 = ORIENTED_EDGE('',*,*,#3565,.F.);
#3613 = PLANE('',#3614);
#3614 = AXIS2_PLACEMENT_3D('',#3615,#3616,#3617);
#3615 = CARTESIAN_POINT('',(-0.65,0.375,0.));
#3616 = DIRECTION('',(-4.669739647545E-16,-1.,0.));
#3617 = DIRECTION('',(-1.,4.669739647545E-16,0.));
#3618 = ADVANCED_FACE('',(#3619),#3625,.F.);
#3619 = FACE_BOUND('',#3620,.T.);
#3620 = EDGE_LOOP('',(#3621,#3622,#3623,#3624));
#3621 = ORIENTED_EDGE('',*,*,#2621,.F.);
#3622 = ORIENTED_EDGE('',*,*,#2645,.F.);
#3623 = ORIENTED_EDGE('',*,*,#2597,.F.);
#3624 = ORIENTED_EDGE('',*,*,#2566,.F.);
#3625 = PLANE('',#3626);
#3626 = AXIS2_PLACEMENT_3D('',#3627,#3628,#3629);
#3627 = CARTESIAN_POINT('',(-0.775,-0.75,0.));
#3628 = DIRECTION('',(0.,0.,1.));
#3629 = DIRECTION('',(-4.669739647545E-16,-1.,0.));
#3630 = ADVANCED_FACE('',(#3631),#3637,.F.);
#3631 = FACE_BOUND('',#3632,.T.);
#3632 = EDGE_LOOP('',(#3633,#3634,#3635,#3636));
#3633 = ORIENTED_EDGE('',*,*,#2741,.F.);
#3634 = ORIENTED_EDGE('',*,*,#2693,.F.);
#3635 = ORIENTED_EDGE('',*,*,#2662,.F.);
#3636 = ORIENTED_EDGE('',*,*,#2717,.F.);
#3637 = PLANE('',#3638);
#3638 = AXIS2_PLACEMENT_3D('',#3639,#3640,#3641);
#3639 = CARTESIAN_POINT('',(-0.775,-0.25,0.));
#3640 = DIRECTION('',(0.,0.,1.));
#3641 = DIRECTION('',(-4.669739647545E-16,-1.,0.));
#3642 = ADVANCED_FACE('',(#3643),#3649,.F.);
#3643 = FACE_BOUND('',#3644,.T.);
#3644 = EDGE_LOOP('',(#3645,#3646,#3647,#3648));
#3645 = ORIENTED_EDGE('',*,*,#2789,.F.);
#3646 = ORIENTED_EDGE('',*,*,#2758,.F.);
#3647 = ORIENTED_EDGE('',*,*,#2813,.F.);
#3648 = ORIENTED_EDGE('',*,*,#2837,.F.);
#3649 = PLANE('',#3650);
#3650 = AXIS2_PLACEMENT_3D('',#3651,#3652,#3653);
#3651 = CARTESIAN_POINT('',(-0.25,-0.775,0.));
#3652 = DIRECTION('',(0.,0.,1.));
#3653 = DIRECTION('',(1.,-5.665538897648E-16,0.));
#3654 = ADVANCED_FACE('',(#3655),#3661,.F.);
#3655 = FACE_BOUND('',#3656,.T.);
#3656 = EDGE_LOOP('',(#3657,#3658,#3659,#3660));
#3657 = ORIENTED_EDGE('',*,*,#2933,.F.);
#3658 = ORIENTED_EDGE('',*,*,#2885,.F.);
#3659 = ORIENTED_EDGE('',*,*,#2854,.F.);
#3660 = ORIENTED_EDGE('',*,*,#2909,.F.);
#3661 = PLANE('',#3662);
#3662 = AXIS2_PLACEMENT_3D('',#3663,#3664,#3665);
#3663 = CARTESIAN_POINT('',(0.775,-0.25,0.));
#3664 = DIRECTION('',(0.,0.,1.));
#3665 = DIRECTION('',(3.445092848398E-16,1.,-0.));
#3666 = ADVANCED_FACE('',(#3667),#3673,.F.);
#3667 = FACE_BOUND('',#3668,.T.);
#3668 = EDGE_LOOP('',(#3669,#3670,#3671,#3672));
#3669 = ORIENTED_EDGE('',*,*,#3029,.F.);
#3670 = ORIENTED_EDGE('',*,*,#2981,.F.);
#3671 = ORIENTED_EDGE('',*,*,#2950,.F.);
#3672 = ORIENTED_EDGE('',*,*,#3005,.F.);
#3673 = PLANE('',#3674);
#3674 = AXIS2_PLACEMENT_3D('',#3675,#3676,#3677);
#3675 = CARTESIAN_POINT('',(0.775,-0.75,0.));
#3676 = DIRECTION('',(0.,0.,1.));
#3677 = DIRECTION('',(3.445092848398E-16,1.,-0.));
#3678 = ADVANCED_FACE('',(#3679),#3685,.F.);
#3679 = FACE_BOUND('',#3680,.T.);
#3680 = EDGE_LOOP('',(#3681,#3682,#3683,#3684));
#3681 = ORIENTED_EDGE('',*,*,#3046,.F.);
#3682 = ORIENTED_EDGE('',*,*,#3101,.F.);
#3683 = ORIENTED_EDGE('',*,*,#3125,.F.);
#3684 = ORIENTED_EDGE('',*,*,#3077,.F.);
#3685 = PLANE('',#3686);
#3686 = AXIS2_PLACEMENT_3D('',#3687,#3688,#3689);
#3687 = CARTESIAN_POINT('',(0.25,-0.775,0.));
#3688 = DIRECTION('',(0.,0.,1.));
#3689 = DIRECTION('',(1.,-5.665538897648E-16,0.));
#3690 = ADVANCED_FACE('',(#3691),#3697,.F.);
#3691 = FACE_BOUND('',#3692,.T.);
#3692 = EDGE_LOOP('',(#3693,#3694,#3695,#3696));
#3693 = ORIENTED_EDGE('',*,*,#3221,.F.);
#3694 = ORIENTED_EDGE('',*,*,#3173,.F.);
#3695 = ORIENTED_EDGE('',*,*,#3142,.F.);
#3696 = ORIENTED_EDGE('',*,*,#3197,.F.);
#3697 = PLANE('',#3698);
#3698 = AXIS2_PLACEMENT_3D('',#3699,#3700,#3701);
#3699 = CARTESIAN_POINT('',(0.775,0.75,0.));
#3700 = DIRECTION('',(0.,0.,1.));
#3701 = DIRECTION('',(3.445092848398E-16,1.,-0.));
#3702 = ADVANCED_FACE('',(#3703),#3709,.F.);
#3703 = FACE_BOUND('',#3704,.T.);
#3704 = EDGE_LOOP('',(#3705,#3706,#3707,#3708));
#3705 = ORIENTED_EDGE('',*,*,#3317,.F.);
#3706 = ORIENTED_EDGE('',*,*,#3269,.F.);
#3707 = ORIENTED_EDGE('',*,*,#3238,.F.);
#3708 = ORIENTED_EDGE('',*,*,#3293,.F.);
#3709 = PLANE('',#3710);
#3710 = AXIS2_PLACEMENT_3D('',#3711,#3712,#3713);
#3711 = CARTESIAN_POINT('',(0.25,0.775,0.));
#3712 = DIRECTION('',(0.,0.,1.));
#3713 = DIRECTION('',(-1.,4.555315873023E-16,0.));
#3714 = ADVANCED_FACE('',(#3715),#3721,.F.);
#3715 = FACE_BOUND('',#3716,.T.);
#3716 = EDGE_LOOP('',(#3717,#3718,#3719,#3720));
#3717 = ORIENTED_EDGE('',*,*,#3389,.F.);
#3718 = ORIENTED_EDGE('',*,*,#3413,.F.);
#3719 = ORIENTED_EDGE('',*,*,#3365,.F.);
#3720 = ORIENTED_EDGE('',*,*,#3334,.F.);
#3721 = PLANE('',#3722);
#3722 = AXIS2_PLACEMENT_3D('',#3723,#3724,#3725);
#3723 = CARTESIAN_POINT('',(0.775,0.25,0.));
#3724 = DIRECTION('',(0.,0.,1.));
#3725 = DIRECTION('',(3.445092848398E-16,1.,-0.));
#3726 = ADVANCED_FACE('',(#3727),#3733,.F.);
#3727 = FACE_BOUND('',#3728,.T.);
#3728 = EDGE_LOOP('',(#3729,#3730,#3731,#3732));
#3729 = ORIENTED_EDGE('',*,*,#3509,.F.);
#3730 = ORIENTED_EDGE('',*,*,#3461,.F.);
#3731 = ORIENTED_EDGE('',*,*,#3430,.F.);
#3732 = ORIENTED_EDGE('',*,*,#3485,.F.);
#3733 = PLANE('',#3734);
#3734 = AXIS2_PLACEMENT_3D('',#3735,#3736,#3737);
#3735 = CARTESIAN_POINT('',(-0.775,0.75,0.));
#3736 = DIRECTION('',(0.,0.,1.));
#3737 = DIRECTION('',(-4.669739647545E-16,-1.,0.));
#3738 = ADVANCED_FACE('',(#3739),#3745,.F.);
#3739 = FACE_BOUND('',#3740,.T.);
#3740 = EDGE_LOOP('',(#3741,#3742,#3743,#3744));
#3741 = ORIENTED_EDGE('',*,*,#3526,.F.);
#3742 = ORIENTED_EDGE('',*,*,#3581,.F.);
#3743 = ORIENTED_EDGE('',*,*,#3605,.F.);
#3744 = ORIENTED_EDGE('',*,*,#3557,.F.);
#3745 = PLANE('',#3746);
#3746 = AXIS2_PLACEMENT_3D('',#3747,#3748,#3749);
#3747 = CARTESIAN_POINT('',(-0.775,0.25,0.));
#3748 = DIRECTION('',(0.,0.,1.));
#3749 = DIRECTION('',(-4.669739647545E-16,-1.,0.));
#3750 = ADVANCED_FACE('',(#3751),#3762,.F.);
#3751 = FACE_BOUND('',#3752,.F.);
#3752 = EDGE_LOOP('',(#3753,#3759,#3760,#3761));
#3753 = ORIENTED_EDGE('',*,*,#3754,.T.);
#3754 = EDGE_CURVE('',#1909,#1981,#3755,.T.);
#3755 = LINE('',#3756,#3757);
#3756 = CARTESIAN_POINT('',(-0.55,0.725,1.045));
#3757 = VECTOR('',#3758,1.);
#3758 = DIRECTION('',(0.,0.,-1.));
#3759 = ORIENTED_EDGE('',*,*,#1980,.F.);
#3760 = ORIENTED_EDGE('',*,*,#3754,.F.);
#3761 = ORIENTED_EDGE('',*,*,#1908,.F.);
#3762 = CYLINDRICAL_SURFACE('',#3763,0.175);
#3763 = AXIS2_PLACEMENT_3D('',#3764,#3765,#3766);
#3764 = CARTESIAN_POINT('',(-0.55,0.55,1.045));
#3765 = DIRECTION('',(0.,0.,-1.));
#3766 = DIRECTION('',(-2.22044604925E-16,-1.,-0.));
#3767 = ( GEOMETRIC_REPRESENTATION_CONTEXT(3) 
GLOBAL_UNCERTAINTY_ASSIGNED_CONTEXT((#3771)) 
GLOBAL_UNIT_ASSIGNED_CONTEXT((#3768,#3769,#3770)) REPRESENTATION_CONTEXT
('Context #1','3D Context with UNIT and UNCERTAINTY') );
#3768 = ( LENGTH_UNIT() NAMED_UNIT(*) SI_UNIT(.MILLI.,.METRE.) );
#3769 = ( NAMED_UNIT(*) PLANE_ANGLE_UNIT() SI_UNIT($,.RADIAN.) );
#3770 = ( NAMED_UNIT(*) SI_UNIT($,.STERADIAN.) SOLID_ANGLE_UNIT() );
#3771 = UNCERTAINTY_MEASURE_WITH_UNIT(LENGTH_MEASURE(1.E-07),#3768,
  'distance_accuracy_value','confusion accuracy');
#3772 = CONTEXT_DEPENDENT_SHAPE_REPRESENTATION(#3773,#3775);
#3773 = ( REPRESENTATION_RELATIONSHIP('','',#1867,#1844) 
REPRESENTATION_RELATIONSHIP_WITH_TRANSFORMATION(#3774) 
SHAPE_REPRESENTATION_RELATIONSHIP() );
#3774 = ITEM_DEFINED_TRANSFORMATION('','',#11,#1845);
#3775 = PRODUCT_DEFINITION_SHAPE('Placement','Placement of an item',
  #3776);
#3776 = NEXT_ASSEMBLY_USAGE_OCCURRENCE('5','=>[0:1:1:7]','',#1839,#1862,
  $);
#3777 = PRODUCT_RELATED_PRODUCT_CATEGORY('part',$,(#1864));
#3778 = SHAPE_DEFINITION_REPRESENTATION(#3779,#3785);
#3779 = PRODUCT_DEFINITION_SHAPE('','',#3780);
#3780 = PRODUCT_DEFINITION('design','',#3781,#3784);
#3781 = PRODUCT_DEFINITION_FORMATION('','',#3782);
#3782 = PRODUCT('OutatimeProAccelerometer_silkscreen',
  'OutatimeProAccelerometer_silkscreen','',(#3783));
#3783 = PRODUCT_CONTEXT('',#2,'mechanical');
#3784 = PRODUCT_DEFINITION_CONTEXT('part definition',#2,'design');
#3785 = SHAPE_REPRESENTATION('',(#11,#3786,#3935,#4004,#4239,#4330,#4407
    ,#4582,#4789,#4938,#5113,#5415,#5534,#5720,#5772,#5849,#6090,#6305,
    #6476,#6625,#6784,#6943,#7151,#7203,#7411,#7572,#7658),#7749);
#3786 = SHELL_BASED_SURFACE_MODEL('',(#3787));
#3787 = OPEN_SHELL('',(#3788));
#3788 = ADVANCED_FACE('',(#3789),#3930,.T.);
#3789 = FACE_BOUND('',#3790,.F.);
#3790 = EDGE_LOOP('',(#3791,#3801,#3809,#3817,#3825,#3833,#3841,#3850,
    #3858,#3867,#3875,#3883,#3891,#3899,#3908,#3916,#3924));
#3791 = ORIENTED_EDGE('',*,*,#3792,.T.);
#3792 = EDGE_CURVE('',#3793,#3795,#3797,.T.);
#3793 = VERTEX_POINT('',#3794);
#3794 = CARTESIAN_POINT('',(16.124187,-16.577568,7.7E-02));
#3795 = VERTEX_POINT('',#3796);
#3796 = CARTESIAN_POINT('',(16.146655,-16.559109,7.7E-02));
#3797 = LINE('',#3798,#3799);
#3798 = CARTESIAN_POINT('',(16.124187,-16.577568,7.7E-02));
#3799 = VECTOR('',#3800,1.);
#3800 = DIRECTION('',(0.772673239458,0.634803957947,0.));
#3801 = ORIENTED_EDGE('',*,*,#3802,.T.);
#3802 = EDGE_CURVE('',#3795,#3803,#3805,.T.);
#3803 = VERTEX_POINT('',#3804);
#3804 = CARTESIAN_POINT('',(16.179777,-16.559109,7.7E-02));
#3805 = LINE('',#3806,#3807);
#3806 = CARTESIAN_POINT('',(16.146655,-16.559109,7.7E-02));
#3807 = VECTOR('',#3808,1.);
#3808 = DIRECTION('',(1.,0.,0.));
#3809 = ORIENTED_EDGE('',*,*,#3810,.T.);
#3810 = EDGE_CURVE('',#3803,#3811,#3813,.T.);
#3811 = VERTEX_POINT('',#3812);
#3812 = CARTESIAN_POINT('',(16.207334,-16.577481,7.7E-02));
#3813 = LINE('',#3814,#3815);
#3814 = CARTESIAN_POINT('',(16.179777,-16.559109,7.7E-02));
#3815 = VECTOR('',#3816,1.);
#3816 = DIRECTION('',(0.832041003928,-0.554714131588,0.));
#3817 = ORIENTED_EDGE('',*,*,#3818,.T.);
#3818 = EDGE_CURVE('',#3811,#3819,#3821,.T.);
#3819 = VERTEX_POINT('',#3820);
#3820 = CARTESIAN_POINT('',(16.215789,-16.605303,7.7E-02));
#3821 = LINE('',#3822,#3823);
#3822 = CARTESIAN_POINT('',(16.207334,-16.577481,7.7E-02));
#3823 = VECTOR('',#3824,1.);
#3824 = DIRECTION('',(0.290766107729,-0.956794163128,0.));
#3825 = ORIENTED_EDGE('',*,*,#3826,.T.);
#3826 = EDGE_CURVE('',#3819,#3827,#3829,.T.);
#3827 = VERTEX_POINT('',#3828);
#3828 = CARTESIAN_POINT('',(16.215789,-17.155303,7.7E-02));
#3829 = LINE('',#3830,#3831);
#3830 = CARTESIAN_POINT('',(16.215789,-16.605303,7.7E-02));
#3831 = VECTOR('',#3832,1.);
#3832 = DIRECTION('',(0.,-1.,0.));
#3833 = ORIENTED_EDGE('',*,*,#3834,.T.);
#3834 = EDGE_CURVE('',#3827,#3835,#3837,.T.);
#3835 = VERTEX_POINT('',#3836);
#3836 = CARTESIAN_POINT('',(16.337217,-17.155303,7.7E-02));
#3837 = LINE('',#3838,#3839);
#3838 = CARTESIAN_POINT('',(16.215789,-17.155303,7.7E-02));
#3839 = VECTOR('',#3840,1.);
#3840 = DIRECTION('',(1.,0.,0.));
#3841 = ORIENTED_EDGE('',*,*,#3842,.T.);
#3842 = EDGE_CURVE('',#3835,#3843,#3845,.T.);
#3843 = VERTEX_POINT('',#3844);
#3844 = CARTESIAN_POINT('',(16.337217,-17.255303,7.7E-02));
#3845 = CIRCLE('',#3846,5.000000000002E-02);
#3846 = AXIS2_PLACEMENT_3D('',#3847,#3848,#3849);
#3847 = CARTESIAN_POINT('',(16.337216952288,-17.205303,7.7E-02));
#3848 = DIRECTION('',(0.,0.,-1.));
#3849 = DIRECTION('',(9.542365120292E-07,1.,0.));
#3850 = ORIENTED_EDGE('',*,*,#3851,.T.);
#3851 = EDGE_CURVE('',#3843,#3852,#3854,.T.);
#3852 = VERTEX_POINT('',#3853);
#3853 = CARTESIAN_POINT('',(15.99436,-17.255303,7.7E-02));
#3854 = LINE('',#3855,#3856);
#3855 = CARTESIAN_POINT('',(16.337217,-17.255303,7.7E-02));
#3856 = VECTOR('',#3857,1.);
#3857 = DIRECTION('',(-1.,0.,0.));
#3858 = ORIENTED_EDGE('',*,*,#3859,.T.);
#3859 = EDGE_CURVE('',#3852,#3860,#3862,.T.);
#3860 = VERTEX_POINT('',#3861);
#3861 = CARTESIAN_POINT('',(15.99436,-17.155303,7.7E-02));
#3862 = CIRCLE('',#3863,5.000000000002E-02);
#3863 = AXIS2_PLACEMENT_3D('',#3864,#3865,#3866);
#3864 = CARTESIAN_POINT('',(15.994360047712,-17.205303,7.7E-02));
#3865 = DIRECTION('',(0.,0.,-1.));
#3866 = DIRECTION('',(-9.542365120292E-07,-1.,-0.));
#3867 = ORIENTED_EDGE('',*,*,#3868,.T.);
#3868 = EDGE_CURVE('',#3860,#3869,#3871,.T.);
#3869 = VERTEX_POINT('',#3870);
#3870 = CARTESIAN_POINT('',(16.115789,-17.155303,7.7E-02));
#3871 = LINE('',#3872,#3873);
#3872 = CARTESIAN_POINT('',(15.99436,-17.155303,7.7E-02));
#3873 = VECTOR('',#3874,1.);
#3874 = DIRECTION('',(1.,0.,0.));
#3875 = ORIENTED_EDGE('',*,*,#3876,.T.);
#3876 = EDGE_CURVE('',#3869,#3877,#3879,.T.);
#3877 = VERTEX_POINT('',#3878);
#3878 = CARTESIAN_POINT('',(16.115789,-16.754584,7.7E-02));
#3879 = LINE('',#3880,#3881);
#3880 = CARTESIAN_POINT('',(16.115789,-17.155303,7.7E-02));
#3881 = VECTOR('',#3882,1.);
#3882 = DIRECTION('',(0.,1.,0.));
#3883 = ORIENTED_EDGE('',*,*,#3884,.T.);
#3884 = EDGE_CURVE('',#3877,#3885,#3887,.T.);
#3885 = VERTEX_POINT('',#3886);
#3886 = CARTESIAN_POINT('',(16.073864,-16.792881,7.7E-02));
#3887 = LINE('',#3888,#3889);
#3888 = CARTESIAN_POINT('',(16.115789,-16.754584,7.7E-02));
#3889 = VECTOR('',#3890,1.);
#3890 = DIRECTION('',(-0.738330681425,-0.674438881491,0.));
#3891 = ORIENTED_EDGE('',*,*,#3892,.T.);
#3892 = EDGE_CURVE('',#3885,#3893,#3895,.T.);
#3893 = VERTEX_POINT('',#3894);
#3894 = CARTESIAN_POINT('',(15.997905,-16.826606,7.7E-02));
#3895 = LINE('',#3896,#3897);
#3896 = CARTESIAN_POINT('',(16.073864,-16.792881,7.7E-02));
#3897 = VECTOR('',#3898,1.);
#3898 = DIRECTION('',(-0.913965794536,-0.405791235018,0.));
#3899 = ORIENTED_EDGE('',*,*,#3900,.T.);
#3900 = EDGE_CURVE('',#3893,#3901,#3903,.T.);
#3901 = VERTEX_POINT('',#3902);
#3902 = CARTESIAN_POINT('',(15.956587,-16.743972,7.7E-02));
#3903 = CIRCLE('',#3904,4.999982901494E-02);
#3904 = AXIS2_PLACEMENT_3D('',#3905,#3906,#3907);
#3905 = CARTESIAN_POINT('',(15.994359517167,-16.77673203431,7.7E-02));
#3906 = DIRECTION('',(0.,0.,-1.));
#3907 = DIRECTION('',(7.090989915693E-02,-0.997482724763,0.));
#3908 = ORIENTED_EDGE('',*,*,#3909,.T.);
#3909 = EDGE_CURVE('',#3901,#3910,#3912,.T.);
#3910 = VERTEX_POINT('',#3911);
#3911 = CARTESIAN_POINT('',(16.021885,-16.707067,7.7E-02));
#3912 = LINE('',#3913,#3914);
#3913 = CARTESIAN_POINT('',(15.956587,-16.743972,7.7E-02));
#3914 = VECTOR('',#3915,1.);
#3915 = DIRECTION('',(0.870577488667,0.49203133663,0.));
#3916 = ORIENTED_EDGE('',*,*,#3917,.T.);
#3917 = EDGE_CURVE('',#3910,#3918,#3920,.T.);
#3918 = VERTEX_POINT('',#3919);
#3919 = CARTESIAN_POINT('',(16.069791,-16.65916,7.7E-02));
#3920 = LINE('',#3921,#3922);
#3921 = CARTESIAN_POINT('',(16.021885,-16.707067,7.7E-02));
#3922 = VECTOR('',#3923,1.);
#3923 = DIRECTION('',(0.707099401077,0.707114161219,0.));
#3924 = ORIENTED_EDGE('',*,*,#3925,.T.);
#3925 = EDGE_CURVE('',#3918,#3793,#3926,.T.);
#3926 = LINE('',#3927,#3928);
#3927 = CARTESIAN_POINT('',(16.069791,-16.65916,7.7E-02));
#3928 = VECTOR('',#3929,1.);
#3929 = DIRECTION('',(0.554709609375,0.832044018828,0.));
#3930 = PLANE('',#3931);
#3931 = AXIS2_PLACEMENT_3D('',#3932,#3933,#3934);
#3932 = CARTESIAN_POINT('',(0.,0.,7.7E-02));
#3933 = DIRECTION('',(0.,0.,1.));
#3934 = DIRECTION('',(1.,0.,-0.));
#3935 = SHELL_BASED_SURFACE_MODEL('',(#3936));
#3936 = OPEN_SHELL('',(#3937));
#3937 = ADVANCED_FACE('',(#3938),#3999,.T.);
#3938 = FACE_BOUND('',#3939,.F.);
#3939 = EDGE_LOOP('',(#3940,#3951,#3959,#3968,#3976,#3985,#3993));
#3940 = ORIENTED_EDGE('',*,*,#3941,.T.);
#3941 = EDGE_CURVE('',#3942,#3944,#3946,.T.);
#3942 = VERTEX_POINT('',#3943);
#3943 = CARTESIAN_POINT('',(14.89013,-16.788486,7.7E-02));
#3944 = VERTEX_POINT('',#3945);
#3945 = CARTESIAN_POINT('',(14.984304,-16.82212,7.7E-02));
#3946 = CIRCLE('',#3947,4.999997058233E-02);
#3947 = AXIS2_PLACEMENT_3D('',#3948,#3949,#3950);
#3948 = CARTESIAN_POINT('',(14.937217162736,-16.80530254434,7.7E-02));
#3949 = DIRECTION('',(0.,0.,-1.));
#3950 = DIRECTION('',(-0.9417438088,0.336331084777,0.));
#3951 = ORIENTED_EDGE('',*,*,#3952,.T.);
#3952 = EDGE_CURVE('',#3944,#3953,#3955,.T.);
#3953 = VERTEX_POINT('',#3954);
#3954 = CARTESIAN_POINT('',(14.841447,-17.22212,7.7E-02));
#3955 = LINE('',#3956,#3957);
#3956 = CARTESIAN_POINT('',(14.984304,-16.82212,7.7E-02));
#3957 = VECTOR('',#3958,1.);
#3958 = DIRECTION('',(-0.336336098709,-0.941742018127,0.));
#3959 = ORIENTED_EDGE('',*,*,#3960,.T.);
#3960 = EDGE_CURVE('',#3953,#3961,#3963,.T.);
#3961 = VERTEX_POINT('',#3962);
#3962 = CARTESIAN_POINT('',(14.747273,-17.22212,7.7E-02));
#3963 = CIRCLE('',#3964,5.000011236926E-02);
#3964 = AXIS2_PLACEMENT_3D('',#3965,#3966,#3967);
#3965 = CARTESIAN_POINT('',(14.79436,-17.20530257844,7.7E-02));
#3966 = DIRECTION('',(-0.,0.,-1.));
#3967 = DIRECTION('',(0.941737883552,-0.336347675304,-0.));
#3968 = ORIENTED_EDGE('',*,*,#3969,.T.);
#3969 = EDGE_CURVE('',#3961,#3970,#3972,.T.);
#3970 = VERTEX_POINT('',#3971);
#3971 = CARTESIAN_POINT('',(14.604416,-16.82212,7.7E-02));
#3972 = LINE('',#3973,#3974);
#3973 = CARTESIAN_POINT('',(14.747273,-17.22212,7.7E-02));
#3974 = VECTOR('',#3975,1.);
#3975 = DIRECTION('',(-0.336336098709,0.941742018127,0.));
#3976 = ORIENTED_EDGE('',*,*,#3977,.T.);
#3977 = EDGE_CURVE('',#3970,#3978,#3980,.T.);
#3978 = VERTEX_POINT('',#3979);
#3979 = CARTESIAN_POINT('',(14.69859,-16.788486,7.7E-02));
#3980 = CIRCLE('',#3981,4.999997058101E-02);
#3981 = AXIS2_PLACEMENT_3D('',#3982,#3983,#3984);
#3982 = CARTESIAN_POINT('',(14.651503107152,-16.80530330002,7.7E-02));
#3983 = DIRECTION('',(0.,0.,-1.));
#3984 = DIRECTION('',(-0.941742697142,-0.336334197457,-0.));
#3985 = ORIENTED_EDGE('',*,*,#3986,.T.);
#3986 = EDGE_CURVE('',#3978,#3987,#3989,.T.);
#3987 = VERTEX_POINT('',#3988);
#3988 = CARTESIAN_POINT('',(14.79436,-17.056642,7.7E-02));
#3989 = LINE('',#3990,#3991);
#3990 = CARTESIAN_POINT('',(14.69859,-16.788486,7.7E-02));
#3991 = VECTOR('',#3992,1.);
#3992 = DIRECTION('',(0.336336396998,-0.941741911595,0.));
#3993 = ORIENTED_EDGE('',*,*,#3994,.T.);
#3994 = EDGE_CURVE('',#3987,#3942,#3995,.T.);
#3995 = LINE('',#3996,#3997);
#3996 = CARTESIAN_POINT('',(14.79436,-17.056642,7.7E-02));
#3997 = VECTOR('',#3998,1.);
#3998 = DIRECTION('',(0.336336396998,0.941741911595,0.));
#3999 = PLANE('',#4000);
#4000 = AXIS2_PLACEMENT_3D('',#4001,#4002,#4003);
#4001 = CARTESIAN_POINT('',(0.,0.,7.7E-02));
#4002 = DIRECTION('',(0.,0.,1.));
#4003 = DIRECTION('',(1.,0.,-0.));
#4004 = SHELL_BASED_SURFACE_MODEL('',(#4005));
#4005 = OPEN_SHELL('',(#4006));
#4006 = ADVANCED_FACE('',(#4007,#4132),#4234,.T.);
#4007 = FACE_BOUND('',#4008,.F.);
#4008 = EDGE_LOOP('',(#4009,#4019,#4028,#4036,#4044,#4052,#4061,#4069,
    #4077,#4085,#4093,#4101,#4109,#4117,#4126));
#4009 = ORIENTED_EDGE('',*,*,#4010,.T.);
#4010 = EDGE_CURVE('',#4011,#4013,#4015,.T.);
#4011 = VERTEX_POINT('',#4012);
#4012 = CARTESIAN_POINT('',(15.159005,-16.627091,7.7E-02));
#4013 = VERTEX_POINT('',#4014);
#4014 = CARTESIAN_POINT('',(15.200571,-16.589153,7.7E-02));
#4015 = LINE('',#4016,#4017);
#4016 = CARTESIAN_POINT('',(15.159005,-16.627091,7.7E-02));
#4017 = VECTOR('',#4018,1.);
#4018 = DIRECTION('',(0.73860550854,0.674137895949,0.));
#4019 = ORIENTED_EDGE('',*,*,#4020,.T.);
#4020 = EDGE_CURVE('',#4013,#4021,#4023,.T.);
#4021 = VERTEX_POINT('',#4022);
#4022 = CARTESIAN_POINT('',(15.359577,-16.560581,7.7E-02));
#4023 = CIRCLE('',#4024,0.177814337735);
#4024 = AXIS2_PLACEMENT_3D('',#4025,#4026,#4027);
#4025 = CARTESIAN_POINT('',(15.308089851881,-16.73077798082,7.7E-02));
#4026 = DIRECTION('',(0.,0.,-1.));
#4027 = DIRECTION('',(-0.604669191758,0.796476721907,0.));
#4028 = ORIENTED_EDGE('',*,*,#4029,.T.);
#4029 = EDGE_CURVE('',#4021,#4030,#4032,.T.);
#4030 = VERTEX_POINT('',#4031);
#4031 = CARTESIAN_POINT('',(15.429715,-16.598519,7.7E-02));
#4032 = LINE('',#4033,#4034);
#4033 = CARTESIAN_POINT('',(15.359577,-16.560581,7.7E-02));
#4034 = VECTOR('',#4035,1.);
#4035 = DIRECTION('',(0.879572353039,-0.475765147703,0.));
#4036 = ORIENTED_EDGE('',*,*,#4037,.T.);
#4037 = EDGE_CURVE('',#4030,#4038,#4040,.T.);
#4038 = VERTEX_POINT('',#4039);
#4039 = CARTESIAN_POINT('',(15.467654,-16.640086,7.7E-02));
#4040 = LINE('',#4041,#4042);
#4041 = CARTESIAN_POINT('',(15.429715,-16.598519,7.7E-02));
#4042 = VECTOR('',#4043,1.);
#4043 = DIRECTION('',(0.67413874204,-0.738604736297,0.));
#4044 = ORIENTED_EDGE('',*,*,#4045,.T.);
#4045 = EDGE_CURVE('',#4038,#4046,#4048,.T.);
#4046 = VERTEX_POINT('',#4047);
#4047 = CARTESIAN_POINT('',(15.50001,-16.707462,7.7E-02));
#4048 = LINE('',#4049,#4050);
#4049 = CARTESIAN_POINT('',(15.467654,-16.640086,7.7E-02));
#4050 = VECTOR('',#4051,1.);
#4051 = DIRECTION('',(0.43289982329,-0.901442035294,0.));
#4052 = ORIENTED_EDGE('',*,*,#4053,.T.);
#4053 = EDGE_CURVE('',#4046,#4054,#4056,.T.);
#4054 = VERTEX_POINT('',#4055);
#4055 = CARTESIAN_POINT('',(15.496225,-17.113377,7.7E-02));
#4056 = CIRCLE('',#4057,0.585495274371);
#4057 = AXIS2_PLACEMENT_3D('',#4058,#4059,#4060);
#4058 = CARTESIAN_POINT('',(14.948951618161,-16.90529874106,7.7E-02));
#4059 = DIRECTION('',(0.,0.,-1.));
#4060 = DIRECTION('',(0.941183312592,0.337896392551,0.));
#4061 = ORIENTED_EDGE('',*,*,#4062,.T.);
#4062 = EDGE_CURVE('',#4054,#4063,#4065,.T.);
#4063 = VERTEX_POINT('',#4064);
#4064 = CARTESIAN_POINT('',(15.458287,-17.183515,7.7E-02));
#4065 = LINE('',#4066,#4067);
#4066 = CARTESIAN_POINT('',(15.496225,-17.113377,7.7E-02));
#4067 = VECTOR('',#4068,1.);
#4068 = DIRECTION('',(-0.475765147703,-0.879572353039,0.));
#4069 = ORIENTED_EDGE('',*,*,#4070,.T.);
#4070 = EDGE_CURVE('',#4063,#4071,#4073,.T.);
#4071 = VERTEX_POINT('',#4072);
#4072 = CARTESIAN_POINT('',(15.416721,-17.221453,7.7E-02));
#4073 = LINE('',#4074,#4075);
#4074 = CARTESIAN_POINT('',(15.458287,-17.183515,7.7E-02));
#4075 = VECTOR('',#4076,1.);
#4076 = DIRECTION('',(-0.73860550854,-0.674137895949,0.));
#4077 = ORIENTED_EDGE('',*,*,#4078,.T.);
#4078 = EDGE_CURVE('',#4071,#4079,#4081,.T.);
#4079 = VERTEX_POINT('',#4080);
#4080 = CARTESIAN_POINT('',(15.340761,-17.255177,7.7E-02));
#4081 = LINE('',#4082,#4083);
#4082 = CARTESIAN_POINT('',(15.416721,-17.221453,7.7E-02));
#4083 = VECTOR('',#4084,1.);
#4084 = DIRECTION('',(-0.91397223826,-0.405776721473,0.));
#4085 = ORIENTED_EDGE('',*,*,#4086,.T.);
#4086 = EDGE_CURVE('',#4079,#4087,#4089,.T.);
#4087 = VERTEX_POINT('',#4088);
#4088 = CARTESIAN_POINT('',(15.26094,-17.251497,7.7E-02));
#4089 = LINE('',#4090,#4091);
#4090 = CARTESIAN_POINT('',(15.340761,-17.255177,7.7E-02));
#4091 = VECTOR('',#4092,1.);
#4092 = DIRECTION('',(-0.998938940675,4.605423762772E-02,0.));
#4093 = ORIENTED_EDGE('',*,*,#4094,.T.);
#4094 = EDGE_CURVE('',#4087,#4095,#4097,.T.);
#4095 = VERTEX_POINT('',#4096);
#4096 = CARTESIAN_POINT('',(15.187577,-17.212087,7.7E-02));
#4097 = LINE('',#4098,#4099);
#4098 = CARTESIAN_POINT('',(15.26094,-17.251497,7.7E-02));
#4099 = VECTOR('',#4100,1.);
#4100 = DIRECTION('',(-0.880937605024,0.473232433434,0.));
#4101 = ORIENTED_EDGE('',*,*,#4102,.T.);
#4102 = EDGE_CURVE('',#4095,#4103,#4105,.T.);
#4103 = VERTEX_POINT('',#4104);
#4104 = CARTESIAN_POINT('',(15.149639,-17.170521,7.7E-02));
#4105 = LINE('',#4106,#4107);
#4106 = CARTESIAN_POINT('',(15.187577,-17.212087,7.7E-02));
#4107 = VECTOR('',#4108,1.);
#4108 = DIRECTION('',(-0.674137895949,0.73860550854,0.));
#4109 = ORIENTED_EDGE('',*,*,#4110,.T.);
#4110 = EDGE_CURVE('',#4103,#4111,#4113,.T.);
#4111 = VERTEX_POINT('',#4112);
#4112 = CARTESIAN_POINT('',(15.117282,-17.103144,7.7E-02));
#4113 = LINE('',#4114,#4115);
#4114 = CARTESIAN_POINT('',(15.149639,-17.170521,7.7E-02));
#4115 = VECTOR('',#4116,1.);
#4116 = DIRECTION('',(-0.4329054741,0.901439321582,0.));
#4117 = ORIENTED_EDGE('',*,*,#4118,.T.);
#4118 = EDGE_CURVE('',#4111,#4119,#4121,.T.);
#4119 = VERTEX_POINT('',#4120);
#4120 = CARTESIAN_POINT('',(15.121067,-16.697229,7.7E-02));
#4121 = CIRCLE('',#4122,0.585477827323);
#4122 = AXIS2_PLACEMENT_3D('',#4123,#4124,#4125);
#4123 = CARTESIAN_POINT('',(15.668321782183,-16.9053070855,7.7E-02));
#4124 = DIRECTION('',(0.,0.,-1.));
#4125 = DIRECTION('',(-0.94117959121,-0.337906757981,-0.));
#4126 = ORIENTED_EDGE('',*,*,#4127,.T.);
#4127 = EDGE_CURVE('',#4119,#4011,#4128,.T.);
#4128 = LINE('',#4129,#4130);
#4129 = CARTESIAN_POINT('',(15.121067,-16.697229,7.7E-02));
#4130 = VECTOR('',#4131,1.);
#4131 = DIRECTION('',(0.475765147703,0.879572353039,0.));
#4132 = FACE_BOUND('',#4133,.F.);
#4133 = EDGE_LOOP('',(#4134,#4145,#4153,#4161,#4170,#4178,#4186,#4195,
    #4203,#4211,#4220,#4228));
#4134 = ORIENTED_EDGE('',*,*,#4135,.T.);
#4135 = EDGE_CURVE('',#4136,#4138,#4140,.T.);
#4136 = VERTEX_POINT('',#4137);
#4137 = CARTESIAN_POINT('',(15.364744,-16.674968,7.7E-02));
#4138 = VERTEX_POINT('',#4139);
#4139 = CARTESIAN_POINT('',(15.252549,-16.674967,7.7E-02));
#4140 = CIRCLE('',#4141,8.438089856241E-02);
#4141 = AXIS2_PLACEMENT_3D('',#4142,#4143,#4144);
#4142 = CARTESIAN_POINT('',(15.30864593818,-16.73800087636,7.7E-02));
#4143 = DIRECTION('',(0.,0.,1.));
#4144 = DIRECTION('',(0.664819441077,0.747004090194,-0.));
#4145 = ORIENTED_EDGE('',*,*,#4146,.T.);
#4146 = EDGE_CURVE('',#4138,#4147,#4149,.T.);
#4147 = VERTEX_POINT('',#4148);
#4148 = CARTESIAN_POINT('',(15.235454,-16.692061,7.7E-02));
#4149 = LINE('',#4150,#4151);
#4150 = CARTESIAN_POINT('',(15.252549,-16.674967,7.7E-02));
#4151 = VECTOR('',#4152,1.);
#4152 = DIRECTION('',(-0.707127463173,-0.707086098595,0.));
#4153 = ORIENTED_EDGE('',*,*,#4154,.T.);
#4154 = EDGE_CURVE('',#4147,#4155,#4157,.T.);
#4155 = VERTEX_POINT('',#4156);
#4156 = CARTESIAN_POINT('',(15.212964,-16.737041,7.7E-02));
#4157 = LINE('',#4158,#4159);
#4158 = CARTESIAN_POINT('',(15.235454,-16.692061,7.7E-02));
#4159 = VECTOR('',#4160,1.);
#4160 = DIRECTION('',(-0.4472135955,-0.894427191,0.));
#4161 = ORIENTED_EDGE('',*,*,#4162,.T.);
#4162 = EDGE_CURVE('',#4155,#4163,#4165,.T.);
#4163 = VERTEX_POINT('',#4164);
#4164 = CARTESIAN_POINT('',(15.212964,-17.073564,7.7E-02));
#4165 = CIRCLE('',#4166,0.484361840977);
#4166 = AXIS2_PLACEMENT_3D('',#4167,#4168,#4169);
#4167 = CARTESIAN_POINT('',(15.6671605,-16.9053025,7.7E-02));
#4168 = DIRECTION('',(0.,0.,1.));
#4169 = DIRECTION('',(-0.937721475094,0.347388018141,0.));
#4170 = ORIENTED_EDGE('',*,*,#4171,.T.);
#4171 = EDGE_CURVE('',#4163,#4172,#4174,.T.);
#4172 = VERTEX_POINT('',#4173);
#4173 = CARTESIAN_POINT('',(15.235454,-17.118544,7.7E-02));
#4174 = LINE('',#4175,#4176);
#4175 = CARTESIAN_POINT('',(15.212964,-17.073564,7.7E-02));
#4176 = VECTOR('',#4177,1.);
#4177 = DIRECTION('',(0.4472135955,-0.894427191,0.));
#4178 = ORIENTED_EDGE('',*,*,#4179,.T.);
#4179 = EDGE_CURVE('',#4172,#4180,#4182,.T.);
#4180 = VERTEX_POINT('',#4181);
#4181 = CARTESIAN_POINT('',(15.252549,-17.135639,7.7E-02));
#4182 = LINE('',#4183,#4184);
#4183 = CARTESIAN_POINT('',(15.235454,-17.118544,7.7E-02));
#4184 = VECTOR('',#4185,1.);
#4185 = DIRECTION('',(0.707106781187,-0.707106781187,0.));
#4186 = ORIENTED_EDGE('',*,*,#4187,.T.);
#4187 = EDGE_CURVE('',#4180,#4188,#4190,.T.);
#4188 = VERTEX_POINT('',#4189);
#4189 = CARTESIAN_POINT('',(15.364744,-17.135637,7.7E-02));
#4190 = CIRCLE('',#4191,8.437968574751E-02);
#4191 = AXIS2_PLACEMENT_3D('',#4192,#4193,#4194);
#4192 = CARTESIAN_POINT('',(15.308645376389,-17.07260624722,7.7E-02));
#4193 = DIRECTION('',(0.,0.,1.));
#4194 = DIRECTION('',(-0.664809022365,-0.747013362519,0.));
#4195 = ORIENTED_EDGE('',*,*,#4196,.T.);
#4196 = EDGE_CURVE('',#4188,#4197,#4199,.T.);
#4197 = VERTEX_POINT('',#4198);
#4198 = CARTESIAN_POINT('',(15.381838,-17.118544,7.7E-02));
#4199 = LINE('',#4200,#4201);
#4200 = CARTESIAN_POINT('',(15.364744,-17.135637,7.7E-02));
#4201 = VECTOR('',#4202,1.);
#4202 = DIRECTION('',(0.707127464383,0.707086097385,0.));
#4203 = ORIENTED_EDGE('',*,*,#4204,.T.);
#4204 = EDGE_CURVE('',#4197,#4205,#4207,.T.);
#4205 = VERTEX_POINT('',#4206);
#4206 = CARTESIAN_POINT('',(15.404327,-17.073566,7.7E-02));
#4207 = LINE('',#4208,#4209);
#4208 = CARTESIAN_POINT('',(15.381838,-17.118544,7.7E-02));
#4209 = VECTOR('',#4210,1.);
#4210 = DIRECTION('',(0.4472135955,0.894427191,0.));
#4211 = ORIENTED_EDGE('',*,*,#4212,.T.);
#4212 = EDGE_CURVE('',#4205,#4213,#4215,.T.);
#4213 = VERTEX_POINT('',#4214);
#4214 = CARTESIAN_POINT('',(15.404327,-16.73704,7.7E-02));
#4215 = CIRCLE('',#4216,0.484367988388);
#4216 = AXIS2_PLACEMENT_3D('',#4217,#4218,#4219);
#4217 = CARTESIAN_POINT('',(14.9501245,-16.905303,7.7E-02));
#4218 = DIRECTION('',(0.,-0.,1.));
#4219 = DIRECTION('',(0.937721961171,-0.347386706045,-0.));
#4220 = ORIENTED_EDGE('',*,*,#4221,.T.);
#4221 = EDGE_CURVE('',#4213,#4222,#4224,.T.);
#4222 = VERTEX_POINT('',#4223);
#4223 = CARTESIAN_POINT('',(15.381838,-16.692062,7.7E-02));
#4224 = LINE('',#4225,#4226);
#4225 = CARTESIAN_POINT('',(15.404327,-16.73704,7.7E-02));
#4226 = VECTOR('',#4227,1.);
#4227 = DIRECTION('',(-0.4472135955,0.894427191,0.));
#4228 = ORIENTED_EDGE('',*,*,#4229,.T.);
#4229 = EDGE_CURVE('',#4222,#4136,#4230,.T.);
#4230 = LINE('',#4231,#4232);
#4231 = CARTESIAN_POINT('',(15.381838,-16.692062,7.7E-02));
#4232 = VECTOR('',#4233,1.);
#4233 = DIRECTION('',(-0.707106781187,0.707106781187,0.));
#4234 = PLANE('',#4235);
#4235 = AXIS2_PLACEMENT_3D('',#4236,#4237,#4238);
#4236 = CARTESIAN_POINT('',(0.,0.,7.7E-02));
#4237 = DIRECTION('',(0.,0.,1.));
#4238 = DIRECTION('',(1.,0.,-0.));
#4239 = SHELL_BASED_SURFACE_MODEL('',(#4240));
#4240 = OPEN_SHELL('',(#4241));
#4241 = ADVANCED_FACE('',(#4242),#4325,.T.);
#4242 = FACE_BOUND('',#4243,.F.);
#4243 = EDGE_LOOP('',(#4244,#4255,#4263,#4271,#4279,#4287,#4295,#4303,
    #4311,#4319));
#4244 = ORIENTED_EDGE('',*,*,#4245,.T.);
#4245 = EDGE_CURVE('',#4246,#4248,#4250,.T.);
#4246 = VERTEX_POINT('',#4247);
#4247 = CARTESIAN_POINT('',(15.701863,-17.112805,7.7E-02));
#4248 = VERTEX_POINT('',#4249);
#4249 = CARTESIAN_POINT('',(15.772574,-17.112805,7.7E-02));
#4250 = CIRCLE('',#4251,4.999898289284E-02);
#4251 = AXIS2_PLACEMENT_3D('',#4252,#4253,#4254);
#4252 = CARTESIAN_POINT('',(15.7372185,-17.14815873969,7.7E-02));
#4253 = DIRECTION('',(0.,0.,-1.));
#4254 = DIRECTION('',(-0.707124384425,0.707089177509,0.));
#4255 = ORIENTED_EDGE('',*,*,#4256,.T.);
#4256 = EDGE_CURVE('',#4248,#4257,#4259,.T.);
#4257 = VERTEX_POINT('',#4258);
#4258 = CARTESIAN_POINT('',(15.811983,-17.157598,7.7E-02));
#4259 = LINE('',#4260,#4261);
#4260 = CARTESIAN_POINT('',(15.772574,-17.112805,7.7E-02));
#4261 = VECTOR('',#4262,1.);
#4262 = DIRECTION('',(0.660544386796,-0.750786995807,0.));
#4263 = ORIENTED_EDGE('',*,*,#4264,.T.);
#4264 = EDGE_CURVE('',#4257,#4265,#4267,.T.);
#4265 = VERTEX_POINT('',#4266);
#4266 = CARTESIAN_POINT('',(15.811983,-17.195867,7.7E-02));
#4267 = LINE('',#4268,#4269);
#4268 = CARTESIAN_POINT('',(15.811983,-17.157598,7.7E-02));
#4269 = VECTOR('',#4270,1.);
#4270 = DIRECTION('',(0.,-1.,0.));
#4271 = ORIENTED_EDGE('',*,*,#4272,.T.);
#4272 = EDGE_CURVE('',#4265,#4273,#4275,.T.);
#4273 = VERTEX_POINT('',#4274);
#4274 = CARTESIAN_POINT('',(15.772573,-17.240658,7.7E-02));
#4275 = LINE('',#4276,#4277);
#4276 = CARTESIAN_POINT('',(15.811983,-17.195867,7.7E-02));
#4277 = VECTOR('',#4278,1.);
#4278 = DIRECTION('',(-0.660570459527,-0.750764056145,0.));
#4279 = ORIENTED_EDGE('',*,*,#4280,.T.);
#4280 = EDGE_CURVE('',#4273,#4281,#4283,.T.);
#4281 = VERTEX_POINT('',#4282);
#4282 = CARTESIAN_POINT('',(15.756352,-17.251497,7.7E-02));
#4283 = LINE('',#4284,#4285);
#4284 = CARTESIAN_POINT('',(15.772573,-17.240658,7.7E-02));
#4285 = VECTOR('',#4286,1.);
#4286 = DIRECTION('',(-0.831458381235,-0.555587041132,0.));
#4287 = ORIENTED_EDGE('',*,*,#4288,.T.);
#4288 = EDGE_CURVE('',#4281,#4289,#4291,.T.);
#4289 = VERTEX_POINT('',#4290);
#4290 = CARTESIAN_POINT('',(15.718084,-17.251497,7.7E-02));
#4291 = LINE('',#4292,#4293);
#4292 = CARTESIAN_POINT('',(15.756352,-17.251497,7.7E-02));
#4293 = VECTOR('',#4294,1.);
#4294 = DIRECTION('',(-1.,0.,0.));
#4295 = ORIENTED_EDGE('',*,*,#4296,.T.);
#4296 = EDGE_CURVE('',#4289,#4297,#4299,.T.);
#4297 = VERTEX_POINT('',#4298);
#4298 = CARTESIAN_POINT('',(15.673291,-17.212088,7.7E-02));
#4299 = LINE('',#4300,#4301);
#4300 = CARTESIAN_POINT('',(15.718084,-17.251497,7.7E-02));
#4301 = VECTOR('',#4302,1.);
#4302 = DIRECTION('',(-0.750786995807,0.660544386796,0.));
#4303 = ORIENTED_EDGE('',*,*,#4304,.T.);
#4304 = EDGE_CURVE('',#4297,#4305,#4307,.T.);
#4305 = VERTEX_POINT('',#4306);
#4306 = CARTESIAN_POINT('',(15.662452,-17.195867,7.7E-02));
#4307 = LINE('',#4308,#4309);
#4308 = CARTESIAN_POINT('',(15.673291,-17.212088,7.7E-02));
#4309 = VECTOR('',#4310,1.);
#4310 = DIRECTION('',(-0.555587041132,0.831458381235,0.));
#4311 = ORIENTED_EDGE('',*,*,#4312,.T.);
#4312 = EDGE_CURVE('',#4305,#4313,#4315,.T.);
#4313 = VERTEX_POINT('',#4314);
#4314 = CARTESIAN_POINT('',(15.662452,-17.157598,7.7E-02));
#4315 = LINE('',#4316,#4317);
#4316 = CARTESIAN_POINT('',(15.662452,-17.195867,7.7E-02));
#4317 = VECTOR('',#4318,1.);
#4318 = DIRECTION('',(0.,1.,0.));
#4319 = ORIENTED_EDGE('',*,*,#4320,.T.);
#4320 = EDGE_CURVE('',#4313,#4246,#4321,.T.);
#4321 = LINE('',#4322,#4323);
#4322 = CARTESIAN_POINT('',(15.662452,-17.157598,7.7E-02));
#4323 = VECTOR('',#4324,1.);
#4324 = DIRECTION('',(0.660563282177,0.750770371179,0.));
#4325 = PLANE('',#4326);
#4326 = AXIS2_PLACEMENT_3D('',#4327,#4328,#4329);
#4327 = CARTESIAN_POINT('',(0.,0.,7.7E-02));
#4328 = DIRECTION('',(0.,0.,1.));
#4329 = DIRECTION('',(1.,0.,-0.));
#4330 = SHELL_BASED_SURFACE_MODEL('',(#4331));
#4331 = OPEN_SHELL('',(#4332));
#4332 = ADVANCED_FACE('',(#4333),#4402,.T.);
#4333 = FACE_BOUND('',#4334,.F.);
#4334 = EDGE_LOOP('',(#4335,#4346,#4354,#4362,#4371,#4379,#4388,#4396));
#4335 = ORIENTED_EDGE('',*,*,#4336,.T.);
#4336 = EDGE_CURVE('',#4337,#4339,#4341,.T.);
#4337 = VERTEX_POINT('',#4338);
#4338 = CARTESIAN_POINT('',(14.662452,-15.620203,7.7E-02));
#4339 = VERTEX_POINT('',#4340);
#4340 = CARTESIAN_POINT('',(14.758646,-15.639337,7.7E-02));
#4341 = CIRCLE('',#4342,4.999998452109E-02);
#4342 = AXIS2_PLACEMENT_3D('',#4343,#4344,#4345);
#4343 = CARTESIAN_POINT('',(14.708646015479,-15.63933703736,7.7E-02));
#4344 = DIRECTION('',(0.,0.,-1.));
#4345 = DIRECTION('',(-0.923880595592,0.382680865851,0.));
#4346 = ORIENTED_EDGE('',*,*,#4347,.T.);
#4347 = EDGE_CURVE('',#4339,#4348,#4350,.T.);
#4348 = VERTEX_POINT('',#4349);
#4349 = CARTESIAN_POINT('',(14.758646,-16.189337,7.7E-02));
#4350 = LINE('',#4351,#4352);
#4351 = CARTESIAN_POINT('',(14.758646,-15.639337,7.7E-02));
#4352 = VECTOR('',#4353,1.);
#4353 = DIRECTION('',(0.,-1.,0.));
#4354 = ORIENTED_EDGE('',*,*,#4355,.T.);
#4355 = EDGE_CURVE('',#4348,#4356,#4358,.T.);
#4356 = VERTEX_POINT('',#4357);
#4357 = CARTESIAN_POINT('',(14.99436,-16.189337,7.7E-02));
#4358 = LINE('',#4359,#4360);
#4359 = CARTESIAN_POINT('',(14.758646,-16.189337,7.7E-02));
#4360 = VECTOR('',#4361,1.);
#4361 = DIRECTION('',(1.,0.,0.));
#4362 = ORIENTED_EDGE('',*,*,#4363,.T.);
#4363 = EDGE_CURVE('',#4356,#4364,#4366,.T.);
#4364 = VERTEX_POINT('',#4365);
#4365 = CARTESIAN_POINT('',(14.99436,-16.289337,7.7E-02));
#4366 = CIRCLE('',#4367,5.000000000002E-02);
#4367 = AXIS2_PLACEMENT_3D('',#4368,#4369,#4370);
#4368 = CARTESIAN_POINT('',(14.994359952288,-16.239337,7.7E-02));
#4369 = DIRECTION('',(0.,0.,-1.));
#4370 = DIRECTION('',(9.542365120292E-07,1.,0.));
#4371 = ORIENTED_EDGE('',*,*,#4372,.T.);
#4372 = EDGE_CURVE('',#4364,#4373,#4375,.T.);
#4373 = VERTEX_POINT('',#4374);
#4374 = CARTESIAN_POINT('',(14.708646,-16.289337,7.7E-02));
#4375 = LINE('',#4376,#4377);
#4376 = CARTESIAN_POINT('',(14.99436,-16.289337,7.7E-02));
#4377 = VECTOR('',#4378,1.);
#4378 = DIRECTION('',(-1.,0.,0.));
#4379 = ORIENTED_EDGE('',*,*,#4380,.T.);
#4380 = EDGE_CURVE('',#4373,#4381,#4383,.T.);
#4381 = VERTEX_POINT('',#4382);
#4382 = CARTESIAN_POINT('',(14.658646,-16.239337,7.7E-02));
#4383 = CIRCLE('',#4384,5.000014378936E-02);
#4384 = AXIS2_PLACEMENT_3D('',#4385,#4386,#4387);
#4385 = CARTESIAN_POINT('',(14.708646143789,-16.23933685621,7.7E-02));
#4386 = DIRECTION('',(0.,0.,-1.));
#4387 = DIRECTION('',(-2.875774683877E-06,-0.999999999996,-0.));
#4388 = ORIENTED_EDGE('',*,*,#4389,.T.);
#4389 = EDGE_CURVE('',#4381,#4390,#4392,.T.);
#4390 = VERTEX_POINT('',#4391);
#4391 = CARTESIAN_POINT('',(14.658646,-15.639337,7.7E-02));
#4392 = LINE('',#4393,#4394);
#4393 = CARTESIAN_POINT('',(14.658646,-16.239337,7.7E-02));
#4394 = VECTOR('',#4395,1.);
#4395 = DIRECTION('',(0.,1.,0.));
#4396 = ORIENTED_EDGE('',*,*,#4397,.T.);
#4397 = EDGE_CURVE('',#4390,#4337,#4398,.T.);
#4398 = LINE('',#4399,#4400);
#4399 = CARTESIAN_POINT('',(14.658646,-15.639337,7.7E-02));
#4400 = VECTOR('',#4401,1.);
#4401 = DIRECTION('',(0.195090852695,0.980785174845,0.));
#4402 = PLANE('',#4403);
#4403 = AXIS2_PLACEMENT_3D('',#4404,#4405,#4406);
#4404 = CARTESIAN_POINT('',(0.,0.,7.7E-02));
#4405 = DIRECTION('',(0.,0.,1.));
#4406 = DIRECTION('',(1.,0.,-0.));
#4407 = SHELL_BASED_SURFACE_MODEL('',(#4408));
#4408 = OPEN_SHELL('',(#4409));
#4409 = ADVANCED_FACE('',(#4410),#4577,.T.);
#4410 = FACE_BOUND('',#4411,.F.);
#4411 = EDGE_LOOP('',(#4412,#4422,#4430,#4439,#4447,#4455,#4463,#4471,
    #4479,#4488,#4496,#4505,#4513,#4521,#4529,#4538,#4546,#4554,#4562,
    #4571));
#4412 = ORIENTED_EDGE('',*,*,#4413,.T.);
#4413 = EDGE_CURVE('',#4414,#4416,#4418,.T.);
#4414 = VERTEX_POINT('',#4415);
#4415 = CARTESIAN_POINT('',(16.016148,-15.632553,7.7E-02));
#4416 = VERTEX_POINT('',#4417);
#4417 = CARTESIAN_POINT('',(16.097372,-15.591579,7.7E-02));
#4418 = LINE('',#4419,#4420);
#4419 = CARTESIAN_POINT('',(16.016148,-15.632553,7.7E-02));
#4420 = VECTOR('',#4421,1.);
#4421 = DIRECTION('',(0.892829856604,0.450394102045,0.));
#4422 = ORIENTED_EDGE('',*,*,#4423,.T.);
#4423 = EDGE_CURVE('',#4416,#4424,#4426,.T.);
#4424 = VERTEX_POINT('',#4425);
#4425 = CARTESIAN_POINT('',(16.253959,-15.589825,7.7E-02));
#4426 = LINE('',#4427,#4428);
#4427 = CARTESIAN_POINT('',(16.097372,-15.591579,7.7E-02));
#4428 = VECTOR('',#4429,1.);
#4429 = DIRECTION('',(0.999937269766,1.120073806363E-02,0.));
#4430 = ORIENTED_EDGE('',*,*,#4431,.T.);
#4431 = EDGE_CURVE('',#4424,#4432,#4434,.T.);
#4432 = VERTEX_POINT('',#4433);
#4433 = CARTESIAN_POINT('',(16.381939,-15.67412,7.7E-02));
#4434 = CIRCLE('',#4435,0.197660226714);
#4435 = AXIS2_PLACEMENT_3D('',#4436,#4437,#4438);
#4436 = CARTESIAN_POINT('',(16.217725469502,-15.78413582443,7.7E-02));
#4437 = DIRECTION('',(0.,0.,-1.));
#4438 = DIRECTION('',(0.183312197404,0.983054748365,0.));
#4439 = ORIENTED_EDGE('',*,*,#4440,.T.);
#4440 = EDGE_CURVE('',#4432,#4441,#4443,.T.);
#4441 = VERTEX_POINT('',#4442);
#4442 = CARTESIAN_POINT('',(16.415662,-15.750079,7.7E-02));
#4443 = LINE('',#4444,#4445);
#4444 = CARTESIAN_POINT('',(16.381939,-15.67412,7.7E-02));
#4445 = VECTOR('',#4446,1.);
#4446 = DIRECTION('',(0.405771132663,-0.913974719507,0.));
#4447 = ORIENTED_EDGE('',*,*,#4448,.T.);
#4448 = EDGE_CURVE('',#4441,#4449,#4451,.T.);
#4449 = VERTEX_POINT('',#4450);
#4450 = CARTESIAN_POINT('',(16.413222,-15.826578,7.7E-02));
#4451 = LINE('',#4452,#4453);
#4452 = CARTESIAN_POINT('',(16.415662,-15.750079,7.7E-02));
#4453 = VECTOR('',#4454,1.);
#4454 = DIRECTION('',(-3.187962961153E-02,-0.999491715431,0.));
#4455 = ORIENTED_EDGE('',*,*,#4456,.T.);
#4456 = EDGE_CURVE('',#4449,#4457,#4459,.T.);
#4457 = VERTEX_POINT('',#4458);
#4458 = CARTESIAN_POINT('',(16.37896,-15.922274,7.7E-02));
#4459 = LINE('',#4460,#4461);
#4460 = CARTESIAN_POINT('',(16.413222,-15.826578,7.7E-02));
#4461 = VECTOR('',#4462,1.);
#4462 = DIRECTION('',(-0.337076696136,-0.941477190866,0.));
#4463 = ORIENTED_EDGE('',*,*,#4464,.T.);
#4464 = EDGE_CURVE('',#4457,#4465,#4467,.T.);
#4465 = VERTEX_POINT('',#4466);
#4466 = CARTESIAN_POINT('',(16.11507,-16.189337,7.7E-02));
#4467 = LINE('',#4468,#4469);
#4468 = CARTESIAN_POINT('',(16.37896,-15.922274,7.7E-02));
#4469 = VECTOR('',#4470,1.);
#4470 = DIRECTION('',(-0.702868527231,-0.711319782818,0.));
#4471 = ORIENTED_EDGE('',*,*,#4472,.T.);
#4472 = EDGE_CURVE('',#4465,#4473,#4475,.T.);
#4473 = VERTEX_POINT('',#4474);
#4474 = CARTESIAN_POINT('',(16.365788,-16.189337,7.7E-02));
#4475 = LINE('',#4476,#4477);
#4476 = CARTESIAN_POINT('',(16.11507,-16.189337,7.7E-02));
#4477 = VECTOR('',#4478,1.);
#4478 = DIRECTION('',(1.,0.,0.));
#4479 = ORIENTED_EDGE('',*,*,#4480,.T.);
#4480 = EDGE_CURVE('',#4473,#4481,#4483,.T.);
#4481 = VERTEX_POINT('',#4482);
#4482 = CARTESIAN_POINT('',(16.365788,-16.289337,7.7E-02));
#4483 = CIRCLE('',#4484,5.000000000002E-02);
#4484 = AXIS2_PLACEMENT_3D('',#4485,#4486,#4487);
#4485 = CARTESIAN_POINT('',(16.365787952288,-16.239337,7.7E-02));
#4486 = DIRECTION('',(0.,0.,-1.));
#4487 = DIRECTION('',(9.542365120292E-07,1.,0.));
#4488 = ORIENTED_EDGE('',*,*,#4489,.T.);
#4489 = EDGE_CURVE('',#4481,#4490,#4492,.T.);
#4490 = VERTEX_POINT('',#4491);
#4491 = CARTESIAN_POINT('',(15.99436,-16.289337,7.7E-02));
#4492 = LINE('',#4493,#4494);
#4493 = CARTESIAN_POINT('',(16.365788,-16.289337,7.7E-02));
#4494 = VECTOR('',#4495,1.);
#4495 = DIRECTION('',(-1.,0.,0.));
#4496 = ORIENTED_EDGE('',*,*,#4497,.T.);
#4497 = EDGE_CURVE('',#4490,#4498,#4500,.T.);
#4498 = VERTEX_POINT('',#4499);
#4499 = CARTESIAN_POINT('',(15.959005,-16.203982,7.7E-02));
#4500 = CIRCLE('',#4501,4.999963895009E-02);
#4501 = AXIS2_PLACEMENT_3D('',#4502,#4503,#4504);
#4502 = CARTESIAN_POINT('',(15.994359806465,-16.23933736105,7.7E-02));
#4503 = DIRECTION('',(0.,0.,-1.));
#4504 = DIRECTION('',(3.870737534553E-06,-0.999999999993,0.));
#4505 = ORIENTED_EDGE('',*,*,#4506,.T.);
#4506 = EDGE_CURVE('',#4498,#4507,#4509,.T.);
#4507 = VERTEX_POINT('',#4508);
#4508 = CARTESIAN_POINT('',(16.293515,-15.869471,7.7E-02));
#4509 = LINE('',#4510,#4511);
#4510 = CARTESIAN_POINT('',(15.959005,-16.203982,7.7E-02));
#4511 = VECTOR('',#4512,1.);
#4512 = DIRECTION('',(0.707105724258,0.707107838113,0.));
#4513 = ORIENTED_EDGE('',*,*,#4514,.T.);
#4514 = EDGE_CURVE('',#4507,#4515,#4517,.T.);
#4515 = VERTEX_POINT('',#4516);
#4516 = CARTESIAN_POINT('',(16.315788,-15.802653,7.7E-02));
#4517 = LINE('',#4518,#4519);
#4518 = CARTESIAN_POINT('',(16.293515,-15.869471,7.7E-02));
#4519 = VECTOR('',#4520,1.);
#4520 = DIRECTION('',(0.316232025413,0.948681878241,0.));
#4521 = ORIENTED_EDGE('',*,*,#4522,.T.);
#4522 = EDGE_CURVE('',#4515,#4523,#4525,.T.);
#4523 = VERTEX_POINT('',#4524);
#4524 = CARTESIAN_POINT('',(16.315788,-15.765426,7.7E-02));
#4525 = LINE('',#4526,#4527);
#4526 = CARTESIAN_POINT('',(16.315788,-15.802653,7.7E-02));
#4527 = VECTOR('',#4528,1.);
#4528 = DIRECTION('',(0.,1.,0.));
#4529 = ORIENTED_EDGE('',*,*,#4530,.T.);
#4530 = EDGE_CURVE('',#4523,#4531,#4533,.T.);
#4531 = VERTEX_POINT('',#4532);
#4532 = CARTESIAN_POINT('',(16.239699,-15.689337,7.7E-02));
#4533 = CIRCLE('',#4534,0.10648053963);
#4534 = AXIS2_PLACEMENT_3D('',#4535,#4536,#4537);
#4535 = CARTESIAN_POINT('',(16.212769130594,-15.7923558694,7.7E-02));
#4536 = DIRECTION('',(0.,0.,1.));
#4537 = DIRECTION('',(0.967490113817,0.252908836672,-0.));
#4538 = ORIENTED_EDGE('',*,*,#4539,.T.);
#4539 = EDGE_CURVE('',#4531,#4540,#4542,.T.);
#4540 = VERTEX_POINT('',#4541);
#4541 = CARTESIAN_POINT('',(16.120449,-15.689337,7.7E-02));
#4542 = LINE('',#4543,#4544);
#4543 = CARTESIAN_POINT('',(16.239699,-15.689337,7.7E-02));
#4544 = VECTOR('',#4545,1.);
#4545 = DIRECTION('',(-1.,0.,0.));
#4546 = ORIENTED_EDGE('',*,*,#4547,.T.);
#4547 = EDGE_CURVE('',#4540,#4548,#4550,.T.);
#4548 = VERTEX_POINT('',#4549);
#4549 = CARTESIAN_POINT('',(16.081119,-15.709002,7.7E-02));
#4550 = LINE('',#4551,#4552);
#4551 = CARTESIAN_POINT('',(16.120449,-15.689337,7.7E-02));
#4552 = VECTOR('',#4553,1.);
#4553 = DIRECTION('',(-0.894427191,-0.4472135955,0.));
#4554 = ORIENTED_EDGE('',*,*,#4555,.T.);
#4555 = EDGE_CURVE('',#4548,#4556,#4558,.T.);
#4556 = VERTEX_POINT('',#4557);
#4557 = CARTESIAN_POINT('',(16.042065,-15.742674,7.7E-02));
#4558 = LINE('',#4559,#4560);
#4559 = CARTESIAN_POINT('',(16.081119,-15.709002,7.7E-02));
#4560 = VECTOR('',#4561,1.);
#4561 = DIRECTION('',(-0.757364321977,-0.652992560291,0.));
#4562 = ORIENTED_EDGE('',*,*,#4563,.T.);
#4563 = EDGE_CURVE('',#4556,#4564,#4566,.T.);
#4564 = VERTEX_POINT('',#4565);
#4565 = CARTESIAN_POINT('',(15.976737,-15.677346,7.7E-02));
#4566 = CIRCLE('',#4567,4.999995591998E-02);
#4567 = AXIS2_PLACEMENT_3D('',#4568,#4569,#4570);
#4568 = CARTESIAN_POINT('',(16.022931,-15.69648,7.7E-02));
#4569 = DIRECTION('',(0.,0.,-1.));
#4570 = DIRECTION('',(0.382680337371,-0.923880814494,0.));
#4571 = ORIENTED_EDGE('',*,*,#4572,.T.);
#4572 = EDGE_CURVE('',#4564,#4414,#4573,.T.);
#4573 = LINE('',#4574,#4575);
#4574 = CARTESIAN_POINT('',(15.976737,-15.677346,7.7E-02));
#4575 = VECTOR('',#4576,1.);
#4576 = DIRECTION('',(0.660563282177,0.750770371179,0.));
#4577 = PLANE('',#4578);
#4578 = AXIS2_PLACEMENT_3D('',#4579,#4580,#4581);
#4579 = CARTESIAN_POINT('',(0.,0.,7.7E-02));
#4580 = DIRECTION('',(0.,0.,1.));
#4581 = DIRECTION('',(1.,0.,-0.));
#4582 = SHELL_BASED_SURFACE_MODEL('',(#4583));
#4583 = OPEN_SHELL('',(#4584));
#4584 = ADVANCED_FACE('',(#4585,#4701),#4784,.T.);
#4585 = FACE_BOUND('',#4586,.F.);
#4586 = EDGE_LOOP('',(#4587,#4598,#4606,#4614,#4622,#4630,#4638,#4646,
    #4654,#4662,#4670,#4678,#4686,#4695));
#4587 = ORIENTED_EDGE('',*,*,#4588,.T.);
#4588 = EDGE_CURVE('',#4589,#4591,#4593,.T.);
#4589 = VERTEX_POINT('',#4590);
#4590 = CARTESIAN_POINT('',(16.572932,-15.639337,7.7E-02));
#4591 = VERTEX_POINT('',#4592);
#4592 = CARTESIAN_POINT('',(16.622932,-15.589337,7.7E-02));
#4593 = CIRCLE('',#4594,5.000014378934E-02);
#4594 = AXIS2_PLACEMENT_3D('',#4595,#4596,#4597);
#4595 = CARTESIAN_POINT('',(16.622932143789,-15.63933714378,7.7E-02));
#4596 = DIRECTION('',(0.,0.,-1.));
#4597 = DIRECTION('',(-0.999999999996,2.875774470715E-06,0.));
#4598 = ORIENTED_EDGE('',*,*,#4599,.T.);
#4599 = EDGE_CURVE('',#4591,#4600,#4602,.T.);
#4600 = VERTEX_POINT('',#4601);
#4601 = CARTESIAN_POINT('',(16.773651,-15.5909,7.7E-02));
#4602 = LINE('',#4603,#4604);
#4603 = CARTESIAN_POINT('',(16.622932,-15.589337,7.7E-02));
#4604 = VECTOR('',#4605,1.);
#4605 = DIRECTION('',(0.999946232861,-1.036973415403E-02,0.));
#4606 = ORIENTED_EDGE('',*,*,#4607,.T.);
#4607 = EDGE_CURVE('',#4600,#4608,#4610,.T.);
#4608 = VERTEX_POINT('',#4609);
#4609 = CARTESIAN_POINT('',(16.877301,-15.626167,7.7E-02));
#4610 = LINE('',#4611,#4612);
#4611 = CARTESIAN_POINT('',(16.773651,-15.5909,7.7E-02));
#4612 = VECTOR('',#4613,1.);
#4613 = DIRECTION('',(0.946700346154,-0.322115591971,0.));
#4614 = ORIENTED_EDGE('',*,*,#4615,.T.);
#4615 = EDGE_CURVE('',#4608,#4616,#4618,.T.);
#4616 = VERTEX_POINT('',#4617);
#4617 = CARTESIAN_POINT('',(16.953368,-15.702691,7.7E-02));
#4618 = LINE('',#4619,#4620);
#4619 = CARTESIAN_POINT('',(16.877301,-15.626167,7.7E-02));
#4620 = VECTOR('',#4621,1.);
#4621 = DIRECTION('',(0.704985881201,-0.709221338728,0.));
#4622 = ORIENTED_EDGE('',*,*,#4623,.T.);
#4623 = EDGE_CURVE('',#4616,#4624,#4626,.T.);
#4624 = VERTEX_POINT('',#4625);
#4625 = CARTESIAN_POINT('',(16.985724,-15.770067,7.7E-02));
#4626 = LINE('',#4627,#4628);
#4627 = CARTESIAN_POINT('',(16.953368,-15.702691,7.7E-02));
#4628 = VECTOR('',#4629,1.);
#4629 = DIRECTION('',(0.43289982329,-0.901442035294,0.));
#4630 = ORIENTED_EDGE('',*,*,#4631,.T.);
#4631 = EDGE_CURVE('',#4624,#4632,#4634,.T.);
#4632 = VERTEX_POINT('',#4633);
#4633 = CARTESIAN_POINT('',(17.015789,-15.89648,7.7E-02));
#4634 = LINE('',#4635,#4636);
#4635 = CARTESIAN_POINT('',(16.985724,-15.770067,7.7E-02));
#4636 = VECTOR('',#4637,1.);
#4637 = DIRECTION('',(0.231377751889,-0.972863986347,0.));
#4638 = ORIENTED_EDGE('',*,*,#4639,.T.);
#4639 = EDGE_CURVE('',#4632,#4640,#4642,.T.);
#4640 = VERTEX_POINT('',#4641);
#4641 = CARTESIAN_POINT('',(17.014296,-15.994321,7.7E-02));
#4642 = LINE('',#4643,#4644);
#4643 = CARTESIAN_POINT('',(17.015789,-15.89648,7.7E-02));
#4644 = VECTOR('',#4645,1.);
#4645 = DIRECTION('',(-1.525767528114E-02,-0.999883594897,0.));
#4646 = ORIENTED_EDGE('',*,*,#4647,.T.);
#4647 = EDGE_CURVE('',#4640,#4648,#4650,.T.);
#4648 = VERTEX_POINT('',#4649);
#4649 = CARTESIAN_POINT('',(16.981939,-16.11884,7.7E-02));
#4650 = LINE('',#4651,#4652);
#4651 = CARTESIAN_POINT('',(17.014296,-15.994321,7.7E-02));
#4652 = VECTOR('',#4653,1.);
#4653 = DIRECTION('',(-0.251503235632,-0.967856457573,0.));
#4654 = ORIENTED_EDGE('',*,*,#4655,.T.);
#4655 = EDGE_CURVE('',#4648,#4656,#4658,.T.);
#4656 = VERTEX_POINT('',#4657);
#4657 = CARTESIAN_POINT('',(16.944001,-16.188979,7.7E-02));
#4658 = LINE('',#4659,#4660);
#4659 = CARTESIAN_POINT('',(16.981939,-16.11884,7.7E-02));
#4660 = VECTOR('',#4661,1.);
#4661 = DIRECTION('',(-0.475759899891,-0.879575191587,0.));
#4662 = ORIENTED_EDGE('',*,*,#4663,.T.);
#4663 = EDGE_CURVE('',#4656,#4664,#4666,.T.);
#4664 = VERTEX_POINT('',#4665);
#4665 = CARTESIAN_POINT('',(16.877301,-16.252506,7.7E-02));
#4666 = LINE('',#4667,#4668);
#4667 = CARTESIAN_POINT('',(16.944001,-16.188979,7.7E-02));
#4668 = VECTOR('',#4669,1.);
#4669 = DIRECTION('',(-0.724120632886,-0.689673335013,0.));
#4670 = ORIENTED_EDGE('',*,*,#4671,.T.);
#4671 = EDGE_CURVE('',#4664,#4672,#4674,.T.);
#4672 = VERTEX_POINT('',#4673);
#4673 = CARTESIAN_POINT('',(16.765789,-16.289337,7.7E-02));
#4674 = LINE('',#4675,#4676);
#4675 = CARTESIAN_POINT('',(16.877301,-16.252506,7.7E-02));
#4676 = VECTOR('',#4677,1.);
#4677 = DIRECTION('',(-0.949547426001,-0.313623477716,0.));
#4678 = ORIENTED_EDGE('',*,*,#4679,.T.);
#4679 = EDGE_CURVE('',#4672,#4680,#4682,.T.);
#4680 = VERTEX_POINT('',#4681);
#4681 = CARTESIAN_POINT('',(16.622932,-16.289337,7.7E-02));
#4682 = LINE('',#4683,#4684);
#4683 = CARTESIAN_POINT('',(16.765789,-16.289337,7.7E-02));
#4684 = VECTOR('',#4685,1.);
#4685 = DIRECTION('',(-1.,0.,0.));
#4686 = ORIENTED_EDGE('',*,*,#4687,.T.);
#4687 = EDGE_CURVE('',#4680,#4688,#4690,.T.);
#4688 = VERTEX_POINT('',#4689);
#4689 = CARTESIAN_POINT('',(16.572932,-16.239337,7.7E-02));
#4690 = CIRCLE('',#4691,5.000014378935E-02);
#4691 = AXIS2_PLACEMENT_3D('',#4692,#4693,#4694);
#4692 = CARTESIAN_POINT('',(16.622932143789,-16.23933685621,7.7E-02));
#4693 = DIRECTION('',(0.,0.,-1.));
#4694 = DIRECTION('',(-2.875774754931E-06,-0.999999999996,-0.));
#4695 = ORIENTED_EDGE('',*,*,#4696,.T.);
#4696 = EDGE_CURVE('',#4688,#4589,#4697,.T.);
#4697 = LINE('',#4698,#4699);
#4698 = CARTESIAN_POINT('',(16.572932,-16.239337,7.7E-02));
#4699 = VECTOR('',#4700,1.);
#4700 = DIRECTION('',(0.,1.,0.));
#4701 = FACE_BOUND('',#4702,.F.);
#4702 = EDGE_LOOP('',(#4703,#4713,#4721,#4729,#4737,#4745,#4753,#4762,
    #4770,#4778));
#4703 = ORIENTED_EDGE('',*,*,#4704,.T.);
#4704 = EDGE_CURVE('',#4705,#4707,#4709,.T.);
#4705 = VERTEX_POINT('',#4706);
#4706 = CARTESIAN_POINT('',(16.824494,-15.711609,7.7E-02));
#4707 = VERTEX_POINT('',#4708);
#4708 = CARTESIAN_POINT('',(16.757676,-15.689337,7.7E-02));
#4709 = LINE('',#4710,#4711);
#4710 = CARTESIAN_POINT('',(16.824494,-15.711609,7.7E-02));
#4711 = VECTOR('',#4712,1.);
#4712 = DIRECTION('',(-0.948686137625,0.316219247167,0.));
#4713 = ORIENTED_EDGE('',*,*,#4714,.T.);
#4714 = EDGE_CURVE('',#4707,#4715,#4717,.T.);
#4715 = VERTEX_POINT('',#4716);
#4716 = CARTESIAN_POINT('',(16.672932,-15.689337,7.7E-02));
#4717 = LINE('',#4718,#4719);
#4718 = CARTESIAN_POINT('',(16.757676,-15.689337,7.7E-02));
#4719 = VECTOR('',#4720,1.);
#4720 = DIRECTION('',(-1.,0.,0.));
#4721 = ORIENTED_EDGE('',*,*,#4722,.T.);
#4722 = EDGE_CURVE('',#4715,#4723,#4725,.T.);
#4723 = VERTEX_POINT('',#4724);
#4724 = CARTESIAN_POINT('',(16.672932,-16.189337,7.7E-02));
#4725 = LINE('',#4726,#4727);
#4726 = CARTESIAN_POINT('',(16.672932,-15.689337,7.7E-02));
#4727 = VECTOR('',#4728,1.);
#4728 = DIRECTION('',(0.,-1.,0.));
#4729 = ORIENTED_EDGE('',*,*,#4730,.T.);
#4730 = EDGE_CURVE('',#4723,#4731,#4733,.T.);
#4731 = VERTEX_POINT('',#4732);
#4732 = CARTESIAN_POINT('',(16.757676,-16.189337,7.7E-02));
#4733 = LINE('',#4734,#4735);
#4734 = CARTESIAN_POINT('',(16.672932,-16.189337,7.7E-02));
#4735 = VECTOR('',#4736,1.);
#4736 = DIRECTION('',(1.,0.,0.));
#4737 = ORIENTED_EDGE('',*,*,#4738,.T.);
#4738 = EDGE_CURVE('',#4731,#4739,#4741,.T.);
#4739 = VERTEX_POINT('',#4740);
#4740 = CARTESIAN_POINT('',(16.824494,-16.167064,7.7E-02));
#4741 = LINE('',#4742,#4743);
#4742 = CARTESIAN_POINT('',(16.757676,-16.189337,7.7E-02));
#4743 = VECTOR('',#4744,1.);
#4744 = DIRECTION('',(0.948681878241,0.316232025413,0.));
#4745 = ORIENTED_EDGE('',*,*,#4746,.T.);
#4746 = EDGE_CURVE('',#4739,#4747,#4749,.T.);
#4747 = VERTEX_POINT('',#4748);
#4748 = CARTESIAN_POINT('',(16.867552,-16.124005,7.7E-02));
#4749 = LINE('',#4750,#4751);
#4750 = CARTESIAN_POINT('',(16.824494,-16.167064,7.7E-02));
#4751 = VECTOR('',#4752,1.);
#4752 = DIRECTION('',(0.707098570138,0.70711499214,0.));
#4753 = ORIENTED_EDGE('',*,*,#4754,.T.);
#4754 = EDGE_CURVE('',#4747,#4755,#4757,.T.);
#4755 = VERTEX_POINT('',#4756);
#4756 = CARTESIAN_POINT('',(16.915789,-15.902635,7.7E-02));
#4757 = CIRCLE('',#4758,0.361528658902);
#4758 = AXIS2_PLACEMENT_3D('',#4759,#4760,#4761);
#4759 = CARTESIAN_POINT('',(16.556219820104,-15.94022457403,7.7E-02));
#4760 = DIRECTION('',(0.,0.,1.));
#4761 = DIRECTION('',(0.86115491049,-0.508342620816,0.));
#4762 = ORIENTED_EDGE('',*,*,#4763,.T.);
#4763 = EDGE_CURVE('',#4755,#4764,#4766,.T.);
#4764 = VERTEX_POINT('',#4765);
#4765 = CARTESIAN_POINT('',(16.890041,-15.799645,7.7E-02));
#4766 = LINE('',#4767,#4768);
#4767 = CARTESIAN_POINT('',(16.915789,-15.902635,7.7E-02));
#4768 = VECTOR('',#4769,1.);
#4769 = DIRECTION('',(-0.242540057863,0.970141391928,0.));
#4770 = ORIENTED_EDGE('',*,*,#4771,.T.);
#4771 = EDGE_CURVE('',#4764,#4772,#4774,.T.);
#4772 = VERTEX_POINT('',#4773);
#4773 = CARTESIAN_POINT('',(16.867552,-15.754668,7.7E-02));
#4774 = LINE('',#4775,#4776);
#4775 = CARTESIAN_POINT('',(16.890041,-15.799645,7.7E-02));
#4776 = VECTOR('',#4777,1.);
#4777 = DIRECTION('',(-0.447221549976,0.894423213717,0.));
#4778 = ORIENTED_EDGE('',*,*,#4779,.T.);
#4779 = EDGE_CURVE('',#4772,#4705,#4780,.T.);
#4780 = LINE('',#4781,#4782);
#4781 = CARTESIAN_POINT('',(16.867552,-15.754668,7.7E-02));
#4782 = VECTOR('',#4783,1.);
#4783 = DIRECTION('',(-0.707098570138,0.70711499214,0.));
#4784 = PLANE('',#4785);
#4785 = AXIS2_PLACEMENT_3D('',#4786,#4787,#4788);
#4786 = CARTESIAN_POINT('',(0.,0.,7.7E-02));
#4787 = DIRECTION('',(0.,0.,1.));
#4788 = DIRECTION('',(1.,0.,-0.));
#4789 = SHELL_BASED_SURFACE_MODEL('',(#4790));
#4790 = OPEN_SHELL('',(#4791));
#4791 = ADVANCED_FACE('',(#4792),#4933,.T.);
#4792 = FACE_BOUND('',#4793,.F.);
#4793 = EDGE_LOOP('',(#4794,#4804,#4812,#4820,#4828,#4836,#4844,#4853,
    #4861,#4870,#4878,#4886,#4894,#4902,#4911,#4919,#4927));
#4794 = ORIENTED_EDGE('',*,*,#4795,.T.);
#4795 = EDGE_CURVE('',#4796,#4798,#4800,.T.);
#4796 = VERTEX_POINT('',#4797);
#4797 = CARTESIAN_POINT('',(18.009901,-15.611602,7.7E-02));
#4798 = VERTEX_POINT('',#4799);
#4799 = CARTESIAN_POINT('',(18.032369,-15.593143,7.7E-02));
#4800 = LINE('',#4801,#4802);
#4801 = CARTESIAN_POINT('',(18.009901,-15.611602,7.7E-02));
#4802 = VECTOR('',#4803,1.);
#4803 = DIRECTION('',(0.772673239458,0.634803957947,0.));
#4804 = ORIENTED_EDGE('',*,*,#4805,.T.);
#4805 = EDGE_CURVE('',#4798,#4806,#4808,.T.);
#4806 = VERTEX_POINT('',#4807);
#4807 = CARTESIAN_POINT('',(18.065491,-15.593143,7.7E-02));
#4808 = LINE('',#4809,#4810);
#4809 = CARTESIAN_POINT('',(18.032369,-15.593143,7.7E-02));
#4810 = VECTOR('',#4811,1.);
#4811 = DIRECTION('',(1.,0.,0.));
#4812 = ORIENTED_EDGE('',*,*,#4813,.T.);
#4813 = EDGE_CURVE('',#4806,#4814,#4816,.T.);
#4814 = VERTEX_POINT('',#4815);
#4815 = CARTESIAN_POINT('',(18.093048,-15.611515,7.7E-02));
#4816 = LINE('',#4817,#4818);
#4817 = CARTESIAN_POINT('',(18.065491,-15.593143,7.7E-02));
#4818 = VECTOR('',#4819,1.);
#4819 = DIRECTION('',(0.832041003928,-0.554714131588,0.));
#4820 = ORIENTED_EDGE('',*,*,#4821,.T.);
#4821 = EDGE_CURVE('',#4814,#4822,#4824,.T.);
#4822 = VERTEX_POINT('',#4823);
#4823 = CARTESIAN_POINT('',(18.101503,-15.639337,7.7E-02));
#4824 = LINE('',#4825,#4826);
#4825 = CARTESIAN_POINT('',(18.093048,-15.611515,7.7E-02));
#4826 = VECTOR('',#4827,1.);
#4827 = DIRECTION('',(0.290766107729,-0.956794163128,0.));
#4828 = ORIENTED_EDGE('',*,*,#4829,.T.);
#4829 = EDGE_CURVE('',#4822,#4830,#4832,.T.);
#4830 = VERTEX_POINT('',#4831);
#4831 = CARTESIAN_POINT('',(18.101503,-16.189337,7.7E-02));
#4832 = LINE('',#4833,#4834);
#4833 = CARTESIAN_POINT('',(18.101503,-15.639337,7.7E-02));
#4834 = VECTOR('',#4835,1.);
#4835 = DIRECTION('',(0.,-1.,0.));
#4836 = ORIENTED_EDGE('',*,*,#4837,.T.);
#4837 = EDGE_CURVE('',#4830,#4838,#4840,.T.);
#4838 = VERTEX_POINT('',#4839);
#4839 = CARTESIAN_POINT('',(18.222931,-16.189337,7.7E-02));
#4840 = LINE('',#4841,#4842);
#4841 = CARTESIAN_POINT('',(18.101503,-16.189337,7.7E-02));
#4842 = VECTOR('',#4843,1.);
#4843 = DIRECTION('',(1.,0.,0.));
#4844 = ORIENTED_EDGE('',*,*,#4845,.T.);
#4845 = EDGE_CURVE('',#4838,#4846,#4848,.T.);
#4846 = VERTEX_POINT('',#4847);
#4847 = CARTESIAN_POINT('',(18.222931,-16.289337,7.7E-02));
#4848 = CIRCLE('',#4849,5.000000000002E-02);
#4849 = AXIS2_PLACEMENT_3D('',#4850,#4851,#4852);
#4850 = CARTESIAN_POINT('',(18.222930952288,-16.239337,7.7E-02));
#4851 = DIRECTION('',(0.,0.,-1.));
#4852 = DIRECTION('',(9.542365120292E-07,1.,0.));
#4853 = ORIENTED_EDGE('',*,*,#4854,.T.);
#4854 = EDGE_CURVE('',#4846,#4855,#4857,.T.);
#4855 = VERTEX_POINT('',#4856);
#4856 = CARTESIAN_POINT('',(17.880074,-16.289337,7.7E-02));
#4857 = LINE('',#4858,#4859);
#4858 = CARTESIAN_POINT('',(18.222931,-16.289337,7.7E-02));
#4859 = VECTOR('',#4860,1.);
#4860 = DIRECTION('',(-1.,0.,0.));
#4861 = ORIENTED_EDGE('',*,*,#4862,.T.);
#4862 = EDGE_CURVE('',#4855,#4863,#4865,.T.);
#4863 = VERTEX_POINT('',#4864);
#4864 = CARTESIAN_POINT('',(17.880074,-16.189337,7.7E-02));
#4865 = CIRCLE('',#4866,5.000000000002E-02);
#4866 = AXIS2_PLACEMENT_3D('',#4867,#4868,#4869);
#4867 = CARTESIAN_POINT('',(17.880074047712,-16.239337,7.7E-02));
#4868 = DIRECTION('',(0.,0.,-1.));
#4869 = DIRECTION('',(-9.542365120292E-07,-1.,-0.));
#4870 = ORIENTED_EDGE('',*,*,#4871,.T.);
#4871 = EDGE_CURVE('',#4863,#4872,#4874,.T.);
#4872 = VERTEX_POINT('',#4873);
#4873 = CARTESIAN_POINT('',(18.001503,-16.189337,7.7E-02));
#4874 = LINE('',#4875,#4876);
#4875 = CARTESIAN_POINT('',(17.880074,-16.189337,7.7E-02));
#4876 = VECTOR('',#4877,1.);
#4877 = DIRECTION('',(1.,0.,0.));
#4878 = ORIENTED_EDGE('',*,*,#4879,.T.);
#4879 = EDGE_CURVE('',#4872,#4880,#4882,.T.);
#4880 = VERTEX_POINT('',#4881);
#4881 = CARTESIAN_POINT('',(18.001503,-15.788618,7.7E-02));
#4882 = LINE('',#4883,#4884);
#4883 = CARTESIAN_POINT('',(18.001503,-16.189337,7.7E-02));
#4884 = VECTOR('',#4885,1.);
#4885 = DIRECTION('',(0.,1.,0.));
#4886 = ORIENTED_EDGE('',*,*,#4887,.T.);
#4887 = EDGE_CURVE('',#4880,#4888,#4890,.T.);
#4888 = VERTEX_POINT('',#4889);
#4889 = CARTESIAN_POINT('',(17.959578,-15.826915,7.7E-02));
#4890 = LINE('',#4891,#4892);
#4891 = CARTESIAN_POINT('',(18.001503,-15.788618,7.7E-02));
#4892 = VECTOR('',#4893,1.);
#4893 = DIRECTION('',(-0.738330681425,-0.674438881491,0.));
#4894 = ORIENTED_EDGE('',*,*,#4895,.T.);
#4895 = EDGE_CURVE('',#4888,#4896,#4898,.T.);
#4896 = VERTEX_POINT('',#4897);
#4897 = CARTESIAN_POINT('',(17.883619,-15.86064,7.7E-02));
#4898 = LINE('',#4899,#4900);
#4899 = CARTESIAN_POINT('',(17.959578,-15.826915,7.7E-02));
#4900 = VECTOR('',#4901,1.);
#4901 = DIRECTION('',(-0.913965794536,-0.405791235018,0.));
#4902 = ORIENTED_EDGE('',*,*,#4903,.T.);
#4903 = EDGE_CURVE('',#4896,#4904,#4906,.T.);
#4904 = VERTEX_POINT('',#4905);
#4905 = CARTESIAN_POINT('',(17.842301,-15.778006,7.7E-02));
#4906 = CIRCLE('',#4907,4.999982901494E-02);
#4907 = AXIS2_PLACEMENT_3D('',#4908,#4909,#4910);
#4908 = CARTESIAN_POINT('',(17.880073517167,-15.81076603431,7.7E-02));
#4909 = DIRECTION('',(0.,0.,-1.));
#4910 = DIRECTION('',(7.090989915701E-02,-0.997482724763,0.));
#4911 = ORIENTED_EDGE('',*,*,#4912,.T.);
#4912 = EDGE_CURVE('',#4904,#4913,#4915,.T.);
#4913 = VERTEX_POINT('',#4914);
#4914 = CARTESIAN_POINT('',(17.907599,-15.741101,7.7E-02));
#4915 = LINE('',#4916,#4917);
#4916 = CARTESIAN_POINT('',(17.842301,-15.778006,7.7E-02));
#4917 = VECTOR('',#4918,1.);
#4918 = DIRECTION('',(0.870577488667,0.49203133663,0.));
#4919 = ORIENTED_EDGE('',*,*,#4920,.T.);
#4920 = EDGE_CURVE('',#4913,#4921,#4923,.T.);
#4921 = VERTEX_POINT('',#4922);
#4922 = CARTESIAN_POINT('',(17.955505,-15.693194,7.7E-02));
#4923 = LINE('',#4924,#4925);
#4924 = CARTESIAN_POINT('',(17.907599,-15.741101,7.7E-02));
#4925 = VECTOR('',#4926,1.);
#4926 = DIRECTION('',(0.707099401077,0.707114161219,0.));
#4927 = ORIENTED_EDGE('',*,*,#4928,.T.);
#4928 = EDGE_CURVE('',#4921,#4796,#4929,.T.);
#4929 = LINE('',#4930,#4931);
#4930 = CARTESIAN_POINT('',(17.955505,-15.693194,7.7E-02));
#4931 = VECTOR('',#4932,1.);
#4932 = DIRECTION('',(0.554709609375,0.832044018828,0.));
#4933 = PLANE('',#4934);
#4934 = AXIS2_PLACEMENT_3D('',#4935,#4936,#4937);
#4935 = CARTESIAN_POINT('',(0.,0.,7.7E-02));
#4936 = DIRECTION('',(0.,0.,1.));
#4937 = DIRECTION('',(1.,0.,-0.));
#4938 = SHELL_BASED_SURFACE_MODEL('',(#4939));
#4939 = OPEN_SHELL('',(#4940));
#4940 = ADVANCED_FACE('',(#4941),#5108,.T.);
#4941 = FACE_BOUND('',#4942,.F.);
#4942 = EDGE_LOOP('',(#4943,#4953,#4961,#4970,#4978,#4986,#4994,#5002,
    #5010,#5019,#5027,#5036,#5044,#5052,#5060,#5069,#5077,#5085,#5093,
    #5102));
#4943 = ORIENTED_EDGE('',*,*,#4944,.T.);
#4944 = EDGE_CURVE('',#4945,#4947,#4949,.T.);
#4945 = VERTEX_POINT('',#4946);
#4946 = CARTESIAN_POINT('',(18.44472,-15.632553,7.7E-02));
#4947 = VERTEX_POINT('',#4948);
#4948 = CARTESIAN_POINT('',(18.525944,-15.591579,7.7E-02));
#4949 = LINE('',#4950,#4951);
#4950 = CARTESIAN_POINT('',(18.44472,-15.632553,7.7E-02));
#4951 = VECTOR('',#4952,1.);
#4952 = DIRECTION('',(0.892829856604,0.450394102045,0.));
#4953 = ORIENTED_EDGE('',*,*,#4954,.T.);
#4954 = EDGE_CURVE('',#4947,#4955,#4957,.T.);
#4955 = VERTEX_POINT('',#4956);
#4956 = CARTESIAN_POINT('',(18.682531,-15.589825,7.7E-02));
#4957 = LINE('',#4958,#4959);
#4958 = CARTESIAN_POINT('',(18.525944,-15.591579,7.7E-02));
#4959 = VECTOR('',#4960,1.);
#4960 = DIRECTION('',(0.999937269766,1.120073806363E-02,0.));
#4961 = ORIENTED_EDGE('',*,*,#4962,.T.);
#4962 = EDGE_CURVE('',#4955,#4963,#4965,.T.);
#4963 = VERTEX_POINT('',#4964);
#4964 = CARTESIAN_POINT('',(18.810511,-15.67412,7.7E-02));
#4965 = CIRCLE('',#4966,0.197660226714);
#4966 = AXIS2_PLACEMENT_3D('',#4967,#4968,#4969);
#4967 = CARTESIAN_POINT('',(18.646297469502,-15.78413582443,7.7E-02));
#4968 = DIRECTION('',(0.,0.,-1.));
#4969 = DIRECTION('',(0.183312197404,0.983054748365,0.));
#4970 = ORIENTED_EDGE('',*,*,#4971,.T.);
#4971 = EDGE_CURVE('',#4963,#4972,#4974,.T.);
#4972 = VERTEX_POINT('',#4973);
#4973 = CARTESIAN_POINT('',(18.844234,-15.750079,7.7E-02));
#4974 = LINE('',#4975,#4976);
#4975 = CARTESIAN_POINT('',(18.810511,-15.67412,7.7E-02));
#4976 = VECTOR('',#4977,1.);
#4977 = DIRECTION('',(0.405771132663,-0.913974719507,0.));
#4978 = ORIENTED_EDGE('',*,*,#4979,.T.);
#4979 = EDGE_CURVE('',#4972,#4980,#4982,.T.);
#4980 = VERTEX_POINT('',#4981);
#4981 = CARTESIAN_POINT('',(18.841794,-15.826578,7.7E-02));
#4982 = LINE('',#4983,#4984);
#4983 = CARTESIAN_POINT('',(18.844234,-15.750079,7.7E-02));
#4984 = VECTOR('',#4985,1.);
#4985 = DIRECTION('',(-3.187962961153E-02,-0.999491715431,0.));
#4986 = ORIENTED_EDGE('',*,*,#4987,.T.);
#4987 = EDGE_CURVE('',#4980,#4988,#4990,.T.);
#4988 = VERTEX_POINT('',#4989);
#4989 = CARTESIAN_POINT('',(18.807532,-15.922274,7.7E-02));
#4990 = LINE('',#4991,#4992);
#4991 = CARTESIAN_POINT('',(18.841794,-15.826578,7.7E-02));
#4992 = VECTOR('',#4993,1.);
#4993 = DIRECTION('',(-0.337076696136,-0.941477190866,0.));
#4994 = ORIENTED_EDGE('',*,*,#4995,.T.);
#4995 = EDGE_CURVE('',#4988,#4996,#4998,.T.);
#4996 = VERTEX_POINT('',#4997);
#4997 = CARTESIAN_POINT('',(18.543642,-16.189337,7.7E-02));
#4998 = LINE('',#4999,#5000);
#4999 = CARTESIAN_POINT('',(18.807532,-15.922274,7.7E-02));
#5000 = VECTOR('',#5001,1.);
#5001 = DIRECTION('',(-0.702868527231,-0.711319782818,0.));
#5002 = ORIENTED_EDGE('',*,*,#5003,.T.);
#5003 = EDGE_CURVE('',#4996,#5004,#5006,.T.);
#5004 = VERTEX_POINT('',#5005);
#5005 = CARTESIAN_POINT('',(18.79436,-16.189337,7.7E-02));
#5006 = LINE('',#5007,#5008);
#5007 = CARTESIAN_POINT('',(18.543642,-16.189337,7.7E-02));
#5008 = VECTOR('',#5009,1.);
#5009 = DIRECTION('',(1.,0.,0.));
#5010 = ORIENTED_EDGE('',*,*,#5011,.T.);
#5011 = EDGE_CURVE('',#5004,#5012,#5014,.T.);
#5012 = VERTEX_POINT('',#5013);
#5013 = CARTESIAN_POINT('',(18.79436,-16.289337,7.7E-02));
#5014 = CIRCLE('',#5015,5.000000000002E-02);
#5015 = AXIS2_PLACEMENT_3D('',#5016,#5017,#5018);
#5016 = CARTESIAN_POINT('',(18.794359952288,-16.239337,7.7E-02));
#5017 = DIRECTION('',(0.,0.,-1.));
#5018 = DIRECTION('',(9.542365120292E-07,1.,0.));
#5019 = ORIENTED_EDGE('',*,*,#5020,.T.);
#5020 = EDGE_CURVE('',#5012,#5021,#5023,.T.);
#5021 = VERTEX_POINT('',#5022);
#5022 = CARTESIAN_POINT('',(18.422932,-16.289337,7.7E-02));
#5023 = LINE('',#5024,#5025);
#5024 = CARTESIAN_POINT('',(18.79436,-16.289337,7.7E-02));
#5025 = VECTOR('',#5026,1.);
#5026 = DIRECTION('',(-1.,0.,0.));
#5027 = ORIENTED_EDGE('',*,*,#5028,.T.);
#5028 = EDGE_CURVE('',#5021,#5029,#5031,.T.);
#5029 = VERTEX_POINT('',#5030);
#5030 = CARTESIAN_POINT('',(18.387577,-16.203982,7.7E-02));
#5031 = CIRCLE('',#5032,4.999963895009E-02);
#5032 = AXIS2_PLACEMENT_3D('',#5033,#5034,#5035);
#5033 = CARTESIAN_POINT('',(18.422931806465,-16.23933736105,7.7E-02));
#5034 = DIRECTION('',(0.,0.,-1.));
#5035 = DIRECTION('',(3.87073757008E-06,-0.999999999993,0.));
#5036 = ORIENTED_EDGE('',*,*,#5037,.T.);
#5037 = EDGE_CURVE('',#5029,#5038,#5040,.T.);
#5038 = VERTEX_POINT('',#5039);
#5039 = CARTESIAN_POINT('',(18.722087,-15.869471,7.7E-02));
#5040 = LINE('',#5041,#5042);
#5041 = CARTESIAN_POINT('',(18.387577,-16.203982,7.7E-02));
#5042 = VECTOR('',#5043,1.);
#5043 = DIRECTION('',(0.707105724258,0.707107838113,0.));
#5044 = ORIENTED_EDGE('',*,*,#5045,.T.);
#5045 = EDGE_CURVE('',#5038,#5046,#5048,.T.);
#5046 = VERTEX_POINT('',#5047);
#5047 = CARTESIAN_POINT('',(18.74436,-15.802653,7.7E-02));
#5048 = LINE('',#5049,#5050);
#5049 = CARTESIAN_POINT('',(18.722087,-15.869471,7.7E-02));
#5050 = VECTOR('',#5051,1.);
#5051 = DIRECTION('',(0.316232025413,0.948681878241,0.));
#5052 = ORIENTED_EDGE('',*,*,#5053,.T.);
#5053 = EDGE_CURVE('',#5046,#5054,#5056,.T.);
#5054 = VERTEX_POINT('',#5055);
#5055 = CARTESIAN_POINT('',(18.74436,-15.765426,7.7E-02));
#5056 = LINE('',#5057,#5058);
#5057 = CARTESIAN_POINT('',(18.74436,-15.802653,7.7E-02));
#5058 = VECTOR('',#5059,1.);
#5059 = DIRECTION('',(0.,1.,0.));
#5060 = ORIENTED_EDGE('',*,*,#5061,.T.);
#5061 = EDGE_CURVE('',#5054,#5062,#5064,.T.);
#5062 = VERTEX_POINT('',#5063);
#5063 = CARTESIAN_POINT('',(18.668271,-15.689337,7.7E-02));
#5064 = CIRCLE('',#5065,0.10648053963);
#5065 = AXIS2_PLACEMENT_3D('',#5066,#5067,#5068);
#5066 = CARTESIAN_POINT('',(18.641341130594,-15.7923558694,7.7E-02));
#5067 = DIRECTION('',(0.,0.,1.));
#5068 = DIRECTION('',(0.967490113817,0.252908836672,-0.));
#5069 = ORIENTED_EDGE('',*,*,#5070,.T.);
#5070 = EDGE_CURVE('',#5062,#5071,#5073,.T.);
#5071 = VERTEX_POINT('',#5072);
#5072 = CARTESIAN_POINT('',(18.549021,-15.689337,7.7E-02));
#5073 = LINE('',#5074,#5075);
#5074 = CARTESIAN_POINT('',(18.668271,-15.689337,7.7E-02));
#5075 = VECTOR('',#5076,1.);
#5076 = DIRECTION('',(-1.,0.,0.));
#5077 = ORIENTED_EDGE('',*,*,#5078,.T.);
#5078 = EDGE_CURVE('',#5071,#5079,#5081,.T.);
#5079 = VERTEX_POINT('',#5080);
#5080 = CARTESIAN_POINT('',(18.509691,-15.709002,7.7E-02));
#5081 = LINE('',#5082,#5083);
#5082 = CARTESIAN_POINT('',(18.549021,-15.689337,7.7E-02));
#5083 = VECTOR('',#5084,1.);
#5084 = DIRECTION('',(-0.894427191,-0.4472135955,0.));
#5085 = ORIENTED_EDGE('',*,*,#5086,.T.);
#5086 = EDGE_CURVE('',#5079,#5087,#5089,.T.);
#5087 = VERTEX_POINT('',#5088);
#5088 = CARTESIAN_POINT('',(18.470637,-15.742674,7.7E-02));
#5089 = LINE('',#5090,#5091);
#5090 = CARTESIAN_POINT('',(18.509691,-15.709002,7.7E-02));
#5091 = VECTOR('',#5092,1.);
#5092 = DIRECTION('',(-0.757364321977,-0.652992560291,0.));
#5093 = ORIENTED_EDGE('',*,*,#5094,.T.);
#5094 = EDGE_CURVE('',#5087,#5095,#5097,.T.);
#5095 = VERTEX_POINT('',#5096);
#5096 = CARTESIAN_POINT('',(18.405309,-15.677346,7.7E-02));
#5097 = CIRCLE('',#5098,4.999995591998E-02);
#5098 = AXIS2_PLACEMENT_3D('',#5099,#5100,#5101);
#5099 = CARTESIAN_POINT('',(18.451503,-15.69648,7.7E-02));
#5100 = DIRECTION('',(0.,0.,-1.));
#5101 = DIRECTION('',(0.382680337371,-0.923880814494,0.));
#5102 = ORIENTED_EDGE('',*,*,#5103,.T.);
#5103 = EDGE_CURVE('',#5095,#4945,#5104,.T.);
#5104 = LINE('',#5105,#5106);
#5105 = CARTESIAN_POINT('',(18.405309,-15.677346,7.7E-02));
#5106 = VECTOR('',#5107,1.);
#5107 = DIRECTION('',(0.660563282177,0.750770371179,0.));
#5108 = PLANE('',#5109);
#5109 = AXIS2_PLACEMENT_3D('',#5110,#5111,#5112);
#5110 = CARTESIAN_POINT('',(0.,0.,7.7E-02));
#5111 = DIRECTION('',(0.,0.,1.));
#5112 = DIRECTION('',(1.,0.,-0.));
#5113 = SHELL_BASED_SURFACE_MODEL('',(#5114));
#5114 = OPEN_SHELL('',(#5115));
#5115 = ADVANCED_FACE('',(#5116),#5410,.T.);
#5116 = FACE_BOUND('',#5117,.F.);
#5117 = EDGE_LOOP('',(#5118,#5128,#5136,#5144,#5152,#5161,#5169,#5177,
    #5186,#5194,#5202,#5210,#5218,#5226,#5234,#5242,#5250,#5258,#5266,
    #5274,#5282,#5290,#5298,#5307,#5315,#5323,#5332,#5340,#5348,#5356,
    #5364,#5372,#5380,#5388,#5396,#5404));
#5118 = ORIENTED_EDGE('',*,*,#5119,.T.);
#5119 = EDGE_CURVE('',#5120,#5122,#5124,.T.);
#5120 = VERTEX_POINT('',#5121);
#5121 = CARTESIAN_POINT('',(15.444718,-15.661125,7.7E-02));
#5122 = VERTEX_POINT('',#5123);
#5123 = CARTESIAN_POINT('',(15.486285,-15.623186,7.7E-02));
#5124 = LINE('',#5125,#5126);
#5125 = CARTESIAN_POINT('',(15.444718,-15.661125,7.7E-02));
#5126 = VECTOR('',#5127,1.);
#5127 = DIRECTION('',(0.738604736297,0.67413874204,0.));
#5128 = ORIENTED_EDGE('',*,*,#5129,.T.);
#5129 = EDGE_CURVE('',#5122,#5130,#5132,.T.);
#5130 = VERTEX_POINT('',#5131);
#5131 = CARTESIAN_POINT('',(15.562244,-15.589463,7.7E-02));
#5132 = LINE('',#5133,#5134);
#5133 = CARTESIAN_POINT('',(15.486285,-15.623186,7.7E-02));
#5134 = VECTOR('',#5135,1.);
#5135 = DIRECTION('',(0.913974719507,0.405771132663,0.));
#5136 = ORIENTED_EDGE('',*,*,#5137,.T.);
#5137 = EDGE_CURVE('',#5130,#5138,#5140,.T.);
#5138 = VERTEX_POINT('',#5139);
#5139 = CARTESIAN_POINT('',(15.716507,-15.5909,7.7E-02));
#5140 = LINE('',#5141,#5142);
#5141 = CARTESIAN_POINT('',(15.562244,-15.589463,7.7E-02));
#5142 = VECTOR('',#5143,1.);
#5143 = DIRECTION('',(0.999956615786,-9.314856166962E-03,0.));
#5144 = ORIENTED_EDGE('',*,*,#5145,.T.);
#5145 = EDGE_CURVE('',#5138,#5146,#5148,.T.);
#5146 = VERTEX_POINT('',#5147);
#5147 = CARTESIAN_POINT('',(15.81017,-15.620474,7.7E-02));
#5148 = LINE('',#5149,#5150);
#5149 = CARTESIAN_POINT('',(15.716507,-15.5909,7.7E-02));
#5150 = VECTOR('',#5151,1.);
#5151 = DIRECTION('',(0.953593743183,-0.301096285202,0.));
#5152 = ORIENTED_EDGE('',*,*,#5153,.T.);
#5153 = EDGE_CURVE('',#5146,#5154,#5156,.T.);
#5154 = VERTEX_POINT('',#5155);
#5155 = CARTESIAN_POINT('',(15.778547,-15.715342,7.7E-02));
#5156 = CIRCLE('',#5157,4.999987888471E-02);
#5157 = AXIS2_PLACEMENT_3D('',#5158,#5159,#5160);
#5158 = CARTESIAN_POINT('',(15.79435896092,-15.66790815364,7.7E-02));
#5159 = DIRECTION('',(0.,0.,-1.));
#5160 = DIRECTION('',(0.316221547583,0.948685370839,0.));
#5161 = ORIENTED_EDGE('',*,*,#5162,.T.);
#5162 = EDGE_CURVE('',#5154,#5163,#5165,.T.);
#5163 = VERTEX_POINT('',#5164);
#5164 = CARTESIAN_POINT('',(15.700532,-15.689337,7.7E-02));
#5165 = LINE('',#5166,#5167);
#5166 = CARTESIAN_POINT('',(15.778547,-15.715342,7.7E-02));
#5167 = VECTOR('',#5168,1.);
#5168 = DIRECTION('',(-0.948683298051,0.316227766017,0.));
#5169 = ORIENTED_EDGE('',*,*,#5170,.T.);
#5170 = EDGE_CURVE('',#5163,#5171,#5173,.T.);
#5171 = VERTEX_POINT('',#5172);
#5172 = CARTESIAN_POINT('',(15.577591,-15.689337,7.7E-02));
#5173 = LINE('',#5174,#5175);
#5174 = CARTESIAN_POINT('',(15.700532,-15.689337,7.7E-02));
#5175 = VECTOR('',#5176,1.);
#5176 = DIRECTION('',(-1.,0.,0.));
#5177 = ORIENTED_EDGE('',*,*,#5178,.T.);
#5178 = EDGE_CURVE('',#5171,#5179,#5181,.T.);
#5179 = VERTEX_POINT('',#5180);
#5180 = CARTESIAN_POINT('',(15.501502,-15.765426,7.7E-02));
#5181 = CIRCLE('',#5182,0.106474305737);
#5182 = AXIS2_PLACEMENT_3D('',#5183,#5184,#5185);
#5183 = CARTESIAN_POINT('',(15.604515761276,-15.79235076127,7.7E-02));
#5184 = DIRECTION('',(0.,0.,1.));
#5185 = DIRECTION('',(-0.25287566883,0.967498783521,0.));
#5186 = ORIENTED_EDGE('',*,*,#5187,.T.);
#5187 = EDGE_CURVE('',#5179,#5188,#5190,.T.);
#5188 = VERTEX_POINT('',#5189);
#5189 = CARTESIAN_POINT('',(15.501502,-15.798962,7.7E-02));
#5190 = LINE('',#5191,#5192);
#5191 = CARTESIAN_POINT('',(15.501502,-15.765426,7.7E-02));
#5192 = VECTOR('',#5193,1.);
#5193 = DIRECTION('',(0.,-1.,0.));
#5194 = ORIENTED_EDGE('',*,*,#5195,.T.);
#5195 = EDGE_CURVE('',#5188,#5196,#5198,.T.);
#5196 = VERTEX_POINT('',#5197);
#5197 = CARTESIAN_POINT('',(15.521165,-15.838289,7.7E-02));
#5198 = LINE('',#5199,#5200);
#5199 = CARTESIAN_POINT('',(15.501502,-15.798962,7.7E-02));
#5200 = VECTOR('',#5201,1.);
#5201 = DIRECTION('',(0.447204498096,-0.894431739644,0.));
#5202 = ORIENTED_EDGE('',*,*,#5203,.T.);
#5203 = EDGE_CURVE('',#5196,#5204,#5206,.T.);
#5204 = VERTEX_POINT('',#5205);
#5205 = CARTESIAN_POINT('',(15.538263,-15.855387,7.7E-02));
#5206 = LINE('',#5207,#5208);
#5207 = CARTESIAN_POINT('',(15.521165,-15.838289,7.7E-02));
#5208 = VECTOR('',#5209,1.);
#5209 = DIRECTION('',(0.707106781187,-0.707106781187,0.));
#5210 = ORIENTED_EDGE('',*,*,#5211,.T.);
#5211 = EDGE_CURVE('',#5204,#5212,#5214,.T.);
#5212 = VERTEX_POINT('',#5213);
#5213 = CARTESIAN_POINT('',(15.583239,-15.877875,7.7E-02));
#5214 = LINE('',#5215,#5216);
#5215 = CARTESIAN_POINT('',(15.538263,-15.855387,7.7E-02));
#5216 = VECTOR('',#5217,1.);
#5217 = DIRECTION('',(0.894427191,-0.4472135955,0.));
#5218 = ORIENTED_EDGE('',*,*,#5219,.T.);
#5219 = EDGE_CURVE('',#5212,#5220,#5222,.T.);
#5220 = VERTEX_POINT('',#5221);
#5221 = CARTESIAN_POINT('',(15.702434,-15.908901,7.7E-02));
#5222 = LINE('',#5223,#5224);
#5223 = CARTESIAN_POINT('',(15.583239,-15.877875,7.7E-02));
#5224 = VECTOR('',#5225,1.);
#5225 = DIRECTION('',(0.967752671098,-0.251902297693,0.));
#5226 = ORIENTED_EDGE('',*,*,#5227,.T.);
#5227 = EDGE_CURVE('',#5220,#5228,#5230,.T.);
#5228 = VERTEX_POINT('',#5229);
#5229 = CARTESIAN_POINT('',(15.772573,-15.946839,7.7E-02));
#5230 = LINE('',#5231,#5232);
#5231 = CARTESIAN_POINT('',(15.702434,-15.908901,7.7E-02));
#5232 = VECTOR('',#5233,1.);
#5233 = DIRECTION('',(0.879575191587,-0.475759899891,0.));
#5234 = ORIENTED_EDGE('',*,*,#5235,.T.);
#5235 = EDGE_CURVE('',#5228,#5236,#5238,.T.);
#5236 = VERTEX_POINT('',#5237);
#5237 = CARTESIAN_POINT('',(15.810509,-15.988405,7.7E-02));
#5238 = LINE('',#5239,#5240);
#5239 = CARTESIAN_POINT('',(15.772573,-15.946839,7.7E-02));
#5240 = VECTOR('',#5241,1.);
#5241 = DIRECTION('',(0.674118507414,-0.738623204322,0.));
#5242 = ORIENTED_EDGE('',*,*,#5243,.T.);
#5243 = EDGE_CURVE('',#5236,#5244,#5246,.T.);
#5244 = VERTEX_POINT('',#5245);
#5245 = CARTESIAN_POINT('',(15.844233,-16.064364,7.7E-02));
#5246 = LINE('',#5247,#5248);
#5247 = CARTESIAN_POINT('',(15.810509,-15.988405,7.7E-02));
#5248 = VECTOR('',#5249,1.);
#5249 = DIRECTION('',(0.405781183914,-0.913970257055,0.));
#5250 = ORIENTED_EDGE('',*,*,#5251,.T.);
#5251 = EDGE_CURVE('',#5244,#5252,#5254,.T.);
#5252 = VERTEX_POINT('',#5253);
#5253 = CARTESIAN_POINT('',(15.840553,-16.144185,7.7E-02));
#5254 = LINE('',#5255,#5256);
#5255 = CARTESIAN_POINT('',(15.844233,-16.064364,7.7E-02));
#5256 = VECTOR('',#5257,1.);
#5257 = DIRECTION('',(-4.605423762772E-02,-0.998938940675,0.));
#5258 = ORIENTED_EDGE('',*,*,#5259,.T.);
#5259 = EDGE_CURVE('',#5252,#5260,#5262,.T.);
#5260 = VERTEX_POINT('',#5261);
#5261 = CARTESIAN_POINT('',(15.801144,-16.217549,7.7E-02));
#5262 = LINE('',#5263,#5264);
#5263 = CARTESIAN_POINT('',(15.840553,-16.144185,7.7E-02));
#5264 = VECTOR('',#5265,1.);
#5265 = DIRECTION('',(-0.473218108712,-0.880945299997,0.));
#5266 = ORIENTED_EDGE('',*,*,#5267,.T.);
#5267 = EDGE_CURVE('',#5260,#5268,#5270,.T.);
#5268 = VERTEX_POINT('',#5269);
#5269 = CARTESIAN_POINT('',(15.759578,-16.255487,7.7E-02));
#5270 = LINE('',#5271,#5272);
#5271 = CARTESIAN_POINT('',(15.801144,-16.217549,7.7E-02));
#5272 = VECTOR('',#5273,1.);
#5273 = DIRECTION('',(-0.73860550854,-0.674137895949,0.));
#5274 = ORIENTED_EDGE('',*,*,#5275,.T.);
#5275 = EDGE_CURVE('',#5268,#5276,#5278,.T.);
#5276 = VERTEX_POINT('',#5277);
#5277 = CARTESIAN_POINT('',(15.683618,-16.289211,7.7E-02));
#5278 = LINE('',#5279,#5280);
#5279 = CARTESIAN_POINT('',(15.759578,-16.255487,7.7E-02));
#5280 = VECTOR('',#5281,1.);
#5281 = DIRECTION('',(-0.91397223826,-0.405776721473,0.));
#5282 = ORIENTED_EDGE('',*,*,#5283,.T.);
#5283 = EDGE_CURVE('',#5276,#5284,#5286,.T.);
#5284 = VERTEX_POINT('',#5285);
#5285 = CARTESIAN_POINT('',(15.521406,-16.286771,7.7E-02));
#5286 = LINE('',#5287,#5288);
#5287 = CARTESIAN_POINT('',(15.683618,-16.289211,7.7E-02));
#5288 = VECTOR('',#5289,1.);
#5289 = DIRECTION('',(-0.999886887654,1.504034230437E-02,0.));
#5290 = ORIENTED_EDGE('',*,*,#5291,.T.);
#5291 = EDGE_CURVE('',#5284,#5292,#5294,.T.);
#5292 = VERTEX_POINT('',#5293);
#5293 = CARTESIAN_POINT('',(15.435691,-16.2582,7.7E-02));
#5294 = LINE('',#5295,#5296);
#5295 = CARTESIAN_POINT('',(15.521406,-16.286771,7.7E-02));
#5296 = VECTOR('',#5297,1.);
#5297 = DIRECTION('',(-0.948685511608,0.316221125266,0.));
#5298 = ORIENTED_EDGE('',*,*,#5299,.T.);
#5299 = EDGE_CURVE('',#5292,#5300,#5302,.T.);
#5300 = VERTEX_POINT('',#5301);
#5301 = CARTESIAN_POINT('',(15.467313,-16.163332,7.7E-02));
#5302 = CIRCLE('',#5303,4.999972076936E-02);
#5303 = AXIS2_PLACEMENT_3D('',#5304,#5305,#5306);
#5304 = CARTESIAN_POINT('',(15.451501888853,-16.21076596295,7.7E-02));
#5305 = DIRECTION('',(0.,0.,-1.));
#5306 = DIRECTION('',(-0.316219543028,-0.948686039007,-0.));
#5307 = ORIENTED_EDGE('',*,*,#5308,.T.);
#5308 = EDGE_CURVE('',#5300,#5309,#5311,.T.);
#5309 = VERTEX_POINT('',#5310);
#5310 = CARTESIAN_POINT('',(15.54533,-16.189337,7.7E-02));
#5311 = LINE('',#5312,#5313);
#5312 = CARTESIAN_POINT('',(15.467313,-16.163332,7.7E-02));
#5313 = VECTOR('',#5314,1.);
#5314 = DIRECTION('',(0.94868573002,-0.316220470015,0.));
#5315 = ORIENTED_EDGE('',*,*,#5316,.T.);
#5316 = EDGE_CURVE('',#5309,#5317,#5319,.T.);
#5317 = VERTEX_POINT('',#5318);
#5318 = CARTESIAN_POINT('',(15.66827,-16.189337,7.7E-02));
#5319 = LINE('',#5320,#5321);
#5320 = CARTESIAN_POINT('',(15.54533,-16.189337,7.7E-02));
#5321 = VECTOR('',#5322,1.);
#5322 = DIRECTION('',(1.,0.,0.));
#5323 = ORIENTED_EDGE('',*,*,#5324,.T.);
#5324 = EDGE_CURVE('',#5317,#5325,#5327,.T.);
#5325 = VERTEX_POINT('',#5326);
#5326 = CARTESIAN_POINT('',(15.744359,-16.113248,7.7E-02));
#5327 = CIRCLE('',#5328,0.10647947861);
#5328 = AXIS2_PLACEMENT_3D('',#5329,#5330,#5331);
#5329 = CARTESIAN_POINT('',(15.641341,-16.086319,7.7E-02));
#5330 = DIRECTION('',(0.,0.,1.));
#5331 = DIRECTION('',(0.252903191785,-0.967491589413,0.));
#5332 = ORIENTED_EDGE('',*,*,#5333,.T.);
#5333 = EDGE_CURVE('',#5325,#5334,#5336,.T.);
#5334 = VERTEX_POINT('',#5335);
#5335 = CARTESIAN_POINT('',(15.744359,-16.079711,7.7E-02));
#5336 = LINE('',#5337,#5338);
#5337 = CARTESIAN_POINT('',(15.744359,-16.113248,7.7E-02));
#5338 = VECTOR('',#5339,1.);
#5339 = DIRECTION('',(0.,1.,0.));
#5340 = ORIENTED_EDGE('',*,*,#5341,.T.);
#5341 = EDGE_CURVE('',#5334,#5342,#5344,.T.);
#5342 = VERTEX_POINT('',#5343);
#5343 = CARTESIAN_POINT('',(15.724695,-16.040384,7.7E-02));
#5344 = LINE('',#5345,#5346);
#5345 = CARTESIAN_POINT('',(15.744359,-16.079711,7.7E-02));
#5346 = VECTOR('',#5347,1.);
#5347 = DIRECTION('',(-0.447222692765,0.89442264231,0.));
#5348 = ORIENTED_EDGE('',*,*,#5349,.T.);
#5349 = EDGE_CURVE('',#5342,#5350,#5352,.T.);
#5350 = VERTEX_POINT('',#5351);
#5351 = CARTESIAN_POINT('',(15.707598,-16.023286,7.7E-02));
#5352 = LINE('',#5353,#5354);
#5353 = CARTESIAN_POINT('',(15.724695,-16.040384,7.7E-02));
#5354 = VECTOR('',#5355,1.);
#5355 = DIRECTION('',(-0.707086102224,0.707127459544,0.));
#5356 = ORIENTED_EDGE('',*,*,#5357,.T.);
#5357 = EDGE_CURVE('',#5350,#5358,#5360,.T.);
#5358 = VERTEX_POINT('',#5359);
#5359 = CARTESIAN_POINT('',(15.662621,-16.000798,7.7E-02));
#5360 = LINE('',#5361,#5362);
#5361 = CARTESIAN_POINT('',(15.707598,-16.023286,7.7E-02));
#5362 = VECTOR('',#5363,1.);
#5363 = DIRECTION('',(-0.894431168247,0.447205640917,0.));
#5364 = ORIENTED_EDGE('',*,*,#5365,.T.);
#5365 = EDGE_CURVE('',#5358,#5366,#5368,.T.);
#5366 = VERTEX_POINT('',#5367);
#5367 = CARTESIAN_POINT('',(15.543428,-15.969773,7.7E-02));
#5368 = LINE('',#5369,#5370);
#5369 = CARTESIAN_POINT('',(15.662621,-16.000798,7.7E-02));
#5370 = VECTOR('',#5371,1.);
#5371 = DIRECTION('',(-0.96775361998,0.251898652269,0.));
#5372 = ORIENTED_EDGE('',*,*,#5373,.T.);
#5373 = EDGE_CURVE('',#5366,#5374,#5376,.T.);
#5374 = VERTEX_POINT('',#5375);
#5375 = CARTESIAN_POINT('',(15.473289,-15.931835,7.7E-02));
#5376 = LINE('',#5377,#5378);
#5377 = CARTESIAN_POINT('',(15.543428,-15.969773,7.7E-02));
#5378 = VECTOR('',#5379,1.);
#5379 = DIRECTION('',(-0.879575191587,0.475759899891,0.));
#5380 = ORIENTED_EDGE('',*,*,#5381,.T.);
#5381 = EDGE_CURVE('',#5374,#5382,#5384,.T.);
#5382 = VERTEX_POINT('',#5383);
#5383 = CARTESIAN_POINT('',(15.435353,-15.890269,7.7E-02));
#5384 = LINE('',#5385,#5386);
#5385 = CARTESIAN_POINT('',(15.473289,-15.931835,7.7E-02));
#5386 = VECTOR('',#5387,1.);
#5387 = DIRECTION('',(-0.674118507414,0.738623204322,0.));
#5388 = ORIENTED_EDGE('',*,*,#5389,.T.);
#5389 = EDGE_CURVE('',#5382,#5390,#5392,.T.);
#5390 = VERTEX_POINT('',#5391);
#5391 = CARTESIAN_POINT('',(15.401628,-15.814311,7.7E-02));
#5392 = LINE('',#5393,#5394);
#5393 = CARTESIAN_POINT('',(15.435353,-15.890269,7.7E-02));
#5394 = VECTOR('',#5395,1.);
#5395 = DIRECTION('',(-0.405795697615,0.913963813177,0.));
#5396 = ORIENTED_EDGE('',*,*,#5397,.T.);
#5397 = EDGE_CURVE('',#5390,#5398,#5400,.T.);
#5398 = VERTEX_POINT('',#5399);
#5399 = CARTESIAN_POINT('',(15.405308,-15.734489,7.7E-02));
#5400 = LINE('',#5401,#5402);
#5401 = CARTESIAN_POINT('',(15.401628,-15.814311,7.7E-02));
#5402 = VECTOR('',#5403,1.);
#5403 = DIRECTION('',(4.605366188972E-02,0.998938967218,0.));
#5404 = ORIENTED_EDGE('',*,*,#5405,.T.);
#5405 = EDGE_CURVE('',#5398,#5120,#5406,.T.);
#5406 = LINE('',#5407,#5408);
#5407 = CARTESIAN_POINT('',(15.405308,-15.734489,7.7E-02));
#5408 = VECTOR('',#5409,1.);
#5409 = DIRECTION('',(0.473227427515,0.880940294144,0.));
#5410 = PLANE('',#5411);
#5411 = AXIS2_PLACEMENT_3D('',#5412,#5413,#5414);
#5412 = CARTESIAN_POINT('',(0.,0.,7.7E-02));
#5413 = DIRECTION('',(0.,0.,1.));
#5414 = DIRECTION('',(1.,0.,-0.));
#5415 = SHELL_BASED_SURFACE_MODEL('',(#5416));
#5416 = OPEN_SHELL('',(#5417));
#5417 = ADVANCED_FACE('',(#5418),#5529,.T.);
#5418 = FACE_BOUND('',#5419,.F.);
#5419 = EDGE_LOOP('',(#5420,#5431,#5439,#5448,#5456,#5464,#5473,#5481,
    #5490,#5498,#5506,#5515,#5523));
#5420 = ORIENTED_EDGE('',*,*,#5421,.T.);
#5421 = EDGE_CURVE('',#5422,#5424,#5426,.T.);
#5422 = VERTEX_POINT('',#5423);
#5423 = CARTESIAN_POINT('',(17.631435,-15.627755,7.7E-02));
#5424 = VERTEX_POINT('',#5425);
#5425 = CARTESIAN_POINT('',(17.728715,-15.650918,7.7E-02));
#5426 = CIRCLE('',#5427,4.999980742342E-02);
#5427 = AXIS2_PLACEMENT_3D('',#5428,#5429,#5430);
#5428 = CARTESIAN_POINT('',(17.680074916654,-15.63933685003,7.7E-02));
#5429 = DIRECTION('',(0.,0.,-1.));
#5430 = DIRECTION('',(-0.972802079861,0.231637892881,0.));
#5431 = ORIENTED_EDGE('',*,*,#5432,.T.);
#5432 = EDGE_CURVE('',#5424,#5433,#5435,.T.);
#5433 = VERTEX_POINT('',#5434);
#5434 = CARTESIAN_POINT('',(17.585857,-16.250918,7.7E-02));
#5435 = LINE('',#5436,#5437);
#5436 = CARTESIAN_POINT('',(17.728715,-15.650918,7.7E-02));
#5437 = VECTOR('',#5438,1.);
#5438 = DIRECTION('',(-0.231621842473,-0.97280590155,0.));
#5439 = ORIENTED_EDGE('',*,*,#5440,.T.);
#5440 = EDGE_CURVE('',#5433,#5441,#5443,.T.);
#5441 = VERTEX_POINT('',#5442);
#5442 = CARTESIAN_POINT('',(17.488905,-16.25222,7.7E-02));
#5443 = CIRCLE('',#5444,4.999982916869E-02);
#5444 = AXIS2_PLACEMENT_3D('',#5445,#5446,#5447);
#5445 = CARTESIAN_POINT('',(17.537216739219,-16.23933750138,7.7E-02));
#5446 = DIRECTION('',(-0.,0.,-1.));
#5447 = DIRECTION('',(0.972808539333,-0.231610763567,-0.));
#5448 = ORIENTED_EDGE('',*,*,#5449,.T.);
#5449 = EDGE_CURVE('',#5441,#5450,#5452,.T.);
#5450 = VERTEX_POINT('',#5451);
#5451 = CARTESIAN_POINT('',(17.422931,-16.004819,7.7E-02));
#5452 = LINE('',#5453,#5454);
#5453 = CARTESIAN_POINT('',(17.488905,-16.25222,7.7E-02));
#5454 = VECTOR('',#5455,1.);
#5455 = DIRECTION('',(-0.257664109061,0.966234550667,0.));
#5456 = ORIENTED_EDGE('',*,*,#5457,.T.);
#5457 = EDGE_CURVE('',#5450,#5458,#5460,.T.);
#5458 = VERTEX_POINT('',#5459);
#5459 = CARTESIAN_POINT('',(17.356958,-16.25222,7.7E-02));
#5460 = LINE('',#5461,#5462);
#5461 = CARTESIAN_POINT('',(17.422931,-16.004819,7.7E-02));
#5462 = VECTOR('',#5463,1.);
#5463 = DIRECTION('',(-0.257660462807,-0.966235523,0.));
#5464 = ORIENTED_EDGE('',*,*,#5465,.T.);
#5465 = EDGE_CURVE('',#5458,#5466,#5468,.T.);
#5466 = VERTEX_POINT('',#5467);
#5467 = CARTESIAN_POINT('',(17.260006,-16.250918,7.7E-02));
#5468 = CIRCLE('',#5469,5.00001042381E-02);
#5469 = AXIS2_PLACEMENT_3D('',#5470,#5471,#5472);
#5470 = CARTESIAN_POINT('',(17.308646275877,-16.23933637721,7.7E-02));
#5471 = DIRECTION('',(-0.,0.,-1.));
#5472 = DIRECTION('',(0.966232468086,-0.257671918562,-0.));
#5473 = ORIENTED_EDGE('',*,*,#5474,.T.);
#5474 = EDGE_CURVE('',#5466,#5475,#5477,.T.);
#5475 = VERTEX_POINT('',#5476);
#5476 = CARTESIAN_POINT('',(17.117149,-15.650918,7.7E-02));
#5477 = LINE('',#5478,#5479);
#5478 = CARTESIAN_POINT('',(17.260006,-16.250918,7.7E-02));
#5479 = VECTOR('',#5480,1.);
#5480 = DIRECTION('',(-0.231620308111,0.972806266875,0.));
#5481 = ORIENTED_EDGE('',*,*,#5482,.T.);
#5482 = EDGE_CURVE('',#5475,#5483,#5485,.T.);
#5483 = VERTEX_POINT('',#5484);
#5484 = CARTESIAN_POINT('',(17.214429,-15.627756,7.7E-02));
#5485 = CIRCLE('',#5486,4.999969160946E-02);
#5486 = AXIS2_PLACEMENT_3D('',#5487,#5488,#5489);
#5487 = CARTESIAN_POINT('',(17.165788952757,-15.63933680158,7.7E-02));
#5488 = DIRECTION('',(0.,0.,-1.));
#5489 = DIRECTION('',(-0.97280505522,-0.231625397006,-0.));
#5490 = ORIENTED_EDGE('',*,*,#5491,.T.);
#5491 = EDGE_CURVE('',#5483,#5492,#5494,.T.);
#5492 = VERTEX_POINT('',#5493);
#5493 = CARTESIAN_POINT('',(17.31139,-16.034993,7.7E-02));
#5494 = LINE('',#5495,#5496);
#5495 = CARTESIAN_POINT('',(17.214429,-15.627756,7.7E-02));
#5496 = VECTOR('',#5497,1.);
#5497 = DIRECTION('',(0.231620096708,-0.972806317209,0.));
#5498 = ORIENTED_EDGE('',*,*,#5499,.T.);
#5499 = EDGE_CURVE('',#5492,#5500,#5502,.T.);
#5500 = VERTEX_POINT('',#5501);
#5501 = CARTESIAN_POINT('',(17.37462,-15.797882,7.7E-02));
#5502 = LINE('',#5503,#5504);
#5503 = CARTESIAN_POINT('',(17.31139,-16.034993,7.7E-02));
#5504 = VECTOR('',#5505,1.);
#5505 = DIRECTION('',(0.257664172356,0.966234533788,0.));
#5506 = ORIENTED_EDGE('',*,*,#5507,.T.);
#5507 = EDGE_CURVE('',#5500,#5508,#5510,.T.);
#5508 = VERTEX_POINT('',#5509);
#5509 = CARTESIAN_POINT('',(17.471244,-15.797883,7.7E-02));
#5510 = CIRCLE('',#5511,5.000028375018E-02);
#5511 = AXIS2_PLACEMENT_3D('',#5512,#5513,#5514);
#5512 = CARTESIAN_POINT('',(17.422931866666,-15.81076578493,7.7E-02));
#5513 = DIRECTION('',(0.,0.,-1.));
#5514 = DIRECTION('',(-0.966231849947,0.257674236486,0.));
#5515 = ORIENTED_EDGE('',*,*,#5516,.T.);
#5516 = EDGE_CURVE('',#5508,#5517,#5519,.T.);
#5517 = VERTEX_POINT('',#5518);
#5518 = CARTESIAN_POINT('',(17.534473,-16.034993,7.7E-02));
#5519 = LINE('',#5520,#5521);
#5520 = CARTESIAN_POINT('',(17.471244,-15.797883,7.7E-02));
#5521 = VECTOR('',#5522,1.);
#5522 = DIRECTION('',(0.257661382391,-0.966235277779,0.));
#5523 = ORIENTED_EDGE('',*,*,#5524,.T.);
#5524 = EDGE_CURVE('',#5517,#5422,#5525,.T.);
#5525 = LINE('',#5526,#5527);
#5526 = CARTESIAN_POINT('',(17.534473,-16.034993,7.7E-02));
#5527 = VECTOR('',#5528,1.);
#5528 = DIRECTION('',(0.231621819098,0.972805907115,0.));
#5529 = PLANE('',#5530);
#5530 = AXIS2_PLACEMENT_3D('',#5531,#5532,#5533);
#5531 = CARTESIAN_POINT('',(0.,0.,7.7E-02));
#5532 = DIRECTION('',(0.,0.,1.));
#5533 = DIRECTION('',(1.,0.,-0.));
#5534 = SHELL_BASED_SURFACE_MODEL('',(#5535));
#5535 = OPEN_SHELL('',(#5536));
#5536 = ADVANCED_FACE('',(#5537,#5663),#5715,.T.);
#5537 = FACE_BOUND('',#5538,.F.);
#5538 = EDGE_LOOP('',(#5539,#5550,#5558,#5567,#5575,#5583,#5591,#5599,
    #5607,#5615,#5624,#5632,#5640,#5648,#5657));
#5539 = ORIENTED_EDGE('',*,*,#5540,.T.);
#5540 = EDGE_CURVE('',#5541,#5543,#5545,.T.);
#5541 = VERTEX_POINT('',#5542);
#5542 = CARTESIAN_POINT('',(19.458647,-15.639337,7.7E-02));
#5543 = VERTEX_POINT('',#5544);
#5544 = CARTESIAN_POINT('',(19.508647,-15.589337,7.7E-02));
#5545 = CIRCLE('',#5546,5.000014378936E-02);
#5546 = AXIS2_PLACEMENT_3D('',#5547,#5548,#5549);
#5547 = CARTESIAN_POINT('',(19.508647143789,-15.63933714378,7.7E-02));
#5548 = DIRECTION('',(0.,0.,-1.));
#5549 = DIRECTION('',(-0.999999999996,2.875774719404E-06,0.));
#5550 = ORIENTED_EDGE('',*,*,#5551,.T.);
#5551 = EDGE_CURVE('',#5543,#5552,#5554,.T.);
#5552 = VERTEX_POINT('',#5553);
#5553 = CARTESIAN_POINT('',(19.739674,-15.589825,7.7E-02));
#5554 = LINE('',#5555,#5556);
#5555 = CARTESIAN_POINT('',(19.508647,-15.589337,7.7E-02));
#5556 = VECTOR('',#5557,1.);
#5557 = DIRECTION('',(0.999997769087,-2.112302507123E-03,0.));
#5558 = ORIENTED_EDGE('',*,*,#5559,.T.);
#5559 = EDGE_CURVE('',#5552,#5560,#5562,.T.);
#5560 = VERTEX_POINT('',#5561);
#5561 = CARTESIAN_POINT('',(19.867653,-15.674119,7.7E-02));
#5562 = CIRCLE('',#5563,0.197659186075);
#5563 = AXIS2_PLACEMENT_3D('',#5564,#5565,#5566);
#5564 = CARTESIAN_POINT('',(19.703440713313,-15.78413481132,7.7E-02));
#5565 = DIRECTION('',(0.,0.,-1.));
#5566 = DIRECTION('',(0.183311929018,0.983054798411,0.));
#5567 = ORIENTED_EDGE('',*,*,#5568,.T.);
#5568 = EDGE_CURVE('',#5560,#5569,#5571,.T.);
#5569 = VERTEX_POINT('',#5570);
#5570 = CARTESIAN_POINT('',(19.901378,-15.750078,7.7E-02));
#5571 = LINE('',#5572,#5573);
#5572 = CARTESIAN_POINT('',(19.867653,-15.674119,7.7E-02));
#5573 = VECTOR('',#5574,1.);
#5574 = DIRECTION('',(0.405791235018,-0.913965794536,0.));
#5575 = ORIENTED_EDGE('',*,*,#5576,.T.);
#5576 = EDGE_CURVE('',#5569,#5577,#5579,.T.);
#5577 = VERTEX_POINT('',#5578);
#5578 = CARTESIAN_POINT('',(19.899261,-15.850609,7.7E-02));
#5579 = LINE('',#5580,#5581);
#5580 = CARTESIAN_POINT('',(19.901378,-15.750078,7.7E-02));
#5581 = VECTOR('',#5582,1.);
#5582 = DIRECTION('',(-2.10535135174E-02,-0.99977835022,0.));
#5583 = ORIENTED_EDGE('',*,*,#5584,.T.);
#5584 = EDGE_CURVE('',#5577,#5585,#5587,.T.);
#5585 = VERTEX_POINT('',#5586);
#5586 = CARTESIAN_POINT('',(19.858287,-15.931836,7.7E-02));
#5587 = LINE('',#5588,#5589);
#5588 = CARTESIAN_POINT('',(19.899261,-15.850609,7.7E-02));
#5589 = VECTOR('',#5590,1.);
#5590 = DIRECTION('',(-0.450380841669,-0.892836545767,0.));
#5591 = ORIENTED_EDGE('',*,*,#5592,.T.);
#5592 = EDGE_CURVE('',#5585,#5593,#5595,.T.);
#5593 = VERTEX_POINT('',#5594);
#5594 = CARTESIAN_POINT('',(19.816722,-15.969772,7.7E-02));
#5595 = LINE('',#5596,#5597);
#5596 = CARTESIAN_POINT('',(19.858287,-15.931836,7.7E-02));
#5597 = VECTOR('',#5598,1.);
#5598 = DIRECTION('',(-0.73861512889,-0.674127355457,0.));
#5599 = ORIENTED_EDGE('',*,*,#5600,.T.);
#5600 = EDGE_CURVE('',#5593,#5601,#5603,.T.);
#5601 = VERTEX_POINT('',#5602);
#5602 = CARTESIAN_POINT('',(19.746373,-16.00196,7.7E-02));
#5603 = LINE('',#5604,#5605);
#5604 = CARTESIAN_POINT('',(19.816722,-15.969772,7.7E-02));
#5605 = VECTOR('',#5606,1.);
#5606 = DIRECTION('',(-0.909335336456,-0.416063992521,0.));
#5607 = ORIENTED_EDGE('',*,*,#5608,.T.);
#5608 = EDGE_CURVE('',#5601,#5609,#5611,.T.);
#5609 = VERTEX_POINT('',#5610);
#5610 = CARTESIAN_POINT('',(19.892465,-16.210663,7.7E-02));
#5611 = LINE('',#5612,#5613);
#5612 = CARTESIAN_POINT('',(19.746373,-16.00196,7.7E-02));
#5613 = VECTOR('',#5614,1.);
#5614 = DIRECTION('',(0.573462080917,-0.819232104931,0.));
#5615 = ORIENTED_EDGE('',*,*,#5616,.T.);
#5616 = EDGE_CURVE('',#5609,#5617,#5619,.T.);
#5617 = VERTEX_POINT('',#5618);
#5618 = CARTESIAN_POINT('',(19.810542,-16.26801,7.7E-02));
#5619 = CIRCLE('',#5620,5.000014084486E-02);
#5620 = AXIS2_PLACEMENT_3D('',#5621,#5622,#5623);
#5621 = CARTESIAN_POINT('',(19.851503455421,-16.23933643631,7.7E-02));
#5622 = DIRECTION('',(0.,0.,-1.));
#5623 = DIRECTION('',(0.819228583907,0.573467110923,0.));
#5624 = ORIENTED_EDGE('',*,*,#5625,.T.);
#5625 = EDGE_CURVE('',#5617,#5626,#5628,.T.);
#5626 = VERTEX_POINT('',#5627);
#5627 = CARTESIAN_POINT('',(19.625471,-16.003623,7.7E-02));
#5628 = LINE('',#5629,#5630);
#5629 = CARTESIAN_POINT('',(19.810542,-16.26801,7.7E-02));
#5630 = VECTOR('',#5631,1.);
#5631 = DIRECTION('',(-0.573462552324,0.819231774947,0.));
#5632 = ORIENTED_EDGE('',*,*,#5633,.T.);
#5633 = EDGE_CURVE('',#5626,#5634,#5636,.T.);
#5634 = VERTEX_POINT('',#5635);
#5635 = CARTESIAN_POINT('',(19.558647,-16.003623,7.7E-02));
#5636 = LINE('',#5637,#5638);
#5637 = CARTESIAN_POINT('',(19.625471,-16.003623,7.7E-02));
#5638 = VECTOR('',#5639,1.);
#5639 = DIRECTION('',(-1.,0.,0.));
#5640 = ORIENTED_EDGE('',*,*,#5641,.T.);
#5641 = EDGE_CURVE('',#5634,#5642,#5644,.T.);
#5642 = VERTEX_POINT('',#5643);
#5643 = CARTESIAN_POINT('',(19.558647,-16.239337,7.7E-02));
#5644 = LINE('',#5645,#5646);
#5645 = CARTESIAN_POINT('',(19.558647,-16.003623,7.7E-02));
#5646 = VECTOR('',#5647,1.);
#5647 = DIRECTION('',(0.,-1.,0.));
#5648 = ORIENTED_EDGE('',*,*,#5649,.T.);
#5649 = EDGE_CURVE('',#5642,#5650,#5652,.T.);
#5650 = VERTEX_POINT('',#5651);
#5651 = CARTESIAN_POINT('',(19.458647,-16.239337,7.7E-02));
#5652 = CIRCLE('',#5653,5.000000000002E-02);
#5653 = AXIS2_PLACEMENT_3D('',#5654,#5655,#5656);
#5654 = CARTESIAN_POINT('',(19.508647,-16.23933695228,7.7E-02));
#5655 = DIRECTION('',(-0.,0.,-1.));
#5656 = DIRECTION('',(1.,-9.542364409749E-07,-0.));
#5657 = ORIENTED_EDGE('',*,*,#5658,.T.);
#5658 = EDGE_CURVE('',#5650,#5541,#5659,.T.);
#5659 = LINE('',#5660,#5661);
#5660 = CARTESIAN_POINT('',(19.458647,-16.239337,7.7E-02));
#5661 = VECTOR('',#5662,1.);
#5662 = DIRECTION('',(0.,1.,0.));
#5663 = FACE_BOUND('',#5664,.F.);
#5664 = EDGE_LOOP('',(#5665,#5676,#5684,#5692,#5700,#5709));
#5665 = ORIENTED_EDGE('',*,*,#5666,.T.);
#5666 = EDGE_CURVE('',#5667,#5669,#5671,.T.);
#5667 = VERTEX_POINT('',#5668);
#5668 = CARTESIAN_POINT('',(19.801504,-15.765426,7.7E-02));
#5669 = VERTEX_POINT('',#5670);
#5670 = CARTESIAN_POINT('',(19.725414,-15.689337,7.7E-02));
#5671 = CIRCLE('',#5672,0.106483877573);
#5672 = AXIS2_PLACEMENT_3D('',#5673,#5674,#5675);
#5673 = CARTESIAN_POINT('',(19.698482468841,-15.79235888511,7.7E-02));
#5674 = DIRECTION('',(0.,0.,1.));
#5675 = DIRECTION('',(0.967484782744,0.252929229546,-0.));
#5676 = ORIENTED_EDGE('',*,*,#5677,.T.);
#5677 = EDGE_CURVE('',#5669,#5678,#5680,.T.);
#5678 = VERTEX_POINT('',#5679);
#5679 = CARTESIAN_POINT('',(19.558647,-15.689337,7.7E-02));
#5680 = LINE('',#5681,#5682);
#5681 = CARTESIAN_POINT('',(19.725414,-15.689337,7.7E-02));
#5682 = VECTOR('',#5683,1.);
#5683 = DIRECTION('',(-1.,0.,0.));
#5684 = ORIENTED_EDGE('',*,*,#5685,.T.);
#5685 = EDGE_CURVE('',#5678,#5686,#5688,.T.);
#5686 = VERTEX_POINT('',#5687);
#5687 = CARTESIAN_POINT('',(19.558647,-15.903623,7.7E-02));
#5688 = LINE('',#5689,#5690);
#5689 = CARTESIAN_POINT('',(19.558647,-15.689337,7.7E-02));
#5690 = VECTOR('',#5691,1.);
#5691 = DIRECTION('',(0.,-1.,0.));
#5692 = ORIENTED_EDGE('',*,*,#5693,.T.);
#5693 = EDGE_CURVE('',#5686,#5694,#5696,.T.);
#5694 = VERTEX_POINT('',#5695);
#5695 = CARTESIAN_POINT('',(19.725415,-15.903623,7.7E-02));
#5696 = LINE('',#5697,#5698);
#5697 = CARTESIAN_POINT('',(19.558647,-15.903623,7.7E-02));
#5698 = VECTOR('',#5699,1.);
#5699 = DIRECTION('',(1.,0.,0.));
#5700 = ORIENTED_EDGE('',*,*,#5701,.T.);
#5701 = EDGE_CURVE('',#5694,#5702,#5704,.T.);
#5702 = VERTEX_POINT('',#5703);
#5703 = CARTESIAN_POINT('',(19.801504,-15.827533,7.7E-02));
#5704 = CIRCLE('',#5705,0.106483877573);
#5705 = AXIS2_PLACEMENT_3D('',#5706,#5707,#5708);
#5706 = CARTESIAN_POINT('',(19.698482114886,-15.80060146884,7.7E-02));
#5707 = DIRECTION('',(0.,0.,1.));
#5708 = DIRECTION('',(0.252929229546,-0.967484782744,0.));
#5709 = ORIENTED_EDGE('',*,*,#5710,.T.);
#5710 = EDGE_CURVE('',#5702,#5667,#5711,.T.);
#5711 = LINE('',#5712,#5713);
#5712 = CARTESIAN_POINT('',(19.801504,-15.827533,7.7E-02));
#5713 = VECTOR('',#5714,1.);
#5714 = DIRECTION('',(0.,1.,0.));
#5715 = PLANE('',#5716);
#5716 = AXIS2_PLACEMENT_3D('',#5717,#5718,#5719);
#5717 = CARTESIAN_POINT('',(0.,0.,7.7E-02));
#5718 = DIRECTION('',(0.,0.,1.));
#5719 = DIRECTION('',(1.,0.,-0.));
#5720 = SHELL_BASED_SURFACE_MODEL('',(#5721));
#5721 = OPEN_SHELL('',(#5722));
#5722 = ADVANCED_FACE('',(#5723),#5767,.T.);
#5723 = FACE_BOUND('',#5724,.F.);
#5724 = EDGE_LOOP('',(#5725,#5736,#5744,#5753,#5761));
#5725 = ORIENTED_EDGE('',*,*,#5726,.T.);
#5726 = EDGE_CURVE('',#5727,#5729,#5731,.T.);
#5727 = VERTEX_POINT('',#5728);
#5728 = CARTESIAN_POINT('',(15.148166,-15.620203,7.7E-02));
#5729 = VERTEX_POINT('',#5730);
#5730 = CARTESIAN_POINT('',(15.24436,-15.639337,7.7E-02));
#5731 = CIRCLE('',#5732,4.999998452109E-02);
#5732 = AXIS2_PLACEMENT_3D('',#5733,#5734,#5735);
#5733 = CARTESIAN_POINT('',(15.194360015479,-15.63933703736,7.7E-02));
#5734 = DIRECTION('',(0.,0.,-1.));
#5735 = DIRECTION('',(-0.923880595592,0.382680865851,0.));
#5736 = ORIENTED_EDGE('',*,*,#5737,.T.);
#5737 = EDGE_CURVE('',#5729,#5738,#5740,.T.);
#5738 = VERTEX_POINT('',#5739);
#5739 = CARTESIAN_POINT('',(15.24436,-16.239337,7.7E-02));
#5740 = LINE('',#5741,#5742);
#5741 = CARTESIAN_POINT('',(15.24436,-15.639337,7.7E-02));
#5742 = VECTOR('',#5743,1.);
#5743 = DIRECTION('',(0.,-1.,0.));
#5744 = ORIENTED_EDGE('',*,*,#5745,.T.);
#5745 = EDGE_CURVE('',#5738,#5746,#5748,.T.);
#5746 = VERTEX_POINT('',#5747);
#5747 = CARTESIAN_POINT('',(15.14436,-16.239337,7.7E-02));
#5748 = CIRCLE('',#5749,5.000000000002E-02);
#5749 = AXIS2_PLACEMENT_3D('',#5750,#5751,#5752);
#5750 = CARTESIAN_POINT('',(15.19436,-16.23933695228,7.7E-02));
#5751 = DIRECTION('',(-0.,0.,-1.));
#5752 = DIRECTION('',(1.,-9.54236440975E-07,-0.));
#5753 = ORIENTED_EDGE('',*,*,#5754,.T.);
#5754 = EDGE_CURVE('',#5746,#5755,#5757,.T.);
#5755 = VERTEX_POINT('',#5756);
#5756 = CARTESIAN_POINT('',(15.14436,-15.639337,7.7E-02));
#5757 = LINE('',#5758,#5759);
#5758 = CARTESIAN_POINT('',(15.14436,-16.239337,7.7E-02));
#5759 = VECTOR('',#5760,1.);
#5760 = DIRECTION('',(0.,1.,0.));
#5761 = ORIENTED_EDGE('',*,*,#5762,.T.);
#5762 = EDGE_CURVE('',#5755,#5727,#5763,.T.);
#5763 = LINE('',#5764,#5765);
#5764 = CARTESIAN_POINT('',(15.14436,-15.639337,7.7E-02));
#5765 = VECTOR('',#5766,1.);
#5766 = DIRECTION('',(0.195090852695,0.980785174845,0.));
#5767 = PLANE('',#5768);
#5768 = AXIS2_PLACEMENT_3D('',#5769,#5770,#5771);
#5769 = CARTESIAN_POINT('',(0.,0.,7.7E-02));
#5770 = DIRECTION('',(0.,0.,1.));
#5771 = DIRECTION('',(1.,0.,-0.));
#5772 = SHELL_BASED_SURFACE_MODEL('',(#5773));
#5773 = OPEN_SHELL('',(#5774));
#5774 = ADVANCED_FACE('',(#5775),#5844,.T.);
#5775 = FACE_BOUND('',#5776,.F.);
#5776 = EDGE_LOOP('',(#5777,#5788,#5796,#5805,#5813,#5821,#5830,#5838));
#5777 = ORIENTED_EDGE('',*,*,#5778,.T.);
#5778 = EDGE_CURVE('',#5779,#5781,#5783,.T.);
#5779 = VERTEX_POINT('',#5780);
#5780 = CARTESIAN_POINT('',(18.965789,-15.689337,7.7E-02));
#5781 = VERTEX_POINT('',#5782);
#5782 = CARTESIAN_POINT('',(18.965789,-15.589337,7.7E-02));
#5783 = CIRCLE('',#5784,5.000000000002E-02);
#5784 = AXIS2_PLACEMENT_3D('',#5785,#5786,#5787);
#5785 = CARTESIAN_POINT('',(18.965789047712,-15.639337,7.7E-02));
#5786 = DIRECTION('',(0.,0.,-1.));
#5787 = DIRECTION('',(-9.542365120292E-07,-1.,-0.));
#5788 = ORIENTED_EDGE('',*,*,#5789,.T.);
#5789 = EDGE_CURVE('',#5781,#5790,#5792,.T.);
#5790 = VERTEX_POINT('',#5791);
#5791 = CARTESIAN_POINT('',(19.308647,-15.589337,7.7E-02));
#5792 = LINE('',#5793,#5794);
#5793 = CARTESIAN_POINT('',(18.965789,-15.589337,7.7E-02));
#5794 = VECTOR('',#5795,1.);
#5795 = DIRECTION('',(1.,0.,0.));
#5796 = ORIENTED_EDGE('',*,*,#5797,.T.);
#5797 = EDGE_CURVE('',#5790,#5798,#5800,.T.);
#5798 = VERTEX_POINT('',#5799);
#5799 = CARTESIAN_POINT('',(19.308647,-15.689337,7.7E-02));
#5800 = CIRCLE('',#5801,5.000000000002E-02);
#5801 = AXIS2_PLACEMENT_3D('',#5802,#5803,#5804);
#5802 = CARTESIAN_POINT('',(19.308646952288,-15.639337,7.7E-02));
#5803 = DIRECTION('',(0.,0.,-1.));
#5804 = DIRECTION('',(9.54236440975E-07,1.,0.));
#5805 = ORIENTED_EDGE('',*,*,#5806,.T.);
#5806 = EDGE_CURVE('',#5798,#5807,#5809,.T.);
#5807 = VERTEX_POINT('',#5808);
#5808 = CARTESIAN_POINT('',(19.187218,-15.689337,7.7E-02));
#5809 = LINE('',#5810,#5811);
#5810 = CARTESIAN_POINT('',(19.308647,-15.689337,7.7E-02));
#5811 = VECTOR('',#5812,1.);
#5812 = DIRECTION('',(-1.,0.,0.));
#5813 = ORIENTED_EDGE('',*,*,#5814,.T.);
#5814 = EDGE_CURVE('',#5807,#5815,#5817,.T.);
#5815 = VERTEX_POINT('',#5816);
#5816 = CARTESIAN_POINT('',(19.187218,-16.239337,7.7E-02));
#5817 = LINE('',#5818,#5819);
#5818 = CARTESIAN_POINT('',(19.187218,-15.689337,7.7E-02));
#5819 = VECTOR('',#5820,1.);
#5820 = DIRECTION('',(0.,-1.,0.));
#5821 = ORIENTED_EDGE('',*,*,#5822,.T.);
#5822 = EDGE_CURVE('',#5815,#5823,#5825,.T.);
#5823 = VERTEX_POINT('',#5824);
#5824 = CARTESIAN_POINT('',(19.087218,-16.239337,7.7E-02));
#5825 = CIRCLE('',#5826,5.000000000002E-02);
#5826 = AXIS2_PLACEMENT_3D('',#5827,#5828,#5829);
#5827 = CARTESIAN_POINT('',(19.137218,-16.23933695228,7.7E-02));
#5828 = DIRECTION('',(-0.,0.,-1.));
#5829 = DIRECTION('',(1.,-9.542365120292E-07,-0.));
#5830 = ORIENTED_EDGE('',*,*,#5831,.T.);
#5831 = EDGE_CURVE('',#5823,#5832,#5834,.T.);
#5832 = VERTEX_POINT('',#5833);
#5833 = CARTESIAN_POINT('',(19.087218,-15.689337,7.7E-02));
#5834 = LINE('',#5835,#5836);
#5835 = CARTESIAN_POINT('',(19.087218,-16.239337,7.7E-02));
#5836 = VECTOR('',#5837,1.);
#5837 = DIRECTION('',(0.,1.,0.));
#5838 = ORIENTED_EDGE('',*,*,#5839,.T.);
#5839 = EDGE_CURVE('',#5832,#5779,#5840,.T.);
#5840 = LINE('',#5841,#5842);
#5841 = CARTESIAN_POINT('',(19.087218,-15.689337,7.7E-02));
#5842 = VECTOR('',#5843,1.);
#5843 = DIRECTION('',(-1.,0.,0.));
#5844 = PLANE('',#5845);
#5845 = AXIS2_PLACEMENT_3D('',#5846,#5847,#5848);
#5846 = CARTESIAN_POINT('',(0.,0.,7.7E-02));
#5847 = DIRECTION('',(0.,0.,1.));
#5848 = DIRECTION('',(1.,0.,-0.));
#5849 = SHELL_BASED_SURFACE_MODEL('',(#5850));
#5850 = OPEN_SHELL('',(#5851));
#5851 = ADVANCED_FACE('',(#5852,#6018),#6085,.T.);
#5852 = FACE_BOUND('',#5853,.F.);
#5853 = EDGE_LOOP('',(#5854,#5865,#5873,#5881,#5889,#5897,#5905,#5913,
    #5921,#5930,#5938,#5946,#5954,#5962,#5971,#5979,#5987,#5995,#6004,
    #6012));
#5854 = ORIENTED_EDGE('',*,*,#5855,.T.);
#5855 = EDGE_CURVE('',#5856,#5858,#5860,.T.);
#5856 = VERTEX_POINT('',#5857);
#5857 = CARTESIAN_POINT('',(16.226475,-14.951816,7.7E-02));
#5858 = VERTEX_POINT('',#5859);
#5859 = CARTESIAN_POINT('',(16.185159,-14.869182,7.7E-02));
#5860 = CIRCLE('',#5861,4.999975812218E-02);
#5861 = AXIS2_PLACEMENT_3D('',#5862,#5863,#5864);
#5862 = CARTESIAN_POINT('',(16.222931482846,-14.90194196568,7.7E-02));
#5863 = DIRECTION('',(0.,0.,-1.));
#5864 = DIRECTION('',(7.08706859262E-02,-0.997485511612,0.));
#5865 = ORIENTED_EDGE('',*,*,#5866,.T.);
#5866 = EDGE_CURVE('',#5858,#5867,#5869,.T.);
#5867 = VERTEX_POINT('',#5868);
#5868 = CARTESIAN_POINT('',(16.257714,-14.828649,7.7E-02));
#5869 = LINE('',#5870,#5871);
#5870 = CARTESIAN_POINT('',(16.185159,-14.869182,7.7E-02));
#5871 = VECTOR('',#5872,1.);
#5872 = DIRECTION('',(0.873007221556,0.48770728015,0.));
#5873 = ORIENTED_EDGE('',*,*,#5874,.T.);
#5874 = EDGE_CURVE('',#5867,#5875,#5877,.T.);
#5875 = VERTEX_POINT('',#5876);
#5876 = CARTESIAN_POINT('',(16.280074,-14.823371,7.7E-02));
#5877 = LINE('',#5878,#5879);
#5878 = CARTESIAN_POINT('',(16.257714,-14.828649,7.7E-02));
#5879 = VECTOR('',#5880,1.);
#5880 = DIRECTION('',(0.973253660801,0.229733131561,0.));
#5881 = ORIENTED_EDGE('',*,*,#5882,.T.);
#5882 = EDGE_CURVE('',#5875,#5883,#5885,.T.);
#5883 = VERTEX_POINT('',#5884);
#5884 = CARTESIAN_POINT('',(16.396815,-14.823859,7.7E-02));
#5885 = LINE('',#5886,#5887);
#5886 = CARTESIAN_POINT('',(16.280074,-14.823371,7.7E-02));
#5887 = VECTOR('',#5888,1.);
#5888 = DIRECTION('',(0.999991263105,-4.18015724035E-03,0.));
#5889 = ORIENTED_EDGE('',*,*,#5890,.T.);
#5890 = EDGE_CURVE('',#5883,#5891,#5893,.T.);
#5891 = VERTEX_POINT('',#5892);
#5892 = CARTESIAN_POINT('',(16.416719,-14.828649,7.7E-02));
#5893 = LINE('',#5894,#5895);
#5894 = CARTESIAN_POINT('',(16.396815,-14.823859,7.7E-02));
#5895 = VECTOR('',#5896,1.);
#5896 = DIRECTION('',(0.972242570936,-0.233975176587,0.));
#5897 = ORIENTED_EDGE('',*,*,#5898,.T.);
#5898 = EDGE_CURVE('',#5891,#5899,#5901,.T.);
#5899 = VERTEX_POINT('',#5900);
#5900 = CARTESIAN_POINT('',(16.489275,-14.869182,7.7E-02));
#5901 = LINE('',#5902,#5903);
#5902 = CARTESIAN_POINT('',(16.416719,-14.828649,7.7E-02));
#5903 = VECTOR('',#5904,1.);
#5904 = DIRECTION('',(0.873010083506,-0.487702157158,0.));
#5905 = ORIENTED_EDGE('',*,*,#5906,.T.);
#5906 = EDGE_CURVE('',#5899,#5907,#5909,.T.);
#5907 = VERTEX_POINT('',#5908);
#5908 = CARTESIAN_POINT('',(16.527831,-14.947812,7.7E-02));
#5909 = LINE('',#5910,#5911);
#5910 = CARTESIAN_POINT('',(16.489275,-14.869182,7.7E-02));
#5911 = VECTOR('',#5912,1.);
#5912 = DIRECTION('',(0.440266609951,-0.897867090477,0.));
#5913 = ORIENTED_EDGE('',*,*,#5914,.T.);
#5914 = EDGE_CURVE('',#5907,#5915,#5917,.T.);
#5915 = VERTEX_POINT('',#5916);
#5916 = CARTESIAN_POINT('',(16.530074,-15.273371,7.7E-02));
#5917 = LINE('',#5918,#5919);
#5918 = CARTESIAN_POINT('',(16.527831,-14.947812,7.7E-02));
#5919 = VECTOR('',#5920,1.);
#5920 = DIRECTION('',(6.889524684477E-03,-0.999976266943,0.));
#5921 = ORIENTED_EDGE('',*,*,#5922,.T.);
#5922 = EDGE_CURVE('',#5915,#5923,#5925,.T.);
#5923 = VERTEX_POINT('',#5924);
#5924 = CARTESIAN_POINT('',(16.46094,-15.319565,7.7E-02));
#5925 = CIRCLE('',#5926,5.000005199707E-02);
#5926 = AXIS2_PLACEMENT_3D('',#5927,#5928,#5929);
#5927 = CARTESIAN_POINT('',(16.480073948003,-15.27337087447,7.7E-02));
#5928 = DIRECTION('',(0.,0.,-1.));
#5929 = DIRECTION('',(0.999999999997,-2.51060688719E-06,0.));
#5930 = ORIENTED_EDGE('',*,*,#5931,.T.);
#5931 = EDGE_CURVE('',#5923,#5932,#5934,.T.);
#5932 = VERTEX_POINT('',#5933);
#5933 = CARTESIAN_POINT('',(16.454742,-15.313367,7.7E-02));
#5934 = LINE('',#5935,#5936);
#5935 = CARTESIAN_POINT('',(16.46094,-15.319565,7.7E-02));
#5936 = VECTOR('',#5937,1.);
#5937 = DIRECTION('',(-0.707106781187,0.707106781187,0.));
#5938 = ORIENTED_EDGE('',*,*,#5939,.T.);
#5939 = EDGE_CURVE('',#5932,#5940,#5942,.T.);
#5940 = VERTEX_POINT('',#5941);
#5941 = CARTESIAN_POINT('',(16.422931,-15.323371,7.7E-02));
#5942 = LINE('',#5943,#5944);
#5943 = CARTESIAN_POINT('',(16.454742,-15.313367,7.7E-02));
#5944 = VECTOR('',#5945,1.);
#5945 = DIRECTION('',(-0.953940031135,-0.299997361651,0.));
#5946 = ORIENTED_EDGE('',*,*,#5947,.T.);
#5947 = EDGE_CURVE('',#5940,#5948,#5950,.T.);
#5948 = VERTEX_POINT('',#5949);
#5949 = CARTESIAN_POINT('',(16.2688,-15.321128,7.7E-02));
#5950 = LINE('',#5951,#5952);
#5951 = CARTESIAN_POINT('',(16.422931,-15.323371,7.7E-02));
#5952 = VECTOR('',#5953,1.);
#5953 = DIRECTION('',(-0.999894128373,1.45510152399E-02,0.));
#5954 = ORIENTED_EDGE('',*,*,#5955,.T.);
#5955 = EDGE_CURVE('',#5948,#5956,#5958,.T.);
#5956 = VERTEX_POINT('',#5957);
#5957 = CARTESIAN_POINT('',(16.187979,-15.279749,7.7E-02));
#5958 = LINE('',#5959,#5960);
#5959 = CARTESIAN_POINT('',(16.2688,-15.321128,7.7E-02));
#5960 = VECTOR('',#5961,1.);
#5961 = DIRECTION('',(-0.890119865335,0.455726480837,0.));
#5962 = ORIENTED_EDGE('',*,*,#5963,.T.);
#5963 = EDGE_CURVE('',#5956,#5964,#5966,.T.);
#5964 = VERTEX_POINT('',#5965);
#5965 = CARTESIAN_POINT('',(16.187979,-15.038421,7.7E-02));
#5966 = CIRCLE('',#5967,0.181860469574);
#5967 = AXIS2_PLACEMENT_3D('',#5968,#5969,#5970);
#5968 = CARTESIAN_POINT('',(16.324043063947,-15.159085,7.7E-02));
#5969 = DIRECTION('',(0.,0.,-1.));
#5970 = DIRECTION('',(-0.748178338402,-0.663497681945,-0.));
#5971 = ORIENTED_EDGE('',*,*,#5972,.T.);
#5972 = EDGE_CURVE('',#5964,#5973,#5975,.T.);
#5973 = VERTEX_POINT('',#5974);
#5974 = CARTESIAN_POINT('',(16.2688,-14.997042,7.7E-02));
#5975 = LINE('',#5976,#5977);
#5976 = CARTESIAN_POINT('',(16.187979,-15.038421,7.7E-02));
#5977 = VECTOR('',#5978,1.);
#5978 = DIRECTION('',(0.890119865335,0.455726480837,0.));
#5979 = ORIENTED_EDGE('',*,*,#5980,.T.);
#5980 = EDGE_CURVE('',#5973,#5981,#5983,.T.);
#5981 = VERTEX_POINT('',#5982);
#5982 = CARTESIAN_POINT('',(16.411128,-14.9948,7.7E-02));
#5983 = LINE('',#5984,#5985);
#5984 = CARTESIAN_POINT('',(16.2688,-14.997042,7.7E-02));
#5985 = VECTOR('',#5986,1.);
#5986 = DIRECTION('',(0.999875954871,1.575039269028E-02,0.));
#5987 = ORIENTED_EDGE('',*,*,#5988,.T.);
#5988 = EDGE_CURVE('',#5981,#5989,#5991,.T.);
#5989 = VERTEX_POINT('',#5990);
#5990 = CARTESIAN_POINT('',(16.430074,-14.985326,7.7E-02));
#5991 = LINE('',#5992,#5993);
#5992 = CARTESIAN_POINT('',(16.411128,-14.9948,7.7E-02));
#5993 = VECTOR('',#5994,1.);
#5994 = DIRECTION('',(0.894408306886,0.447251361735,0.));
#5995 = ORIENTED_EDGE('',*,*,#5996,.T.);
#5996 = EDGE_CURVE('',#5989,#5997,#5999,.T.);
#5997 = VERTEX_POINT('',#5998);
#5998 = CARTESIAN_POINT('',(16.382555,-14.923371,7.7E-02));
#5999 = CIRCLE('',#6000,5.520969480197E-02);
#6000 = AXIS2_PLACEMENT_3D('',#6001,#6002,#6003);
#6001 = CARTESIAN_POINT('',(16.375338303794,-14.978107,7.7E-02));
#6002 = DIRECTION('',(0.,-0.,1.));
#6003 = DIRECTION('',(0.991414576771,-0.130756020766,-0.));
#6004 = ORIENTED_EDGE('',*,*,#6005,.T.);
#6005 = EDGE_CURVE('',#5997,#6006,#6008,.T.);
#6006 = VERTEX_POINT('',#6007);
#6007 = CARTESIAN_POINT('',(16.291877,-14.923371,7.7E-02));
#6008 = LINE('',#6009,#6010);
#6009 = CARTESIAN_POINT('',(16.382555,-14.923371,7.7E-02));
#6010 = VECTOR('',#6011,1.);
#6011 = DIRECTION('',(-1.,0.,0.));
#6012 = ORIENTED_EDGE('',*,*,#6013,.T.);
#6013 = EDGE_CURVE('',#6006,#5856,#6014,.T.);
#6014 = LINE('',#6015,#6016);
#6015 = CARTESIAN_POINT('',(16.291877,-14.923371,7.7E-02));
#6016 = VECTOR('',#6017,1.);
#6017 = DIRECTION('',(-0.917022123031,-0.398836339708,0.));
#6018 = FACE_BOUND('',#6019,.F.);
#6019 = EDGE_LOOP('',(#6020,#6030,#6038,#6046,#6054,#6062,#6071,#6079));
#6020 = ORIENTED_EDGE('',*,*,#6021,.T.);
#6021 = EDGE_CURVE('',#6022,#6024,#6026,.T.);
#6022 = VERTEX_POINT('',#6023);
#6023 = CARTESIAN_POINT('',(16.411127,-15.223371,7.7E-02));
#6024 = VERTEX_POINT('',#6025);
#6025 = CARTESIAN_POINT('',(16.430074,-15.213897,7.7E-02));
#6026 = LINE('',#6027,#6028);
#6027 = CARTESIAN_POINT('',(16.411127,-15.223371,7.7E-02));
#6028 = VECTOR('',#6029,1.);
#6029 = DIRECTION('',(0.894417749541,0.44723247792,0.));
#6030 = ORIENTED_EDGE('',*,*,#6031,.T.);
#6031 = EDGE_CURVE('',#6024,#6032,#6034,.T.);
#6032 = VERTEX_POINT('',#6033);
#6033 = CARTESIAN_POINT('',(16.430074,-15.093688,7.7E-02));
#6034 = LINE('',#6035,#6036);
#6035 = CARTESIAN_POINT('',(16.430074,-15.213897,7.7E-02));
#6036 = VECTOR('',#6037,1.);
#6037 = DIRECTION('',(0.,1.,0.));
#6038 = ORIENTED_EDGE('',*,*,#6039,.T.);
#6039 = EDGE_CURVE('',#6032,#6040,#6042,.T.);
#6040 = VERTEX_POINT('',#6041);
#6041 = CARTESIAN_POINT('',(16.426476,-15.094674,7.7E-02));
#6042 = LINE('',#6043,#6044);
#6043 = CARTESIAN_POINT('',(16.430074,-15.093688,7.7E-02));
#6044 = VECTOR('',#6045,1.);
#6045 = DIRECTION('',(-0.964441441143,-0.264296626172,0.));
#6046 = ORIENTED_EDGE('',*,*,#6047,.T.);
#6047 = EDGE_CURVE('',#6040,#6048,#6050,.T.);
#6048 = VERTEX_POINT('',#6049);
#6049 = CARTESIAN_POINT('',(16.291877,-15.0948,7.7E-02));
#6050 = LINE('',#6051,#6052);
#6051 = CARTESIAN_POINT('',(16.426476,-15.094674,7.7E-02));
#6052 = VECTOR('',#6053,1.);
#6053 = DIRECTION('',(-0.999999561846,-9.361135282758E-04,0.));
#6054 = ORIENTED_EDGE('',*,*,#6055,.T.);
#6055 = EDGE_CURVE('',#6048,#6056,#6058,.T.);
#6056 = VERTEX_POINT('',#6057);
#6057 = CARTESIAN_POINT('',(16.260198,-15.110639,7.7E-02));
#6058 = LINE('',#6059,#6060);
#6059 = CARTESIAN_POINT('',(16.291877,-15.0948,7.7E-02));
#6060 = VECTOR('',#6061,1.);
#6061 = DIRECTION('',(-0.894432837779,-0.447202301764,0.));
#6062 = ORIENTED_EDGE('',*,*,#6063,.T.);
#6063 = EDGE_CURVE('',#6056,#6064,#6066,.T.);
#6064 = VERTEX_POINT('',#6065);
#6065 = CARTESIAN_POINT('',(16.260198,-15.207531,7.7E-02));
#6066 = CIRCLE('',#6067,7.503115783626E-02);
#6067 = AXIS2_PLACEMENT_3D('',#6068,#6069,#6070);
#6068 = CARTESIAN_POINT('',(16.3174925,-15.159085,7.7E-02));
#6069 = DIRECTION('',(0.,0.,1.));
#6070 = DIRECTION('',(-0.76360943443,0.64567842743,0.));
#6071 = ORIENTED_EDGE('',*,*,#6072,.T.);
#6072 = EDGE_CURVE('',#6064,#6073,#6075,.T.);
#6073 = VERTEX_POINT('',#6074);
#6074 = CARTESIAN_POINT('',(16.291877,-15.223371,7.7E-02));
#6075 = LINE('',#6076,#6077);
#6076 = CARTESIAN_POINT('',(16.260198,-15.207531,7.7E-02));
#6077 = VECTOR('',#6078,1.);
#6078 = DIRECTION('',(0.89442154415,-0.447224889022,0.));
#6079 = ORIENTED_EDGE('',*,*,#6080,.T.);
#6080 = EDGE_CURVE('',#6073,#6022,#6081,.T.);
#6081 = LINE('',#6082,#6083);
#6082 = CARTESIAN_POINT('',(16.291877,-15.223371,7.7E-02));
#6083 = VECTOR('',#6084,1.);
#6084 = DIRECTION('',(1.,0.,0.));
#6085 = PLANE('',#6086);
#6086 = AXIS2_PLACEMENT_3D('',#6087,#6088,#6089);
#6087 = CARTESIAN_POINT('',(0.,0.,7.7E-02));
#6088 = DIRECTION('',(0.,0.,1.));
#6089 = DIRECTION('',(1.,0.,-0.));
#6090 = SHELL_BASED_SURFACE_MODEL('',(#6091));
#6091 = OPEN_SHELL('',(#6092));
#6092 = ADVANCED_FACE('',(#6093,#6257),#6300,.T.);
#6093 = FACE_BOUND('',#6094,.F.);
#6094 = EDGE_LOOP('',(#6095,#6106,#6114,#6122,#6130,#6138,#6146,#6154,
    #6162,#6170,#6178,#6186,#6194,#6202,#6210,#6218,#6227,#6235,#6243,
    #6251));
#6095 = ORIENTED_EDGE('',*,*,#6096,.T.);
#6096 = EDGE_CURVE('',#6097,#6099,#6101,.T.);
#6097 = VERTEX_POINT('',#6098);
#6098 = CARTESIAN_POINT('',(18.159407,-15.279749,7.7E-02));
#6099 = VERTEX_POINT('',#6100);
#6100 = CARTESIAN_POINT('',(18.159407,-14.866992,7.7E-02));
#6101 = CIRCLE('',#6102,0.367006537787);
#6102 = AXIS2_PLACEMENT_3D('',#6103,#6104,#6105);
#6103 = CARTESIAN_POINT('',(18.46288964121,-15.0733705,7.7E-02));
#6104 = DIRECTION('',(0.,0.,-1.));
#6105 = DIRECTION('',(-0.826913446939,-0.56232921965,-0.));
#6106 = ORIENTED_EDGE('',*,*,#6107,.T.);
#6107 = EDGE_CURVE('',#6099,#6108,#6110,.T.);
#6108 = VERTEX_POINT('',#6109);
#6109 = CARTESIAN_POINT('',(18.240228,-14.825613,7.7E-02));
#6110 = LINE('',#6111,#6112);
#6111 = CARTESIAN_POINT('',(18.159407,-14.866992,7.7E-02));
#6112 = VECTOR('',#6113,1.);
#6113 = DIRECTION('',(0.890119865335,0.455726480837,0.));
#6114 = ORIENTED_EDGE('',*,*,#6115,.T.);
#6115 = EDGE_CURVE('',#6108,#6116,#6118,.T.);
#6116 = VERTEX_POINT('',#6117);
#6117 = CARTESIAN_POINT('',(18.368243,-14.823859,7.7E-02));
#6118 = LINE('',#6119,#6120);
#6119 = CARTESIAN_POINT('',(18.240228,-14.825613,7.7E-02));
#6120 = VECTOR('',#6121,1.);
#6121 = DIRECTION('',(0.999906147398,1.370023342996E-02,0.));
#6122 = ORIENTED_EDGE('',*,*,#6123,.T.);
#6123 = EDGE_CURVE('',#6116,#6124,#6126,.T.);
#6124 = VERTEX_POINT('',#6125);
#6125 = CARTESIAN_POINT('',(18.388147,-14.828649,7.7E-02));
#6126 = LINE('',#6127,#6128);
#6127 = CARTESIAN_POINT('',(18.368243,-14.823859,7.7E-02));
#6128 = VECTOR('',#6129,1.);
#6129 = DIRECTION('',(0.972242570936,-0.233975176587,0.));
#6130 = ORIENTED_EDGE('',*,*,#6131,.T.);
#6131 = EDGE_CURVE('',#6124,#6132,#6134,.T.);
#6132 = VERTEX_POINT('',#6133);
#6133 = CARTESIAN_POINT('',(18.460703,-14.869182,7.7E-02));
#6134 = LINE('',#6135,#6136);
#6135 = CARTESIAN_POINT('',(18.388147,-14.828649,7.7E-02));
#6136 = VECTOR('',#6137,1.);
#6137 = DIRECTION('',(0.873010083506,-0.487702157158,0.));
#6138 = ORIENTED_EDGE('',*,*,#6139,.T.);
#6139 = EDGE_CURVE('',#6132,#6140,#6142,.T.);
#6140 = VERTEX_POINT('',#6141);
#6141 = CARTESIAN_POINT('',(18.499259,-14.947812,7.7E-02));
#6142 = LINE('',#6143,#6144);
#6143 = CARTESIAN_POINT('',(18.460703,-14.869182,7.7E-02));
#6144 = VECTOR('',#6145,1.);
#6145 = DIRECTION('',(0.440266609951,-0.897867090477,0.));
#6146 = ORIENTED_EDGE('',*,*,#6147,.T.);
#6147 = EDGE_CURVE('',#6140,#6148,#6150,.T.);
#6148 = VERTEX_POINT('',#6149);
#6149 = CARTESIAN_POINT('',(18.499155,-15.028024,7.7E-02));
#6150 = LINE('',#6151,#6152);
#6151 = CARTESIAN_POINT('',(18.499259,-14.947812,7.7E-02));
#6152 = VECTOR('',#6153,1.);
#6153 = DIRECTION('',(-1.296563015314E-03,-0.999999159462,0.));
#6154 = ORIENTED_EDGE('',*,*,#6155,.T.);
#6155 = EDGE_CURVE('',#6148,#6156,#6158,.T.);
#6156 = VERTEX_POINT('',#6157);
#6157 = CARTESIAN_POINT('',(18.479324,-15.057773,7.7E-02));
#6158 = LINE('',#6159,#6160);
#6159 = CARTESIAN_POINT('',(18.499155,-15.028024,7.7E-02));
#6160 = VECTOR('',#6161,1.);
#6161 = DIRECTION('',(-0.554667923031,-0.832071808897,0.));
#6162 = ORIENTED_EDGE('',*,*,#6163,.T.);
#6163 = EDGE_CURVE('',#6156,#6164,#6166,.T.);
#6164 = VERTEX_POINT('',#6165);
#6165 = CARTESIAN_POINT('',(18.461308,-15.065257,7.7E-02));
#6166 = LINE('',#6167,#6168);
#6167 = CARTESIAN_POINT('',(18.479324,-15.057773,7.7E-02));
#6168 = VECTOR('',#6169,1.);
#6169 = DIRECTION('',(-0.923488893662,-0.383625159867,0.));
#6170 = ORIENTED_EDGE('',*,*,#6171,.T.);
#6171 = EDGE_CURVE('',#6164,#6172,#6174,.T.);
#6172 = VERTEX_POINT('',#6173);
#6173 = CARTESIAN_POINT('',(18.215787,-15.114361,7.7E-02));
#6174 = LINE('',#6175,#6176);
#6175 = CARTESIAN_POINT('',(18.461308,-15.065257,7.7E-02));
#6176 = VECTOR('',#6177,1.);
#6177 = DIRECTION('',(-0.980580829301,-0.196115367085,0.));
#6178 = ORIENTED_EDGE('',*,*,#6179,.T.);
#6179 = EDGE_CURVE('',#6172,#6180,#6182,.T.);
#6180 = VERTEX_POINT('',#6181);
#6181 = CARTESIAN_POINT('',(18.215787,-15.175853,7.7E-02));
#6182 = LINE('',#6183,#6184);
#6183 = CARTESIAN_POINT('',(18.215787,-15.114361,7.7E-02));
#6184 = VECTOR('',#6185,1.);
#6185 = DIRECTION('',(0.,-1.,0.));
#6186 = ORIENTED_EDGE('',*,*,#6187,.T.);
#6187 = EDGE_CURVE('',#6180,#6188,#6190,.T.);
#6188 = VERTEX_POINT('',#6189);
#6189 = CARTESIAN_POINT('',(18.231626,-15.207531,7.7E-02));
#6190 = LINE('',#6191,#6192);
#6191 = CARTESIAN_POINT('',(18.215787,-15.175853,7.7E-02));
#6192 = VECTOR('',#6193,1.);
#6193 = DIRECTION('',(0.4472135955,-0.894427191,0.));
#6194 = ORIENTED_EDGE('',*,*,#6195,.T.);
#6195 = EDGE_CURVE('',#6188,#6196,#6198,.T.);
#6196 = VERTEX_POINT('',#6197);
#6197 = CARTESIAN_POINT('',(18.263305,-15.223371,7.7E-02));
#6198 = LINE('',#6199,#6200);
#6199 = CARTESIAN_POINT('',(18.231626,-15.207531,7.7E-02));
#6200 = VECTOR('',#6201,1.);
#6201 = DIRECTION('',(0.89442154415,-0.447224889022,0.));
#6202 = ORIENTED_EDGE('',*,*,#6203,.T.);
#6203 = EDGE_CURVE('',#6196,#6204,#6206,.T.);
#6204 = VERTEX_POINT('',#6205);
#6205 = CARTESIAN_POINT('',(18.353983,-15.223371,7.7E-02));
#6206 = LINE('',#6207,#6208);
#6207 = CARTESIAN_POINT('',(18.263305,-15.223371,7.7E-02));
#6208 = VECTOR('',#6209,1.);
#6209 = DIRECTION('',(1.,0.,0.));
#6210 = ORIENTED_EDGE('',*,*,#6211,.T.);
#6211 = EDGE_CURVE('',#6204,#6212,#6214,.T.);
#6212 = VERTEX_POINT('',#6213);
#6213 = CARTESIAN_POINT('',(18.419386,-15.194926,7.7E-02));
#6214 = LINE('',#6215,#6216);
#6215 = CARTESIAN_POINT('',(18.353983,-15.223371,7.7E-02));
#6216 = VECTOR('',#6217,1.);
#6217 = DIRECTION('',(0.917024353365,0.398831211587,0.));
#6218 = ORIENTED_EDGE('',*,*,#6219,.T.);
#6219 = EDGE_CURVE('',#6212,#6220,#6222,.T.);
#6220 = VERTEX_POINT('',#6221);
#6221 = CARTESIAN_POINT('',(18.460703,-15.27756,7.7E-02));
#6222 = CIRCLE('',#6223,4.999929484632E-02);
#6223 = AXIS2_PLACEMENT_3D('',#6224,#6225,#6226);
#6224 = CARTESIAN_POINT('',(18.422931665661,-15.24479941716,7.7E-02));
#6225 = DIRECTION('',(0.,0.,-1.));
#6226 = DIRECTION('',(-7.091431333605E-02,0.997482410955,0.));
#6227 = ORIENTED_EDGE('',*,*,#6228,.T.);
#6228 = EDGE_CURVE('',#6220,#6229,#6231,.T.);
#6229 = VERTEX_POINT('',#6230);
#6230 = CARTESIAN_POINT('',(18.388147,-15.318093,7.7E-02));
#6231 = LINE('',#6232,#6233);
#6232 = CARTESIAN_POINT('',(18.460703,-15.27756,7.7E-02));
#6233 = VECTOR('',#6234,1.);
#6234 = DIRECTION('',(-0.873010083506,-0.487702157158,0.));
#6235 = ORIENTED_EDGE('',*,*,#6236,.T.);
#6236 = EDGE_CURVE('',#6229,#6237,#6239,.T.);
#6237 = VERTEX_POINT('',#6238);
#6238 = CARTESIAN_POINT('',(18.365787,-15.323371,7.7E-02));
#6239 = LINE('',#6240,#6241);
#6240 = CARTESIAN_POINT('',(18.388147,-15.318093,7.7E-02));
#6241 = VECTOR('',#6242,1.);
#6242 = DIRECTION('',(-0.973253660801,-0.229733131561,0.));
#6243 = ORIENTED_EDGE('',*,*,#6244,.T.);
#6244 = EDGE_CURVE('',#6237,#6245,#6247,.T.);
#6245 = VERTEX_POINT('',#6246);
#6246 = CARTESIAN_POINT('',(18.240228,-15.321128,7.7E-02));
#6247 = LINE('',#6248,#6249);
#6248 = CARTESIAN_POINT('',(18.365787,-15.323371,7.7E-02));
#6249 = VECTOR('',#6250,1.);
#6250 = DIRECTION('',(-0.999840474937,1.786126191897E-02,0.));
#6251 = ORIENTED_EDGE('',*,*,#6252,.T.);
#6252 = EDGE_CURVE('',#6245,#6097,#6253,.T.);
#6253 = LINE('',#6254,#6255);
#6254 = CARTESIAN_POINT('',(18.240228,-15.321128,7.7E-02));
#6255 = VECTOR('',#6256,1.);
#6256 = DIRECTION('',(-0.890119865335,0.455726480837,0.));
#6257 = FACE_BOUND('',#6258,.F.);
#6258 = EDGE_LOOP('',(#6259,#6270,#6278,#6286,#6294));
#6259 = ORIENTED_EDGE('',*,*,#6260,.T.);
#6260 = EDGE_CURVE('',#6261,#6263,#6265,.T.);
#6261 = VERTEX_POINT('',#6262);
#6262 = CARTESIAN_POINT('',(18.385662,-14.93921,7.7E-02));
#6263 = VERTEX_POINT('',#6264);
#6264 = CARTESIAN_POINT('',(18.231626,-14.93921,7.7E-02));
#6265 = CIRCLE('',#6266,0.137944183567);
#6266 = AXIS2_PLACEMENT_3D('',#6267,#6268,#6269);
#6267 = CARTESIAN_POINT('',(18.308644,-15.05365136252,7.7E-02));
#6268 = DIRECTION('',(0.,0.,1.));
#6269 = DIRECTION('',(0.558327274178,0.829620789824,-0.));
#6270 = ORIENTED_EDGE('',*,*,#6271,.T.);
#6271 = EDGE_CURVE('',#6263,#6272,#6274,.T.);
#6272 = VERTEX_POINT('',#6273);
#6273 = CARTESIAN_POINT('',(18.215787,-14.970888,7.7E-02));
#6274 = LINE('',#6275,#6276);
#6275 = CARTESIAN_POINT('',(18.231626,-14.93921,7.7E-02));
#6276 = VECTOR('',#6277,1.);
#6277 = DIRECTION('',(-0.4472135955,-0.894427191,0.));
#6278 = ORIENTED_EDGE('',*,*,#6279,.T.);
#6279 = EDGE_CURVE('',#6272,#6280,#6282,.T.);
#6280 = VERTEX_POINT('',#6281);
#6281 = CARTESIAN_POINT('',(18.215787,-15.01238,7.7E-02));
#6282 = LINE('',#6283,#6284);
#6283 = CARTESIAN_POINT('',(18.215787,-14.970888,7.7E-02));
#6284 = VECTOR('',#6285,1.);
#6285 = DIRECTION('',(0.,-1.,0.));
#6286 = ORIENTED_EDGE('',*,*,#6287,.T.);
#6287 = EDGE_CURVE('',#6280,#6288,#6290,.T.);
#6288 = VERTEX_POINT('',#6289);
#6289 = CARTESIAN_POINT('',(18.401502,-14.975237,7.7E-02));
#6290 = LINE('',#6291,#6292);
#6291 = CARTESIAN_POINT('',(18.215787,-15.01238,7.7E-02));
#6292 = VECTOR('',#6293,1.);
#6293 = DIRECTION('',(0.980580675691,0.196116135138,0.));
#6294 = ORIENTED_EDGE('',*,*,#6295,.T.);
#6295 = EDGE_CURVE('',#6288,#6261,#6296,.T.);
#6296 = LINE('',#6297,#6298);
#6297 = CARTESIAN_POINT('',(18.401502,-14.975237,7.7E-02));
#6298 = VECTOR('',#6299,1.);
#6299 = DIRECTION('',(-0.40248569652,0.915426274528,0.));
#6300 = PLANE('',#6301);
#6301 = AXIS2_PLACEMENT_3D('',#6302,#6303,#6304);
#6302 = CARTESIAN_POINT('',(0.,0.,7.7E-02));
#6303 = DIRECTION('',(0.,0.,1.));
#6304 = DIRECTION('',(1.,0.,-0.));
#6305 = SHELL_BASED_SURFACE_MODEL('',(#6306));
#6306 = OPEN_SHELL('',(#6307));
#6307 = ADVANCED_FACE('',(#6308,#6401),#6471,.T.);
#6308 = FACE_BOUND('',#6309,.F.);
#6309 = EDGE_LOOP('',(#6310,#6321,#6329,#6337,#6345,#6353,#6361,#6369,
    #6378,#6386,#6395));
#6310 = ORIENTED_EDGE('',*,*,#6311,.T.);
#6311 = EDGE_CURVE('',#6312,#6314,#6316,.T.);
#6312 = VERTEX_POINT('',#6313);
#6313 = CARTESIAN_POINT('',(14.665855,-15.211884,7.7E-02));
#6314 = VERTEX_POINT('',#6315);
#6315 = CARTESIAN_POINT('',(14.665855,-14.734857,7.7E-02));
#6316 = CIRCLE('',#6317,0.680494584592);
#6317 = AXIS2_PLACEMENT_3D('',#6318,#6319,#6320);
#6318 = CARTESIAN_POINT('',(15.303180811478,-14.9733705,7.7E-02));
#6319 = DIRECTION('',(0.,0.,-1.));
#6320 = DIRECTION('',(-0.936562650033,-0.350500217637,-0.));
#6321 = ORIENTED_EDGE('',*,*,#6322,.T.);
#6322 = EDGE_CURVE('',#6314,#6323,#6325,.T.);
#6323 = VERTEX_POINT('',#6324);
#6324 = CARTESIAN_POINT('',(14.743428,-14.657221,7.7E-02));
#6325 = LINE('',#6326,#6327);
#6326 = CARTESIAN_POINT('',(14.665855,-14.734857,7.7E-02));
#6327 = VECTOR('',#6328,1.);
#6328 = DIRECTION('',(0.706819705279,0.707393740593,0.));
#6329 = ORIENTED_EDGE('',*,*,#6330,.T.);
#6330 = EDGE_CURVE('',#6323,#6331,#6333,.T.);
#6331 = VERTEX_POINT('',#6332);
#6332 = CARTESIAN_POINT('',(14.819387,-14.623497,7.7E-02));
#6333 = LINE('',#6334,#6335);
#6334 = CARTESIAN_POINT('',(14.743428,-14.657221,7.7E-02));
#6335 = VECTOR('',#6336,1.);
#6336 = DIRECTION('',(0.913970257055,0.405781183914,0.));
#6337 = ORIENTED_EDGE('',*,*,#6338,.T.);
#6338 = EDGE_CURVE('',#6331,#6339,#6341,.T.);
#6339 = VERTEX_POINT('',#6340);
#6340 = CARTESIAN_POINT('',(14.939673,-14.623859,7.7E-02));
#6341 = LINE('',#6342,#6343);
#6342 = CARTESIAN_POINT('',(14.819387,-14.623497,7.7E-02));
#6343 = VECTOR('',#6344,1.);
#6344 = DIRECTION('',(0.999995471504,-3.009480410716E-03,0.));
#6345 = ORIENTED_EDGE('',*,*,#6346,.T.);
#6346 = EDGE_CURVE('',#6339,#6347,#6349,.T.);
#6347 = VERTEX_POINT('',#6348);
#6348 = CARTESIAN_POINT('',(14.959577,-14.628649,7.7E-02));
#6349 = LINE('',#6350,#6351);
#6350 = CARTESIAN_POINT('',(14.939673,-14.623859,7.7E-02));
#6351 = VECTOR('',#6352,1.);
#6352 = DIRECTION('',(0.972242570936,-0.233975176587,0.));
#6353 = ORIENTED_EDGE('',*,*,#6354,.T.);
#6354 = EDGE_CURVE('',#6347,#6355,#6357,.T.);
#6355 = VERTEX_POINT('',#6356);
#6356 = CARTESIAN_POINT('',(15.029715,-14.666587,7.7E-02));
#6357 = LINE('',#6358,#6359);
#6358 = CARTESIAN_POINT('',(14.959577,-14.628649,7.7E-02));
#6359 = VECTOR('',#6360,1.);
#6360 = DIRECTION('',(0.879572353039,-0.475765147703,0.));
#6361 = ORIENTED_EDGE('',*,*,#6362,.T.);
#6362 = EDGE_CURVE('',#6355,#6363,#6365,.T.);
#6363 = VERTEX_POINT('',#6364);
#6364 = CARTESIAN_POINT('',(15.094291,-14.734854,7.7E-02));
#6365 = LINE('',#6366,#6367);
#6366 = CARTESIAN_POINT('',(15.029715,-14.666587,7.7E-02));
#6367 = VECTOR('',#6368,1.);
#6368 = DIRECTION('',(0.68719484482,-0.726473155218,0.));
#6369 = ORIENTED_EDGE('',*,*,#6370,.T.);
#6370 = EDGE_CURVE('',#6363,#6371,#6373,.T.);
#6371 = VERTEX_POINT('',#6372);
#6372 = CARTESIAN_POINT('',(15.094291,-15.211887,7.7E-02));
#6373 = CIRCLE('',#6374,0.680481746687);
#6374 = AXIS2_PLACEMENT_3D('',#6375,#6376,#6377);
#6375 = CARTESIAN_POINT('',(14.456980018766,-14.9733705,7.7E-02));
#6376 = DIRECTION('',(0.,0.,-1.));
#6377 = DIRECTION('',(0.936558525393,0.350511238782,0.));
#6378 = ORIENTED_EDGE('',*,*,#6379,.T.);
#6379 = EDGE_CURVE('',#6371,#6380,#6382,.T.);
#6380 = VERTEX_POINT('',#6381);
#6381 = CARTESIAN_POINT('',(15.016721,-15.289521,7.7E-02));
#6382 = LINE('',#6383,#6384);
#6383 = CARTESIAN_POINT('',(15.094291,-15.211887,7.7E-02));
#6384 = VECTOR('',#6385,1.);
#6385 = DIRECTION('',(-0.706815138182,-0.707398303953,0.));
#6386 = ORIENTED_EDGE('',*,*,#6387,.T.);
#6387 = EDGE_CURVE('',#6380,#6388,#6390,.T.);
#6388 = VERTEX_POINT('',#6389);
#6389 = CARTESIAN_POINT('',(14.730433,-15.280155,7.7E-02));
#6390 = CIRCLE('',#6391,0.246525673529);
#6391 = AXIS2_PLACEMENT_3D('',#6392,#6393,#6394);
#6392 = CARTESIAN_POINT('',(14.880138007902,-15.08428943815,7.7E-02));
#6393 = DIRECTION('',(-0.,0.,-1.));
#6394 = DIRECTION('',(0.554031513808,-0.832495694708,-0.));
#6395 = ORIENTED_EDGE('',*,*,#6396,.T.);
#6396 = EDGE_CURVE('',#6388,#6312,#6397,.T.);
#6397 = LINE('',#6398,#6399);
#6398 = CARTESIAN_POINT('',(14.730433,-15.280155,7.7E-02));
#6399 = VECTOR('',#6400,1.);
#6400 = DIRECTION('',(-0.687184827295,0.726482630993,0.));
#6401 = FACE_BOUND('',#6402,.F.);
#6402 = EDGE_LOOP('',(#6403,#6414,#6422,#6431,#6439,#6448,#6456,#6465));
#6403 = ORIENTED_EDGE('',*,*,#6404,.T.);
#6404 = EDGE_CURVE('',#6405,#6407,#6409,.T.);
#6405 = VERTEX_POINT('',#6406);
#6406 = CARTESIAN_POINT('',(14.964743,-14.743036,7.7E-02));
#6407 = VERTEX_POINT('',#6408);
#6408 = CARTESIAN_POINT('',(14.795407,-14.743034,7.7E-02));
#6409 = CIRCLE('',#6410,0.147007393157);
#6410 = AXIS2_PLACEMENT_3D('',#6411,#6412,#6413);
#6411 = CARTESIAN_POINT('',(14.880073580609,-14.86321196707,7.7E-02));
#6412 = DIRECTION('',(0.,0.,1.));
#6413 = DIRECTION('',(0.575953478071,0.817482471432,-0.));
#6414 = ORIENTED_EDGE('',*,*,#6415,.T.);
#6415 = EDGE_CURVE('',#6407,#6416,#6418,.T.);
#6416 = VERTEX_POINT('',#6417);
#6417 = CARTESIAN_POINT('',(14.753794,-14.784646,7.7E-02));
#6418 = LINE('',#6419,#6420);
#6419 = CARTESIAN_POINT('',(14.795407,-14.743034,7.7E-02));
#6420 = VECTOR('',#6421,1.);
#6421 = DIRECTION('',(-0.707115277462,-0.707098284809,0.));
#6422 = ORIENTED_EDGE('',*,*,#6423,.T.);
#6423 = EDGE_CURVE('',#6416,#6424,#6426,.T.);
#6424 = VERTEX_POINT('',#6425);
#6425 = CARTESIAN_POINT('',(14.753794,-15.162095,7.7E-02));
#6426 = CIRCLE('',#6427,0.584579748353);
#6427 = AXIS2_PLACEMENT_3D('',#6428,#6429,#6430);
#6428 = CARTESIAN_POINT('',(15.307072,-14.9733705,7.7E-02));
#6429 = DIRECTION('',(0.,0.,1.));
#6430 = DIRECTION('',(-0.946454271738,0.322837902838,0.));
#6431 = ORIENTED_EDGE('',*,*,#6432,.T.);
#6432 = EDGE_CURVE('',#6424,#6433,#6435,.T.);
#6433 = VERTEX_POINT('',#6434);
#6434 = CARTESIAN_POINT('',(14.795407,-15.203707,7.7E-02));
#6435 = LINE('',#6436,#6437);
#6436 = CARTESIAN_POINT('',(14.753794,-15.162095,7.7E-02));
#6437 = VECTOR('',#6438,1.);
#6438 = DIRECTION('',(0.707115277462,-0.707098284809,0.));
#6439 = ORIENTED_EDGE('',*,*,#6440,.T.);
#6440 = EDGE_CURVE('',#6433,#6441,#6443,.T.);
#6441 = VERTEX_POINT('',#6442);
#6442 = CARTESIAN_POINT('',(14.964743,-15.203705,7.7E-02));
#6443 = CIRCLE('',#6444,0.147001579737);
#6444 = AXIS2_PLACEMENT_3D('',#6445,#6446,#6447);
#6445 = CARTESIAN_POINT('',(14.880073580693,-15.0835361443,7.7E-02));
#6446 = DIRECTION('',(0.,0.,1.));
#6447 = DIRECTION('',(-0.57595694444,-0.817480029206,0.));
#6448 = ORIENTED_EDGE('',*,*,#6449,.T.);
#6449 = EDGE_CURVE('',#6441,#6450,#6452,.T.);
#6450 = VERTEX_POINT('',#6451);
#6451 = CARTESIAN_POINT('',(15.006354,-15.162094,7.7E-02));
#6452 = LINE('',#6453,#6454);
#6453 = CARTESIAN_POINT('',(14.964743,-15.203705,7.7E-02));
#6454 = VECTOR('',#6455,1.);
#6455 = DIRECTION('',(0.707106781187,0.707106781187,0.));
#6456 = ORIENTED_EDGE('',*,*,#6457,.T.);
#6457 = EDGE_CURVE('',#6450,#6458,#6460,.T.);
#6458 = VERTEX_POINT('',#6459);
#6459 = CARTESIAN_POINT('',(15.006354,-14.784647,7.7E-02));
#6460 = CIRCLE('',#6461,0.584564406154);
#6461 = AXIS2_PLACEMENT_3D('',#6462,#6463,#6464);
#6462 = CARTESIAN_POINT('',(14.453091869098,-14.9733705,7.7E-02));
#6463 = DIRECTION('',(0.,-0.,1.));
#6464 = DIRECTION('',(0.946451965048,-0.322844665212,-0.));
#6465 = ORIENTED_EDGE('',*,*,#6466,.T.);
#6466 = EDGE_CURVE('',#6458,#6405,#6467,.T.);
#6467 = LINE('',#6468,#6469);
#6468 = CARTESIAN_POINT('',(15.006354,-14.784647,7.7E-02));
#6469 = VECTOR('',#6470,1.);
#6470 = DIRECTION('',(-0.707106781187,0.707106781187,0.));
#6471 = PLANE('',#6472);
#6472 = AXIS2_PLACEMENT_3D('',#6473,#6474,#6475);
#6473 = CARTESIAN_POINT('',(0.,0.,7.7E-02));
#6474 = DIRECTION('',(0.,0.,1.));
#6475 = DIRECTION('',(1.,0.,-0.));
#6476 = SHELL_BASED_SURFACE_MODEL('',(#6477));
#6477 = OPEN_SHELL('',(#6478));
#6478 = ADVANCED_FACE('',(#6479),#6620,.T.);
#6479 = FACE_BOUND('',#6480,.F.);
#6480 = EDGE_LOOP('',(#6481,#6492,#6500,#6508,#6516,#6524,#6532,#6540,
    #6549,#6557,#6566,#6574,#6582,#6590,#6598,#6606,#6614));
#6481 = ORIENTED_EDGE('',*,*,#6482,.T.);
#6482 = EDGE_CURVE('',#6483,#6485,#6487,.T.);
#6483 = VERTEX_POINT('',#6484);
#6484 = CARTESIAN_POINT('',(15.291023,-14.854237,7.7E-02));
#6485 = VERTEX_POINT('',#6486);
#6486 = CARTESIAN_POINT('',(15.387217,-14.873371,7.7E-02));
#6487 = CIRCLE('',#6488,4.999998452109E-02);
#6488 = AXIS2_PLACEMENT_3D('',#6489,#6490,#6491);
#6489 = CARTESIAN_POINT('',(15.337217015479,-14.87337103736,7.7E-02));
#6490 = DIRECTION('',(0.,0.,-1.));
#6491 = DIRECTION('',(-0.923880595592,0.382680865851,0.));
#6492 = ORIENTED_EDGE('',*,*,#6493,.T.);
#6493 = EDGE_CURVE('',#6485,#6494,#6496,.T.);
#6494 = VERTEX_POINT('',#6495);
#6495 = CARTESIAN_POINT('',(15.387217,-15.175853,7.7E-02));
#6496 = LINE('',#6497,#6498);
#6497 = CARTESIAN_POINT('',(15.387217,-14.873371,7.7E-02));
#6498 = VECTOR('',#6499,1.);
#6499 = DIRECTION('',(0.,-1.,0.));
#6500 = ORIENTED_EDGE('',*,*,#6501,.T.);
#6501 = EDGE_CURVE('',#6494,#6502,#6504,.T.);
#6502 = VERTEX_POINT('',#6503);
#6503 = CARTESIAN_POINT('',(15.403056,-15.207532,7.7E-02));
#6504 = LINE('',#6505,#6506);
#6505 = CARTESIAN_POINT('',(15.387217,-15.175853,7.7E-02));
#6506 = VECTOR('',#6507,1.);
#6507 = DIRECTION('',(0.447202301764,-0.894432837779,0.));
#6508 = ORIENTED_EDGE('',*,*,#6509,.T.);
#6509 = EDGE_CURVE('',#6502,#6510,#6512,.T.);
#6510 = VERTEX_POINT('',#6511);
#6511 = CARTESIAN_POINT('',(15.434734,-15.223371,7.7E-02));
#6512 = LINE('',#6513,#6514);
#6513 = CARTESIAN_POINT('',(15.403056,-15.207532,7.7E-02));
#6514 = VECTOR('',#6515,1.);
#6515 = DIRECTION('',(0.894427191,-0.4472135955,0.));
#6516 = ORIENTED_EDGE('',*,*,#6517,.T.);
#6517 = EDGE_CURVE('',#6510,#6518,#6520,.T.);
#6518 = VERTEX_POINT('',#6519);
#6519 = CARTESIAN_POINT('',(15.496841,-15.223371,7.7E-02));
#6520 = LINE('',#6521,#6522);
#6521 = CARTESIAN_POINT('',(15.434734,-15.223371,7.7E-02));
#6522 = VECTOR('',#6523,1.);
#6523 = DIRECTION('',(1.,0.,0.));
#6524 = ORIENTED_EDGE('',*,*,#6525,.T.);
#6525 = EDGE_CURVE('',#6518,#6526,#6528,.T.);
#6526 = VERTEX_POINT('',#6527);
#6527 = CARTESIAN_POINT('',(15.54436,-15.195518,7.7E-02));
#6528 = LINE('',#6529,#6530);
#6529 = CARTESIAN_POINT('',(15.496841,-15.223371,7.7E-02));
#6530 = VECTOR('',#6531,1.);
#6531 = DIRECTION('',(0.862721458584,0.505679428985,0.));
#6532 = ORIENTED_EDGE('',*,*,#6533,.T.);
#6533 = EDGE_CURVE('',#6526,#6534,#6536,.T.);
#6534 = VERTEX_POINT('',#6535);
#6535 = CARTESIAN_POINT('',(15.54436,-14.873371,7.7E-02));
#6536 = LINE('',#6537,#6538);
#6537 = CARTESIAN_POINT('',(15.54436,-15.195518,7.7E-02));
#6538 = VECTOR('',#6539,1.);
#6539 = DIRECTION('',(0.,1.,0.));
#6540 = ORIENTED_EDGE('',*,*,#6541,.T.);
#6541 = EDGE_CURVE('',#6534,#6542,#6544,.T.);
#6542 = VERTEX_POINT('',#6543);
#6543 = CARTESIAN_POINT('',(15.64436,-14.873371,7.7E-02));
#6544 = CIRCLE('',#6545,5.000000000002E-02);
#6545 = AXIS2_PLACEMENT_3D('',#6546,#6547,#6548);
#6546 = CARTESIAN_POINT('',(15.59436,-14.87337104771,7.7E-02));
#6547 = DIRECTION('',(0.,0.,-1.));
#6548 = DIRECTION('',(-1.,9.542365120292E-07,0.));
#6549 = ORIENTED_EDGE('',*,*,#6550,.T.);
#6550 = EDGE_CURVE('',#6542,#6551,#6553,.T.);
#6551 = VERTEX_POINT('',#6552);
#6552 = CARTESIAN_POINT('',(15.64436,-15.273371,7.7E-02));
#6553 = LINE('',#6554,#6555);
#6554 = CARTESIAN_POINT('',(15.64436,-14.873371,7.7E-02));
#6555 = VECTOR('',#6556,1.);
#6556 = DIRECTION('',(0.,-1.,0.));
#6557 = ORIENTED_EDGE('',*,*,#6558,.T.);
#6558 = EDGE_CURVE('',#6551,#6559,#6561,.T.);
#6559 = VERTEX_POINT('',#6560);
#6560 = CARTESIAN_POINT('',(15.575226,-15.319565,7.7E-02));
#6561 = CIRCLE('',#6562,5.000005199708E-02);
#6562 = AXIS2_PLACEMENT_3D('',#6563,#6564,#6565);
#6563 = CARTESIAN_POINT('',(15.594359948003,-15.27337087447,7.7E-02));
#6564 = DIRECTION('',(0.,0.,-1.));
#6565 = DIRECTION('',(0.999999999997,-2.510607100352E-06,0.));
#6566 = ORIENTED_EDGE('',*,*,#6567,.T.);
#6567 = EDGE_CURVE('',#6559,#6568,#6570,.T.);
#6568 = VERTEX_POINT('',#6569);
#6569 = CARTESIAN_POINT('',(15.559504,-15.303843,7.7E-02));
#6570 = LINE('',#6571,#6572);
#6571 = CARTESIAN_POINT('',(15.575226,-15.319565,7.7E-02));
#6572 = VECTOR('',#6573,1.);
#6573 = DIRECTION('',(-0.707106781187,0.707106781187,0.));
#6574 = ORIENTED_EDGE('',*,*,#6575,.T.);
#6575 = EDGE_CURVE('',#6568,#6576,#6578,.T.);
#6576 = VERTEX_POINT('',#6577);
#6577 = CARTESIAN_POINT('',(15.512189,-15.323245,7.7E-02));
#6578 = LINE('',#6579,#6580);
#6579 = CARTESIAN_POINT('',(15.559504,-15.303843,7.7E-02));
#6580 = VECTOR('',#6581,1.);
#6581 = DIRECTION('',(-0.925232342546,-0.379400991442,0.));
#6582 = ORIENTED_EDGE('',*,*,#6583,.T.);
#6583 = EDGE_CURVE('',#6576,#6584,#6586,.T.);
#6584 = VERTEX_POINT('',#6585);
#6585 = CARTESIAN_POINT('',(15.411657,-15.321128,7.7E-02));
#6586 = LINE('',#6587,#6588);
#6587 = CARTESIAN_POINT('',(15.512189,-15.323245,7.7E-02));
#6588 = VECTOR('',#6589,1.);
#6589 = DIRECTION('',(-0.999778354628,2.105330418919E-02,0.));
#6590 = ORIENTED_EDGE('',*,*,#6591,.T.);
#6591 = EDGE_CURVE('',#6584,#6592,#6594,.T.);
#6592 = VERTEX_POINT('',#6593);
#6593 = CARTESIAN_POINT('',(15.330836,-15.279749,7.7E-02));
#6594 = LINE('',#6595,#6596);
#6595 = CARTESIAN_POINT('',(15.411657,-15.321128,7.7E-02));
#6596 = VECTOR('',#6597,1.);
#6597 = DIRECTION('',(-0.890119865335,0.455726480837,0.));
#6598 = ORIENTED_EDGE('',*,*,#6599,.T.);
#6599 = EDGE_CURVE('',#6592,#6600,#6602,.T.);
#6600 = VERTEX_POINT('',#6601);
#6601 = CARTESIAN_POINT('',(15.289459,-15.19893,7.7E-02));
#6602 = LINE('',#6603,#6604);
#6603 = CARTESIAN_POINT('',(15.330836,-15.279749,7.7E-02));
#6604 = VECTOR('',#6605,1.);
#6605 = DIRECTION('',(-0.455717963577,0.890124225978,0.));
#6606 = ORIENTED_EDGE('',*,*,#6607,.T.);
#6607 = EDGE_CURVE('',#6600,#6608,#6610,.T.);
#6608 = VERTEX_POINT('',#6609);
#6609 = CARTESIAN_POINT('',(15.287217,-14.873371,7.7E-02));
#6610 = LINE('',#6611,#6612);
#6611 = CARTESIAN_POINT('',(15.289459,-15.19893,7.7E-02));
#6612 = VECTOR('',#6613,1.);
#6613 = DIRECTION('',(-6.886453263218E-03,0.9999762881,0.));
#6614 = ORIENTED_EDGE('',*,*,#6615,.T.);
#6615 = EDGE_CURVE('',#6608,#6483,#6616,.T.);
#6616 = LINE('',#6617,#6618);
#6617 = CARTESIAN_POINT('',(15.287217,-14.873371,7.7E-02));
#6618 = VECTOR('',#6619,1.);
#6619 = DIRECTION('',(0.195090852695,0.980785174845,0.));
#6620 = PLANE('',#6621);
#6621 = AXIS2_PLACEMENT_3D('',#6622,#6623,#6624);
#6622 = CARTESIAN_POINT('',(0.,0.,7.7E-02));
#6623 = DIRECTION('',(0.,0.,1.));
#6624 = DIRECTION('',(1.,0.,-0.));
#6625 = SHELL_BASED_SURFACE_MODEL('',(#6626));
#6626 = OPEN_SHELL('',(#6627));
#6627 = ADVANCED_FACE('',(#6628),#6779,.T.);
#6628 = FACE_BOUND('',#6629,.F.);
#6629 = EDGE_LOOP('',(#6630,#6641,#6649,#6657,#6666,#6674,#6682,#6690,
    #6698,#6706,#6715,#6723,#6732,#6740,#6748,#6757,#6765,#6773));
#6630 = ORIENTED_EDGE('',*,*,#6631,.T.);
#6631 = EDGE_CURVE('',#6632,#6634,#6636,.T.);
#6632 = VERTEX_POINT('',#6633);
#6633 = CARTESIAN_POINT('',(15.83388,-14.654237,7.7E-02));
#6634 = VERTEX_POINT('',#6635);
#6635 = CARTESIAN_POINT('',(15.930074,-14.673371,7.7E-02));
#6636 = CIRCLE('',#6637,4.999998452109E-02);
#6637 = AXIS2_PLACEMENT_3D('',#6638,#6639,#6640);
#6638 = CARTESIAN_POINT('',(15.880074015479,-14.67337103736,7.7E-02));
#6639 = DIRECTION('',(0.,0.,-1.));
#6640 = DIRECTION('',(-0.923880595592,0.382680865851,0.));
#6641 = ORIENTED_EDGE('',*,*,#6642,.T.);
#6642 = EDGE_CURVE('',#6634,#6643,#6645,.T.);
#6643 = VERTEX_POINT('',#6644);
#6644 = CARTESIAN_POINT('',(15.930074,-14.823371,7.7E-02));
#6645 = LINE('',#6646,#6647);
#6646 = CARTESIAN_POINT('',(15.930074,-14.673371,7.7E-02));
#6647 = VECTOR('',#6648,1.);
#6648 = DIRECTION('',(0.,-1.,0.));
#6649 = ORIENTED_EDGE('',*,*,#6650,.T.);
#6650 = EDGE_CURVE('',#6643,#6651,#6653,.T.);
#6651 = VERTEX_POINT('',#6652);
#6652 = CARTESIAN_POINT('',(16.022931,-14.823371,7.7E-02));
#6653 = LINE('',#6654,#6655);
#6654 = CARTESIAN_POINT('',(15.930074,-14.823371,7.7E-02));
#6655 = VECTOR('',#6656,1.);
#6656 = DIRECTION('',(1.,0.,0.));
#6657 = ORIENTED_EDGE('',*,*,#6658,.T.);
#6658 = EDGE_CURVE('',#6651,#6659,#6661,.T.);
#6659 = VERTEX_POINT('',#6660);
#6660 = CARTESIAN_POINT('',(16.022931,-14.923371,7.7E-02));
#6661 = CIRCLE('',#6662,5.000000000002E-02);
#6662 = AXIS2_PLACEMENT_3D('',#6663,#6664,#6665);
#6663 = CARTESIAN_POINT('',(16.022930952288,-14.873371,7.7E-02));
#6664 = DIRECTION('',(0.,0.,-1.));
#6665 = DIRECTION('',(9.542365120292E-07,1.,0.));
#6666 = ORIENTED_EDGE('',*,*,#6667,.T.);
#6667 = EDGE_CURVE('',#6659,#6668,#6670,.T.);
#6668 = VERTEX_POINT('',#6669);
#6669 = CARTESIAN_POINT('',(15.930074,-14.923371,7.7E-02));
#6670 = LINE('',#6671,#6672);
#6671 = CARTESIAN_POINT('',(16.022931,-14.923371,7.7E-02));
#6672 = VECTOR('',#6673,1.);
#6673 = DIRECTION('',(-1.,0.,0.));
#6674 = ORIENTED_EDGE('',*,*,#6675,.T.);
#6675 = EDGE_CURVE('',#6668,#6676,#6678,.T.);
#6676 = VERTEX_POINT('',#6677);
#6677 = CARTESIAN_POINT('',(15.930074,-15.175853,7.7E-02));
#6678 = LINE('',#6679,#6680);
#6679 = CARTESIAN_POINT('',(15.930074,-14.923371,7.7E-02));
#6680 = VECTOR('',#6681,1.);
#6681 = DIRECTION('',(0.,-1.,0.));
#6682 = ORIENTED_EDGE('',*,*,#6683,.T.);
#6683 = EDGE_CURVE('',#6676,#6684,#6686,.T.);
#6684 = VERTEX_POINT('',#6685);
#6685 = CARTESIAN_POINT('',(15.945913,-15.207532,7.7E-02));
#6686 = LINE('',#6687,#6688);
#6687 = CARTESIAN_POINT('',(15.930074,-15.175853,7.7E-02));
#6688 = VECTOR('',#6689,1.);
#6689 = DIRECTION('',(0.447202301764,-0.894432837779,0.));
#6690 = ORIENTED_EDGE('',*,*,#6691,.T.);
#6691 = EDGE_CURVE('',#6684,#6692,#6694,.T.);
#6692 = VERTEX_POINT('',#6693);
#6693 = CARTESIAN_POINT('',(15.977591,-15.223371,7.7E-02));
#6694 = LINE('',#6695,#6696);
#6695 = CARTESIAN_POINT('',(15.945913,-15.207532,7.7E-02));
#6696 = VECTOR('',#6697,1.);
#6697 = DIRECTION('',(0.894427191,-0.4472135955,0.));
#6698 = ORIENTED_EDGE('',*,*,#6699,.T.);
#6699 = EDGE_CURVE('',#6692,#6700,#6702,.T.);
#6700 = VERTEX_POINT('',#6701);
#6701 = CARTESIAN_POINT('',(16.042065,-15.227177,7.7E-02));
#6702 = LINE('',#6703,#6704);
#6703 = CARTESIAN_POINT('',(15.977591,-15.223371,7.7E-02));
#6704 = VECTOR('',#6705,1.);
#6705 = DIRECTION('',(0.998262178747,-5.892896132257E-02,0.));
#6706 = ORIENTED_EDGE('',*,*,#6707,.T.);
#6707 = EDGE_CURVE('',#6700,#6708,#6710,.T.);
#6708 = VERTEX_POINT('',#6709);
#6709 = CARTESIAN_POINT('',(16.042065,-15.319565,7.7E-02));
#6710 = CIRCLE('',#6711,4.999995591998E-02);
#6711 = AXIS2_PLACEMENT_3D('',#6712,#6713,#6714);
#6712 = CARTESIAN_POINT('',(16.022931,-15.273371,7.7E-02));
#6713 = DIRECTION('',(0.,0.,-1.));
#6714 = DIRECTION('',(0.382680337371,0.923880814494,0.));
#6715 = ORIENTED_EDGE('',*,*,#6716,.T.);
#6716 = EDGE_CURVE('',#6708,#6717,#6719,.T.);
#6717 = VERTEX_POINT('',#6718);
#6718 = CARTESIAN_POINT('',(15.962244,-15.323245,7.7E-02));
#6719 = LINE('',#6720,#6721);
#6720 = CARTESIAN_POINT('',(16.042065,-15.319565,7.7E-02));
#6721 = VECTOR('',#6722,1.);
#6722 = DIRECTION('',(-0.998938940675,-4.605423762772E-02,0.));
#6723 = ORIENTED_EDGE('',*,*,#6724,.T.);
#6724 = EDGE_CURVE('',#6717,#6725,#6727,.T.);
#6725 = VERTEX_POINT('',#6726);
#6726 = CARTESIAN_POINT('',(15.8302,-15.191201,7.7E-02));
#6727 = CIRCLE('',#6728,0.157494357676);
#6728 = AXIS2_PLACEMENT_3D('',#6729,#6730,#6731);
#6729 = CARTESIAN_POINT('',(15.985906624467,-15.16753837553,7.7E-02));
#6730 = DIRECTION('',(0.,0.,-1.));
#6731 = DIRECTION('',(-0.150244267899,-0.988648906318,-0.));
#6732 = ORIENTED_EDGE('',*,*,#6733,.T.);
#6733 = EDGE_CURVE('',#6725,#6734,#6736,.T.);
#6734 = VERTEX_POINT('',#6735);
#6735 = CARTESIAN_POINT('',(15.830074,-14.923371,7.7E-02));
#6736 = LINE('',#6737,#6738);
#6737 = CARTESIAN_POINT('',(15.8302,-15.191201,7.7E-02));
#6738 = VECTOR('',#6739,1.);
#6739 = DIRECTION('',(-4.704476199702E-04,0.99999988934,0.));
#6740 = ORIENTED_EDGE('',*,*,#6741,.T.);
#6741 = EDGE_CURVE('',#6734,#6742,#6744,.T.);
#6742 = VERTEX_POINT('',#6743);
#6743 = CARTESIAN_POINT('',(15.775225,-14.919565,7.7E-02));
#6744 = LINE('',#6745,#6746);
#6745 = CARTESIAN_POINT('',(15.830074,-14.923371,7.7E-02));
#6746 = VECTOR('',#6747,1.);
#6747 = DIRECTION('',(-0.997601138165,6.922405024439E-02,0.));
#6748 = ORIENTED_EDGE('',*,*,#6749,.T.);
#6749 = EDGE_CURVE('',#6742,#6750,#6752,.T.);
#6750 = VERTEX_POINT('',#6751);
#6751 = CARTESIAN_POINT('',(15.775225,-14.827177,7.7E-02));
#6752 = CIRCLE('',#6753,4.999995591998E-02);
#6753 = AXIS2_PLACEMENT_3D('',#6754,#6755,#6756);
#6754 = CARTESIAN_POINT('',(15.794359,-14.873371,7.7E-02));
#6755 = DIRECTION('',(0.,0.,-1.));
#6756 = DIRECTION('',(-0.382680337371,-0.923880814494,-0.));
#6757 = ORIENTED_EDGE('',*,*,#6758,.T.);
#6758 = EDGE_CURVE('',#6750,#6759,#6761,.T.);
#6759 = VERTEX_POINT('',#6760);
#6760 = CARTESIAN_POINT('',(15.830074,-14.823371,7.7E-02));
#6761 = LINE('',#6762,#6763);
#6762 = CARTESIAN_POINT('',(15.775225,-14.827177,7.7E-02));
#6763 = VECTOR('',#6764,1.);
#6764 = DIRECTION('',(0.997601138165,6.922405024442E-02,0.));
#6765 = ORIENTED_EDGE('',*,*,#6766,.T.);
#6766 = EDGE_CURVE('',#6759,#6767,#6769,.T.);
#6767 = VERTEX_POINT('',#6768);
#6768 = CARTESIAN_POINT('',(15.830074,-14.673371,7.7E-02));
#6769 = LINE('',#6770,#6771);
#6770 = CARTESIAN_POINT('',(15.830074,-14.823371,7.7E-02));
#6771 = VECTOR('',#6772,1.);
#6772 = DIRECTION('',(0.,1.,0.));
#6773 = ORIENTED_EDGE('',*,*,#6774,.T.);
#6774 = EDGE_CURVE('',#6767,#6632,#6775,.T.);
#6775 = LINE('',#6776,#6777);
#6776 = CARTESIAN_POINT('',(15.830074,-14.673371,7.7E-02));
#6777 = VECTOR('',#6778,1.);
#6778 = DIRECTION('',(0.195090852695,0.980785174845,0.));
#6779 = PLANE('',#6780);
#6780 = AXIS2_PLACEMENT_3D('',#6781,#6782,#6783);
#6781 = CARTESIAN_POINT('',(0.,0.,7.7E-02));
#6782 = DIRECTION('',(0.,0.,1.));
#6783 = DIRECTION('',(1.,0.,-0.));
#6784 = SHELL_BASED_SURFACE_MODEL('',(#6785));
#6785 = OPEN_SHELL('',(#6786));
#6786 = ADVANCED_FACE('',(#6787),#6938,.T.);
#6787 = FACE_BOUND('',#6788,.F.);
#6788 = EDGE_LOOP('',(#6789,#6800,#6808,#6816,#6825,#6833,#6841,#6849,
    #6857,#6865,#6874,#6882,#6891,#6899,#6907,#6916,#6924,#6932));
#6789 = ORIENTED_EDGE('',*,*,#6790,.T.);
#6790 = EDGE_CURVE('',#6791,#6793,#6795,.T.);
#6791 = VERTEX_POINT('',#6792);
#6792 = CARTESIAN_POINT('',(16.719594,-14.654237,7.7E-02));
#6793 = VERTEX_POINT('',#6794);
#6794 = CARTESIAN_POINT('',(16.815788,-14.673371,7.7E-02));
#6795 = CIRCLE('',#6796,4.999998452109E-02);
#6796 = AXIS2_PLACEMENT_3D('',#6797,#6798,#6799);
#6797 = CARTESIAN_POINT('',(16.765788015479,-14.67337103736,7.7E-02));
#6798 = DIRECTION('',(0.,0.,-1.));
#6799 = DIRECTION('',(-0.923880595592,0.382680865851,0.));
#6800 = ORIENTED_EDGE('',*,*,#6801,.T.);
#6801 = EDGE_CURVE('',#6793,#6802,#6804,.T.);
#6802 = VERTEX_POINT('',#6803);
#6803 = CARTESIAN_POINT('',(16.815788,-14.823371,7.7E-02));
#6804 = LINE('',#6805,#6806);
#6805 = CARTESIAN_POINT('',(16.815788,-14.673371,7.7E-02));
#6806 = VECTOR('',#6807,1.);
#6807 = DIRECTION('',(0.,-1.,0.));
#6808 = ORIENTED_EDGE('',*,*,#6809,.T.);
#6809 = EDGE_CURVE('',#6802,#6810,#6812,.T.);
#6810 = VERTEX_POINT('',#6811);
#6811 = CARTESIAN_POINT('',(16.908645,-14.823371,7.7E-02));
#6812 = LINE('',#6813,#6814);
#6813 = CARTESIAN_POINT('',(16.815788,-14.823371,7.7E-02));
#6814 = VECTOR('',#6815,1.);
#6815 = DIRECTION('',(1.,0.,0.));
#6816 = ORIENTED_EDGE('',*,*,#6817,.T.);
#6817 = EDGE_CURVE('',#6810,#6818,#6820,.T.);
#6818 = VERTEX_POINT('',#6819);
#6819 = CARTESIAN_POINT('',(16.908645,-14.923371,7.7E-02));
#6820 = CIRCLE('',#6821,5.000000000002E-02);
#6821 = AXIS2_PLACEMENT_3D('',#6822,#6823,#6824);
#6822 = CARTESIAN_POINT('',(16.908644952288,-14.873371,7.7E-02));
#6823 = DIRECTION('',(0.,0.,-1.));
#6824 = DIRECTION('',(9.542365120292E-07,1.,0.));
#6825 = ORIENTED_EDGE('',*,*,#6826,.T.);
#6826 = EDGE_CURVE('',#6818,#6827,#6829,.T.);
#6827 = VERTEX_POINT('',#6828);
#6828 = CARTESIAN_POINT('',(16.815788,-14.923371,7.7E-02));
#6829 = LINE('',#6830,#6831);
#6830 = CARTESIAN_POINT('',(16.908645,-14.923371,7.7E-02));
#6831 = VECTOR('',#6832,1.);
#6832 = DIRECTION('',(-1.,0.,0.));
#6833 = ORIENTED_EDGE('',*,*,#6834,.T.);
#6834 = EDGE_CURVE('',#6827,#6835,#6837,.T.);
#6835 = VERTEX_POINT('',#6836);
#6836 = CARTESIAN_POINT('',(16.815788,-15.175853,7.7E-02));
#6837 = LINE('',#6838,#6839);
#6838 = CARTESIAN_POINT('',(16.815788,-14.923371,7.7E-02));
#6839 = VECTOR('',#6840,1.);
#6840 = DIRECTION('',(0.,-1.,0.));
#6841 = ORIENTED_EDGE('',*,*,#6842,.T.);
#6842 = EDGE_CURVE('',#6835,#6843,#6845,.T.);
#6843 = VERTEX_POINT('',#6844);
#6844 = CARTESIAN_POINT('',(16.831627,-15.207532,7.7E-02));
#6845 = LINE('',#6846,#6847);
#6846 = CARTESIAN_POINT('',(16.815788,-15.175853,7.7E-02));
#6847 = VECTOR('',#6848,1.);
#6848 = DIRECTION('',(0.447202301764,-0.894432837779,0.));
#6849 = ORIENTED_EDGE('',*,*,#6850,.T.);
#6850 = EDGE_CURVE('',#6843,#6851,#6853,.T.);
#6851 = VERTEX_POINT('',#6852);
#6852 = CARTESIAN_POINT('',(16.863305,-15.223371,7.7E-02));
#6853 = LINE('',#6854,#6855);
#6854 = CARTESIAN_POINT('',(16.831627,-15.207532,7.7E-02));
#6855 = VECTOR('',#6856,1.);
#6856 = DIRECTION('',(0.894427191,-0.4472135955,0.));
#6857 = ORIENTED_EDGE('',*,*,#6858,.T.);
#6858 = EDGE_CURVE('',#6851,#6859,#6861,.T.);
#6859 = VERTEX_POINT('',#6860);
#6860 = CARTESIAN_POINT('',(16.927779,-15.227177,7.7E-02));
#6861 = LINE('',#6862,#6863);
#6862 = CARTESIAN_POINT('',(16.863305,-15.223371,7.7E-02));
#6863 = VECTOR('',#6864,1.);
#6864 = DIRECTION('',(0.998262178747,-5.892896132257E-02,0.));
#6865 = ORIENTED_EDGE('',*,*,#6866,.T.);
#6866 = EDGE_CURVE('',#6859,#6867,#6869,.T.);
#6867 = VERTEX_POINT('',#6868);
#6868 = CARTESIAN_POINT('',(16.927779,-15.319565,7.7E-02));
#6869 = CIRCLE('',#6870,4.999995591998E-02);
#6870 = AXIS2_PLACEMENT_3D('',#6871,#6872,#6873);
#6871 = CARTESIAN_POINT('',(16.908645,-15.273371,7.7E-02));
#6872 = DIRECTION('',(0.,0.,-1.));
#6873 = DIRECTION('',(0.382680337371,0.923880814494,0.));
#6874 = ORIENTED_EDGE('',*,*,#6875,.T.);
#6875 = EDGE_CURVE('',#6867,#6876,#6878,.T.);
#6876 = VERTEX_POINT('',#6877);
#6877 = CARTESIAN_POINT('',(16.847958,-15.323245,7.7E-02));
#6878 = LINE('',#6879,#6880);
#6879 = CARTESIAN_POINT('',(16.927779,-15.319565,7.7E-02));
#6880 = VECTOR('',#6881,1.);
#6881 = DIRECTION('',(-0.998938940675,-4.605423762772E-02,0.));
#6882 = ORIENTED_EDGE('',*,*,#6883,.T.);
#6883 = EDGE_CURVE('',#6876,#6884,#6886,.T.);
#6884 = VERTEX_POINT('',#6885);
#6885 = CARTESIAN_POINT('',(16.715914,-15.191201,7.7E-02));
#6886 = CIRCLE('',#6887,0.157494357676);
#6887 = AXIS2_PLACEMENT_3D('',#6888,#6889,#6890);
#6888 = CARTESIAN_POINT('',(16.871620624467,-15.16753837553,7.7E-02));
#6889 = DIRECTION('',(0.,0.,-1.));
#6890 = DIRECTION('',(-0.150244267899,-0.988648906318,-0.));
#6891 = ORIENTED_EDGE('',*,*,#6892,.T.);
#6892 = EDGE_CURVE('',#6884,#6893,#6895,.T.);
#6893 = VERTEX_POINT('',#6894);
#6894 = CARTESIAN_POINT('',(16.715788,-14.923371,7.7E-02));
#6895 = LINE('',#6896,#6897);
#6896 = CARTESIAN_POINT('',(16.715914,-15.191201,7.7E-02));
#6897 = VECTOR('',#6898,1.);
#6898 = DIRECTION('',(-4.704476199769E-04,0.99999988934,0.));
#6899 = ORIENTED_EDGE('',*,*,#6900,.T.);
#6900 = EDGE_CURVE('',#6893,#6901,#6903,.T.);
#6901 = VERTEX_POINT('',#6902);
#6902 = CARTESIAN_POINT('',(16.660939,-14.919565,7.7E-02));
#6903 = LINE('',#6904,#6905);
#6904 = CARTESIAN_POINT('',(16.715788,-14.923371,7.7E-02));
#6905 = VECTOR('',#6906,1.);
#6906 = DIRECTION('',(-0.997601138165,6.922405024439E-02,0.));
#6907 = ORIENTED_EDGE('',*,*,#6908,.T.);
#6908 = EDGE_CURVE('',#6901,#6909,#6911,.T.);
#6909 = VERTEX_POINT('',#6910);
#6910 = CARTESIAN_POINT('',(16.660939,-14.827177,7.7E-02));
#6911 = CIRCLE('',#6912,4.999995591998E-02);
#6912 = AXIS2_PLACEMENT_3D('',#6913,#6914,#6915);
#6913 = CARTESIAN_POINT('',(16.680073,-14.873371,7.7E-02));
#6914 = DIRECTION('',(0.,0.,-1.));
#6915 = DIRECTION('',(-0.382680337371,-0.923880814494,-0.));
#6916 = ORIENTED_EDGE('',*,*,#6917,.T.);
#6917 = EDGE_CURVE('',#6909,#6918,#6920,.T.);
#6918 = VERTEX_POINT('',#6919);
#6919 = CARTESIAN_POINT('',(16.715788,-14.823371,7.7E-02));
#6920 = LINE('',#6921,#6922);
#6921 = CARTESIAN_POINT('',(16.660939,-14.827177,7.7E-02));
#6922 = VECTOR('',#6923,1.);
#6923 = DIRECTION('',(0.997601138165,6.922405024442E-02,0.));
#6924 = ORIENTED_EDGE('',*,*,#6925,.T.);
#6925 = EDGE_CURVE('',#6918,#6926,#6928,.T.);
#6926 = VERTEX_POINT('',#6927);
#6927 = CARTESIAN_POINT('',(16.715788,-14.673371,7.7E-02));
#6928 = LINE('',#6929,#6930);
#6929 = CARTESIAN_POINT('',(16.715788,-14.823371,7.7E-02));
#6930 = VECTOR('',#6931,1.);
#6931 = DIRECTION('',(0.,1.,0.));
#6932 = ORIENTED_EDGE('',*,*,#6933,.T.);
#6933 = EDGE_CURVE('',#6926,#6791,#6934,.T.);
#6934 = LINE('',#6935,#6936);
#6935 = CARTESIAN_POINT('',(16.715788,-14.673371,7.7E-02));
#6936 = VECTOR('',#6937,1.);
#6937 = DIRECTION('',(0.195090852695,0.980785174845,0.));
#6938 = PLANE('',#6939);
#6939 = AXIS2_PLACEMENT_3D('',#6940,#6941,#6942);
#6940 = CARTESIAN_POINT('',(0.,0.,7.7E-02));
#6941 = DIRECTION('',(0.,0.,1.));
#6942 = DIRECTION('',(1.,0.,-0.));
#6943 = SHELL_BASED_SURFACE_MODEL('',(#6944));
#6944 = OPEN_SHELL('',(#6945));
#6945 = ADVANCED_FACE('',(#6946,#7069),#7146,.T.);
#6946 = FACE_BOUND('',#6947,.F.);
#6947 = EDGE_LOOP('',(#6948,#6958,#6966,#6974,#6983,#6991,#6999,#7007,
    #7015,#7023,#7031,#7039,#7047,#7055,#7063));
#6948 = ORIENTED_EDGE('',*,*,#6949,.T.);
#6949 = EDGE_CURVE('',#6950,#6952,#6954,.T.);
#6950 = VERTEX_POINT('',#6951);
#6951 = CARTESIAN_POINT('',(20.101861,-14.895159,7.7E-02));
#6952 = VERTEX_POINT('',#6953);
#6953 = CARTESIAN_POINT('',(20.143428,-14.85722,7.7E-02));
#6954 = LINE('',#6955,#6956);
#6955 = CARTESIAN_POINT('',(20.101861,-14.895159,7.7E-02));
#6956 = VECTOR('',#6957,1.);
#6957 = DIRECTION('',(0.738604736297,0.67413874204,0.));
#6958 = ORIENTED_EDGE('',*,*,#6959,.T.);
#6959 = EDGE_CURVE('',#6952,#6960,#6962,.T.);
#6960 = VERTEX_POINT('',#6961);
#6961 = CARTESIAN_POINT('',(20.219387,-14.823497,7.7E-02));
#6962 = LINE('',#6963,#6964);
#6963 = CARTESIAN_POINT('',(20.143428,-14.85722,7.7E-02));
#6964 = VECTOR('',#6965,1.);
#6965 = DIRECTION('',(0.913974719507,0.405771132663,0.));
#6966 = ORIENTED_EDGE('',*,*,#6967,.T.);
#6967 = EDGE_CURVE('',#6960,#6968,#6970,.T.);
#6968 = VERTEX_POINT('',#6969);
#6969 = CARTESIAN_POINT('',(20.311101,-14.823859,7.7E-02));
#6970 = LINE('',#6971,#6972);
#6971 = CARTESIAN_POINT('',(20.219387,-14.823497,7.7E-02));
#6972 = VECTOR('',#6973,1.);
#6973 = DIRECTION('',(0.999992210478,-3.947022048912E-03,0.));
#6974 = ORIENTED_EDGE('',*,*,#6975,.T.);
#6975 = EDGE_CURVE('',#6968,#6976,#6978,.T.);
#6976 = VERTEX_POINT('',#6977);
#6977 = CARTESIAN_POINT('',(20.439082,-14.908154,7.7E-02));
#6978 = CIRCLE('',#6979,0.197663379783);
#6979 = AXIS2_PLACEMENT_3D('',#6980,#6981,#6982);
#6980 = CARTESIAN_POINT('',(20.27486673077,-15.0181728941,7.7E-02));
#6981 = DIRECTION('',(0.,0.,-1.));
#6982 = DIRECTION('',(0.18331301058,0.98305459673,0.));
#6983 = ORIENTED_EDGE('',*,*,#6984,.T.);
#6984 = EDGE_CURVE('',#6976,#6985,#6987,.T.);
#6985 = VERTEX_POINT('',#6986);
#6986 = CARTESIAN_POINT('',(20.472805,-14.984113,7.7E-02));
#6987 = LINE('',#6988,#6989);
#6988 = CARTESIAN_POINT('',(20.439082,-14.908154,7.7E-02));
#6989 = VECTOR('',#6990,1.);
#6990 = DIRECTION('',(0.405771132663,-0.913974719507,0.));
#6991 = ORIENTED_EDGE('',*,*,#6992,.T.);
#6992 = EDGE_CURVE('',#6985,#6993,#6995,.T.);
#6993 = VERTEX_POINT('',#6994);
#6994 = CARTESIAN_POINT('',(20.470688,-15.170358,7.7E-02));
#6995 = LINE('',#6996,#6997);
#6996 = CARTESIAN_POINT('',(20.472805,-14.984113,7.7E-02));
#6997 = VECTOR('',#6998,1.);
#6998 = DIRECTION('',(-1.136601386302E-02,-0.999935404778,0.));
#6999 = ORIENTED_EDGE('',*,*,#7000,.T.);
#7000 = EDGE_CURVE('',#6993,#7001,#7003,.T.);
#7001 = VERTEX_POINT('',#7002);
#7002 = CARTESIAN_POINT('',(20.429715,-15.251583,7.7E-02));
#7003 = LINE('',#7004,#7005);
#7004 = CARTESIAN_POINT('',(20.470688,-15.170358,7.7E-02));
#7005 = VECTOR('',#7006,1.);
#7006 = DIRECTION('',(-0.450380919448,-0.892836506533,0.));
#7007 = ORIENTED_EDGE('',*,*,#7008,.T.);
#7008 = EDGE_CURVE('',#7001,#7009,#7011,.T.);
#7009 = VERTEX_POINT('',#7010);
#7010 = CARTESIAN_POINT('',(20.388149,-15.289521,7.7E-02));
#7011 = LINE('',#7012,#7013);
#7012 = CARTESIAN_POINT('',(20.429715,-15.251583,7.7E-02));
#7013 = VECTOR('',#7014,1.);
#7014 = DIRECTION('',(-0.73860550854,-0.674137895949,0.));
#7015 = ORIENTED_EDGE('',*,*,#7016,.T.);
#7016 = EDGE_CURVE('',#7009,#7017,#7019,.T.);
#7017 = VERTEX_POINT('',#7018);
#7018 = CARTESIAN_POINT('',(20.312189,-15.323245,7.7E-02));
#7019 = LINE('',#7020,#7021);
#7020 = CARTESIAN_POINT('',(20.388149,-15.289521,7.7E-02));
#7021 = VECTOR('',#7022,1.);
#7022 = DIRECTION('',(-0.91397223826,-0.405776721473,0.));
#7023 = ORIENTED_EDGE('',*,*,#7024,.T.);
#7024 = EDGE_CURVE('',#7017,#7025,#7027,.T.);
#7025 = VERTEX_POINT('',#7026);
#7026 = CARTESIAN_POINT('',(20.211657,-15.321128,7.7E-02));
#7027 = LINE('',#7028,#7029);
#7028 = CARTESIAN_POINT('',(20.312189,-15.323245,7.7E-02));
#7029 = VECTOR('',#7030,1.);
#7030 = DIRECTION('',(-0.999778354628,2.105330418919E-02,0.));
#7031 = ORIENTED_EDGE('',*,*,#7032,.T.);
#7032 = EDGE_CURVE('',#7025,#7033,#7035,.T.);
#7033 = VERTEX_POINT('',#7034);
#7034 = CARTESIAN_POINT('',(20.130432,-15.280155,7.7E-02));
#7035 = LINE('',#7036,#7037);
#7036 = CARTESIAN_POINT('',(20.211657,-15.321128,7.7E-02));
#7037 = VECTOR('',#7038,1.);
#7038 = DIRECTION('',(-0.892836506533,0.450380919448,0.));
#7039 = ORIENTED_EDGE('',*,*,#7040,.T.);
#7040 = EDGE_CURVE('',#7033,#7041,#7043,.T.);
#7041 = VERTEX_POINT('',#7042);
#7042 = CARTESIAN_POINT('',(20.092496,-15.238589,7.7E-02));
#7043 = LINE('',#7044,#7045);
#7044 = CARTESIAN_POINT('',(20.130432,-15.280155,7.7E-02));
#7045 = VECTOR('',#7046,1.);
#7046 = DIRECTION('',(-0.674118507413,0.738623204322,0.));
#7047 = ORIENTED_EDGE('',*,*,#7048,.T.);
#7048 = EDGE_CURVE('',#7041,#7049,#7051,.T.);
#7049 = VERTEX_POINT('',#7050);
#7050 = CARTESIAN_POINT('',(20.058771,-15.16263,7.7E-02));
#7051 = LINE('',#7052,#7053);
#7052 = CARTESIAN_POINT('',(20.092496,-15.238589,7.7E-02));
#7053 = VECTOR('',#7054,1.);
#7054 = DIRECTION('',(-0.405791235018,0.913965794536,0.));
#7055 = ORIENTED_EDGE('',*,*,#7056,.T.);
#7056 = EDGE_CURVE('',#7049,#7057,#7059,.T.);
#7057 = VERTEX_POINT('',#7058);
#7058 = CARTESIAN_POINT('',(20.060887,-14.976384,7.7E-02));
#7059 = LINE('',#7060,#7061);
#7060 = CARTESIAN_POINT('',(20.058771,-15.16263,7.7E-02));
#7061 = VECTOR('',#7062,1.);
#7062 = DIRECTION('',(1.136058464109E-02,0.999935466476,0.));
#7063 = ORIENTED_EDGE('',*,*,#7064,.T.);
#7064 = EDGE_CURVE('',#7057,#6950,#7065,.T.);
#7065 = LINE('',#7066,#7067);
#7066 = CARTESIAN_POINT('',(20.060887,-14.976384,7.7E-02));
#7067 = VECTOR('',#7068,1.);
#7068 = DIRECTION('',(0.450389681844,0.892832086391,0.));
#7069 = FACE_BOUND('',#7070,.F.);
#7070 = EDGE_LOOP('',(#7071,#7082,#7090,#7098,#7107,#7115,#7124,#7132,
    #7140));
#7071 = ORIENTED_EDGE('',*,*,#7072,.T.);
#7072 = EDGE_CURVE('',#7073,#7075,#7077,.T.);
#7073 = VERTEX_POINT('',#7074);
#7074 = CARTESIAN_POINT('',(20.336172,-14.943036,7.7E-02));
#7075 = VERTEX_POINT('',#7076);
#7076 = CARTESIAN_POINT('',(20.178309,-14.960132,7.7E-02));
#7077 = CIRCLE('',#7078,0.114175800422);
#7078 = AXIS2_PLACEMENT_3D('',#7079,#7080,#7081);
#7079 = CARTESIAN_POINT('',(20.266075003543,-15.03316104918,7.7E-02));
#7080 = DIRECTION('',(0.,0.,1.));
#7081 = DIRECTION('',(0.613939172733,0.789353337983,-0.));
#7082 = ORIENTED_EDGE('',*,*,#7083,.T.);
#7083 = EDGE_CURVE('',#7075,#7084,#7086,.T.);
#7084 = VERTEX_POINT('',#7085);
#7085 = CARTESIAN_POINT('',(20.158645,-14.99946,7.7E-02));
#7086 = LINE('',#7087,#7088);
#7087 = CARTESIAN_POINT('',(20.178309,-14.960132,7.7E-02));
#7088 = VECTOR('',#7089,1.);
#7089 = DIRECTION('',(-0.4472135955,-0.894427191,0.));
#7090 = ORIENTED_EDGE('',*,*,#7091,.T.);
#7091 = EDGE_CURVE('',#7084,#7092,#7094,.T.);
#7092 = VERTEX_POINT('',#7093);
#7093 = CARTESIAN_POINT('',(20.158645,-15.147281,7.7E-02));
#7094 = LINE('',#7095,#7096);
#7095 = CARTESIAN_POINT('',(20.158645,-14.99946,7.7E-02));
#7096 = VECTOR('',#7097,1.);
#7097 = DIRECTION('',(0.,-1.,0.));
#7098 = ORIENTED_EDGE('',*,*,#7099,.T.);
#7099 = EDGE_CURVE('',#7092,#7100,#7102,.T.);
#7100 = VERTEX_POINT('',#7101);
#7101 = CARTESIAN_POINT('',(20.234734,-15.223371,7.7E-02));
#7102 = CIRCLE('',#7103,0.106482440876);
#7103 = AXIS2_PLACEMENT_3D('',#7104,#7105,#7106);
#7104 = CARTESIAN_POINT('',(20.261665707878,-15.12035064606,7.7E-02));
#7105 = DIRECTION('',(0.,0.,1.));
#7106 = DIRECTION('',(-0.967490104756,-0.252908871334,0.));
#7107 = ORIENTED_EDGE('',*,*,#7108,.T.);
#7108 = EDGE_CURVE('',#7100,#7109,#7111,.T.);
#7109 = VERTEX_POINT('',#7110);
#7110 = CARTESIAN_POINT('',(20.296841,-15.223371,7.7E-02));
#7111 = LINE('',#7112,#7113);
#7112 = CARTESIAN_POINT('',(20.234734,-15.223371,7.7E-02));
#7113 = VECTOR('',#7114,1.);
#7114 = DIRECTION('',(1.,0.,0.));
#7115 = ORIENTED_EDGE('',*,*,#7116,.T.);
#7116 = EDGE_CURVE('',#7109,#7117,#7119,.T.);
#7117 = VERTEX_POINT('',#7118);
#7118 = CARTESIAN_POINT('',(20.372931,-15.147282,7.7E-02));
#7119 = CIRCLE('',#7120,0.106480450704);
#7120 = AXIS2_PLACEMENT_3D('',#7121,#7122,#7123);
#7121 = CARTESIAN_POINT('',(20.269912276804,-15.12035192288,7.7E-02));
#7122 = DIRECTION('',(0.,0.,1.));
#7123 = DIRECTION('',(0.25289828337,-0.967492872464,0.));
#7124 = ORIENTED_EDGE('',*,*,#7125,.T.);
#7125 = EDGE_CURVE('',#7117,#7126,#7128,.T.);
#7126 = VERTEX_POINT('',#7127);
#7127 = CARTESIAN_POINT('',(20.372931,-14.99946,7.7E-02));
#7128 = LINE('',#7129,#7130);
#7129 = CARTESIAN_POINT('',(20.372931,-15.147282,7.7E-02));
#7130 = VECTOR('',#7131,1.);
#7131 = DIRECTION('',(0.,1.,0.));
#7132 = ORIENTED_EDGE('',*,*,#7133,.T.);
#7133 = EDGE_CURVE('',#7126,#7134,#7136,.T.);
#7134 = VERTEX_POINT('',#7135);
#7135 = CARTESIAN_POINT('',(20.353266,-14.96013,7.7E-02));
#7136 = LINE('',#7137,#7138);
#7137 = CARTESIAN_POINT('',(20.372931,-14.99946,7.7E-02));
#7138 = VECTOR('',#7139,1.);
#7139 = DIRECTION('',(-0.4472135955,0.894427191,0.));
#7140 = ORIENTED_EDGE('',*,*,#7141,.T.);
#7141 = EDGE_CURVE('',#7134,#7073,#7142,.T.);
#7142 = LINE('',#7143,#7144);
#7143 = CARTESIAN_POINT('',(20.353266,-14.96013,7.7E-02));
#7144 = VECTOR('',#7145,1.);
#7145 = DIRECTION('',(-0.707106781187,0.707106781187,0.));
#7146 = PLANE('',#7147);
#7147 = AXIS2_PLACEMENT_3D('',#7148,#7149,#7150);
#7148 = CARTESIAN_POINT('',(0.,0.,7.7E-02));
#7149 = DIRECTION('',(0.,0.,1.));
#7150 = DIRECTION('',(1.,0.,-0.));
#7151 = SHELL_BASED_SURFACE_MODEL('',(#7152));
#7152 = OPEN_SHELL('',(#7153));
#7153 = ADVANCED_FACE('',(#7154),#7198,.T.);
#7154 = FACE_BOUND('',#7155,.F.);
#7155 = EDGE_LOOP('',(#7156,#7167,#7175,#7184,#7192));
#7156 = ORIENTED_EDGE('',*,*,#7157,.T.);
#7157 = EDGE_CURVE('',#7158,#7160,#7162,.T.);
#7158 = VERTEX_POINT('',#7159);
#7159 = CARTESIAN_POINT('',(17.062451,-14.854237,7.7E-02));
#7160 = VERTEX_POINT('',#7161);
#7161 = CARTESIAN_POINT('',(17.158645,-14.873371,7.7E-02));
#7162 = CIRCLE('',#7163,4.999998452109E-02);
#7163 = AXIS2_PLACEMENT_3D('',#7164,#7165,#7166);
#7164 = CARTESIAN_POINT('',(17.108645015479,-14.87337103736,7.7E-02));
#7165 = DIRECTION('',(0.,0.,-1.));
#7166 = DIRECTION('',(-0.923880595592,0.382680865851,0.));
#7167 = ORIENTED_EDGE('',*,*,#7168,.T.);
#7168 = EDGE_CURVE('',#7160,#7169,#7171,.T.);
#7169 = VERTEX_POINT('',#7170);
#7170 = CARTESIAN_POINT('',(17.158645,-15.273371,7.7E-02));
#7171 = LINE('',#7172,#7173);
#7172 = CARTESIAN_POINT('',(17.158645,-14.873371,7.7E-02));
#7173 = VECTOR('',#7174,1.);
#7174 = DIRECTION('',(0.,-1.,0.));
#7175 = ORIENTED_EDGE('',*,*,#7176,.T.);
#7176 = EDGE_CURVE('',#7169,#7177,#7179,.T.);
#7177 = VERTEX_POINT('',#7178);
#7178 = CARTESIAN_POINT('',(17.058645,-15.273371,7.7E-02));
#7179 = CIRCLE('',#7180,5.000000000002E-02);
#7180 = AXIS2_PLACEMENT_3D('',#7181,#7182,#7183);
#7181 = CARTESIAN_POINT('',(17.108645,-15.27337095228,7.7E-02));
#7182 = DIRECTION('',(-0.,0.,-1.));
#7183 = DIRECTION('',(1.,-9.542364054478E-07,-0.));
#7184 = ORIENTED_EDGE('',*,*,#7185,.T.);
#7185 = EDGE_CURVE('',#7177,#7186,#7188,.T.);
#7186 = VERTEX_POINT('',#7187);
#7187 = CARTESIAN_POINT('',(17.058645,-14.873371,7.7E-02));
#7188 = LINE('',#7189,#7190);
#7189 = CARTESIAN_POINT('',(17.058645,-15.273371,7.7E-02));
#7190 = VECTOR('',#7191,1.);
#7191 = DIRECTION('',(0.,1.,0.));
#7192 = ORIENTED_EDGE('',*,*,#7193,.T.);
#7193 = EDGE_CURVE('',#7186,#7158,#7194,.T.);
#7194 = LINE('',#7195,#7196);
#7195 = CARTESIAN_POINT('',(17.058645,-14.873371,7.7E-02));
#7196 = VECTOR('',#7197,1.);
#7197 = DIRECTION('',(0.195090852695,0.980785174845,0.));
#7198 = PLANE('',#7199);
#7199 = AXIS2_PLACEMENT_3D('',#7200,#7201,#7202);
#7200 = CARTESIAN_POINT('',(0.,0.,7.7E-02));
#7201 = DIRECTION('',(0.,0.,1.));
#7202 = DIRECTION('',(1.,0.,-0.));
#7203 = SHELL_BASED_SURFACE_MODEL('',(#7204));
#7204 = OPEN_SHELL('',(#7205));
#7205 = ADVANCED_FACE('',(#7206),#7406,.T.);
#7206 = FACE_BOUND('',#7207,.F.);
#7207 = EDGE_LOOP('',(#7208,#7219,#7227,#7235,#7243,#7251,#7259,#7268,
    #7276,#7284,#7293,#7301,#7309,#7318,#7326,#7334,#7343,#7351,#7359,
    #7367,#7375,#7383,#7391,#7400));
#7208 = ORIENTED_EDGE('',*,*,#7209,.T.);
#7209 = EDGE_CURVE('',#7210,#7212,#7214,.T.);
#7210 = VERTEX_POINT('',#7211);
#7211 = CARTESIAN_POINT('',(17.344359,-14.873371,7.7E-02));
#7212 = VERTEX_POINT('',#7213);
#7213 = CARTESIAN_POINT('',(17.413493,-14.827177,7.7E-02));
#7214 = CIRCLE('',#7215,5.000005199708E-02);
#7215 = AXIS2_PLACEMENT_3D('',#7216,#7217,#7218);
#7216 = CARTESIAN_POINT('',(17.394359051997,-14.87337112553,7.7E-02));
#7217 = DIRECTION('',(0.,0.,-1.));
#7218 = DIRECTION('',(-0.999999999997,2.510607064825E-06,0.));
#7219 = ORIENTED_EDGE('',*,*,#7220,.T.);
#7220 = EDGE_CURVE('',#7212,#7221,#7223,.T.);
#7221 = VERTEX_POINT('',#7222);
#7222 = CARTESIAN_POINT('',(17.429214,-14.842898,7.7E-02));
#7223 = LINE('',#7224,#7225);
#7224 = CARTESIAN_POINT('',(17.413493,-14.827177,7.7E-02));
#7225 = VECTOR('',#7226,1.);
#7226 = DIRECTION('',(0.707106781187,-0.707106781186,0.));
#7227 = ORIENTED_EDGE('',*,*,#7228,.T.);
#7228 = EDGE_CURVE('',#7221,#7229,#7231,.T.);
#7229 = VERTEX_POINT('',#7230);
#7230 = CARTESIAN_POINT('',(17.476529,-14.823497,7.7E-02));
#7231 = LINE('',#7232,#7233);
#7232 = CARTESIAN_POINT('',(17.429214,-14.842898,7.7E-02));
#7233 = VECTOR('',#7234,1.);
#7234 = DIRECTION('',(0.925239206824,0.379384251328,0.));
#7235 = ORIENTED_EDGE('',*,*,#7236,.T.);
#7236 = EDGE_CURVE('',#7229,#7237,#7239,.T.);
#7237 = VERTEX_POINT('',#7238);
#7238 = CARTESIAN_POINT('',(17.568243,-14.823859,7.7E-02));
#7239 = LINE('',#7240,#7241);
#7240 = CARTESIAN_POINT('',(17.476529,-14.823497,7.7E-02));
#7241 = VECTOR('',#7242,1.);
#7242 = DIRECTION('',(0.999992210478,-3.947022048912E-03,0.));
#7243 = ORIENTED_EDGE('',*,*,#7244,.T.);
#7244 = EDGE_CURVE('',#7237,#7245,#7247,.T.);
#7245 = VERTEX_POINT('',#7246);
#7246 = CARTESIAN_POINT('',(17.588147,-14.828649,7.7E-02));
#7247 = LINE('',#7248,#7249);
#7248 = CARTESIAN_POINT('',(17.568243,-14.823859,7.7E-02));
#7249 = VECTOR('',#7250,1.);
#7250 = DIRECTION('',(0.972242570936,-0.233975176587,0.));
#7251 = ORIENTED_EDGE('',*,*,#7252,.T.);
#7252 = EDGE_CURVE('',#7245,#7253,#7255,.T.);
#7253 = VERTEX_POINT('',#7254);
#7254 = CARTESIAN_POINT('',(17.651501,-14.86204,7.7E-02));
#7255 = LINE('',#7256,#7257);
#7256 = CARTESIAN_POINT('',(17.588147,-14.828649,7.7E-02));
#7257 = VECTOR('',#7258,1.);
#7258 = DIRECTION('',(0.884648798457,-0.466257979437,0.));
#7259 = ORIENTED_EDGE('',*,*,#7260,.T.);
#7260 = EDGE_CURVE('',#7253,#7261,#7263,.T.);
#7261 = VERTEX_POINT('',#7262);
#7262 = CARTESIAN_POINT('',(17.915022,-14.86699,7.7E-02));
#7263 = CIRCLE('',#7264,0.212077515529);
#7264 = AXIS2_PLACEMENT_3D('',#7265,#7266,#7267);
#7265 = CARTESIAN_POINT('',(17.780140843844,-15.03064801632,7.7E-02));
#7266 = DIRECTION('',(0.,0.,-1.));
#7267 = DIRECTION('',(-0.60656993045,0.795030137462,0.));
#7268 = ORIENTED_EDGE('',*,*,#7269,.T.);
#7269 = EDGE_CURVE('',#7261,#7270,#7272,.T.);
#7270 = VERTEX_POINT('',#7271);
#7271 = CARTESIAN_POINT('',(17.956401,-14.947811,7.7E-02));
#7272 = LINE('',#7273,#7274);
#7273 = CARTESIAN_POINT('',(17.915022,-14.86699,7.7E-02));
#7274 = VECTOR('',#7275,1.);
#7275 = DIRECTION('',(0.455726480837,-0.890119865335,0.));
#7276 = ORIENTED_EDGE('',*,*,#7277,.T.);
#7277 = EDGE_CURVE('',#7270,#7278,#7280,.T.);
#7278 = VERTEX_POINT('',#7279);
#7279 = CARTESIAN_POINT('',(17.958644,-15.273371,7.7E-02));
#7280 = LINE('',#7281,#7282);
#7281 = CARTESIAN_POINT('',(17.956401,-14.947811,7.7E-02));
#7282 = VECTOR('',#7283,1.);
#7283 = DIRECTION('',(6.889503523408E-03,-0.999976267089,0.));
#7284 = ORIENTED_EDGE('',*,*,#7285,.T.);
#7285 = EDGE_CURVE('',#7278,#7286,#7288,.T.);
#7286 = VERTEX_POINT('',#7287);
#7287 = CARTESIAN_POINT('',(17.858644,-15.273371,7.7E-02));
#7288 = CIRCLE('',#7289,5.000000000002E-02);
#7289 = AXIS2_PLACEMENT_3D('',#7290,#7291,#7292);
#7290 = CARTESIAN_POINT('',(17.908644,-15.27337095228,7.7E-02));
#7291 = DIRECTION('',(-0.,0.,-1.));
#7292 = DIRECTION('',(1.,-9.542364054478E-07,-0.));
#7293 = ORIENTED_EDGE('',*,*,#7294,.T.);
#7294 = EDGE_CURVE('',#7286,#7295,#7297,.T.);
#7295 = VERTEX_POINT('',#7296);
#7296 = CARTESIAN_POINT('',(17.858644,-14.970888,7.7E-02));
#7297 = LINE('',#7298,#7299);
#7298 = CARTESIAN_POINT('',(17.858644,-15.273371,7.7E-02));
#7299 = VECTOR('',#7300,1.);
#7300 = DIRECTION('',(0.,1.,0.));
#7301 = ORIENTED_EDGE('',*,*,#7302,.T.);
#7302 = EDGE_CURVE('',#7295,#7303,#7305,.T.);
#7303 = VERTEX_POINT('',#7304);
#7304 = CARTESIAN_POINT('',(17.842805,-14.93921,7.7E-02));
#7305 = LINE('',#7306,#7307);
#7306 = CARTESIAN_POINT('',(17.858644,-14.970888,7.7E-02));
#7307 = VECTOR('',#7308,1.);
#7308 = DIRECTION('',(-0.4472135955,0.894427191,0.));
#7309 = ORIENTED_EDGE('',*,*,#7310,.T.);
#7310 = EDGE_CURVE('',#7303,#7311,#7313,.T.);
#7311 = VERTEX_POINT('',#7312);
#7312 = CARTESIAN_POINT('',(17.717341,-14.939209,7.7E-02));
#7313 = CIRCLE('',#7314,0.10634386351);
#7314 = AXIS2_PLACEMENT_3D('',#7315,#7316,#7317);
#7315 = CARTESIAN_POINT('',(17.780072315578,-15.02507982945,7.7E-02));
#7316 = DIRECTION('',(0.,0.,1.));
#7317 = DIRECTION('',(0.589904131293,0.807473291127,-0.));
#7318 = ORIENTED_EDGE('',*,*,#7319,.T.);
#7319 = EDGE_CURVE('',#7311,#7320,#7322,.T.);
#7320 = VERTEX_POINT('',#7321);
#7321 = CARTESIAN_POINT('',(17.701502,-14.970888,7.7E-02));
#7322 = LINE('',#7323,#7324);
#7323 = CARTESIAN_POINT('',(17.717341,-14.939209,7.7E-02));
#7324 = VECTOR('',#7325,1.);
#7325 = DIRECTION('',(-0.447202301764,-0.894432837779,0.));
#7326 = ORIENTED_EDGE('',*,*,#7327,.T.);
#7327 = EDGE_CURVE('',#7320,#7328,#7330,.T.);
#7328 = VERTEX_POINT('',#7329);
#7329 = CARTESIAN_POINT('',(17.701502,-15.273371,7.7E-02));
#7330 = LINE('',#7331,#7332);
#7331 = CARTESIAN_POINT('',(17.701502,-14.970888,7.7E-02));
#7332 = VECTOR('',#7333,1.);
#7333 = DIRECTION('',(0.,-1.,0.));
#7334 = ORIENTED_EDGE('',*,*,#7335,.T.);
#7335 = EDGE_CURVE('',#7328,#7336,#7338,.T.);
#7336 = VERTEX_POINT('',#7337);
#7337 = CARTESIAN_POINT('',(17.601502,-15.273371,7.7E-02));
#7338 = CIRCLE('',#7339,5.000000000002E-02);
#7339 = AXIS2_PLACEMENT_3D('',#7340,#7341,#7342);
#7340 = CARTESIAN_POINT('',(17.651502,-15.27337095228,7.7E-02));
#7341 = DIRECTION('',(-0.,0.,-1.));
#7342 = DIRECTION('',(1.,-9.542364765021E-07,-0.));
#7343 = ORIENTED_EDGE('',*,*,#7344,.T.);
#7344 = EDGE_CURVE('',#7336,#7345,#7347,.T.);
#7345 = VERTEX_POINT('',#7346);
#7346 = CARTESIAN_POINT('',(17.601502,-14.970888,7.7E-02));
#7347 = LINE('',#7348,#7349);
#7348 = CARTESIAN_POINT('',(17.601502,-15.273371,7.7E-02));
#7349 = VECTOR('',#7350,1.);
#7350 = DIRECTION('',(0.,1.,0.));
#7351 = ORIENTED_EDGE('',*,*,#7352,.T.);
#7352 = EDGE_CURVE('',#7345,#7353,#7355,.T.);
#7353 = VERTEX_POINT('',#7354);
#7354 = CARTESIAN_POINT('',(17.585662,-14.93921,7.7E-02));
#7355 = LINE('',#7356,#7357);
#7356 = CARTESIAN_POINT('',(17.601502,-14.970888,7.7E-02));
#7357 = VECTOR('',#7358,1.);
#7358 = DIRECTION('',(-0.447236183043,0.894415896872,0.));
#7359 = ORIENTED_EDGE('',*,*,#7360,.T.);
#7360 = EDGE_CURVE('',#7353,#7361,#7363,.T.);
#7361 = VERTEX_POINT('',#7362);
#7362 = CARTESIAN_POINT('',(17.553983,-14.923371,7.7E-02));
#7363 = LINE('',#7364,#7365);
#7364 = CARTESIAN_POINT('',(17.585662,-14.93921,7.7E-02));
#7365 = VECTOR('',#7366,1.);
#7366 = DIRECTION('',(-0.894432837779,0.447202301764,0.));
#7367 = ORIENTED_EDGE('',*,*,#7368,.T.);
#7368 = EDGE_CURVE('',#7361,#7369,#7371,.T.);
#7369 = VERTEX_POINT('',#7370);
#7370 = CARTESIAN_POINT('',(17.491876,-14.923371,7.7E-02));
#7371 = LINE('',#7372,#7373);
#7372 = CARTESIAN_POINT('',(17.553983,-14.923371,7.7E-02));
#7373 = VECTOR('',#7374,1.);
#7374 = DIRECTION('',(-1.,0.,0.));
#7375 = ORIENTED_EDGE('',*,*,#7376,.T.);
#7376 = EDGE_CURVE('',#7369,#7377,#7379,.T.);
#7377 = VERTEX_POINT('',#7378);
#7378 = CARTESIAN_POINT('',(17.444359,-14.951224,7.7E-02));
#7379 = LINE('',#7380,#7381);
#7380 = CARTESIAN_POINT('',(17.491876,-14.923371,7.7E-02));
#7381 = VECTOR('',#7382,1.);
#7382 = DIRECTION('',(-0.862712173106,-0.505695270272,0.));
#7383 = ORIENTED_EDGE('',*,*,#7384,.T.);
#7384 = EDGE_CURVE('',#7377,#7385,#7387,.T.);
#7385 = VERTEX_POINT('',#7386);
#7386 = CARTESIAN_POINT('',(17.444359,-15.273371,7.7E-02));
#7387 = LINE('',#7388,#7389);
#7388 = CARTESIAN_POINT('',(17.444359,-14.951224,7.7E-02));
#7389 = VECTOR('',#7390,1.);
#7390 = DIRECTION('',(0.,-1.,0.));
#7391 = ORIENTED_EDGE('',*,*,#7392,.T.);
#7392 = EDGE_CURVE('',#7385,#7393,#7395,.T.);
#7393 = VERTEX_POINT('',#7394);
#7394 = CARTESIAN_POINT('',(17.344359,-15.273371,7.7E-02));
#7395 = CIRCLE('',#7396,5.000000000002E-02);
#7396 = AXIS2_PLACEMENT_3D('',#7397,#7398,#7399);
#7397 = CARTESIAN_POINT('',(17.394359,-15.27337095228,7.7E-02));
#7398 = DIRECTION('',(-0.,0.,-1.));
#7399 = DIRECTION('',(1.,-9.542364054478E-07,-0.));
#7400 = ORIENTED_EDGE('',*,*,#7401,.T.);
#7401 = EDGE_CURVE('',#7393,#7210,#7402,.T.);
#7402 = LINE('',#7403,#7404);
#7403 = CARTESIAN_POINT('',(17.344359,-15.273371,7.7E-02));
#7404 = VECTOR('',#7405,1.);
#7405 = DIRECTION('',(0.,1.,0.));
#7406 = PLANE('',#7407);
#7407 = AXIS2_PLACEMENT_3D('',#7408,#7409,#7410);
#7408 = CARTESIAN_POINT('',(0.,0.,7.7E-02));
#7409 = DIRECTION('',(0.,0.,1.));
#7410 = DIRECTION('',(1.,0.,-0.));
#7411 = SHELL_BASED_SURFACE_MODEL('',(#7412));
#7412 = OPEN_SHELL('',(#7413));
#7413 = ADVANCED_FACE('',(#7414,#7515),#7567,.T.);
#7414 = FACE_BOUND('',#7415,.F.);
#7415 = EDGE_LOOP('',(#7416,#7427,#7435,#7444,#7452,#7460,#7468,#7476,
    #7484,#7492,#7500,#7509));
#7416 = ORIENTED_EDGE('',*,*,#7417,.T.);
#7417 = EDGE_CURVE('',#7418,#7420,#7422,.T.);
#7418 = VERTEX_POINT('',#7419);
#7419 = CARTESIAN_POINT('',(19.115788,-14.673371,7.7E-02));
#7420 = VERTEX_POINT('',#7421);
#7421 = CARTESIAN_POINT('',(19.165788,-14.623371,7.7E-02));
#7422 = CIRCLE('',#7423,5.000014378935E-02);
#7423 = AXIS2_PLACEMENT_3D('',#7424,#7425,#7426);
#7424 = CARTESIAN_POINT('',(19.165788143789,-14.67337114378,7.7E-02));
#7425 = DIRECTION('',(0.,0.,-1.));
#7426 = DIRECTION('',(-0.999999999996,2.87577464835E-06,0.));
#7427 = ORIENTED_EDGE('',*,*,#7428,.T.);
#7428 = EDGE_CURVE('',#7420,#7429,#7431,.T.);
#7429 = VERTEX_POINT('',#7430);
#7430 = CARTESIAN_POINT('',(19.396815,-14.623859,7.7E-02));
#7431 = LINE('',#7432,#7433);
#7432 = CARTESIAN_POINT('',(19.165788,-14.623371,7.7E-02));
#7433 = VECTOR('',#7434,1.);
#7434 = DIRECTION('',(0.999997769087,-2.112302507123E-03,0.));
#7435 = ORIENTED_EDGE('',*,*,#7436,.T.);
#7436 = EDGE_CURVE('',#7429,#7437,#7439,.T.);
#7437 = VERTEX_POINT('',#7438);
#7438 = CARTESIAN_POINT('',(19.524794,-14.708153,7.7E-02));
#7439 = CIRCLE('',#7440,0.197659186075);
#7440 = AXIS2_PLACEMENT_3D('',#7441,#7442,#7443);
#7441 = CARTESIAN_POINT('',(19.360581713313,-14.81816881132,7.7E-02));
#7442 = DIRECTION('',(0.,0.,-1.));
#7443 = DIRECTION('',(0.183311929018,0.983054798411,0.));
#7444 = ORIENTED_EDGE('',*,*,#7445,.T.);
#7445 = EDGE_CURVE('',#7437,#7446,#7448,.T.);
#7446 = VERTEX_POINT('',#7447);
#7447 = CARTESIAN_POINT('',(19.558519,-14.784112,7.7E-02));
#7448 = LINE('',#7449,#7450);
#7449 = CARTESIAN_POINT('',(19.524794,-14.708153,7.7E-02));
#7450 = VECTOR('',#7451,1.);
#7451 = DIRECTION('',(0.405791235018,-0.913965794536,0.));
#7452 = ORIENTED_EDGE('',*,*,#7453,.T.);
#7453 = EDGE_CURVE('',#7446,#7454,#7456,.T.);
#7454 = VERTEX_POINT('',#7455);
#7455 = CARTESIAN_POINT('',(19.556402,-14.884643,7.7E-02));
#7456 = LINE('',#7457,#7458);
#7457 = CARTESIAN_POINT('',(19.558519,-14.784112,7.7E-02));
#7458 = VECTOR('',#7459,1.);
#7459 = DIRECTION('',(-2.10535135174E-02,-0.99977835022,0.));
#7460 = ORIENTED_EDGE('',*,*,#7461,.T.);
#7461 = EDGE_CURVE('',#7454,#7462,#7464,.T.);
#7462 = VERTEX_POINT('',#7463);
#7463 = CARTESIAN_POINT('',(19.515428,-14.96587,7.7E-02));
#7464 = LINE('',#7465,#7466);
#7465 = CARTESIAN_POINT('',(19.556402,-14.884643,7.7E-02));
#7466 = VECTOR('',#7467,1.);
#7467 = DIRECTION('',(-0.450380841669,-0.892836545767,0.));
#7468 = ORIENTED_EDGE('',*,*,#7469,.T.);
#7469 = EDGE_CURVE('',#7462,#7470,#7472,.T.);
#7470 = VERTEX_POINT('',#7471);
#7471 = CARTESIAN_POINT('',(19.473863,-15.003806,7.7E-02));
#7472 = LINE('',#7473,#7474);
#7473 = CARTESIAN_POINT('',(19.515428,-14.96587,7.7E-02));
#7474 = VECTOR('',#7475,1.);
#7475 = DIRECTION('',(-0.73861512889,-0.674127355457,0.));
#7476 = ORIENTED_EDGE('',*,*,#7477,.T.);
#7477 = EDGE_CURVE('',#7470,#7478,#7480,.T.);
#7478 = VERTEX_POINT('',#7479);
#7479 = CARTESIAN_POINT('',(19.397904,-15.037531,7.7E-02));
#7480 = LINE('',#7481,#7482);
#7481 = CARTESIAN_POINT('',(19.473863,-15.003806,7.7E-02));
#7482 = VECTOR('',#7483,1.);
#7483 = DIRECTION('',(-0.913965794536,-0.405791235018,0.));
#7484 = ORIENTED_EDGE('',*,*,#7485,.T.);
#7485 = EDGE_CURVE('',#7478,#7486,#7488,.T.);
#7486 = VERTEX_POINT('',#7487);
#7487 = CARTESIAN_POINT('',(19.215788,-15.037657,7.7E-02));
#7488 = LINE('',#7489,#7490);
#7489 = CARTESIAN_POINT('',(19.397904,-15.037531,7.7E-02));
#7490 = VECTOR('',#7491,1.);
#7491 = DIRECTION('',(-0.99999976066,-6.918665567169E-04,0.));
#7492 = ORIENTED_EDGE('',*,*,#7493,.T.);
#7493 = EDGE_CURVE('',#7486,#7494,#7496,.T.);
#7494 = VERTEX_POINT('',#7495);
#7495 = CARTESIAN_POINT('',(19.215788,-15.273371,7.7E-02));
#7496 = LINE('',#7497,#7498);
#7497 = CARTESIAN_POINT('',(19.215788,-15.037657,7.7E-02));
#7498 = VECTOR('',#7499,1.);
#7499 = DIRECTION('',(0.,-1.,0.));
#7500 = ORIENTED_EDGE('',*,*,#7501,.T.);
#7501 = EDGE_CURVE('',#7494,#7502,#7504,.T.);
#7502 = VERTEX_POINT('',#7503);
#7503 = CARTESIAN_POINT('',(19.115788,-15.273371,7.7E-02));
#7504 = CIRCLE('',#7505,5.000000000002E-02);
#7505 = AXIS2_PLACEMENT_3D('',#7506,#7507,#7508);
#7506 = CARTESIAN_POINT('',(19.165788,-15.27337095228,7.7E-02));
#7507 = DIRECTION('',(-0.,0.,-1.));
#7508 = DIRECTION('',(1.,-9.542364765021E-07,-0.));
#7509 = ORIENTED_EDGE('',*,*,#7510,.T.);
#7510 = EDGE_CURVE('',#7502,#7418,#7511,.T.);
#7511 = LINE('',#7512,#7513);
#7512 = CARTESIAN_POINT('',(19.115788,-15.273371,7.7E-02));
#7513 = VECTOR('',#7514,1.);
#7514 = DIRECTION('',(0.,1.,0.));
#7515 = FACE_BOUND('',#7516,.F.);
#7516 = EDGE_LOOP('',(#7517,#7528,#7536,#7544,#7552,#7561));
#7517 = ORIENTED_EDGE('',*,*,#7518,.T.);
#7518 = EDGE_CURVE('',#7519,#7521,#7523,.T.);
#7519 = VERTEX_POINT('',#7520);
#7520 = CARTESIAN_POINT('',(19.458645,-14.79946,7.7E-02));
#7521 = VERTEX_POINT('',#7522);
#7522 = CARTESIAN_POINT('',(19.382555,-14.723371,7.7E-02));
#7523 = CIRCLE('',#7524,0.106483877573);
#7524 = AXIS2_PLACEMENT_3D('',#7525,#7526,#7527);
#7525 = CARTESIAN_POINT('',(19.355623468841,-14.82639288511,7.7E-02));
#7526 = DIRECTION('',(0.,0.,1.));
#7527 = DIRECTION('',(0.967484782744,0.252929229546,-0.));
#7528 = ORIENTED_EDGE('',*,*,#7529,.T.);
#7529 = EDGE_CURVE('',#7521,#7530,#7532,.T.);
#7530 = VERTEX_POINT('',#7531);
#7531 = CARTESIAN_POINT('',(19.215788,-14.723371,7.7E-02));
#7532 = LINE('',#7533,#7534);
#7533 = CARTESIAN_POINT('',(19.382555,-14.723371,7.7E-02));
#7534 = VECTOR('',#7535,1.);
#7535 = DIRECTION('',(-1.,0.,0.));
#7536 = ORIENTED_EDGE('',*,*,#7537,.T.);
#7537 = EDGE_CURVE('',#7530,#7538,#7540,.T.);
#7538 = VERTEX_POINT('',#7539);
#7539 = CARTESIAN_POINT('',(19.215788,-14.937657,7.7E-02));
#7540 = LINE('',#7541,#7542);
#7541 = CARTESIAN_POINT('',(19.215788,-14.723371,7.7E-02));
#7542 = VECTOR('',#7543,1.);
#7543 = DIRECTION('',(0.,-1.,0.));
#7544 = ORIENTED_EDGE('',*,*,#7545,.T.);
#7545 = EDGE_CURVE('',#7538,#7546,#7548,.T.);
#7546 = VERTEX_POINT('',#7547);
#7547 = CARTESIAN_POINT('',(19.382556,-14.937657,7.7E-02));
#7548 = LINE('',#7549,#7550);
#7549 = CARTESIAN_POINT('',(19.215788,-14.937657,7.7E-02));
#7550 = VECTOR('',#7551,1.);
#7551 = DIRECTION('',(1.,0.,0.));
#7552 = ORIENTED_EDGE('',*,*,#7553,.T.);
#7553 = EDGE_CURVE('',#7546,#7554,#7556,.T.);
#7554 = VERTEX_POINT('',#7555);
#7555 = CARTESIAN_POINT('',(19.458645,-14.861567,7.7E-02));
#7556 = CIRCLE('',#7557,0.106483877573);
#7557 = AXIS2_PLACEMENT_3D('',#7558,#7559,#7560);
#7558 = CARTESIAN_POINT('',(19.355623114886,-14.83463546884,7.7E-02));
#7559 = DIRECTION('',(0.,0.,1.));
#7560 = DIRECTION('',(0.252929229546,-0.967484782744,0.));
#7561 = ORIENTED_EDGE('',*,*,#7562,.T.);
#7562 = EDGE_CURVE('',#7554,#7519,#7563,.T.);
#7563 = LINE('',#7564,#7565);
#7564 = CARTESIAN_POINT('',(19.458645,-14.861567,7.7E-02));
#7565 = VECTOR('',#7566,1.);
#7566 = DIRECTION('',(0.,1.,0.));
#7567 = PLANE('',#7568);
#7568 = AXIS2_PLACEMENT_3D('',#7569,#7570,#7571);
#7569 = CARTESIAN_POINT('',(0.,0.,7.7E-02));
#7570 = DIRECTION('',(0.,0.,1.));
#7571 = DIRECTION('',(1.,0.,-0.));
#7572 = SHELL_BASED_SURFACE_MODEL('',(#7573));
#7573 = OPEN_SHELL('',(#7574));
#7574 = ADVANCED_FACE('',(#7575),#7653,.T.);
#7575 = FACE_BOUND('',#7576,.F.);
#7576 = EDGE_LOOP('',(#7577,#7588,#7596,#7604,#7613,#7621,#7630,#7638,
    #7647));
#7577 = ORIENTED_EDGE('',*,*,#7578,.T.);
#7578 = EDGE_CURVE('',#7579,#7581,#7583,.T.);
#7579 = VERTEX_POINT('',#7580);
#7580 = CARTESIAN_POINT('',(19.715788,-14.873371,7.7E-02));
#7581 = VERTEX_POINT('',#7582);
#7582 = CARTESIAN_POINT('',(19.810167,-14.852422,7.7E-02));
#7583 = CIRCLE('',#7584,4.943142279876E-02);
#7584 = AXIS2_PLACEMENT_3D('',#7585,#7586,#7587);
#7585 = CARTESIAN_POINT('',(19.765217955659,-14.87299015433,7.7E-02));
#7586 = DIRECTION('',(0.,0.,-1.));
#7587 = DIRECTION('',(-0.999970319702,-7.704525638617E-03,-0.));
#7588 = ORIENTED_EDGE('',*,*,#7589,.T.);
#7589 = EDGE_CURVE('',#7581,#7590,#7592,.T.);
#7590 = VERTEX_POINT('',#7591);
#7591 = CARTESIAN_POINT('',(19.876529,-14.823497,7.7E-02));
#7592 = LINE('',#7593,#7594);
#7593 = CARTESIAN_POINT('',(19.810167,-14.852422,7.7E-02));
#7594 = VECTOR('',#7595,1.);
#7595 = DIRECTION('',(0.916706214036,0.399561906528,0.));
#7596 = ORIENTED_EDGE('',*,*,#7597,.T.);
#7597 = EDGE_CURVE('',#7590,#7598,#7600,.T.);
#7598 = VERTEX_POINT('',#7599);
#7599 = CARTESIAN_POINT('',(19.95635,-14.827177,7.7E-02));
#7600 = LINE('',#7601,#7602);
#7601 = CARTESIAN_POINT('',(19.876529,-14.823497,7.7E-02));
#7602 = VECTOR('',#7603,1.);
#7603 = DIRECTION('',(0.998938940675,-4.605423762775E-02,0.));
#7604 = ORIENTED_EDGE('',*,*,#7605,.T.);
#7605 = EDGE_CURVE('',#7598,#7606,#7608,.T.);
#7606 = VERTEX_POINT('',#7607);
#7607 = CARTESIAN_POINT('',(19.95635,-14.919565,7.7E-02));
#7608 = CIRCLE('',#7609,4.999995591998E-02);
#7609 = AXIS2_PLACEMENT_3D('',#7610,#7611,#7612);
#7610 = CARTESIAN_POINT('',(19.937216,-14.873371,7.7E-02));
#7611 = DIRECTION('',(0.,0.,-1.));
#7612 = DIRECTION('',(0.382680337371,0.923880814494,0.));
#7613 = ORIENTED_EDGE('',*,*,#7614,.T.);
#7614 = EDGE_CURVE('',#7606,#7615,#7617,.T.);
#7615 = VERTEX_POINT('',#7616);
#7616 = CARTESIAN_POINT('',(19.891876,-14.923371,7.7E-02));
#7617 = LINE('',#7618,#7619);
#7618 = CARTESIAN_POINT('',(19.95635,-14.919565,7.7E-02));
#7619 = VECTOR('',#7620,1.);
#7620 = DIRECTION('',(-0.998262178747,-5.892896132257E-02,0.));
#7621 = ORIENTED_EDGE('',*,*,#7622,.T.);
#7622 = EDGE_CURVE('',#7615,#7623,#7625,.T.);
#7623 = VERTEX_POINT('',#7624);
#7624 = CARTESIAN_POINT('',(19.815788,-14.99946,7.7E-02));
#7625 = CIRCLE('',#7626,0.106476516454);
#7626 = AXIS2_PLACEMENT_3D('',#7627,#7628,#7629);
#7627 = CARTESIAN_POINT('',(19.91880364611,-15.02638629222,7.7E-02));
#7628 = DIRECTION('',(0.,0.,1.));
#7629 = DIRECTION('',(-0.252897512115,0.967493074066,0.));
#7630 = ORIENTED_EDGE('',*,*,#7631,.T.);
#7631 = EDGE_CURVE('',#7623,#7632,#7634,.T.);
#7632 = VERTEX_POINT('',#7633);
#7633 = CARTESIAN_POINT('',(19.815788,-15.273371,7.7E-02));
#7634 = LINE('',#7635,#7636);
#7635 = CARTESIAN_POINT('',(19.815788,-14.99946,7.7E-02));
#7636 = VECTOR('',#7637,1.);
#7637 = DIRECTION('',(0.,-1.,0.));
#7638 = ORIENTED_EDGE('',*,*,#7639,.T.);
#7639 = EDGE_CURVE('',#7632,#7640,#7642,.T.);
#7640 = VERTEX_POINT('',#7641);
#7641 = CARTESIAN_POINT('',(19.715788,-15.273371,7.7E-02));
#7642 = CIRCLE('',#7643,5.000000000002E-02);
#7643 = AXIS2_PLACEMENT_3D('',#7644,#7645,#7646);
#7644 = CARTESIAN_POINT('',(19.765788,-15.27337095228,7.7E-02));
#7645 = DIRECTION('',(-0.,0.,-1.));
#7646 = DIRECTION('',(1.,-9.542364765021E-07,-0.));
#7647 = ORIENTED_EDGE('',*,*,#7648,.T.);
#7648 = EDGE_CURVE('',#7640,#7579,#7649,.T.);
#7649 = LINE('',#7650,#7651);
#7650 = CARTESIAN_POINT('',(19.715788,-15.273371,7.7E-02));
#7651 = VECTOR('',#7652,1.);
#7652 = DIRECTION('',(0.,1.,0.));
#7653 = PLANE('',#7654);
#7654 = AXIS2_PLACEMENT_3D('',#7655,#7656,#7657);
#7655 = CARTESIAN_POINT('',(0.,0.,7.7E-02));
#7656 = DIRECTION('',(0.,0.,1.));
#7657 = DIRECTION('',(1.,0.,-0.));
#7658 = SHELL_BASED_SURFACE_MODEL('',(#7659));
#7659 = OPEN_SHELL('',(#7660));
#7660 = ADVANCED_FACE('',(#7661),#7744,.T.);
#7661 = FACE_BOUND('',#7662,.F.);
#7662 = EDGE_LOOP('',(#7663,#7674,#7682,#7690,#7698,#7706,#7714,#7722,
    #7730,#7738));
#7663 = ORIENTED_EDGE('',*,*,#7664,.T.);
#7664 = EDGE_CURVE('',#7665,#7667,#7669,.T.);
#7665 = VERTEX_POINT('',#7666);
#7666 = CARTESIAN_POINT('',(17.07329,-14.638015,7.7E-02));
#7667 = VERTEX_POINT('',#7668);
#7668 = CARTESIAN_POINT('',(17.144,-14.638016,7.7E-02));
#7669 = CIRCLE('',#7670,4.999898287385E-02);
#7670 = AXIS2_PLACEMENT_3D('',#7671,#7672,#7673);
#7671 = CARTESIAN_POINT('',(17.108644500011,-14.67336973967,7.7E-02));
#7672 = DIRECTION('',(0.,0.,-1.));
#7673 = DIRECTION('',(-0.707104384502,0.707109177863,0.));
#7674 = ORIENTED_EDGE('',*,*,#7675,.T.);
#7675 = EDGE_CURVE('',#7667,#7676,#7678,.T.);
#7676 = VERTEX_POINT('',#7677);
#7677 = CARTESIAN_POINT('',(17.18341,-14.682807,7.7E-02));
#7678 = LINE('',#7679,#7680);
#7679 = CARTESIAN_POINT('',(17.144,-14.638016,7.7E-02));
#7680 = VECTOR('',#7681,1.);
#7681 = DIRECTION('',(0.660570459527,-0.750764056145,0.));
#7682 = ORIENTED_EDGE('',*,*,#7683,.T.);
#7683 = EDGE_CURVE('',#7676,#7684,#7686,.T.);
#7684 = VERTEX_POINT('',#7685);
#7685 = CARTESIAN_POINT('',(17.18341,-14.721076,7.7E-02));
#7686 = LINE('',#7687,#7688);
#7687 = CARTESIAN_POINT('',(17.18341,-14.682807,7.7E-02));
#7688 = VECTOR('',#7689,1.);
#7689 = DIRECTION('',(0.,-1.,0.));
#7690 = ORIENTED_EDGE('',*,*,#7691,.T.);
#7691 = EDGE_CURVE('',#7684,#7692,#7694,.T.);
#7692 = VERTEX_POINT('',#7693);
#7693 = CARTESIAN_POINT('',(17.144001,-14.765869,7.7E-02));
#7694 = LINE('',#7695,#7696);
#7695 = CARTESIAN_POINT('',(17.18341,-14.721076,7.7E-02));
#7696 = VECTOR('',#7697,1.);
#7697 = DIRECTION('',(-0.660544386796,-0.750786995807,0.));
#7698 = ORIENTED_EDGE('',*,*,#7699,.T.);
#7699 = EDGE_CURVE('',#7692,#7700,#7702,.T.);
#7700 = VERTEX_POINT('',#7701);
#7701 = CARTESIAN_POINT('',(17.127779,-14.776708,7.7E-02));
#7702 = LINE('',#7703,#7704);
#7703 = CARTESIAN_POINT('',(17.144001,-14.765869,7.7E-02));
#7704 = VECTOR('',#7705,1.);
#7705 = DIRECTION('',(-0.831474202432,-0.555563363344,0.));
#7706 = ORIENTED_EDGE('',*,*,#7707,.T.);
#7707 = EDGE_CURVE('',#7700,#7708,#7710,.T.);
#7708 = VERTEX_POINT('',#7709);
#7709 = CARTESIAN_POINT('',(17.089511,-14.776708,7.7E-02));
#7710 = LINE('',#7711,#7712);
#7711 = CARTESIAN_POINT('',(17.127779,-14.776708,7.7E-02));
#7712 = VECTOR('',#7713,1.);
#7713 = DIRECTION('',(-1.,0.,0.));
#7714 = ORIENTED_EDGE('',*,*,#7715,.T.);
#7715 = EDGE_CURVE('',#7708,#7716,#7718,.T.);
#7716 = VERTEX_POINT('',#7717);
#7717 = CARTESIAN_POINT('',(17.044718,-14.737297,7.7E-02));
#7718 = LINE('',#7719,#7720);
#7719 = CARTESIAN_POINT('',(17.089511,-14.776708,7.7E-02));
#7720 = VECTOR('',#7721,1.);
#7721 = DIRECTION('',(-0.750770371179,0.660563282177,0.));
#7722 = ORIENTED_EDGE('',*,*,#7723,.T.);
#7723 = EDGE_CURVE('',#7716,#7724,#7726,.T.);
#7724 = VERTEX_POINT('',#7725);
#7725 = CARTESIAN_POINT('',(17.033879,-14.721076,7.7E-02));
#7726 = LINE('',#7727,#7728);
#7727 = CARTESIAN_POINT('',(17.044718,-14.737297,7.7E-02));
#7728 = VECTOR('',#7729,1.);
#7729 = DIRECTION('',(-0.555587041132,0.831458381235,0.));
#7730 = ORIENTED_EDGE('',*,*,#7731,.T.);
#7731 = EDGE_CURVE('',#7724,#7732,#7734,.T.);
#7732 = VERTEX_POINT('',#7733);
#7733 = CARTESIAN_POINT('',(17.033879,-14.682807,7.7E-02));
#7734 = LINE('',#7735,#7736);
#7735 = CARTESIAN_POINT('',(17.033879,-14.721076,7.7E-02));
#7736 = VECTOR('',#7737,1.);
#7737 = DIRECTION('',(0.,1.,0.));
#7738 = ORIENTED_EDGE('',*,*,#7739,.T.);
#7739 = EDGE_CURVE('',#7732,#7665,#7740,.T.);
#7740 = LINE('',#7741,#7742);
#7741 = CARTESIAN_POINT('',(17.033879,-14.682807,7.7E-02));
#7742 = VECTOR('',#7743,1.);
#7743 = DIRECTION('',(0.660571594489,0.750763057531,0.));
#7744 = PLANE('',#7745);
#7745 = AXIS2_PLACEMENT_3D('',#7746,#7747,#7748);
#7746 = CARTESIAN_POINT('',(0.,0.,7.7E-02));
#7747 = DIRECTION('',(0.,0.,1.));
#7748 = DIRECTION('',(1.,0.,-0.));
#7749 = ( GEOMETRIC_REPRESENTATION_CONTEXT(3) 
GLOBAL_UNCERTAINTY_ASSIGNED_CONTEXT((#7753)) 
GLOBAL_UNIT_ASSIGNED_CONTEXT((#7750,#7751,#7752)) REPRESENTATION_CONTEXT
('Context #1','3D Context with UNIT and UNCERTAINTY') );
#7750 = ( LENGTH_UNIT() NAMED_UNIT(*) SI_UNIT(.MILLI.,.METRE.) );
#7751 = ( NAMED_UNIT(*) PLANE_ANGLE_UNIT() SI_UNIT($,.RADIAN.) );
#7752 = ( NAMED_UNIT(*) SI_UNIT($,.STERADIAN.) SOLID_ANGLE_UNIT() );
#7753 = UNCERTAINTY_MEASURE_WITH_UNIT(LENGTH_MEASURE(1.E-07),#7750,
  'distance_accuracy_value','confusion accuracy');
#7754 = CONTEXT_DEPENDENT_SHAPE_REPRESENTATION(#7755,#7757);
#7755 = ( REPRESENTATION_RELATIONSHIP('','',#3785,#10) 
REPRESENTATION_RELATIONSHIP_WITH_TRANSFORMATION(#7756) 
SHAPE_REPRESENTATION_RELATIONSHIP() );
#7756 = ITEM_DEFINED_TRANSFORMATION('','',#11,#27);
#7757 = PRODUCT_DEFINITION_SHAPE('Placement','Placement of an item',
  #7758);
#7758 = NEXT_ASSEMBLY_USAGE_OCCURRENCE('7','=>[0:1:1:8]','',#5,#3780,$);
#7759 = PRODUCT_RELATED_PRODUCT_CATEGORY('part',$,(#3782));
#7760 = SHAPE_DEFINITION_REPRESENTATION(#7761,#7767);
#7761 = PRODUCT_DEFINITION_SHAPE('','',#7762);
#7762 = PRODUCT_DEFINITION('design','',#7763,#7766);
#7763 = PRODUCT_DEFINITION_FORMATION('','',#7764);
#7764 = PRODUCT('OutatimeProAccelerometer_silkscreen',
  'OutatimeProAccelerometer_silkscreen','',(#7765));
#7765 = PRODUCT_CONTEXT('',#2,'mechanical');
#7766 = PRODUCT_DEFINITION_CONTEXT('part definition',#2,'design');
#7767 = SHAPE_REPRESENTATION('',(#11,#7768,#7845,#7922,#8588,#8657,#8709
    ,#8753,#8805,#8857,#8901,#8962),#9006);
#7768 = SHELL_BASED_SURFACE_MODEL('',(#7769));
#7769 = OPEN_SHELL('',(#7770));
#7770 = ADVANCED_FACE('',(#7771),#7840,.T.);
#7771 = FACE_BOUND('',#7772,.T.);
#7772 = EDGE_LOOP('',(#7773,#7784,#7792,#7800,#7809,#7817,#7826,#7834));
#7773 = ORIENTED_EDGE('',*,*,#7774,.T.);
#7774 = EDGE_CURVE('',#7775,#7777,#7779,.T.);
#7775 = VERTEX_POINT('',#7776);
#7776 = CARTESIAN_POINT('',(20.694567,-16.977039,-5.2E-02));
#7777 = VERTEX_POINT('',#7778);
#7778 = CARTESIAN_POINT('',(20.81,-17.,-5.2E-02));
#7779 = CIRCLE('',#7780,6.000007318647E-02);
#7780 = AXIS2_PLACEMENT_3D('',#7781,#7782,#7783);
#7781 = CARTESIAN_POINT('',(20.749999926814,-16.99999982331,-5.2E-02));
#7782 = DIRECTION('',(0.,0.,-1.));
#7783 = DIRECTION('',(-0.923880986637,0.382679921777,0.));
#7784 = ORIENTED_EDGE('',*,*,#7785,.T.);
#7785 = EDGE_CURVE('',#7777,#7786,#7788,.T.);
#7786 = VERTEX_POINT('',#7787);
#7787 = CARTESIAN_POINT('',(20.81,-17.44,-5.2E-02));
#7788 = LINE('',#7789,#7790);
#7789 = CARTESIAN_POINT('',(20.81,-17.,-5.2E-02));
#7790 = VECTOR('',#7791,1.);
#7791 = DIRECTION('',(0.,-1.,0.));
#7792 = ORIENTED_EDGE('',*,*,#7793,.T.);
#7793 = EDGE_CURVE('',#7786,#7794,#7796,.T.);
#7794 = VERTEX_POINT('',#7795);
#7795 = CARTESIAN_POINT('',(21.25,-17.44,-5.2E-02));
#7796 = LINE('',#7797,#7798);
#7797 = CARTESIAN_POINT('',(20.81,-17.44,-5.2E-02));
#7798 = VECTOR('',#7799,1.);
#7799 = DIRECTION('',(1.,0.,0.));
#7800 = ORIENTED_EDGE('',*,*,#7801,.T.);
#7801 = EDGE_CURVE('',#7794,#7802,#7804,.T.);
#7802 = VERTEX_POINT('',#7803);
#7803 = CARTESIAN_POINT('',(21.25,-17.56,-5.2E-02));
#7804 = CIRCLE('',#7805,6.000000000042E-02);
#7805 = AXIS2_PLACEMENT_3D('',#7806,#7807,#7808);
#7806 = CARTESIAN_POINT('',(21.250000225588,-17.5,-5.2E-02));
#7807 = DIRECTION('',(0.,0.,-1.));
#7808 = DIRECTION('',(-3.75979413526E-06,0.999999999993,-0.));
#7809 = ORIENTED_EDGE('',*,*,#7810,.T.);
#7810 = EDGE_CURVE('',#7802,#7811,#7813,.T.);
#7811 = VERTEX_POINT('',#7812);
#7812 = CARTESIAN_POINT('',(20.75,-17.56,-5.2E-02));
#7813 = LINE('',#7814,#7815);
#7814 = CARTESIAN_POINT('',(21.25,-17.56,-5.2E-02));
#7815 = VECTOR('',#7816,1.);
#7816 = DIRECTION('',(-1.,0.,0.));
#7817 = ORIENTED_EDGE('',*,*,#7818,.T.);
#7818 = EDGE_CURVE('',#7811,#7819,#7821,.T.);
#7819 = VERTEX_POINT('',#7820);
#7820 = CARTESIAN_POINT('',(20.69,-17.5,-5.2E-02));
#7821 = CIRCLE('',#7822,5.999932016259E-02);
#7822 = AXIS2_PLACEMENT_3D('',#7823,#7824,#7825);
#7823 = CARTESIAN_POINT('',(20.749999320159,-17.50000067984,-5.2E-02));
#7824 = DIRECTION('',(0.,0.,-1.));
#7825 = DIRECTION('',(1.1330816003E-05,-0.999999999936,0.));
#7826 = ORIENTED_EDGE('',*,*,#7827,.T.);
#7827 = EDGE_CURVE('',#7819,#7828,#7830,.T.);
#7828 = VERTEX_POINT('',#7829);
#7829 = CARTESIAN_POINT('',(20.69,-17.,-5.2E-02));
#7830 = LINE('',#7831,#7832);
#7831 = CARTESIAN_POINT('',(20.69,-17.5,-5.2E-02));
#7832 = VECTOR('',#7833,1.);
#7833 = DIRECTION('',(0.,1.,0.));
#7834 = ORIENTED_EDGE('',*,*,#7835,.T.);
#7835 = EDGE_CURVE('',#7828,#7775,#7836,.T.);
#7836 = LINE('',#7837,#7838);
#7837 = CARTESIAN_POINT('',(20.69,-17.,-5.2E-02));
#7838 = VECTOR('',#7839,1.);
#7839 = DIRECTION('',(0.195081000118,0.980787134598,0.));
#7840 = PLANE('',#7841);
#7841 = AXIS2_PLACEMENT_3D('',#7842,#7843,#7844);
#7842 = CARTESIAN_POINT('',(0.,0.,-5.2E-02));
#7843 = DIRECTION('',(-0.,-0.,-1.));
#7844 = DIRECTION('',(-1.,0.,0.));
#7845 = SHELL_BASED_SURFACE_MODEL('',(#7846));
#7846 = OPEN_SHELL('',(#7847));
#7847 = ADVANCED_FACE('',(#7848),#7917,.T.);
#7848 = FACE_BOUND('',#7849,.T.);
#7849 = EDGE_LOOP('',(#7850,#7861,#7869,#7878,#7886,#7895,#7903,#7911));
#7850 = ORIENTED_EDGE('',*,*,#7851,.T.);
#7851 = EDGE_CURVE('',#7852,#7854,#7856,.T.);
#7852 = VERTEX_POINT('',#7853);
#7853 = CARTESIAN_POINT('',(22.894567,-16.977039,-5.2E-02));
#7854 = VERTEX_POINT('',#7855);
#7855 = CARTESIAN_POINT('',(23.01,-17.,-5.2E-02));
#7856 = CIRCLE('',#7857,6.000007318647E-02);
#7857 = AXIS2_PLACEMENT_3D('',#7858,#7859,#7860);
#7858 = CARTESIAN_POINT('',(22.949999926814,-16.99999982331,-5.2E-02));
#7859 = DIRECTION('',(0.,0.,-1.));
#7860 = DIRECTION('',(-0.923880986637,0.382679921777,0.));
#7861 = ORIENTED_EDGE('',*,*,#7862,.T.);
#7862 = EDGE_CURVE('',#7854,#7863,#7865,.T.);
#7863 = VERTEX_POINT('',#7864);
#7864 = CARTESIAN_POINT('',(23.01,-17.5,-5.2E-02));
#7865 = LINE('',#7866,#7867);
#7866 = CARTESIAN_POINT('',(23.01,-17.,-5.2E-02));
#7867 = VECTOR('',#7868,1.);
#7868 = DIRECTION('',(0.,-1.,0.));
#7869 = ORIENTED_EDGE('',*,*,#7870,.T.);
#7870 = EDGE_CURVE('',#7863,#7871,#7873,.T.);
#7871 = VERTEX_POINT('',#7872);
#7872 = CARTESIAN_POINT('',(22.95,-17.56,-5.2E-02));
#7873 = CIRCLE('',#7874,5.999932016261E-02);
#7874 = AXIS2_PLACEMENT_3D('',#7875,#7876,#7877);
#7875 = CARTESIAN_POINT('',(22.950000679841,-17.50000067984,-5.2E-02));
#7876 = DIRECTION('',(0.,0.,-1.));
#7877 = DIRECTION('',(0.999999999936,1.133081576615E-05,0.));
#7878 = ORIENTED_EDGE('',*,*,#7879,.T.);
#7879 = EDGE_CURVE('',#7871,#7880,#7882,.T.);
#7880 = VERTEX_POINT('',#7881);
#7881 = CARTESIAN_POINT('',(22.45,-17.56,-5.2E-02));
#7882 = LINE('',#7883,#7884);
#7883 = CARTESIAN_POINT('',(22.95,-17.56,-5.2E-02));
#7884 = VECTOR('',#7885,1.);
#7885 = DIRECTION('',(-1.,0.,0.));
#7886 = ORIENTED_EDGE('',*,*,#7887,.T.);
#7887 = EDGE_CURVE('',#7880,#7888,#7890,.T.);
#7888 = VERTEX_POINT('',#7889);
#7889 = CARTESIAN_POINT('',(22.45,-17.44,-5.2E-02));
#7890 = CIRCLE('',#7891,6.000000000042E-02);
#7891 = AXIS2_PLACEMENT_3D('',#7892,#7893,#7894);
#7892 = CARTESIAN_POINT('',(22.449999774412,-17.5,-5.2E-02));
#7893 = DIRECTION('',(0.,0.,-1.));
#7894 = DIRECTION('',(3.75979413526E-06,-0.999999999993,0.));
#7895 = ORIENTED_EDGE('',*,*,#7896,.T.);
#7896 = EDGE_CURVE('',#7888,#7897,#7899,.T.);
#7897 = VERTEX_POINT('',#7898);
#7898 = CARTESIAN_POINT('',(22.89,-17.44,-5.2E-02));
#7899 = LINE('',#7900,#7901);
#7900 = CARTESIAN_POINT('',(22.45,-17.44,-5.2E-02));
#7901 = VECTOR('',#7902,1.);
#7902 = DIRECTION('',(1.,0.,0.));
#7903 = ORIENTED_EDGE('',*,*,#7904,.T.);
#7904 = EDGE_CURVE('',#7897,#7905,#7907,.T.);
#7905 = VERTEX_POINT('',#7906);
#7906 = CARTESIAN_POINT('',(22.89,-17.,-5.2E-02));
#7907 = LINE('',#7908,#7909);
#7908 = CARTESIAN_POINT('',(22.89,-17.44,-5.2E-02));
#7909 = VECTOR('',#7910,1.);
#7910 = DIRECTION('',(0.,1.,0.));
#7911 = ORIENTED_EDGE('',*,*,#7912,.T.);
#7912 = EDGE_CURVE('',#7905,#7852,#7913,.T.);
#7913 = LINE('',#7914,#7915);
#7914 = CARTESIAN_POINT('',(22.89,-17.,-5.2E-02));
#7915 = VECTOR('',#7916,1.);
#7916 = DIRECTION('',(0.195081000118,0.980787134598,0.));
#7917 = PLANE('',#7918);
#7918 = AXIS2_PLACEMENT_3D('',#7919,#7920,#7921);
#7919 = CARTESIAN_POINT('',(0.,0.,-5.2E-02));
#7920 = DIRECTION('',(-0.,-0.,-1.));
#7921 = DIRECTION('',(-1.,0.,0.));
#7922 = SHELL_BASED_SURFACE_MODEL('',(#7923));
#7923 = OPEN_SHELL('',(#7924));
#7924 = ADVANCED_FACE('',(#7925,#8274),#8583,.T.);
#7925 = FACE_BOUND('',#7926,.T.);
#7926 = EDGE_LOOP('',(#7927,#7938,#7946,#7955,#7963,#7971,#7979,#7987,
    #7995,#8003,#8011,#8019,#8027,#8035,#8043,#8051,#8059,#8067,#8075,
    #8083,#8091,#8099,#8107,#8115,#8123,#8131,#8139,#8147,#8155,#8163,
    #8171,#8179,#8187,#8195,#8203,#8211,#8219,#8227,#8235,#8243,#8251,
    #8260,#8268));
#7927 = ORIENTED_EDGE('',*,*,#7928,.T.);
#7928 = EDGE_CURVE('',#7929,#7931,#7933,.T.);
#7929 = VERTEX_POINT('',#7930);
#7930 = CARTESIAN_POINT('',(15.493247,-15.122287,-5.2E-02));
#7931 = VERTEX_POINT('',#7932);
#7932 = CARTESIAN_POINT('',(15.97865,-15.109884,-5.2E-02));
#7933 = CIRCLE('',#7934,0.780815133628);
#7934 = AXIS2_PLACEMENT_3D('',#7935,#7936,#7937);
#7935 = CARTESIAN_POINT('',(15.754904724554,-15.85795506923,-5.2E-02));
#7936 = DIRECTION('',(0.,0.,-1.));
#7937 = DIRECTION('',(-0.335108418478,0.942179573046,0.));
#7938 = ORIENTED_EDGE('',*,*,#7939,.T.);
#7939 = EDGE_CURVE('',#7931,#7940,#7942,.T.);
#7940 = VERTEX_POINT('',#7941);
#7941 = CARTESIAN_POINT('',(16.095615,-15.156165,-5.2E-02));
#7942 = LINE('',#7943,#7944);
#7943 = CARTESIAN_POINT('',(15.97865,-15.109884,-5.2E-02));
#7944 = VECTOR('',#7945,1.);
#7945 = DIRECTION('',(0.929854611538,-0.367927168611,0.));
#7946 = ORIENTED_EDGE('',*,*,#7947,.T.);
#7947 = EDGE_CURVE('',#7940,#7948,#7950,.T.);
#7948 = VERTEX_POINT('',#7949);
#7949 = CARTESIAN_POINT('',(16.388614,-15.402311,-5.2E-02));
#7950 = CIRCLE('',#7951,0.793336354667);
#7951 = AXIS2_PLACEMENT_3D('',#7952,#7953,#7954);
#7952 = CARTESIAN_POINT('',(15.746877767559,-15.8687412516,-5.2E-02));
#7953 = DIRECTION('',(0.,0.,-1.));
#7954 = DIRECTION('',(0.439583072665,0.898201938445,0.));
#7955 = ORIENTED_EDGE('',*,*,#7956,.T.);
#7956 = EDGE_CURVE('',#7948,#7957,#7959,.T.);
#7957 = VERTEX_POINT('',#7958);
#7958 = CARTESIAN_POINT('',(16.45476,-15.512725,-5.2E-02));
#7959 = LINE('',#7960,#7961);
#7960 = CARTESIAN_POINT('',(16.388614,-15.402311,-5.2E-02));
#7961 = VECTOR('',#7962,1.);
#7962 = DIRECTION('',(0.513910650233,-0.857843717455,0.));
#7963 = ORIENTED_EDGE('',*,*,#7964,.T.);
#7964 = EDGE_CURVE('',#7957,#7965,#7967,.T.);
#7965 = VERTEX_POINT('',#7966);
#7966 = CARTESIAN_POINT('',(16.505208,-15.637521,-5.2E-02));
#7967 = LINE('',#7968,#7969);
#7968 = CARTESIAN_POINT('',(16.45476,-15.512725,-5.2E-02));
#7969 = VECTOR('',#7970,1.);
#7970 = DIRECTION('',(0.374779936882,-0.92711380041,0.));
#7971 = ORIENTED_EDGE('',*,*,#7972,.T.);
#7972 = EDGE_CURVE('',#7965,#7973,#7975,.T.);
#7973 = VERTEX_POINT('',#7974);
#7974 = CARTESIAN_POINT('',(16.533246,-15.773962,-5.2E-02));
#7975 = LINE('',#7976,#7977);
#7976 = CARTESIAN_POINT('',(16.505208,-15.637521,-5.2E-02));
#7977 = VECTOR('',#7978,1.);
#7978 = DIRECTION('',(0.20128930166,-0.979531835643,0.));
#7979 = ORIENTED_EDGE('',*,*,#7980,.T.);
#7980 = EDGE_CURVE('',#7973,#7981,#7983,.T.);
#7981 = VERTEX_POINT('',#7982);
#7982 = CARTESIAN_POINT('',(16.537116,-16.096319,-5.2E-02));
#7983 = LINE('',#7984,#7985);
#7984 = CARTESIAN_POINT('',(16.533246,-15.773962,-5.2E-02));
#7985 = VECTOR('',#7986,1.);
#7986 = DIRECTION('',(1.200445823381E-02,-0.999927943895,0.));
#7987 = ORIENTED_EDGE('',*,*,#7988,.T.);
#7988 = EDGE_CURVE('',#7981,#7989,#7991,.T.);
#7989 = VERTEX_POINT('',#7990);
#7990 = CARTESIAN_POINT('',(16.539516,-16.549563,-5.2E-02));
#7991 = LINE('',#7992,#7993);
#7992 = CARTESIAN_POINT('',(16.537116,-16.096319,-5.2E-02));
#7993 = VECTOR('',#7994,1.);
#7994 = DIRECTION('',(5.295086872034E-03,-0.999985980929,0.));
#7995 = ORIENTED_EDGE('',*,*,#7996,.T.);
#7996 = EDGE_CURVE('',#7989,#7997,#7999,.T.);
#7997 = VERTEX_POINT('',#7998);
#7998 = CARTESIAN_POINT('',(16.552679,-16.649738,-5.2E-02));
#7999 = LINE('',#8000,#8001);
#8000 = CARTESIAN_POINT('',(16.539516,-16.549563,-5.2E-02));
#8001 = VECTOR('',#8002,1.);
#8002 = DIRECTION('',(0.130280156399,-0.991477221548,0.));
#8003 = ORIENTED_EDGE('',*,*,#8004,.T.);
#8004 = EDGE_CURVE('',#7997,#8005,#8007,.T.);
#8005 = VERTEX_POINT('',#8006);
#8006 = CARTESIAN_POINT('',(16.606703,-16.814561,-5.2E-02));
#8007 = LINE('',#8008,#8009);
#8008 = CARTESIAN_POINT('',(16.552679,-16.649738,-5.2E-02));
#8009 = VECTOR('',#8010,1.);
#8010 = DIRECTION('',(0.311465669671,-0.950257405452,0.));
#8011 = ORIENTED_EDGE('',*,*,#8012,.T.);
#8012 = EDGE_CURVE('',#8005,#8013,#8015,.T.);
#8013 = VERTEX_POINT('',#8014);
#8014 = CARTESIAN_POINT('',(16.608895,-16.866967,-5.2E-02));
#8015 = LINE('',#8016,#8017);
#8016 = CARTESIAN_POINT('',(16.606703,-16.814561,-5.2E-02));
#8017 = VECTOR('',#8018,1.);
#8018 = DIRECTION('',(4.179073078836E-02,-0.999126385809,0.));
#8019 = ORIENTED_EDGE('',*,*,#8020,.T.);
#8020 = EDGE_CURVE('',#8013,#8021,#8023,.T.);
#8021 = VERTEX_POINT('',#8022);
#8022 = CARTESIAN_POINT('',(16.594284,-16.913213,-5.2E-02));
#8023 = LINE('',#8024,#8025);
#8024 = CARTESIAN_POINT('',(16.608895,-16.866967,-5.2E-02));
#8025 = VECTOR('',#8026,1.);
#8026 = DIRECTION('',(-0.301262609257,-0.953541210574,0.));
#8027 = ORIENTED_EDGE('',*,*,#8028,.T.);
#8028 = EDGE_CURVE('',#8021,#8029,#8031,.T.);
#8029 = VERTEX_POINT('',#8030);
#8030 = CARTESIAN_POINT('',(16.56478,-16.94838,-5.2E-02));
#8031 = LINE('',#8032,#8033);
#8032 = CARTESIAN_POINT('',(16.594284,-16.913213,-5.2E-02));
#8033 = VECTOR('',#8034,1.);
#8034 = DIRECTION('',(-0.642728589153,-0.766093963352,0.));
#8035 = ORIENTED_EDGE('',*,*,#8036,.T.);
#8036 = EDGE_CURVE('',#8029,#8037,#8039,.T.);
#8037 = VERTEX_POINT('',#8038);
#8038 = CARTESIAN_POINT('',(16.524029,-16.968481,-5.2E-02));
#8039 = LINE('',#8040,#8041);
#8040 = CARTESIAN_POINT('',(16.56478,-16.94838,-5.2E-02));
#8041 = VECTOR('',#8042,1.);
#8042 = DIRECTION('',(-0.896830565592,-0.442374204289,0.));
#8043 = ORIENTED_EDGE('',*,*,#8044,.T.);
#8044 = EDGE_CURVE('',#8037,#8045,#8047,.T.);
#8045 = VERTEX_POINT('',#8046);
#8046 = CARTESIAN_POINT('',(16.457037,-16.97537,-5.2E-02));
#8047 = LINE('',#8048,#8049);
#8048 = CARTESIAN_POINT('',(16.524029,-16.968481,-5.2E-02));
#8049 = VECTOR('',#8050,1.);
#8050 = DIRECTION('',(-0.99475423681,-0.102293735631,0.));
#8051 = ORIENTED_EDGE('',*,*,#8052,.T.);
#8052 = EDGE_CURVE('',#8045,#8053,#8055,.T.);
#8053 = VERTEX_POINT('',#8054);
#8054 = CARTESIAN_POINT('',(16.357125,-16.961191,-5.2E-02));
#8055 = LINE('',#8056,#8057);
#8056 = CARTESIAN_POINT('',(16.457037,-16.97537,-5.2E-02));
#8057 = VECTOR('',#8058,1.);
#8058 = DIRECTION('',(-0.990079678926,0.140507043874,0.));
#8059 = ORIENTED_EDGE('',*,*,#8060,.T.);
#8060 = EDGE_CURVE('',#8053,#8061,#8063,.T.);
#8061 = VERTEX_POINT('',#8062);
#8062 = CARTESIAN_POINT('',(16.215347,-16.929022,-5.2E-02));
#8063 = LINE('',#8064,#8065);
#8064 = CARTESIAN_POINT('',(16.357125,-16.961191,-5.2E-02));
#8065 = VECTOR('',#8066,1.);
#8066 = DIRECTION('',(-0.97521198348,0.221272653702,0.));
#8067 = ORIENTED_EDGE('',*,*,#8068,.T.);
#8068 = EDGE_CURVE('',#8061,#8069,#8071,.T.);
#8069 = VERTEX_POINT('',#8070);
#8070 = CARTESIAN_POINT('',(16.179232,-16.941252,-5.2E-02));
#8071 = LINE('',#8072,#8073);
#8072 = CARTESIAN_POINT('',(16.215347,-16.929022,-5.2E-02));
#8073 = VECTOR('',#8074,1.);
#8074 = DIRECTION('',(-0.947164496032,-0.320748215048,0.));
#8075 = ORIENTED_EDGE('',*,*,#8076,.T.);
#8076 = EDGE_CURVE('',#8069,#8077,#8079,.T.);
#8077 = VERTEX_POINT('',#8078);
#8078 = CARTESIAN_POINT('',(16.079872,-16.993533,-5.2E-02));
#8079 = LINE('',#8080,#8081);
#8080 = CARTESIAN_POINT('',(16.179232,-16.941252,-5.2E-02));
#8081 = VECTOR('',#8082,1.);
#8082 = DIRECTION('',(-0.884968643354,-0.465650620402,0.));
#8083 = ORIENTED_EDGE('',*,*,#8084,.T.);
#8084 = EDGE_CURVE('',#8077,#8085,#8087,.T.);
#8085 = VERTEX_POINT('',#8086);
#8086 = CARTESIAN_POINT('',(16.020325,-17.003366,-5.2E-02));
#8087 = LINE('',#8088,#8089);
#8088 = CARTESIAN_POINT('',(16.079872,-16.993533,-5.2E-02));
#8089 = VECTOR('',#8090,1.);
#8090 = DIRECTION('',(-0.98663867011,-0.162923708049,0.));
#8091 = ORIENTED_EDGE('',*,*,#8092,.T.);
#8092 = EDGE_CURVE('',#8085,#8093,#8095,.T.);
#8093 = VERTEX_POINT('',#8094);
#8094 = CARTESIAN_POINT('',(15.953051,-16.993269,-5.2E-02));
#8095 = LINE('',#8096,#8097);
#8096 = CARTESIAN_POINT('',(16.020325,-17.003366,-5.2E-02));
#8097 = VECTOR('',#8098,1.);
#8098 = DIRECTION('',(-0.988923626057,0.148425273542,0.));
#8099 = ORIENTED_EDGE('',*,*,#8100,.T.);
#8100 = EDGE_CURVE('',#8093,#8101,#8103,.T.);
#8101 = VERTEX_POINT('',#8102);
#8102 = CARTESIAN_POINT('',(15.797282,-16.939815,-5.2E-02));
#8103 = LINE('',#8104,#8105);
#8104 = CARTESIAN_POINT('',(15.953051,-16.993269,-5.2E-02));
#8105 = VECTOR('',#8106,1.);
#8106 = DIRECTION('',(-0.945857449427,0.324582324478,0.));
#8107 = ORIENTED_EDGE('',*,*,#8108,.T.);
#8108 = EDGE_CURVE('',#8101,#8109,#8111,.T.);
#8109 = VERTEX_POINT('',#8110);
#8110 = CARTESIAN_POINT('',(15.759992,-16.940466,-5.2E-02));
#8111 = LINE('',#8112,#8113);
#8112 = CARTESIAN_POINT('',(15.797282,-16.939815,-5.2E-02));
#8113 = VECTOR('',#8114,1.);
#8114 = DIRECTION('',(-0.999847648071,-1.745510375156E-02,0.));
#8115 = ORIENTED_EDGE('',*,*,#8116,.T.);
#8116 = EDGE_CURVE('',#8109,#8117,#8119,.T.);
#8117 = VERTEX_POINT('',#8118);
#8118 = CARTESIAN_POINT('',(15.632812,-17.004038,-5.2E-02));
#8119 = LINE('',#8120,#8121);
#8120 = CARTESIAN_POINT('',(15.759992,-16.940466,-5.2E-02));
#8121 = VECTOR('',#8122,1.);
#8122 = DIRECTION('',(-0.894477824048,-0.447112315068,0.));
#8123 = ORIENTED_EDGE('',*,*,#8124,.T.);
#8124 = EDGE_CURVE('',#8117,#8125,#8127,.T.);
#8125 = VERTEX_POINT('',#8126);
#8126 = CARTESIAN_POINT('',(15.560191,-17.022131,-5.2E-02));
#8127 = LINE('',#8128,#8129);
#8128 = CARTESIAN_POINT('',(15.632812,-17.004038,-5.2E-02));
#8129 = VECTOR('',#8130,1.);
#8130 = DIRECTION('',(-0.970337893476,-0.241752709363,0.));
#8131 = ORIENTED_EDGE('',*,*,#8132,.T.);
#8132 = EDGE_CURVE('',#8125,#8133,#8135,.T.);
#8133 = VERTEX_POINT('',#8134);
#8134 = CARTESIAN_POINT('',(15.477779,-17.017764,-5.2E-02));
#8135 = LINE('',#8136,#8137);
#8136 = CARTESIAN_POINT('',(15.560191,-17.022131,-5.2E-02));
#8137 = VECTOR('',#8138,1.);
#8138 = DIRECTION('',(-0.998598987353,5.291561638805E-02,0.));
#8139 = ORIENTED_EDGE('',*,*,#8140,.T.);
#8140 = EDGE_CURVE('',#8133,#8141,#8143,.T.);
#8141 = VERTEX_POINT('',#8142);
#8142 = CARTESIAN_POINT('',(15.39456,-16.990866,-5.2E-02));
#8143 = LINE('',#8144,#8145);
#8144 = CARTESIAN_POINT('',(15.477779,-17.017764,-5.2E-02));
#8145 = VECTOR('',#8146,1.);
#8146 = DIRECTION('',(-0.951530858821,0.307553287597,0.));
#8147 = ORIENTED_EDGE('',*,*,#8148,.T.);
#8148 = EDGE_CURVE('',#8141,#8149,#8151,.T.);
#8149 = VERTEX_POINT('',#8150);
#8150 = CARTESIAN_POINT('',(15.272259,-16.936556,-5.2E-02));
#8151 = LINE('',#8152,#8153);
#8152 = CARTESIAN_POINT('',(15.39456,-16.990866,-5.2E-02));
#8153 = VECTOR('',#8154,1.);
#8154 = DIRECTION('',(-0.91393908155,0.405851395483,0.));
#8155 = ORIENTED_EDGE('',*,*,#8156,.T.);
#8156 = EDGE_CURVE('',#8149,#8157,#8159,.T.);
#8157 = VERTEX_POINT('',#8158);
#8158 = CARTESIAN_POINT('',(15.23664,-16.938699,-5.2E-02));
#8159 = LINE('',#8160,#8161);
#8160 = CARTESIAN_POINT('',(15.272259,-16.936556,-5.2E-02));
#8161 = VECTOR('',#8162,1.);
#8162 = DIRECTION('',(-0.99819501408,-6.005592282694E-02,0.));
#8163 = ORIENTED_EDGE('',*,*,#8164,.T.);
#8164 = EDGE_CURVE('',#8157,#8165,#8167,.T.);
#8165 = VERTEX_POINT('',#8166);
#8166 = CARTESIAN_POINT('',(15.078476,-16.988631,-5.2E-02));
#8167 = LINE('',#8168,#8169);
#8168 = CARTESIAN_POINT('',(15.23664,-16.938699,-5.2E-02));
#8169 = VECTOR('',#8170,1.);
#8170 = DIRECTION('',(-0.953607811461,-0.301051726321,0.));
#8171 = ORIENTED_EDGE('',*,*,#8172,.T.);
#8172 = EDGE_CURVE('',#8165,#8173,#8175,.T.);
#8173 = VERTEX_POINT('',#8174);
#8174 = CARTESIAN_POINT('',(15.013812,-16.991752,-5.2E-02));
#8175 = LINE('',#8176,#8177);
#8176 = CARTESIAN_POINT('',(15.078476,-16.988631,-5.2E-02));
#8177 = VECTOR('',#8178,1.);
#8178 = DIRECTION('',(-0.998837281847,-4.820875845364E-02,0.));
#8179 = ORIENTED_EDGE('',*,*,#8180,.T.);
#8180 = EDGE_CURVE('',#8173,#8181,#8183,.T.);
#8181 = VERTEX_POINT('',#8182);
#8182 = CARTESIAN_POINT('',(14.96588,-16.98057,-5.2E-02));
#8183 = LINE('',#8184,#8185);
#8184 = CARTESIAN_POINT('',(15.013812,-16.991752,-5.2E-02));
#8185 = VECTOR('',#8186,1.);
#8186 = DIRECTION('',(-0.973850800201,0.227188509719,0.));
#8187 = ORIENTED_EDGE('',*,*,#8188,.T.);
#8188 = EDGE_CURVE('',#8181,#8189,#8191,.T.);
#8189 = VERTEX_POINT('',#8190);
#8190 = CARTESIAN_POINT('',(14.924242,-16.95164,-5.2E-02));
#8191 = LINE('',#8192,#8193);
#8192 = CARTESIAN_POINT('',(14.96588,-16.98057,-5.2E-02));
#8193 = VECTOR('',#8194,1.);
#8194 = DIRECTION('',(-0.821233902657,0.570591690376,0.));
#8195 = ORIENTED_EDGE('',*,*,#8196,.T.);
#8196 = EDGE_CURVE('',#8189,#8197,#8199,.T.);
#8197 = VERTEX_POINT('',#8198);
#8198 = CARTESIAN_POINT('',(14.897631,-16.908578,-5.2E-02));
#8199 = LINE('',#8200,#8201);
#8200 = CARTESIAN_POINT('',(14.924242,-16.95164,-5.2E-02));
#8201 = VECTOR('',#8202,1.);
#8202 = DIRECTION('',(-0.525691377912,0.85067536416,0.));
#8203 = ORIENTED_EDGE('',*,*,#8204,.T.);
#8204 = EDGE_CURVE('',#8197,#8205,#8207,.T.);
#8205 = VERTEX_POINT('',#8206);
#8206 = CARTESIAN_POINT('',(14.887243,-16.85369,-5.2E-02));
#8207 = LINE('',#8208,#8209);
#8208 = CARTESIAN_POINT('',(14.897631,-16.908578,-5.2E-02));
#8209 = VECTOR('',#8210,1.);
#8210 = DIRECTION('',(-0.185957061145,0.982557871787,0.));
#8211 = ORIENTED_EDGE('',*,*,#8212,.T.);
#8212 = EDGE_CURVE('',#8205,#8213,#8215,.T.);
#8213 = VERTEX_POINT('',#8214);
#8214 = CARTESIAN_POINT('',(14.89541,-16.782384,-5.2E-02));
#8215 = LINE('',#8216,#8217);
#8216 = CARTESIAN_POINT('',(14.887243,-16.85369,-5.2E-02));
#8217 = VECTOR('',#8218,1.);
#8218 = DIRECTION('',(0.113790611284,0.993504754283,0.));
#8219 = ORIENTED_EDGE('',*,*,#8220,.T.);
#8220 = EDGE_CURVE('',#8213,#8221,#8223,.T.);
#8221 = VERTEX_POINT('',#8222);
#8222 = CARTESIAN_POINT('',(14.957191,-16.595205,-5.2E-02));
#8223 = LINE('',#8224,#8225);
#8224 = CARTESIAN_POINT('',(14.89541,-16.782384,-5.2E-02));
#8225 = VECTOR('',#8226,1.);
#8226 = DIRECTION('',(0.31343203406,0.949610636011,0.));
#8227 = ORIENTED_EDGE('',*,*,#8228,.T.);
#8228 = EDGE_CURVE('',#8221,#8229,#8231,.T.);
#8229 = VERTEX_POINT('',#8230);
#8230 = CARTESIAN_POINT('',(14.967578,-16.453835,-5.2E-02));
#8231 = LINE('',#8232,#8233);
#8232 = CARTESIAN_POINT('',(14.957191,-16.595205,-5.2E-02));
#8233 = VECTOR('',#8234,1.);
#8234 = DIRECTION('',(7.327634131663E-02,0.997311675357,0.));
#8235 = ORIENTED_EDGE('',*,*,#8236,.T.);
#8236 = EDGE_CURVE('',#8229,#8237,#8239,.T.);
#8237 = VERTEX_POINT('',#8238);
#8238 = CARTESIAN_POINT('',(14.973233,-15.765931,-5.2E-02));
#8239 = LINE('',#8240,#8241);
#8240 = CARTESIAN_POINT('',(14.967578,-16.453835,-5.2E-02));
#8241 = VECTOR('',#8242,1.);
#8242 = DIRECTION('',(8.220346052699E-03,0.999966212385,0.));
#8243 = ORIENTED_EDGE('',*,*,#8244,.T.);
#8244 = EDGE_CURVE('',#8237,#8245,#8247,.T.);
#8245 = VERTEX_POINT('',#8246);
#8246 = CARTESIAN_POINT('',(15.000335,-15.637486,-5.2E-02));
#8247 = LINE('',#8248,#8249);
#8248 = CARTESIAN_POINT('',(14.973233,-15.765931,-5.2E-02));
#8249 = VECTOR('',#8250,1.);
#8250 = DIRECTION('',(0.206455034697,0.97845608928,0.));
#8251 = ORIENTED_EDGE('',*,*,#8252,.T.);
#8252 = EDGE_CURVE('',#8245,#8253,#8255,.T.);
#8253 = VERTEX_POINT('',#8254);
#8254 = CARTESIAN_POINT('',(15.273749,-15.241237,-5.2E-02));
#8255 = CIRCLE('',#8256,0.768717291686);
#8256 = AXIS2_PLACEMENT_3D('',#8257,#8258,#8259);
#8257 = CARTESIAN_POINT('',(15.737936371725,-15.85398193753,-5.2E-02));
#8258 = DIRECTION('',(0.,0.,-1.));
#8259 = DIRECTION('',(-0.959522284333,0.281632714486,0.));
#8260 = ORIENTED_EDGE('',*,*,#8261,.T.);
#8261 = EDGE_CURVE('',#8253,#8262,#8264,.T.);
#8262 = VERTEX_POINT('',#8263);
#8263 = CARTESIAN_POINT('',(15.379557,-15.172709,-5.2E-02));
#8264 = LINE('',#8265,#8266);
#8265 = CARTESIAN_POINT('',(15.273749,-15.241237,-5.2E-02));
#8266 = VECTOR('',#8267,1.);
#8267 = DIRECTION('',(0.839338524705,0.543609088358,0.));
#8268 = ORIENTED_EDGE('',*,*,#8269,.T.);
#8269 = EDGE_CURVE('',#8262,#7929,#8270,.T.);
#8270 = LINE('',#8271,#8272);
#8271 = CARTESIAN_POINT('',(15.379557,-15.172709,-5.2E-02));
#8272 = VECTOR('',#8273,1.);
#8273 = DIRECTION('',(0.914130236282,0.405420659458,0.));
#8274 = FACE_BOUND('',#8275,.T.);
#8275 = EDGE_LOOP('',(#8276,#8287,#8295,#8304,#8312,#8320,#8328,#8336,
    #8344,#8352,#8360,#8368,#8376,#8384,#8392,#8400,#8408,#8416,#8424,
    #8432,#8440,#8448,#8456,#8464,#8472,#8480,#8488,#8496,#8504,#8512,
    #8520,#8528,#8536,#8544,#8552,#8561,#8569,#8577));
#8276 = ORIENTED_EDGE('',*,*,#8277,.T.);
#8277 = EDGE_CURVE('',#8278,#8280,#8282,.T.);
#8278 = VERTEX_POINT('',#8279);
#8279 = CARTESIAN_POINT('',(15.901156,-15.226822,-5.2E-02));
#8280 = VERTEX_POINT('',#8281);
#8281 = CARTESIAN_POINT('',(15.587651,-15.229282,-5.2E-02));
#8282 = CIRCLE('',#8283,0.661995973803);
#8283 = AXIS2_PLACEMENT_3D('',#8284,#8285,#8286);
#8284 = CARTESIAN_POINT('',(15.74945013714,-15.87120077099,-5.2E-02));
#8285 = DIRECTION('',(0.,0.,1.));
#8286 = DIRECTION('',(0.229164328581,0.97338774931,-0.));
#8287 = ORIENTED_EDGE('',*,*,#8288,.T.);
#8288 = EDGE_CURVE('',#8280,#8289,#8291,.T.);
#8289 = VERTEX_POINT('',#8290);
#8290 = CARTESIAN_POINT('',(15.479684,-15.26788,-5.2E-02));
#8291 = LINE('',#8292,#8293);
#8292 = CARTESIAN_POINT('',(15.587651,-15.229282,-5.2E-02));
#8293 = VECTOR('',#8294,1.);
#8294 = DIRECTION('',(-0.941635904362,-0.336633069702,0.));
#8295 = ORIENTED_EDGE('',*,*,#8296,.T.);
#8296 = EDGE_CURVE('',#8289,#8297,#8299,.T.);
#8297 = VERTEX_POINT('',#8298);
#8298 = CARTESIAN_POINT('',(15.22422,-15.478331,-5.2E-02));
#8299 = CIRCLE('',#8300,0.668987463694);
#8300 = AXIS2_PLACEMENT_3D('',#8301,#8302,#8303);
#8301 = CARTESIAN_POINT('',(15.764094443054,-15.87340037658,-5.2E-02));
#8302 = DIRECTION('',(0.,0.,1.));
#8303 = DIRECTION('',(-0.425135684134,0.905129631642,0.));
#8304 = ORIENTED_EDGE('',*,*,#8305,.T.);
#8305 = EDGE_CURVE('',#8297,#8306,#8308,.T.);
#8306 = VERTEX_POINT('',#8307);
#8307 = CARTESIAN_POINT('',(15.16425,-15.577801,-5.2E-02));
#8308 = LINE('',#8309,#8310);
#8309 = CARTESIAN_POINT('',(15.22422,-15.478331,-5.2E-02));
#8310 = VECTOR('',#8311,1.);
#8311 = DIRECTION('',(-0.516317802199,-0.856397061609,0.));
#8312 = ORIENTED_EDGE('',*,*,#8313,.T.);
#8313 = EDGE_CURVE('',#8306,#8314,#8316,.T.);
#8314 = VERTEX_POINT('',#8315);
#8315 = CARTESIAN_POINT('',(15.123551,-15.687029,-5.2E-02));
#8316 = LINE('',#8317,#8318);
#8317 = CARTESIAN_POINT('',(15.16425,-15.577801,-5.2E-02));
#8318 = VECTOR('',#8319,1.);
#8319 = DIRECTION('',(-0.349155847972,-0.937064668967,0.));
#8320 = ORIENTED_EDGE('',*,*,#8321,.T.);
#8321 = EDGE_CURVE('',#8314,#8322,#8324,.T.);
#8322 = VERTEX_POINT('',#8323);
#8323 = CARTESIAN_POINT('',(15.102125,-15.806003,-5.2E-02));
#8324 = LINE('',#8325,#8326);
#8325 = CARTESIAN_POINT('',(15.123551,-15.687029,-5.2E-02));
#8326 = VECTOR('',#8327,1.);
#8327 = DIRECTION('',(-0.177238571363,-0.984167916984,0.));
#8328 = ORIENTED_EDGE('',*,*,#8329,.T.);
#8329 = EDGE_CURVE('',#8322,#8330,#8332,.T.);
#8330 = VERTEX_POINT('',#8331);
#8331 = CARTESIAN_POINT('',(15.099621,-16.084578,-5.2E-02));
#8332 = LINE('',#8333,#8334);
#8333 = CARTESIAN_POINT('',(15.102125,-15.806003,-5.2E-02));
#8334 = VECTOR('',#8335,1.);
#8335 = DIRECTION('',(-8.988239615235E-03,-0.999959604958,0.));
#8336 = ORIENTED_EDGE('',*,*,#8337,.T.);
#8337 = EDGE_CURVE('',#8330,#8338,#8340,.T.);
#8338 = VERTEX_POINT('',#8339);
#8339 = CARTESIAN_POINT('',(15.09854,-16.495207,-5.2E-02));
#8340 = LINE('',#8341,#8342);
#8341 = CARTESIAN_POINT('',(15.099621,-16.084578,-5.2E-02));
#8342 = VECTOR('',#8343,1.);
#8343 = DIRECTION('',(-2.632537531914E-03,-0.999996534867,0.));
#8344 = ORIENTED_EDGE('',*,*,#8345,.T.);
#8345 = EDGE_CURVE('',#8338,#8346,#8348,.T.);
#8346 = VERTEX_POINT('',#8347);
#8347 = CARTESIAN_POINT('',(15.082957,-16.63611,-5.2E-02));
#8348 = LINE('',#8349,#8350);
#8349 = CARTESIAN_POINT('',(15.09854,-16.495207,-5.2E-02));
#8350 = VECTOR('',#8351,1.);
#8351 = DIRECTION('',(-0.109923618405,-0.993940037486,0.));
#8352 = ORIENTED_EDGE('',*,*,#8353,.T.);
#8353 = EDGE_CURVE('',#8346,#8354,#8356,.T.);
#8354 = VERTEX_POINT('',#8355);
#8355 = CARTESIAN_POINT('',(15.047969,-16.741184,-5.2E-02));
#8356 = LINE('',#8357,#8358);
#8357 = CARTESIAN_POINT('',(15.082957,-16.63611,-5.2E-02));
#8358 = VECTOR('',#8359,1.);
#8359 = DIRECTION('',(-0.315929771612,-0.948782577522,0.));
#8360 = ORIENTED_EDGE('',*,*,#8361,.T.);
#8361 = EDGE_CURVE('',#8354,#8362,#8364,.T.);
#8362 = VERTEX_POINT('',#8363);
#8363 = CARTESIAN_POINT('',(15.023112,-16.812735,-5.2E-02));
#8364 = LINE('',#8365,#8366);
#8365 = CARTESIAN_POINT('',(15.047969,-16.741184,-5.2E-02));
#8366 = VECTOR('',#8367,1.);
#8367 = DIRECTION('',(-0.3281637005,-0.944620868748,0.));
#8368 = ORIENTED_EDGE('',*,*,#8369,.T.);
#8369 = EDGE_CURVE('',#8362,#8370,#8372,.T.);
#8370 = VERTEX_POINT('',#8371);
#8371 = CARTESIAN_POINT('',(15.019618,-16.860083,-5.2E-02));
#8372 = LINE('',#8373,#8374);
#8373 = CARTESIAN_POINT('',(15.023112,-16.812735,-5.2E-02));
#8374 = VECTOR('',#8375,1.);
#8375 = DIRECTION('',(-7.35939276429E-02,-0.997288290222,0.));
#8376 = ORIENTED_EDGE('',*,*,#8377,.T.);
#8377 = EDGE_CURVE('',#8370,#8378,#8380,.T.);
#8378 = VERTEX_POINT('',#8379);
#8379 = CARTESIAN_POINT('',(15.078443,-16.852737,-5.2E-02));
#8380 = LINE('',#8381,#8382);
#8381 = CARTESIAN_POINT('',(15.019618,-16.860083,-5.2E-02));
#8382 = VECTOR('',#8383,1.);
#8383 = DIRECTION('',(0.992292662081,0.123916394316,0.));
#8384 = ORIENTED_EDGE('',*,*,#8385,.T.);
#8385 = EDGE_CURVE('',#8378,#8386,#8388,.T.);
#8386 = VERTEX_POINT('',#8387);
#8387 = CARTESIAN_POINT('',(15.222724,-16.806942,-5.2E-02));
#8388 = LINE('',#8389,#8390);
#8389 = CARTESIAN_POINT('',(15.078443,-16.852737,-5.2E-02));
#8390 = VECTOR('',#8391,1.);
#8391 = DIRECTION('',(0.953140444701,0.302528168401,0.));
#8392 = ORIENTED_EDGE('',*,*,#8393,.T.);
#8393 = EDGE_CURVE('',#8386,#8394,#8396,.T.);
#8394 = VERTEX_POINT('',#8395);
#8395 = CARTESIAN_POINT('',(15.291093,-16.806526,-5.2E-02));
#8396 = LINE('',#8397,#8398);
#8397 = CARTESIAN_POINT('',(15.222724,-16.806942,-5.2E-02));
#8398 = VECTOR('',#8399,1.);
#8399 = DIRECTION('',(0.999981489159,6.08451636689E-03,0.));
#8400 = ORIENTED_EDGE('',*,*,#8401,.T.);
#8401 = EDGE_CURVE('',#8394,#8402,#8404,.T.);
#8402 = VERTEX_POINT('',#8403);
#8403 = CARTESIAN_POINT('',(15.355782,-16.826993,-5.2E-02));
#8404 = LINE('',#8405,#8406);
#8405 = CARTESIAN_POINT('',(15.291093,-16.806526,-5.2E-02));
#8406 = VECTOR('',#8407,1.);
#8407 = DIRECTION('',(0.953417911965,-0.30165259015,0.));
#8408 = ORIENTED_EDGE('',*,*,#8409,.T.);
#8409 = EDGE_CURVE('',#8402,#8410,#8412,.T.);
#8410 = VERTEX_POINT('',#8411);
#8411 = CARTESIAN_POINT('',(15.478638,-16.883327,-5.2E-02));
#8412 = LINE('',#8413,#8414);
#8413 = CARTESIAN_POINT('',(15.355782,-16.826993,-5.2E-02));
#8414 = VECTOR('',#8415,1.);
#8415 = DIRECTION('',(0.90899474907,-0.416807564906,0.));
#8416 = ORIENTED_EDGE('',*,*,#8417,.T.);
#8417 = EDGE_CURVE('',#8410,#8418,#8420,.T.);
#8418 = VERTEX_POINT('',#8419);
#8419 = CARTESIAN_POINT('',(15.545304,-16.890289,-5.2E-02));
#8420 = LINE('',#8421,#8422);
#8421 = CARTESIAN_POINT('',(15.478638,-16.883327,-5.2E-02));
#8422 = VECTOR('',#8423,1.);
#8423 = DIRECTION('',(0.994591278504,-0.103866205876,0.));
#8424 = ORIENTED_EDGE('',*,*,#8425,.T.);
#8425 = EDGE_CURVE('',#8418,#8426,#8428,.T.);
#8426 = VERTEX_POINT('',#8427);
#8427 = CARTESIAN_POINT('',(15.589549,-16.881738,-5.2E-02));
#8428 = LINE('',#8429,#8430);
#8429 = CARTESIAN_POINT('',(15.545304,-16.890289,-5.2E-02));
#8430 = VECTOR('',#8431,1.);
#8431 = DIRECTION('',(0.981831763066,0.189753495445,0.));
#8432 = ORIENTED_EDGE('',*,*,#8433,.T.);
#8433 = EDGE_CURVE('',#8426,#8434,#8436,.T.);
#8434 = VERTEX_POINT('',#8435);
#8435 = CARTESIAN_POINT('',(15.703908,-16.819886,-5.2E-02));
#8436 = LINE('',#8437,#8438);
#8437 = CARTESIAN_POINT('',(15.589549,-16.881738,-5.2E-02));
#8438 = VECTOR('',#8439,1.);
#8439 = DIRECTION('',(0.879589614818,0.475733233551,0.));
#8440 = ORIENTED_EDGE('',*,*,#8441,.T.);
#8441 = EDGE_CURVE('',#8434,#8442,#8444,.T.);
#8442 = VERTEX_POINT('',#8443);
#8443 = CARTESIAN_POINT('',(15.763775,-16.807961,-5.2E-02));
#8444 = LINE('',#8445,#8446);
#8445 = CARTESIAN_POINT('',(15.703908,-16.819886,-5.2E-02));
#8446 = VECTOR('',#8447,1.);
#8447 = DIRECTION('',(0.980732856638,0.195353689268,0.));
#8448 = ORIENTED_EDGE('',*,*,#8449,.T.);
#8449 = EDGE_CURVE('',#8442,#8450,#8452,.T.);
#8450 = VERTEX_POINT('',#8451);
#8451 = CARTESIAN_POINT('',(15.830976,-16.813435,-5.2E-02));
#8452 = LINE('',#8453,#8454);
#8453 = CARTESIAN_POINT('',(15.763775,-16.807961,-5.2E-02));
#8454 = VECTOR('',#8455,1.);
#8455 = DIRECTION('',(0.996698787958,-8.118821394444E-02,0.));
#8456 = ORIENTED_EDGE('',*,*,#8457,.T.);
#8457 = EDGE_CURVE('',#8450,#8458,#8460,.T.);
#8458 = VERTEX_POINT('',#8459);
#8459 = CARTESIAN_POINT('',(16.008406,-16.871475,-5.2E-02));
#8460 = LINE('',#8461,#8462);
#8461 = CARTESIAN_POINT('',(15.830976,-16.813435,-5.2E-02));
#8462 = VECTOR('',#8463,1.);
#8463 = DIRECTION('',(0.950441457419,-0.310903579939,0.));
#8464 = ORIENTED_EDGE('',*,*,#8465,.T.);
#8465 = EDGE_CURVE('',#8458,#8466,#8468,.T.);
#8466 = VERTEX_POINT('',#8467);
#8467 = CARTESIAN_POINT('',(16.042791,-16.866286,-5.2E-02));
#8468 = LINE('',#8469,#8470);
#8469 = CARTESIAN_POINT('',(16.008406,-16.871475,-5.2E-02));
#8470 = VECTOR('',#8471,1.);
#8471 = DIRECTION('',(0.988804130831,0.149219271045,0.));
#8472 = ORIENTED_EDGE('',*,*,#8473,.T.);
#8473 = EDGE_CURVE('',#8466,#8474,#8476,.T.);
#8474 = VERTEX_POINT('',#8475);
#8475 = CARTESIAN_POINT('',(16.143896,-16.813403,-5.2E-02));
#8476 = LINE('',#8477,#8478);
#8477 = CARTESIAN_POINT('',(16.042791,-16.866286,-5.2E-02));
#8478 = VECTOR('',#8479,1.);
#8479 = DIRECTION('',(0.886107903601,0.463478999714,0.));
#8480 = ORIENTED_EDGE('',*,*,#8481,.T.);
#8481 = EDGE_CURVE('',#8474,#8482,#8484,.T.);
#8482 = VERTEX_POINT('',#8483);
#8483 = CARTESIAN_POINT('',(16.194222,-16.798739,-5.2E-02));
#8484 = LINE('',#8485,#8486);
#8485 = CARTESIAN_POINT('',(16.143896,-16.813403,-5.2E-02));
#8486 = VECTOR('',#8487,1.);
#8487 = DIRECTION('',(0.960073894098,0.279746524323,0.));
#8488 = ORIENTED_EDGE('',*,*,#8489,.T.);
#8489 = EDGE_CURVE('',#8482,#8490,#8492,.T.);
#8490 = VERTEX_POINT('',#8491);
#8491 = CARTESIAN_POINT('',(16.245312,-16.79849,-5.2E-02));
#8492 = LINE('',#8493,#8494);
#8493 = CARTESIAN_POINT('',(16.194222,-16.798739,-5.2E-02));
#8494 = VECTOR('',#8495,1.);
#8495 = DIRECTION('',(0.999988123481,4.873694318791E-03,0.));
#8496 = ORIENTED_EDGE('',*,*,#8497,.T.);
#8497 = EDGE_CURVE('',#8490,#8498,#8500,.T.);
#8498 = VERTEX_POINT('',#8499);
#8499 = CARTESIAN_POINT('',(16.431235,-16.842168,-5.2E-02));
#8500 = LINE('',#8501,#8502);
#8501 = CARTESIAN_POINT('',(16.245312,-16.79849,-5.2E-02));
#8502 = VECTOR('',#8503,1.);
#8503 = DIRECTION('',(0.973497177093,-0.228699029712,0.));
#8504 = ORIENTED_EDGE('',*,*,#8505,.T.);
#8505 = EDGE_CURVE('',#8498,#8506,#8508,.T.);
#8506 = VERTEX_POINT('',#8507);
#8507 = CARTESIAN_POINT('',(16.479032,-16.843099,-5.2E-02));
#8508 = LINE('',#8509,#8510);
#8509 = CARTESIAN_POINT('',(16.431235,-16.842168,-5.2E-02));
#8510 = VECTOR('',#8511,1.);
#8511 = DIRECTION('',(0.999810353631,-1.947451595766E-02,0.));
#8512 = ORIENTED_EDGE('',*,*,#8513,.T.);
#8513 = EDGE_CURVE('',#8506,#8514,#8516,.T.);
#8514 = VERTEX_POINT('',#8515);
#8515 = CARTESIAN_POINT('',(16.478941,-16.841679,-5.2E-02));
#8516 = LINE('',#8517,#8518);
#8517 = CARTESIAN_POINT('',(16.479032,-16.843099,-5.2E-02));
#8518 = VECTOR('',#8519,1.);
#8519 = DIRECTION('',(-6.395331908235E-02,0.997952891162,0.));
#8520 = ORIENTED_EDGE('',*,*,#8521,.T.);
#8521 = EDGE_CURVE('',#8514,#8522,#8524,.T.);
#8522 = VERTEX_POINT('',#8523);
#8523 = CARTESIAN_POINT('',(16.420243,-16.660934,-5.2E-02));
#8524 = LINE('',#8525,#8526);
#8525 = CARTESIAN_POINT('',(16.478941,-16.841679,-5.2E-02));
#8526 = VECTOR('',#8527,1.);
#8527 = DIRECTION('',(-0.30887605585,0.951102298453,0.));
#8528 = ORIENTED_EDGE('',*,*,#8529,.T.);
#8529 = EDGE_CURVE('',#8522,#8530,#8532,.T.);
#8530 = VERTEX_POINT('',#8531);
#8531 = CARTESIAN_POINT('',(16.406684,-16.530679,-5.2E-02));
#8532 = LINE('',#8533,#8534);
#8533 = CARTESIAN_POINT('',(16.420243,-16.660934,-5.2E-02));
#8534 = VECTOR('',#8535,1.);
#8535 = DIRECTION('',(-0.103536366677,0.994625668669,0.));
#8536 = ORIENTED_EDGE('',*,*,#8537,.T.);
#8537 = EDGE_CURVE('',#8530,#8538,#8540,.T.);
#8538 = VERTEX_POINT('',#8539);
#8539 = CARTESIAN_POINT('',(16.404742,-15.790837,-5.2E-02));
#8540 = LINE('',#8541,#8542);
#8541 = CARTESIAN_POINT('',(16.406684,-16.530679,-5.2E-02));
#8542 = VECTOR('',#8543,1.);
#8543 = DIRECTION('',(-2.624875729987E-03,0.999996555008,0.));
#8544 = ORIENTED_EDGE('',*,*,#8545,.T.);
#8545 = EDGE_CURVE('',#8538,#8546,#8548,.T.);
#8546 = VERTEX_POINT('',#8547);
#8547 = CARTESIAN_POINT('',(16.374526,-15.66107,-5.2E-02));
#8548 = LINE('',#8549,#8550);
#8549 = CARTESIAN_POINT('',(16.404742,-15.790837,-5.2E-02));
#8550 = VECTOR('',#8551,1.);
#8551 = DIRECTION('',(-0.226781406382,0.973945683146,0.));
#8552 = ORIENTED_EDGE('',*,*,#8553,.T.);
#8553 = EDGE_CURVE('',#8546,#8554,#8556,.T.);
#8554 = VERTEX_POINT('',#8555);
#8555 = CARTESIAN_POINT('',(16.201828,-15.388033,-5.2E-02));
#8556 = CIRCLE('',#8557,0.624620467967);
#8557 = AXIS2_PLACEMENT_3D('',#8558,#8559,#8560);
#8558 = CARTESIAN_POINT('',(15.778246945407,-15.84708617686,-5.2E-02));
#8559 = DIRECTION('',(0.,0.,1.));
#8560 = DIRECTION('',(0.954626185296,0.297806726497,-0.));
#8561 = ORIENTED_EDGE('',*,*,#8562,.T.);
#8562 = EDGE_CURVE('',#8554,#8563,#8565,.T.);
#8563 = VERTEX_POINT('',#8564);
#8564 = CARTESIAN_POINT('',(16.111922,-15.317503,-5.2E-02));
#8565 = LINE('',#8566,#8567);
#8566 = CARTESIAN_POINT('',(16.201828,-15.388033,-5.2E-02));
#8567 = VECTOR('',#8568,1.);
#8568 = DIRECTION('',(-0.786787586007,0.617223860933,0.));
#8569 = ORIENTED_EDGE('',*,*,#8570,.T.);
#8570 = EDGE_CURVE('',#8563,#8571,#8573,.T.);
#8571 = VERTEX_POINT('',#8572);
#8572 = CARTESIAN_POINT('',(16.010483,-15.263038,-5.2E-02));
#8573 = LINE('',#8574,#8575);
#8574 = CARTESIAN_POINT('',(16.111922,-15.317503,-5.2E-02));
#8575 = VECTOR('',#8576,1.);
#8576 = DIRECTION('',(-0.881036058833,0.473049112711,0.));
#8577 = ORIENTED_EDGE('',*,*,#8578,.T.);
#8578 = EDGE_CURVE('',#8571,#8278,#8579,.T.);
#8579 = LINE('',#8580,#8581);
#8580 = CARTESIAN_POINT('',(16.010483,-15.263038,-5.2E-02));
#8581 = VECTOR('',#8582,1.);
#8582 = DIRECTION('',(-0.949271215598,0.314458517513,0.));
#8583 = PLANE('',#8584);
#8584 = AXIS2_PLACEMENT_3D('',#8585,#8586,#8587);
#8585 = CARTESIAN_POINT('',(0.,0.,-5.2E-02));
#8586 = DIRECTION('',(-0.,-0.,-1.));
#8587 = DIRECTION('',(-1.,0.,0.));
#8588 = SHELL_BASED_SURFACE_MODEL('',(#8589));
#8589 = OPEN_SHELL('',(#8590));
#8590 = ADVANCED_FACE('',(#8591),#8652,.T.);
#8591 = FACE_BOUND('',#8592,.T.);
#8592 = EDGE_LOOP('',(#8593,#8604,#8612,#8621,#8629,#8637,#8646));
#8593 = ORIENTED_EDGE('',*,*,#8594,.T.);
#8594 = EDGE_CURVE('',#8595,#8597,#8599,.T.);
#8595 = VERTEX_POINT('',#8596);
#8596 = CARTESIAN_POINT('',(20.69,-15.3,-5.2E-02));
#8597 = VERTEX_POINT('',#8598);
#8598 = CARTESIAN_POINT('',(20.75,-15.24,-5.2E-02));
#8599 = CIRCLE('',#8600,5.999932016259E-02);
#8600 = AXIS2_PLACEMENT_3D('',#8601,#8602,#8603);
#8601 = CARTESIAN_POINT('',(20.749999320159,-15.29999932015,-5.2E-02));
#8602 = DIRECTION('',(0.,0.,-1.));
#8603 = DIRECTION('',(-0.999999999936,-1.133081606221E-05,-0.));
#8604 = ORIENTED_EDGE('',*,*,#8605,.T.);
#8605 = EDGE_CURVE('',#8597,#8606,#8608,.T.);
#8606 = VERTEX_POINT('',#8607);
#8607 = CARTESIAN_POINT('',(21.25,-15.24,-5.2E-02));
#8608 = LINE('',#8609,#8610);
#8609 = CARTESIAN_POINT('',(20.75,-15.24,-5.2E-02));
#8610 = VECTOR('',#8611,1.);
#8611 = DIRECTION('',(1.,0.,0.));
#8612 = ORIENTED_EDGE('',*,*,#8613,.T.);
#8613 = EDGE_CURVE('',#8606,#8614,#8616,.T.);
#8614 = VERTEX_POINT('',#8615);
#8615 = CARTESIAN_POINT('',(21.25,-15.36,-5.2E-02));
#8616 = CIRCLE('',#8617,6.000000000042E-02);
#8617 = AXIS2_PLACEMENT_3D('',#8618,#8619,#8620);
#8618 = CARTESIAN_POINT('',(21.250000225588,-15.3,-5.2E-02));
#8619 = DIRECTION('',(0.,0.,-1.));
#8620 = DIRECTION('',(-3.75979413526E-06,0.999999999993,-0.));
#8621 = ORIENTED_EDGE('',*,*,#8622,.T.);
#8622 = EDGE_CURVE('',#8614,#8623,#8625,.T.);
#8623 = VERTEX_POINT('',#8624);
#8624 = CARTESIAN_POINT('',(20.81,-15.36,-5.2E-02));
#8625 = LINE('',#8626,#8627);
#8626 = CARTESIAN_POINT('',(21.25,-15.36,-5.2E-02));
#8627 = VECTOR('',#8628,1.);
#8628 = DIRECTION('',(-1.,0.,0.));
#8629 = ORIENTED_EDGE('',*,*,#8630,.T.);
#8630 = EDGE_CURVE('',#8623,#8631,#8633,.T.);
#8631 = VERTEX_POINT('',#8632);
#8632 = CARTESIAN_POINT('',(20.81,-15.8,-5.2E-02));
#8633 = LINE('',#8634,#8635);
#8634 = CARTESIAN_POINT('',(20.81,-15.36,-5.2E-02));
#8635 = VECTOR('',#8636,1.);
#8636 = DIRECTION('',(0.,-1.,0.));
#8637 = ORIENTED_EDGE('',*,*,#8638,.T.);
#8638 = EDGE_CURVE('',#8631,#8639,#8641,.T.);
#8639 = VERTEX_POINT('',#8640);
#8640 = CARTESIAN_POINT('',(20.69,-15.8,-5.2E-02));
#8641 = CIRCLE('',#8642,6.E-02);
#8642 = AXIS2_PLACEMENT_3D('',#8643,#8644,#8645);
#8643 = CARTESIAN_POINT('',(20.75,-15.8,-5.2E-02));
#8644 = DIRECTION('',(-0.,0.,-1.));
#8645 = DIRECTION('',(1.,-2.960594732334E-14,-0.));
#8646 = ORIENTED_EDGE('',*,*,#8647,.T.);
#8647 = EDGE_CURVE('',#8639,#8595,#8648,.T.);
#8648 = LINE('',#8649,#8650);
#8649 = CARTESIAN_POINT('',(20.69,-15.8,-5.2E-02));
#8650 = VECTOR('',#8651,1.);
#8651 = DIRECTION('',(0.,1.,0.));
#8652 = PLANE('',#8653);
#8653 = AXIS2_PLACEMENT_3D('',#8654,#8655,#8656);
#8654 = CARTESIAN_POINT('',(0.,0.,-5.2E-02));
#8655 = DIRECTION('',(-0.,-0.,-1.));
#8656 = DIRECTION('',(-1.,0.,0.));
#8657 = SHELL_BASED_SURFACE_MODEL('',(#8658));
#8658 = OPEN_SHELL('',(#8659));
#8659 = ADVANCED_FACE('',(#8660),#8704,.T.);
#8660 = FACE_BOUND('',#8661,.T.);
#8661 = EDGE_LOOP('',(#8662,#8673,#8681,#8690,#8698));
#8662 = ORIENTED_EDGE('',*,*,#8663,.T.);
#8663 = EDGE_CURVE('',#8664,#8666,#8668,.T.);
#8664 = VERTEX_POINT('',#8665);
#8665 = CARTESIAN_POINT('',(22.894567,-15.477039,-5.2E-02));
#8666 = VERTEX_POINT('',#8667);
#8667 = CARTESIAN_POINT('',(23.01,-15.5,-5.2E-02));
#8668 = CIRCLE('',#8669,6.000007318647E-02);
#8669 = AXIS2_PLACEMENT_3D('',#8670,#8671,#8672);
#8670 = CARTESIAN_POINT('',(22.949999926814,-15.49999982331,-5.2E-02));
#8671 = DIRECTION('',(0.,0.,-1.));
#8672 = DIRECTION('',(-0.923880986637,0.382679921777,0.));
#8673 = ORIENTED_EDGE('',*,*,#8674,.T.);
#8674 = EDGE_CURVE('',#8666,#8675,#8677,.T.);
#8675 = VERTEX_POINT('',#8676);
#8676 = CARTESIAN_POINT('',(23.01,-15.8,-5.2E-02));
#8677 = LINE('',#8678,#8679);
#8678 = CARTESIAN_POINT('',(23.01,-15.5,-5.2E-02));
#8679 = VECTOR('',#8680,1.);
#8680 = DIRECTION('',(0.,-1.,0.));
#8681 = ORIENTED_EDGE('',*,*,#8682,.T.);
#8682 = EDGE_CURVE('',#8675,#8683,#8685,.T.);
#8683 = VERTEX_POINT('',#8684);
#8684 = CARTESIAN_POINT('',(22.89,-15.8,-5.2E-02));
#8685 = CIRCLE('',#8686,6.000000000042E-02);
#8686 = AXIS2_PLACEMENT_3D('',#8687,#8688,#8689);
#8687 = CARTESIAN_POINT('',(22.95,-15.80000022558,-5.2E-02));
#8688 = DIRECTION('',(0.,0.,-1.));
#8689 = DIRECTION('',(0.999999999993,3.759794076048E-06,0.));
#8690 = ORIENTED_EDGE('',*,*,#8691,.T.);
#8691 = EDGE_CURVE('',#8683,#8692,#8694,.T.);
#8692 = VERTEX_POINT('',#8693);
#8693 = CARTESIAN_POINT('',(22.89,-15.5,-5.2E-02));
#8694 = LINE('',#8695,#8696);
#8695 = CARTESIAN_POINT('',(22.89,-15.8,-5.2E-02));
#8696 = VECTOR('',#8697,1.);
#8697 = DIRECTION('',(0.,1.,0.));
#8698 = ORIENTED_EDGE('',*,*,#8699,.T.);
#8699 = EDGE_CURVE('',#8692,#8664,#8700,.T.);
#8700 = LINE('',#8701,#8702);
#8701 = CARTESIAN_POINT('',(22.89,-15.5,-5.2E-02));
#8702 = VECTOR('',#8703,1.);
#8703 = DIRECTION('',(0.195081000118,0.980787134598,0.));
#8704 = PLANE('',#8705);
#8705 = AXIS2_PLACEMENT_3D('',#8706,#8707,#8708);
#8706 = CARTESIAN_POINT('',(0.,0.,-5.2E-02));
#8707 = DIRECTION('',(-0.,-0.,-1.));
#8708 = DIRECTION('',(-1.,0.,0.));
#8709 = SHELL_BASED_SURFACE_MODEL('',(#8710));
#8710 = OPEN_SHELL('',(#8711));
#8711 = ADVANCED_FACE('',(#8712),#8748,.T.);
#8712 = FACE_BOUND('',#8713,.T.);
#8713 = EDGE_LOOP('',(#8714,#8725,#8733,#8742));
#8714 = ORIENTED_EDGE('',*,*,#8715,.T.);
#8715 = EDGE_CURVE('',#8716,#8718,#8720,.T.);
#8716 = VERTEX_POINT('',#8717);
#8717 = CARTESIAN_POINT('',(18.00942,-15.595,-5.2E-02));
#8718 = VERTEX_POINT('',#8719);
#8719 = CARTESIAN_POINT('',(18.00942,-15.475,-5.2E-02));
#8720 = CIRCLE('',#8721,6.000000000043E-02);
#8721 = AXIS2_PLACEMENT_3D('',#8722,#8723,#8724);
#8722 = CARTESIAN_POINT('',(18.009419774412,-15.535,-5.2E-02));
#8723 = DIRECTION('',(0.,0.,-1.));
#8724 = DIRECTION('',(3.759794016836E-06,-0.999999999993,0.));
#8725 = ORIENTED_EDGE('',*,*,#8726,.T.);
#8726 = EDGE_CURVE('',#8718,#8727,#8729,.T.);
#8727 = VERTEX_POINT('',#8728);
#8728 = CARTESIAN_POINT('',(18.29058,-15.475,-5.2E-02));
#8729 = LINE('',#8730,#8731);
#8730 = CARTESIAN_POINT('',(18.00942,-15.475,-5.2E-02));
#8731 = VECTOR('',#8732,1.);
#8732 = DIRECTION('',(1.,0.,0.));
#8733 = ORIENTED_EDGE('',*,*,#8734,.T.);
#8734 = EDGE_CURVE('',#8727,#8735,#8737,.T.);
#8735 = VERTEX_POINT('',#8736);
#8736 = CARTESIAN_POINT('',(18.29058,-15.595,-5.2E-02));
#8737 = CIRCLE('',#8738,6.000000000042E-02);
#8738 = AXIS2_PLACEMENT_3D('',#8739,#8740,#8741);
#8739 = CARTESIAN_POINT('',(18.290580225588,-15.535,-5.2E-02));
#8740 = DIRECTION('',(0.,0.,-1.));
#8741 = DIRECTION('',(-3.75979413526E-06,0.999999999993,-0.));
#8742 = ORIENTED_EDGE('',*,*,#8743,.T.);
#8743 = EDGE_CURVE('',#8735,#8716,#8744,.T.);
#8744 = LINE('',#8745,#8746);
#8745 = CARTESIAN_POINT('',(18.29058,-15.595,-5.2E-02));
#8746 = VECTOR('',#8747,1.);
#8747 = DIRECTION('',(-1.,0.,0.));
#8748 = PLANE('',#8749);
#8749 = AXIS2_PLACEMENT_3D('',#8750,#8751,#8752);
#8750 = CARTESIAN_POINT('',(0.,0.,-5.2E-02));
#8751 = DIRECTION('',(-0.,-0.,-1.));
#8752 = DIRECTION('',(-1.,0.,0.));
#8753 = SHELL_BASED_SURFACE_MODEL('',(#8754));
#8754 = OPEN_SHELL('',(#8755));
#8755 = ADVANCED_FACE('',(#8756),#8800,.T.);
#8756 = FACE_BOUND('',#8757,.T.);
#8757 = EDGE_LOOP('',(#8758,#8769,#8777,#8786,#8794));
#8758 = ORIENTED_EDGE('',*,*,#8759,.T.);
#8759 = EDGE_CURVE('',#8760,#8762,#8764,.T.);
#8760 = VERTEX_POINT('',#8761);
#8761 = CARTESIAN_POINT('',(23.709567,-15.119203,-5.2E-02));
#8762 = VERTEX_POINT('',#8763);
#8763 = CARTESIAN_POINT('',(23.825,-15.142164,-5.2E-02));
#8764 = CIRCLE('',#8765,6.000007318647E-02);
#8765 = AXIS2_PLACEMENT_3D('',#8766,#8767,#8768);
#8766 = CARTESIAN_POINT('',(23.764999926814,-15.14216382331,-5.2E-02));
#8767 = DIRECTION('',(0.,0.,-1.));
#8768 = DIRECTION('',(-0.923880986637,0.382679921777,0.));
#8769 = ORIENTED_EDGE('',*,*,#8770,.T.);
#8770 = EDGE_CURVE('',#8762,#8771,#8773,.T.);
#8771 = VERTEX_POINT('',#8772);
#8772 = CARTESIAN_POINT('',(23.825,-15.357836,-5.2E-02));
#8773 = LINE('',#8774,#8775);
#8774 = CARTESIAN_POINT('',(23.825,-15.142164,-5.2E-02));
#8775 = VECTOR('',#8776,1.);
#8776 = DIRECTION('',(0.,-1.,0.));
#8777 = ORIENTED_EDGE('',*,*,#8778,.T.);
#8778 = EDGE_CURVE('',#8771,#8779,#8781,.T.);
#8779 = VERTEX_POINT('',#8780);
#8780 = CARTESIAN_POINT('',(23.705,-15.357836,-5.2E-02));
#8781 = CIRCLE('',#8782,6.000000000043E-02);
#8782 = AXIS2_PLACEMENT_3D('',#8783,#8784,#8785);
#8783 = CARTESIAN_POINT('',(23.765,-15.35783622558,-5.2E-02));
#8784 = DIRECTION('',(0.,0.,-1.));
#8785 = DIRECTION('',(0.999999999993,3.759794046442E-06,0.));
#8786 = ORIENTED_EDGE('',*,*,#8787,.T.);
#8787 = EDGE_CURVE('',#8779,#8788,#8790,.T.);
#8788 = VERTEX_POINT('',#8789);
#8789 = CARTESIAN_POINT('',(23.705,-15.142164,-5.2E-02));
#8790 = LINE('',#8791,#8792);
#8791 = CARTESIAN_POINT('',(23.705,-15.357836,-5.2E-02));
#8792 = VECTOR('',#8793,1.);
#8793 = DIRECTION('',(0.,1.,0.));
#8794 = ORIENTED_EDGE('',*,*,#8795,.T.);
#8795 = EDGE_CURVE('',#8788,#8760,#8796,.T.);
#8796 = LINE('',#8797,#8798);
#8797 = CARTESIAN_POINT('',(23.705,-15.142164,-5.2E-02));
#8798 = VECTOR('',#8799,1.);
#8799 = DIRECTION('',(0.195081000118,0.980787134598,0.));
#8800 = PLANE('',#8801);
#8801 = AXIS2_PLACEMENT_3D('',#8802,#8803,#8804);
#8802 = CARTESIAN_POINT('',(0.,0.,-5.2E-02));
#8803 = DIRECTION('',(-0.,-0.,-1.));
#8804 = DIRECTION('',(-1.,0.,0.));
#8805 = SHELL_BASED_SURFACE_MODEL('',(#8806));
#8806 = OPEN_SHELL('',(#8807));
#8807 = ADVANCED_FACE('',(#8808),#8852,.T.);
#8808 = FACE_BOUND('',#8809,.T.);
#8809 = EDGE_LOOP('',(#8810,#8821,#8829,#8838,#8846));
#8810 = ORIENTED_EDGE('',*,*,#8811,.T.);
#8811 = EDGE_CURVE('',#8812,#8814,#8816,.T.);
#8812 = VERTEX_POINT('',#8813);
#8813 = CARTESIAN_POINT('',(24.429567,-15.119203,-5.2E-02));
#8814 = VERTEX_POINT('',#8815);
#8815 = CARTESIAN_POINT('',(24.545,-15.142164,-5.2E-02));
#8816 = CIRCLE('',#8817,6.000007318648E-02);
#8817 = AXIS2_PLACEMENT_3D('',#8818,#8819,#8820);
#8818 = CARTESIAN_POINT('',(24.484999926814,-15.14216382331,-5.2E-02));
#8819 = DIRECTION('',(0.,0.,-1.));
#8820 = DIRECTION('',(-0.923880986637,0.382679921777,0.));
#8821 = ORIENTED_EDGE('',*,*,#8822,.T.);
#8822 = EDGE_CURVE('',#8814,#8823,#8825,.T.);
#8823 = VERTEX_POINT('',#8824);
#8824 = CARTESIAN_POINT('',(24.545,-15.357836,-5.2E-02));
#8825 = LINE('',#8826,#8827);
#8826 = CARTESIAN_POINT('',(24.545,-15.142164,-5.2E-02));
#8827 = VECTOR('',#8828,1.);
#8828 = DIRECTION('',(0.,-1.,0.));
#8829 = ORIENTED_EDGE('',*,*,#8830,.T.);
#8830 = EDGE_CURVE('',#8823,#8831,#8833,.T.);
#8831 = VERTEX_POINT('',#8832);
#8832 = CARTESIAN_POINT('',(24.425,-15.357836,-5.2E-02));
#8833 = CIRCLE('',#8834,6.000000000042E-02);
#8834 = AXIS2_PLACEMENT_3D('',#8835,#8836,#8837);
#8835 = CARTESIAN_POINT('',(24.485,-15.35783622558,-5.2E-02));
#8836 = DIRECTION('',(0.,0.,-1.));
#8837 = DIRECTION('',(0.999999999993,3.759794076048E-06,0.));
#8838 = ORIENTED_EDGE('',*,*,#8839,.T.);
#8839 = EDGE_CURVE('',#8831,#8840,#8842,.T.);
#8840 = VERTEX_POINT('',#8841);
#8841 = CARTESIAN_POINT('',(24.425,-15.142164,-5.2E-02));
#8842 = LINE('',#8843,#8844);
#8843 = CARTESIAN_POINT('',(24.425,-15.357836,-5.2E-02));
#8844 = VECTOR('',#8845,1.);
#8845 = DIRECTION('',(0.,1.,0.));
#8846 = ORIENTED_EDGE('',*,*,#8847,.T.);
#8847 = EDGE_CURVE('',#8840,#8812,#8848,.T.);
#8848 = LINE('',#8849,#8850);
#8849 = CARTESIAN_POINT('',(24.425,-15.142164,-5.2E-02));
#8850 = VECTOR('',#8851,1.);
#8851 = DIRECTION('',(0.195081000118,0.980787134598,0.));
#8852 = PLANE('',#8853);
#8853 = AXIS2_PLACEMENT_3D('',#8854,#8855,#8856);
#8854 = CARTESIAN_POINT('',(0.,0.,-5.2E-02));
#8855 = DIRECTION('',(-0.,-0.,-1.));
#8856 = DIRECTION('',(-1.,0.,0.));
#8857 = SHELL_BASED_SURFACE_MODEL('',(#8858));
#8858 = OPEN_SHELL('',(#8859));
#8859 = ADVANCED_FACE('',(#8860),#8896,.T.);
#8860 = FACE_BOUND('',#8861,.T.);
#8861 = EDGE_LOOP('',(#8862,#8873,#8881,#8890));
#8862 = ORIENTED_EDGE('',*,*,#8863,.T.);
#8863 = EDGE_CURVE('',#8864,#8866,#8868,.T.);
#8864 = VERTEX_POINT('',#8865);
#8865 = CARTESIAN_POINT('',(22.45,-15.36,-5.2E-02));
#8866 = VERTEX_POINT('',#8867);
#8867 = CARTESIAN_POINT('',(22.45,-15.24,-5.2E-02));
#8868 = CIRCLE('',#8869,6.000000000042E-02);
#8869 = AXIS2_PLACEMENT_3D('',#8870,#8871,#8872);
#8870 = CARTESIAN_POINT('',(22.449999774412,-15.3,-5.2E-02));
#8871 = DIRECTION('',(0.,0.,-1.));
#8872 = DIRECTION('',(3.75979413526E-06,-0.999999999993,0.));
#8873 = ORIENTED_EDGE('',*,*,#8874,.T.);
#8874 = EDGE_CURVE('',#8866,#8875,#8877,.T.);
#8875 = VERTEX_POINT('',#8876);
#8876 = CARTESIAN_POINT('',(22.75,-15.24,-5.2E-02));
#8877 = LINE('',#8878,#8879);
#8878 = CARTESIAN_POINT('',(22.45,-15.24,-5.2E-02));
#8879 = VECTOR('',#8880,1.);
#8880 = DIRECTION('',(1.,0.,0.));
#8881 = ORIENTED_EDGE('',*,*,#8882,.T.);
#8882 = EDGE_CURVE('',#8875,#8883,#8885,.T.);
#8883 = VERTEX_POINT('',#8884);
#8884 = CARTESIAN_POINT('',(22.75,-15.36,-5.2E-02));
#8885 = CIRCLE('',#8886,6.000000000042E-02);
#8886 = AXIS2_PLACEMENT_3D('',#8887,#8888,#8889);
#8887 = CARTESIAN_POINT('',(22.750000225588,-15.3,-5.2E-02));
#8888 = DIRECTION('',(0.,0.,-1.));
#8889 = DIRECTION('',(-3.75979413526E-06,0.999999999993,-0.));
#8890 = ORIENTED_EDGE('',*,*,#8891,.T.);
#8891 = EDGE_CURVE('',#8883,#8864,#8892,.T.);
#8892 = LINE('',#8893,#8894);
#8893 = CARTESIAN_POINT('',(22.75,-15.36,-5.2E-02));
#8894 = VECTOR('',#8895,1.);
#8895 = DIRECTION('',(-1.,0.,0.));
#8896 = PLANE('',#8897);
#8897 = AXIS2_PLACEMENT_3D('',#8898,#8899,#8900);
#8898 = CARTESIAN_POINT('',(0.,0.,-5.2E-02));
#8899 = DIRECTION('',(-0.,-0.,-1.));
#8900 = DIRECTION('',(-1.,0.,0.));
#8901 = SHELL_BASED_SURFACE_MODEL('',(#8902));
#8902 = OPEN_SHELL('',(#8903));
#8903 = ADVANCED_FACE('',(#8904),#8957,.T.);
#8904 = FACE_BOUND('',#8905,.T.);
#8905 = EDGE_LOOP('',(#8906,#8917,#8925,#8934,#8942,#8951));
#8906 = ORIENTED_EDGE('',*,*,#8907,.T.);
#8907 = EDGE_CURVE('',#8908,#8910,#8912,.T.);
#8908 = VERTEX_POINT('',#8909);
#8909 = CARTESIAN_POINT('',(22.89,-14.94,-5.2E-02));
#8910 = VERTEX_POINT('',#8911);
#8911 = CARTESIAN_POINT('',(22.992426,-14.897574,-5.2E-02));
#8912 = CIRCLE('',#8913,5.999942460276E-02);
#8913 = AXIS2_PLACEMENT_3D('',#8914,#8915,#8916);
#8914 = CARTESIAN_POINT('',(22.9499994246,-14.9399994246,-5.2E-02));
#8915 = DIRECTION('',(0.,0.,-1.));
#8916 = DIRECTION('',(-0.999999999954,-9.590091992267E-06,-0.));
#8917 = ORIENTED_EDGE('',*,*,#8918,.T.);
#8918 = EDGE_CURVE('',#8910,#8919,#8921,.T.);
#8919 = VERTEX_POINT('',#8920);
#8920 = CARTESIAN_POINT('',(23.352426,-15.257574,-5.2E-02));
#8921 = LINE('',#8922,#8923);
#8922 = CARTESIAN_POINT('',(22.992426,-14.897574,-5.2E-02));
#8923 = VECTOR('',#8924,1.);
#8924 = DIRECTION('',(0.707106781187,-0.707106781187,0.));
#8925 = ORIENTED_EDGE('',*,*,#8926,.T.);
#8926 = EDGE_CURVE('',#8919,#8927,#8929,.T.);
#8927 = VERTEX_POINT('',#8928);
#8928 = CARTESIAN_POINT('',(23.31,-15.36,-5.2E-02));
#8929 = CIRCLE('',#8930,5.999942460276E-02);
#8930 = AXIS2_PLACEMENT_3D('',#8931,#8932,#8933);
#8931 = CARTESIAN_POINT('',(23.3100005754,-15.3000005754,-5.2E-02));
#8932 = DIRECTION('',(0.,0.,-1.));
#8933 = DIRECTION('',(0.70709719103,0.707116371213,0.));
#8934 = ORIENTED_EDGE('',*,*,#8935,.T.);
#8935 = EDGE_CURVE('',#8927,#8936,#8938,.T.);
#8936 = VERTEX_POINT('',#8937);
#8937 = CARTESIAN_POINT('',(22.95,-15.36,-5.2E-02));
#8938 = LINE('',#8939,#8940);
#8939 = CARTESIAN_POINT('',(23.31,-15.36,-5.2E-02));
#8940 = VECTOR('',#8941,1.);
#8941 = DIRECTION('',(-1.,0.,0.));
#8942 = ORIENTED_EDGE('',*,*,#8943,.T.);
#8943 = EDGE_CURVE('',#8936,#8944,#8946,.T.);
#8944 = VERTEX_POINT('',#8945);
#8945 = CARTESIAN_POINT('',(22.89,-15.3,-5.2E-02));
#8946 = CIRCLE('',#8947,6.000138920005E-02);
#8947 = AXIS2_PLACEMENT_3D('',#8948,#8949,#8950);
#8948 = CARTESIAN_POINT('',(22.950001389184,-15.29999861081,-5.2E-02));
#8949 = DIRECTION('',(0.,0.,-1.));
#8950 = DIRECTION('',(-2.315253013193E-05,-0.999999999732,-0.));
#8951 = ORIENTED_EDGE('',*,*,#8952,.T.);
#8952 = EDGE_CURVE('',#8944,#8908,#8953,.T.);
#8953 = LINE('',#8954,#8955);
#8954 = CARTESIAN_POINT('',(22.89,-15.3,-5.2E-02));
#8955 = VECTOR('',#8956,1.);
#8956 = DIRECTION('',(0.,1.,0.));
#8957 = PLANE('',#8958);
#8958 = AXIS2_PLACEMENT_3D('',#8959,#8960,#8961);
#8959 = CARTESIAN_POINT('',(0.,0.,-5.2E-02));
#8960 = DIRECTION('',(-0.,-0.,-1.));
#8961 = DIRECTION('',(-1.,0.,0.));
#8962 = SHELL_BASED_SURFACE_MODEL('',(#8963));
#8963 = OPEN_SHELL('',(#8964));
#8964 = ADVANCED_FACE('',(#8965),#9001,.T.);
#8965 = FACE_BOUND('',#8966,.T.);
#8966 = EDGE_LOOP('',(#8967,#8978,#8986,#8995));
#8967 = ORIENTED_EDGE('',*,*,#8968,.T.);
#8968 = EDGE_CURVE('',#8969,#8971,#8973,.T.);
#8969 = VERTEX_POINT('',#8970);
#8970 = CARTESIAN_POINT('',(18.00942,-14.575,-5.2E-02));
#8971 = VERTEX_POINT('',#8972);
#8972 = CARTESIAN_POINT('',(18.00942,-14.455,-5.2E-02));
#8973 = CIRCLE('',#8974,6.000000000042E-02);
#8974 = AXIS2_PLACEMENT_3D('',#8975,#8976,#8977);
#8975 = CARTESIAN_POINT('',(18.009419774412,-14.515,-5.2E-02));
#8976 = DIRECTION('',(0.,0.,-1.));
#8977 = DIRECTION('',(3.759794016836E-06,-0.999999999993,0.));
#8978 = ORIENTED_EDGE('',*,*,#8979,.T.);
#8979 = EDGE_CURVE('',#8971,#8980,#8982,.T.);
#8980 = VERTEX_POINT('',#8981);
#8981 = CARTESIAN_POINT('',(18.29058,-14.455,-5.2E-02));
#8982 = LINE('',#8983,#8984);
#8983 = CARTESIAN_POINT('',(18.00942,-14.455,-5.2E-02));
#8984 = VECTOR('',#8985,1.);
#8985 = DIRECTION('',(1.,0.,0.));
#8986 = ORIENTED_EDGE('',*,*,#8987,.T.);
#8987 = EDGE_CURVE('',#8980,#8988,#8990,.T.);
#8988 = VERTEX_POINT('',#8989);
#8989 = CARTESIAN_POINT('',(18.29058,-14.575,-5.2E-02));
#8990 = CIRCLE('',#8991,6.000000000042E-02);
#8991 = AXIS2_PLACEMENT_3D('',#8992,#8993,#8994);
#8992 = CARTESIAN_POINT('',(18.290580225588,-14.515,-5.2E-02));
#8993 = DIRECTION('',(0.,0.,-1.));
#8994 = DIRECTION('',(-3.75979413526E-06,0.999999999993,-0.));
#8995 = ORIENTED_EDGE('',*,*,#8996,.T.);
#8996 = EDGE_CURVE('',#8988,#8969,#8997,.T.);
#8997 = LINE('',#8998,#8999);
#8998 = CARTESIAN_POINT('',(18.29058,-14.575,-5.2E-02));
#8999 = VECTOR('',#9000,1.);
#9000 = DIRECTION('',(-1.,0.,0.));
#9001 = PLANE('',#9002);
#9002 = AXIS2_PLACEMENT_3D('',#9003,#9004,#9005);
#9003 = CARTESIAN_POINT('',(0.,0.,-5.2E-02));
#9004 = DIRECTION('',(-0.,-0.,-1.));
#9005 = DIRECTION('',(-1.,0.,0.));
#9006 = ( GEOMETRIC_REPRESENTATION_CONTEXT(3) 
GLOBAL_UNCERTAINTY_ASSIGNED_CONTEXT((#9010)) 
GLOBAL_UNIT_ASSIGNED_CONTEXT((#9007,#9008,#9009)) REPRESENTATION_CONTEXT
('Context #1','3D Context with UNIT and UNCERTAINTY') );
#9007 = ( LENGTH_UNIT() NAMED_UNIT(*) SI_UNIT(.MILLI.,.METRE.) );
#9008 = ( NAMED_UNIT(*) PLANE_ANGLE_UNIT() SI_UNIT($,.RADIAN.) );
#9009 = ( NAMED_UNIT(*) SI_UNIT($,.STERADIAN.) SOLID_ANGLE_UNIT() );
#9010 = UNCERTAINTY_MEASURE_WITH_UNIT(LENGTH_MEASURE(1.E-07),#9007,
  'distance_accuracy_value','confusion accuracy');
#9011 = CONTEXT_DEPENDENT_SHAPE_REPRESENTATION(#9012,#9014);
#9012 = ( REPRESENTATION_RELATIONSHIP('','',#7767,#10) 
REPRESENTATION_RELATIONSHIP_WITH_TRANSFORMATION(#9013) 
SHAPE_REPRESENTATION_RELATIONSHIP() );
#9013 = ITEM_DEFINED_TRANSFORMATION('','',#11,#31);
#9014 = PRODUCT_DEFINITION_SHAPE('Placement','Placement of an item',
  #9015);
#9015 = NEXT_ASSEMBLY_USAGE_OCCURRENCE('8','=>[0:1:1:9]','',#5,#7762,$);
#9016 = PRODUCT_RELATED_PRODUCT_CATEGORY('part',$,(#7764));
#9017 = SHAPE_DEFINITION_REPRESENTATION(#9018,#9024);
#9018 = PRODUCT_DEFINITION_SHAPE('','',#9019);
#9019 = PRODUCT_DEFINITION('design','',#9020,#9023);
#9020 = PRODUCT_DEFINITION_FORMATION('','',#9021);
#9021 = PRODUCT('OutatimeProAccelerometer_PCB',
  'OutatimeProAccelerometer_PCB','',(#9022));
#9022 = PRODUCT_CONTEXT('',#2,'mechanical');
#9023 = PRODUCT_DEFINITION_CONTEXT('part definition',#2,'design');
#9024 = ADVANCED_BREP_SHAPE_REPRESENTATION('',(#11,#9025),#9620);
#9025 = MANIFOLD_SOLID_BREP('',#9026);
#9026 = CLOSED_SHELL('',(#9027,#9069,#9100,#9133,#9164,#9197,#9228,#9259
    ,#9292,#9323,#9356,#9387,#9420,#9451,#9484,#9515,#9548,#9570,#9595)
  );
#9027 = ADVANCED_FACE('',(#9028),#9064,.T.);
#9028 = FACE_BOUND('',#9029,.T.);
#9029 = EDGE_LOOP('',(#9030,#9040,#9049,#9057));
#9030 = ORIENTED_EDGE('',*,*,#9031,.T.);
#9031 = EDGE_CURVE('',#9032,#9034,#9036,.T.);
#9032 = VERTEX_POINT('',#9033);
#9033 = CARTESIAN_POINT('',(25.8,-14.25,0.));
#9034 = VERTEX_POINT('',#9035);
#9035 = CARTESIAN_POINT('',(25.8,-14.25,2.5E-02));
#9036 = LINE('',#9037,#9038);
#9037 = CARTESIAN_POINT('',(25.8,-14.25,0.));
#9038 = VECTOR('',#9039,1.);
#9039 = DIRECTION('',(0.,0.,1.));
#9040 = ORIENTED_EDGE('',*,*,#9041,.T.);
#9041 = EDGE_CURVE('',#9034,#9042,#9044,.T.);
#9042 = VERTEX_POINT('',#9043);
#9043 = CARTESIAN_POINT('',(26.,-14.45,2.5E-02));
#9044 = CIRCLE('',#9045,0.200001216283);
#9045 = AXIS2_PLACEMENT_3D('',#9046,#9047,#9048);
#9046 = CARTESIAN_POINT('',(25.799998783721,-14.45000121627,2.5E-02));
#9047 = DIRECTION('',(0.,0.,-1.));
#9048 = DIRECTION('',(6.081358936913E-06,0.999999999982,0.));
#9049 = ORIENTED_EDGE('',*,*,#9050,.F.);
#9050 = EDGE_CURVE('',#9051,#9042,#9053,.T.);
#9051 = VERTEX_POINT('',#9052);
#9052 = CARTESIAN_POINT('',(26.,-14.45,0.));
#9053 = LINE('',#9054,#9055);
#9054 = CARTESIAN_POINT('',(26.,-14.45,0.));
#9055 = VECTOR('',#9056,1.);
#9056 = DIRECTION('',(0.,0.,1.));
#9057 = ORIENTED_EDGE('',*,*,#9058,.F.);
#9058 = EDGE_CURVE('',#9032,#9051,#9059,.T.);
#9059 = CIRCLE('',#9060,0.200001216283);
#9060 = AXIS2_PLACEMENT_3D('',#9061,#9062,#9063);
#9061 = CARTESIAN_POINT('',(25.799998783721,-14.45000121627,0.));
#9062 = DIRECTION('',(0.,0.,-1.));
#9063 = DIRECTION('',(6.081358936913E-06,0.999999999982,0.));
#9064 = CYLINDRICAL_SURFACE('',#9065,0.200001216283);
#9065 = AXIS2_PLACEMENT_3D('',#9066,#9067,#9068);
#9066 = CARTESIAN_POINT('',(25.799998783721,-14.45000121627,0.));
#9067 = DIRECTION('',(0.,0.,-1.));
#9068 = DIRECTION('',(6.081358936913E-06,0.999999999982,0.));
#9069 = ADVANCED_FACE('',(#9070),#9095,.T.);
#9070 = FACE_BOUND('',#9071,.T.);
#9071 = EDGE_LOOP('',(#9072,#9073,#9081,#9089));
#9072 = ORIENTED_EDGE('',*,*,#9050,.T.);
#9073 = ORIENTED_EDGE('',*,*,#9074,.T.);
#9074 = EDGE_CURVE('',#9042,#9075,#9077,.T.);
#9075 = VERTEX_POINT('',#9076);
#9076 = CARTESIAN_POINT('',(26.,-17.65,2.5E-02));
#9077 = LINE('',#9078,#9079);
#9078 = CARTESIAN_POINT('',(26.,-14.45,2.5E-02));
#9079 = VECTOR('',#9080,1.);
#9080 = DIRECTION('',(0.,-1.,0.));
#9081 = ORIENTED_EDGE('',*,*,#9082,.F.);
#9082 = EDGE_CURVE('',#9083,#9075,#9085,.T.);
#9083 = VERTEX_POINT('',#9084);
#9084 = CARTESIAN_POINT('',(26.,-17.65,0.));
#9085 = LINE('',#9086,#9087);
#9086 = CARTESIAN_POINT('',(26.,-17.65,0.));
#9087 = VECTOR('',#9088,1.);
#9088 = DIRECTION('',(0.,0.,1.));
#9089 = ORIENTED_EDGE('',*,*,#9090,.F.);
#9090 = EDGE_CURVE('',#9051,#9083,#9091,.T.);
#9091 = LINE('',#9092,#9093);
#9092 = CARTESIAN_POINT('',(26.,-14.45,0.));
#9093 = VECTOR('',#9094,1.);
#9094 = DIRECTION('',(0.,-1.,0.));
#9095 = PLANE('',#9096);
#9096 = AXIS2_PLACEMENT_3D('',#9097,#9098,#9099);
#9097 = CARTESIAN_POINT('',(26.,-14.45,0.));
#9098 = DIRECTION('',(1.,0.,-0.));
#9099 = DIRECTION('',(0.,-1.,0.));
#9100 = ADVANCED_FACE('',(#9101),#9128,.F.);
#9101 = FACE_BOUND('',#9102,.T.);
#9102 = EDGE_LOOP('',(#9103,#9104,#9113,#9121));
#9103 = ORIENTED_EDGE('',*,*,#9082,.T.);
#9104 = ORIENTED_EDGE('',*,*,#9105,.T.);
#9105 = EDGE_CURVE('',#9075,#9106,#9108,.T.);
#9106 = VERTEX_POINT('',#9107);
#9107 = CARTESIAN_POINT('',(26.2,-17.85,2.5E-02));
#9108 = CIRCLE('',#9109,0.200001216283);
#9109 = AXIS2_PLACEMENT_3D('',#9110,#9111,#9112);
#9110 = CARTESIAN_POINT('',(26.200001216279,-17.64999878372,2.5E-02));
#9111 = DIRECTION('',(0.,0.,1.));
#9112 = DIRECTION('',(-0.999999999982,-6.081358936913E-06,0.));
#9113 = ORIENTED_EDGE('',*,*,#9114,.F.);
#9114 = EDGE_CURVE('',#9115,#9106,#9117,.T.);
#9115 = VERTEX_POINT('',#9116);
#9116 = CARTESIAN_POINT('',(26.2,-17.85,0.));
#9117 = LINE('',#9118,#9119);
#9118 = CARTESIAN_POINT('',(26.2,-17.85,0.));
#9119 = VECTOR('',#9120,1.);
#9120 = DIRECTION('',(0.,0.,1.));
#9121 = ORIENTED_EDGE('',*,*,#9122,.F.);
#9122 = EDGE_CURVE('',#9083,#9115,#9123,.T.);
#9123 = CIRCLE('',#9124,0.200001216283);
#9124 = AXIS2_PLACEMENT_3D('',#9125,#9126,#9127);
#9125 = CARTESIAN_POINT('',(26.200001216279,-17.64999878372,0.));
#9126 = DIRECTION('',(0.,0.,1.));
#9127 = DIRECTION('',(-0.999999999982,-6.081358936913E-06,0.));
#9128 = CYLINDRICAL_SURFACE('',#9129,0.200001216283);
#9129 = AXIS2_PLACEMENT_3D('',#9130,#9131,#9132);
#9130 = CARTESIAN_POINT('',(26.200001216279,-17.64999878372,0.));
#9131 = DIRECTION('',(-0.,-0.,-1.));
#9132 = DIRECTION('',(-0.999999999982,-6.081358936913E-06,0.));
#9133 = ADVANCED_FACE('',(#9134),#9159,.T.);
#9134 = FACE_BOUND('',#9135,.T.);
#9135 = EDGE_LOOP('',(#9136,#9137,#9145,#9153));
#9136 = ORIENTED_EDGE('',*,*,#9114,.T.);
#9137 = ORIENTED_EDGE('',*,*,#9138,.T.);
#9138 = EDGE_CURVE('',#9106,#9139,#9141,.T.);
#9139 = VERTEX_POINT('',#9140);
#9140 = CARTESIAN_POINT('',(26.55,-17.85,2.5E-02));
#9141 = LINE('',#9142,#9143);
#9142 = CARTESIAN_POINT('',(26.2,-17.85,2.5E-02));
#9143 = VECTOR('',#9144,1.);
#9144 = DIRECTION('',(1.,0.,0.));
#9145 = ORIENTED_EDGE('',*,*,#9146,.F.);
#9146 = EDGE_CURVE('',#9147,#9139,#9149,.T.);
#9147 = VERTEX_POINT('',#9148);
#9148 = CARTESIAN_POINT('',(26.55,-17.85,0.));
#9149 = LINE('',#9150,#9151);
#9150 = CARTESIAN_POINT('',(26.55,-17.85,0.));
#9151 = VECTOR('',#9152,1.);
#9152 = DIRECTION('',(0.,0.,1.));
#9153 = ORIENTED_EDGE('',*,*,#9154,.F.);
#9154 = EDGE_CURVE('',#9115,#9147,#9155,.T.);
#9155 = LINE('',#9156,#9157);
#9156 = CARTESIAN_POINT('',(26.2,-17.85,0.));
#9157 = VECTOR('',#9158,1.);
#9158 = DIRECTION('',(1.,0.,0.));
#9159 = PLANE('',#9160);
#9160 = AXIS2_PLACEMENT_3D('',#9161,#9162,#9163);
#9161 = CARTESIAN_POINT('',(26.2,-17.85,0.));
#9162 = DIRECTION('',(0.,1.,0.));
#9163 = DIRECTION('',(1.,0.,0.));
#9164 = ADVANCED_FACE('',(#9165),#9192,.T.);
#9165 = FACE_BOUND('',#9166,.T.);
#9166 = EDGE_LOOP('',(#9167,#9168,#9177,#9185));
#9167 = ORIENTED_EDGE('',*,*,#9146,.T.);
#9168 = ORIENTED_EDGE('',*,*,#9169,.T.);
#9169 = EDGE_CURVE('',#9139,#9170,#9172,.T.);
#9170 = VERTEX_POINT('',#9171);
#9171 = CARTESIAN_POINT('',(26.75,-18.05,2.5E-02));
#9172 = CIRCLE('',#9173,0.200001216283);
#9173 = AXIS2_PLACEMENT_3D('',#9174,#9175,#9176);
#9174 = CARTESIAN_POINT('',(26.549998783721,-18.05000121627,2.5E-02));
#9175 = DIRECTION('',(0.,0.,-1.));
#9176 = DIRECTION('',(6.081358919149E-06,0.999999999982,0.));
#9177 = ORIENTED_EDGE('',*,*,#9178,.F.);
#9178 = EDGE_CURVE('',#9179,#9170,#9181,.T.);
#9179 = VERTEX_POINT('',#9180);
#9180 = CARTESIAN_POINT('',(26.75,-18.05,0.));
#9181 = LINE('',#9182,#9183);
#9182 = CARTESIAN_POINT('',(26.75,-18.05,0.));
#9183 = VECTOR('',#9184,1.);
#9184 = DIRECTION('',(0.,0.,1.));
#9185 = ORIENTED_EDGE('',*,*,#9186,.F.);
#9186 = EDGE_CURVE('',#9147,#9179,#9187,.T.);
#9187 = CIRCLE('',#9188,0.200001216283);
#9188 = AXIS2_PLACEMENT_3D('',#9189,#9190,#9191);
#9189 = CARTESIAN_POINT('',(26.549998783721,-18.05000121627,0.));
#9190 = DIRECTION('',(0.,0.,-1.));
#9191 = DIRECTION('',(6.081358919149E-06,0.999999999982,0.));
#9192 = CYLINDRICAL_SURFACE('',#9193,0.200001216283);
#9193 = AXIS2_PLACEMENT_3D('',#9194,#9195,#9196);
#9194 = CARTESIAN_POINT('',(26.549998783721,-18.05000121627,0.));
#9195 = DIRECTION('',(0.,0.,-1.));
#9196 = DIRECTION('',(6.081358919149E-06,0.999999999982,0.));
#9197 = ADVANCED_FACE('',(#9198),#9223,.T.);
#9198 = FACE_BOUND('',#9199,.T.);
#9199 = EDGE_LOOP('',(#9200,#9201,#9209,#9217));
#9200 = ORIENTED_EDGE('',*,*,#9178,.T.);
#9201 = ORIENTED_EDGE('',*,*,#9202,.T.);
#9202 = EDGE_CURVE('',#9170,#9203,#9205,.T.);
#9203 = VERTEX_POINT('',#9204);
#9204 = CARTESIAN_POINT('',(26.75,-18.85,2.5E-02));
#9205 = LINE('',#9206,#9207);
#9206 = CARTESIAN_POINT('',(26.75,-18.05,2.5E-02));
#9207 = VECTOR('',#9208,1.);
#9208 = DIRECTION('',(0.,-1.,0.));
#9209 = ORIENTED_EDGE('',*,*,#9210,.F.);
#9210 = EDGE_CURVE('',#9211,#9203,#9213,.T.);
#9211 = VERTEX_POINT('',#9212);
#9212 = CARTESIAN_POINT('',(26.75,-18.85,0.));
#9213 = LINE('',#9214,#9215);
#9214 = CARTESIAN_POINT('',(26.75,-18.85,0.));
#9215 = VECTOR('',#9216,1.);
#9216 = DIRECTION('',(0.,0.,1.));
#9217 = ORIENTED_EDGE('',*,*,#9218,.F.);
#9218 = EDGE_CURVE('',#9179,#9211,#9219,.T.);
#9219 = LINE('',#9220,#9221);
#9220 = CARTESIAN_POINT('',(26.75,-18.05,0.));
#9221 = VECTOR('',#9222,1.);
#9222 = DIRECTION('',(0.,-1.,0.));
#9223 = PLANE('',#9224);
#9224 = AXIS2_PLACEMENT_3D('',#9225,#9226,#9227);
#9225 = CARTESIAN_POINT('',(26.75,-18.05,0.));
#9226 = DIRECTION('',(1.,0.,-0.));
#9227 = DIRECTION('',(0.,-1.,0.));
#9228 = ADVANCED_FACE('',(#9229),#9254,.T.);
#9229 = FACE_BOUND('',#9230,.T.);
#9230 = EDGE_LOOP('',(#9231,#9232,#9240,#9248));
#9231 = ORIENTED_EDGE('',*,*,#9210,.T.);
#9232 = ORIENTED_EDGE('',*,*,#9233,.T.);
#9233 = EDGE_CURVE('',#9203,#9234,#9236,.T.);
#9234 = VERTEX_POINT('',#9235);
#9235 = CARTESIAN_POINT('',(26.75,-21.35,2.5E-02));
#9236 = LINE('',#9237,#9238);
#9237 = CARTESIAN_POINT('',(26.75,-18.85,2.5E-02));
#9238 = VECTOR('',#9239,1.);
#9239 = DIRECTION('',(0.,-1.,0.));
#9240 = ORIENTED_EDGE('',*,*,#9241,.F.);
#9241 = EDGE_CURVE('',#9242,#9234,#9244,.T.);
#9242 = VERTEX_POINT('',#9243);
#9243 = CARTESIAN_POINT('',(26.75,-21.35,0.));
#9244 = LINE('',#9245,#9246);
#9245 = CARTESIAN_POINT('',(26.75,-21.35,0.));
#9246 = VECTOR('',#9247,1.);
#9247 = DIRECTION('',(0.,0.,1.));
#9248 = ORIENTED_EDGE('',*,*,#9249,.F.);
#9249 = EDGE_CURVE('',#9211,#9242,#9250,.T.);
#9250 = LINE('',#9251,#9252);
#9251 = CARTESIAN_POINT('',(26.75,-18.85,0.));
#9252 = VECTOR('',#9253,1.);
#9253 = DIRECTION('',(0.,-1.,0.));
#9254 = PLANE('',#9255);
#9255 = AXIS2_PLACEMENT_3D('',#9256,#9257,#9258);
#9256 = CARTESIAN_POINT('',(26.75,-18.85,0.));
#9257 = DIRECTION('',(1.,0.,-0.));
#9258 = DIRECTION('',(0.,-1.,0.));
#9259 = ADVANCED_FACE('',(#9260),#9287,.T.);
#9260 = FACE_BOUND('',#9261,.T.);
#9261 = EDGE_LOOP('',(#9262,#9263,#9272,#9280));
#9262 = ORIENTED_EDGE('',*,*,#9241,.T.);
#9263 = ORIENTED_EDGE('',*,*,#9264,.T.);
#9264 = EDGE_CURVE('',#9234,#9265,#9267,.T.);
#9265 = VERTEX_POINT('',#9266);
#9266 = CARTESIAN_POINT('',(26.55,-21.55,2.5E-02));
#9267 = CIRCLE('',#9268,0.200001216283);
#9268 = AXIS2_PLACEMENT_3D('',#9269,#9270,#9271);
#9269 = CARTESIAN_POINT('',(26.549998783721,-21.34999878372,2.5E-02));
#9270 = DIRECTION('',(0.,0.,-1.));
#9271 = DIRECTION('',(0.999999999982,-6.08135897244E-06,0.));
#9272 = ORIENTED_EDGE('',*,*,#9273,.F.);
#9273 = EDGE_CURVE('',#9274,#9265,#9276,.T.);
#9274 = VERTEX_POINT('',#9275);
#9275 = CARTESIAN_POINT('',(26.55,-21.55,0.));
#9276 = LINE('',#9277,#9278);
#9277 = CARTESIAN_POINT('',(26.55,-21.55,0.));
#9278 = VECTOR('',#9279,1.);
#9279 = DIRECTION('',(0.,0.,1.));
#9280 = ORIENTED_EDGE('',*,*,#9281,.F.);
#9281 = EDGE_CURVE('',#9242,#9274,#9282,.T.);
#9282 = CIRCLE('',#9283,0.200001216283);
#9283 = AXIS2_PLACEMENT_3D('',#9284,#9285,#9286);
#9284 = CARTESIAN_POINT('',(26.549998783721,-21.34999878372,0.));
#9285 = DIRECTION('',(0.,0.,-1.));
#9286 = DIRECTION('',(0.999999999982,-6.08135897244E-06,0.));
#9287 = CYLINDRICAL_SURFACE('',#9288,0.200001216283);
#9288 = AXIS2_PLACEMENT_3D('',#9289,#9290,#9291);
#9289 = CARTESIAN_POINT('',(26.549998783721,-21.34999878372,0.));
#9290 = DIRECTION('',(0.,0.,-1.));
#9291 = DIRECTION('',(0.999999999982,-6.08135897244E-06,0.));
#9292 = ADVANCED_FACE('',(#9293),#9318,.T.);
#9293 = FACE_BOUND('',#9294,.T.);
#9294 = EDGE_LOOP('',(#9295,#9296,#9304,#9312));
#9295 = ORIENTED_EDGE('',*,*,#9273,.T.);
#9296 = ORIENTED_EDGE('',*,*,#9297,.T.);
#9297 = EDGE_CURVE('',#9265,#9298,#9300,.T.);
#9298 = VERTEX_POINT('',#9299);
#9299 = CARTESIAN_POINT('',(23.95,-21.55,2.5E-02));
#9300 = LINE('',#9301,#9302);
#9301 = CARTESIAN_POINT('',(26.55,-21.55,2.5E-02));
#9302 = VECTOR('',#9303,1.);
#9303 = DIRECTION('',(-1.,0.,0.));
#9304 = ORIENTED_EDGE('',*,*,#9305,.F.);
#9305 = EDGE_CURVE('',#9306,#9298,#9308,.T.);
#9306 = VERTEX_POINT('',#9307);
#9307 = CARTESIAN_POINT('',(23.95,-21.55,0.));
#9308 = LINE('',#9309,#9310);
#9309 = CARTESIAN_POINT('',(23.95,-21.55,0.));
#9310 = VECTOR('',#9311,1.);
#9311 = DIRECTION('',(0.,0.,1.));
#9312 = ORIENTED_EDGE('',*,*,#9313,.F.);
#9313 = EDGE_CURVE('',#9274,#9306,#9314,.T.);
#9314 = LINE('',#9315,#9316);
#9315 = CARTESIAN_POINT('',(26.55,-21.55,0.));
#9316 = VECTOR('',#9317,1.);
#9317 = DIRECTION('',(-1.,0.,0.));
#9318 = PLANE('',#9319);
#9319 = AXIS2_PLACEMENT_3D('',#9320,#9321,#9322);
#9320 = CARTESIAN_POINT('',(26.55,-21.55,0.));
#9321 = DIRECTION('',(0.,-1.,0.));
#9322 = DIRECTION('',(-1.,0.,0.));
#9323 = ADVANCED_FACE('',(#9324),#9351,.T.);
#9324 = FACE_BOUND('',#9325,.T.);
#9325 = EDGE_LOOP('',(#9326,#9327,#9336,#9344));
#9326 = ORIENTED_EDGE('',*,*,#9305,.T.);
#9327 = ORIENTED_EDGE('',*,*,#9328,.T.);
#9328 = EDGE_CURVE('',#9298,#9329,#9331,.T.);
#9329 = VERTEX_POINT('',#9330);
#9330 = CARTESIAN_POINT('',(23.75,-21.35,2.5E-02));
#9331 = CIRCLE('',#9332,0.200001216283);
#9332 = AXIS2_PLACEMENT_3D('',#9333,#9334,#9335);
#9333 = CARTESIAN_POINT('',(23.950001216279,-21.34999878372,2.5E-02));
#9334 = DIRECTION('',(0.,0.,-1.));
#9335 = DIRECTION('',(-6.081358954676E-06,-0.999999999982,-0.));
#9336 = ORIENTED_EDGE('',*,*,#9337,.F.);
#9337 = EDGE_CURVE('',#9338,#9329,#9340,.T.);
#9338 = VERTEX_POINT('',#9339);
#9339 = CARTESIAN_POINT('',(23.75,-21.35,0.));
#9340 = LINE('',#9341,#9342);
#9341 = CARTESIAN_POINT('',(23.75,-21.35,0.));
#9342 = VECTOR('',#9343,1.);
#9343 = DIRECTION('',(0.,0.,1.));
#9344 = ORIENTED_EDGE('',*,*,#9345,.F.);
#9345 = EDGE_CURVE('',#9306,#9338,#9346,.T.);
#9346 = CIRCLE('',#9347,0.200001216283);
#9347 = AXIS2_PLACEMENT_3D('',#9348,#9349,#9350);
#9348 = CARTESIAN_POINT('',(23.950001216279,-21.34999878372,0.));
#9349 = DIRECTION('',(0.,0.,-1.));
#9350 = DIRECTION('',(-6.081358954676E-06,-0.999999999982,-0.));
#9351 = CYLINDRICAL_SURFACE('',#9352,0.200001216283);
#9352 = AXIS2_PLACEMENT_3D('',#9353,#9354,#9355);
#9353 = CARTESIAN_POINT('',(23.950001216279,-21.34999878372,0.));
#9354 = DIRECTION('',(0.,0.,-1.));
#9355 = DIRECTION('',(-6.081358954676E-06,-0.999999999982,-0.));
#9356 = ADVANCED_FACE('',(#9357),#9382,.T.);
#9357 = FACE_BOUND('',#9358,.T.);
#9358 = EDGE_LOOP('',(#9359,#9360,#9368,#9376));
#9359 = ORIENTED_EDGE('',*,*,#9337,.T.);
#9360 = ORIENTED_EDGE('',*,*,#9361,.T.);
#9361 = EDGE_CURVE('',#9329,#9362,#9364,.T.);
#9362 = VERTEX_POINT('',#9363);
#9363 = CARTESIAN_POINT('',(23.75,-18.85,2.5E-02));
#9364 = LINE('',#9365,#9366);
#9365 = CARTESIAN_POINT('',(23.75,-21.35,2.5E-02));
#9366 = VECTOR('',#9367,1.);
#9367 = DIRECTION('',(0.,1.,0.));
#9368 = ORIENTED_EDGE('',*,*,#9369,.F.);
#9369 = EDGE_CURVE('',#9370,#9362,#9372,.T.);
#9370 = VERTEX_POINT('',#9371);
#9371 = CARTESIAN_POINT('',(23.75,-18.85,0.));
#9372 = LINE('',#9373,#9374);
#9373 = CARTESIAN_POINT('',(23.75,-18.85,0.));
#9374 = VECTOR('',#9375,1.);
#9375 = DIRECTION('',(0.,0.,1.));
#9376 = ORIENTED_EDGE('',*,*,#9377,.F.);
#9377 = EDGE_CURVE('',#9338,#9370,#9378,.T.);
#9378 = LINE('',#9379,#9380);
#9379 = CARTESIAN_POINT('',(23.75,-21.35,0.));
#9380 = VECTOR('',#9381,1.);
#9381 = DIRECTION('',(0.,1.,0.));
#9382 = PLANE('',#9383);
#9383 = AXIS2_PLACEMENT_3D('',#9384,#9385,#9386);
#9384 = CARTESIAN_POINT('',(23.75,-21.35,0.));
#9385 = DIRECTION('',(-1.,0.,0.));
#9386 = DIRECTION('',(0.,1.,0.));
#9387 = ADVANCED_FACE('',(#9388),#9415,.F.);
#9388 = FACE_BOUND('',#9389,.T.);
#9389 = EDGE_LOOP('',(#9390,#9391,#9400,#9408));
#9390 = ORIENTED_EDGE('',*,*,#9369,.T.);
#9391 = ORIENTED_EDGE('',*,*,#9392,.T.);
#9392 = EDGE_CURVE('',#9362,#9393,#9395,.T.);
#9393 = VERTEX_POINT('',#9394);
#9394 = CARTESIAN_POINT('',(23.55,-18.65,2.5E-02));
#9395 = CIRCLE('',#9396,0.200001216283);
#9396 = AXIS2_PLACEMENT_3D('',#9397,#9398,#9399);
#9397 = CARTESIAN_POINT('',(23.549998783721,-18.85000121627,2.5E-02));
#9398 = DIRECTION('',(0.,0.,1.));
#9399 = DIRECTION('',(0.999999999982,6.081358936913E-06,-0.));
#9400 = ORIENTED_EDGE('',*,*,#9401,.F.);
#9401 = EDGE_CURVE('',#9402,#9393,#9404,.T.);
#9402 = VERTEX_POINT('',#9403);
#9403 = CARTESIAN_POINT('',(23.55,-18.65,0.));
#9404 = LINE('',#9405,#9406);
#9405 = CARTESIAN_POINT('',(23.55,-18.65,0.));
#9406 = VECTOR('',#9407,1.);
#9407 = DIRECTION('',(0.,0.,1.));
#9408 = ORIENTED_EDGE('',*,*,#9409,.F.);
#9409 = EDGE_CURVE('',#9370,#9402,#9410,.T.);
#9410 = CIRCLE('',#9411,0.200001216283);
#9411 = AXIS2_PLACEMENT_3D('',#9412,#9413,#9414);
#9412 = CARTESIAN_POINT('',(23.549998783721,-18.85000121627,0.));
#9413 = DIRECTION('',(0.,0.,1.));
#9414 = DIRECTION('',(0.999999999982,6.081358936913E-06,-0.));
#9415 = CYLINDRICAL_SURFACE('',#9416,0.200001216283);
#9416 = AXIS2_PLACEMENT_3D('',#9417,#9418,#9419);
#9417 = CARTESIAN_POINT('',(23.549998783721,-18.85000121627,0.));
#9418 = DIRECTION('',(-0.,-0.,-1.));
#9419 = DIRECTION('',(0.999999999982,6.081358936913E-06,-0.));
#9420 = ADVANCED_FACE('',(#9421),#9446,.T.);
#9421 = FACE_BOUND('',#9422,.T.);
#9422 = EDGE_LOOP('',(#9423,#9424,#9432,#9440));
#9423 = ORIENTED_EDGE('',*,*,#9401,.T.);
#9424 = ORIENTED_EDGE('',*,*,#9425,.T.);
#9425 = EDGE_CURVE('',#9393,#9426,#9428,.T.);
#9426 = VERTEX_POINT('',#9427);
#9427 = CARTESIAN_POINT('',(14.5,-18.65,2.5E-02));
#9428 = LINE('',#9429,#9430);
#9429 = CARTESIAN_POINT('',(23.55,-18.65,2.5E-02));
#9430 = VECTOR('',#9431,1.);
#9431 = DIRECTION('',(-1.,0.,0.));
#9432 = ORIENTED_EDGE('',*,*,#9433,.F.);
#9433 = EDGE_CURVE('',#9434,#9426,#9436,.T.);
#9434 = VERTEX_POINT('',#9435);
#9435 = CARTESIAN_POINT('',(14.5,-18.65,0.));
#9436 = LINE('',#9437,#9438);
#9437 = CARTESIAN_POINT('',(14.5,-18.65,0.));
#9438 = VECTOR('',#9439,1.);
#9439 = DIRECTION('',(0.,0.,1.));
#9440 = ORIENTED_EDGE('',*,*,#9441,.F.);
#9441 = EDGE_CURVE('',#9402,#9434,#9442,.T.);
#9442 = LINE('',#9443,#9444);
#9443 = CARTESIAN_POINT('',(23.55,-18.65,0.));
#9444 = VECTOR('',#9445,1.);
#9445 = DIRECTION('',(-1.,0.,0.));
#9446 = PLANE('',#9447);
#9447 = AXIS2_PLACEMENT_3D('',#9448,#9449,#9450);
#9448 = CARTESIAN_POINT('',(23.55,-18.65,0.));
#9449 = DIRECTION('',(0.,-1.,0.));
#9450 = DIRECTION('',(-1.,0.,0.));
#9451 = ADVANCED_FACE('',(#9452),#9479,.T.);
#9452 = FACE_BOUND('',#9453,.T.);
#9453 = EDGE_LOOP('',(#9454,#9455,#9464,#9472));
#9454 = ORIENTED_EDGE('',*,*,#9433,.T.);
#9455 = ORIENTED_EDGE('',*,*,#9456,.T.);
#9456 = EDGE_CURVE('',#9426,#9457,#9459,.T.);
#9457 = VERTEX_POINT('',#9458);
#9458 = CARTESIAN_POINT('',(14.3,-18.45,2.5E-02));
#9459 = CIRCLE('',#9460,0.200001216283);
#9460 = AXIS2_PLACEMENT_3D('',#9461,#9462,#9463);
#9461 = CARTESIAN_POINT('',(14.500001216279,-18.44999878372,2.5E-02));
#9462 = DIRECTION('',(0.,0.,-1.));
#9463 = DIRECTION('',(-6.081358910268E-06,-0.999999999982,-0.));
#9464 = ORIENTED_EDGE('',*,*,#9465,.F.);
#9465 = EDGE_CURVE('',#9466,#9457,#9468,.T.);
#9466 = VERTEX_POINT('',#9467);
#9467 = CARTESIAN_POINT('',(14.3,-18.45,0.));
#9468 = LINE('',#9469,#9470);
#9469 = CARTESIAN_POINT('',(14.3,-18.45,0.));
#9470 = VECTOR('',#9471,1.);
#9471 = DIRECTION('',(0.,0.,1.));
#9472 = ORIENTED_EDGE('',*,*,#9473,.F.);
#9473 = EDGE_CURVE('',#9434,#9466,#9474,.T.);
#9474 = CIRCLE('',#9475,0.200001216283);
#9475 = AXIS2_PLACEMENT_3D('',#9476,#9477,#9478);
#9476 = CARTESIAN_POINT('',(14.500001216279,-18.44999878372,0.));
#9477 = DIRECTION('',(0.,0.,-1.));
#9478 = DIRECTION('',(-6.081358910268E-06,-0.999999999982,-0.));
#9479 = CYLINDRICAL_SURFACE('',#9480,0.200001216283);
#9480 = AXIS2_PLACEMENT_3D('',#9481,#9482,#9483);
#9481 = CARTESIAN_POINT('',(14.500001216279,-18.44999878372,0.));
#9482 = DIRECTION('',(0.,0.,-1.));
#9483 = DIRECTION('',(-6.081358910268E-06,-0.999999999982,-0.));
#9484 = ADVANCED_FACE('',(#9485),#9510,.T.);
#9485 = FACE_BOUND('',#9486,.T.);
#9486 = EDGE_LOOP('',(#9487,#9488,#9496,#9504));
#9487 = ORIENTED_EDGE('',*,*,#9465,.T.);
#9488 = ORIENTED_EDGE('',*,*,#9489,.T.);
#9489 = EDGE_CURVE('',#9457,#9490,#9492,.T.);
#9490 = VERTEX_POINT('',#9491);
#9491 = CARTESIAN_POINT('',(14.3,-14.45,2.5E-02));
#9492 = LINE('',#9493,#9494);
#9493 = CARTESIAN_POINT('',(14.3,-18.45,2.5E-02));
#9494 = VECTOR('',#9495,1.);
#9495 = DIRECTION('',(0.,1.,0.));
#9496 = ORIENTED_EDGE('',*,*,#9497,.F.);
#9497 = EDGE_CURVE('',#9498,#9490,#9500,.T.);
#9498 = VERTEX_POINT('',#9499);
#9499 = CARTESIAN_POINT('',(14.3,-14.45,0.));
#9500 = LINE('',#9501,#9502);
#9501 = CARTESIAN_POINT('',(14.3,-14.45,0.));
#9502 = VECTOR('',#9503,1.);
#9503 = DIRECTION('',(0.,0.,1.));
#9504 = ORIENTED_EDGE('',*,*,#9505,.F.);
#9505 = EDGE_CURVE('',#9466,#9498,#9506,.T.);
#9506 = LINE('',#9507,#9508);
#9507 = CARTESIAN_POINT('',(14.3,-18.45,0.));
#9508 = VECTOR('',#9509,1.);
#9509 = DIRECTION('',(0.,1.,0.));
#9510 = PLANE('',#9511);
#9511 = AXIS2_PLACEMENT_3D('',#9512,#9513,#9514);
#9512 = CARTESIAN_POINT('',(14.3,-18.45,0.));
#9513 = DIRECTION('',(-1.,0.,0.));
#9514 = DIRECTION('',(0.,1.,0.));
#9515 = ADVANCED_FACE('',(#9516),#9543,.T.);
#9516 = FACE_BOUND('',#9517,.T.);
#9517 = EDGE_LOOP('',(#9518,#9519,#9528,#9536));
#9518 = ORIENTED_EDGE('',*,*,#9497,.T.);
#9519 = ORIENTED_EDGE('',*,*,#9520,.T.);
#9520 = EDGE_CURVE('',#9490,#9521,#9523,.T.);
#9521 = VERTEX_POINT('',#9522);
#9522 = CARTESIAN_POINT('',(14.5,-14.25,2.5E-02));
#9523 = CIRCLE('',#9524,0.200001216283);
#9524 = AXIS2_PLACEMENT_3D('',#9525,#9526,#9527);
#9525 = CARTESIAN_POINT('',(14.500001216279,-14.45000121627,2.5E-02));
#9526 = DIRECTION('',(0.,0.,-1.));
#9527 = DIRECTION('',(-0.999999999982,6.081358919149E-06,0.));
#9528 = ORIENTED_EDGE('',*,*,#9529,.F.);
#9529 = EDGE_CURVE('',#9530,#9521,#9532,.T.);
#9530 = VERTEX_POINT('',#9531);
#9531 = CARTESIAN_POINT('',(14.5,-14.25,0.));
#9532 = LINE('',#9533,#9534);
#9533 = CARTESIAN_POINT('',(14.5,-14.25,0.));
#9534 = VECTOR('',#9535,1.);
#9535 = DIRECTION('',(0.,0.,1.));
#9536 = ORIENTED_EDGE('',*,*,#9537,.F.);
#9537 = EDGE_CURVE('',#9498,#9530,#9538,.T.);
#9538 = CIRCLE('',#9539,0.200001216283);
#9539 = AXIS2_PLACEMENT_3D('',#9540,#9541,#9542);
#9540 = CARTESIAN_POINT('',(14.500001216279,-14.45000121627,0.));
#9541 = DIRECTION('',(0.,0.,-1.));
#9542 = DIRECTION('',(-0.999999999982,6.081358919149E-06,0.));
#9543 = CYLINDRICAL_SURFACE('',#9544,0.200001216283);
#9544 = AXIS2_PLACEMENT_3D('',#9545,#9546,#9547);
#9545 = CARTESIAN_POINT('',(14.500001216279,-14.45000121627,0.));
#9546 = DIRECTION('',(0.,0.,-1.));
#9547 = DIRECTION('',(-0.999999999982,6.081358919149E-06,0.));
#9548 = ADVANCED_FACE('',(#9549),#9565,.T.);
#9549 = FACE_BOUND('',#9550,.T.);
#9550 = EDGE_LOOP('',(#9551,#9552,#9558,#9559));
#9551 = ORIENTED_EDGE('',*,*,#9529,.T.);
#9552 = ORIENTED_EDGE('',*,*,#9553,.T.);
#9553 = EDGE_CURVE('',#9521,#9034,#9554,.T.);
#9554 = LINE('',#9555,#9556);
#9555 = CARTESIAN_POINT('',(14.5,-14.25,2.5E-02));
#9556 = VECTOR('',#9557,1.);
#9557 = DIRECTION('',(1.,0.,0.));
#9558 = ORIENTED_EDGE('',*,*,#9031,.F.);
#9559 = ORIENTED_EDGE('',*,*,#9560,.F.);
#9560 = EDGE_CURVE('',#9530,#9032,#9561,.T.);
#9561 = LINE('',#9562,#9563);
#9562 = CARTESIAN_POINT('',(14.5,-14.25,0.));
#9563 = VECTOR('',#9564,1.);
#9564 = DIRECTION('',(1.,0.,0.));
#9565 = PLANE('',#9566);
#9566 = AXIS2_PLACEMENT_3D('',#9567,#9568,#9569);
#9567 = CARTESIAN_POINT('',(14.5,-14.25,0.));
#9568 = DIRECTION('',(0.,1.,0.));
#9569 = DIRECTION('',(1.,0.,0.));
#9570 = ADVANCED_FACE('',(#9571),#9590,.F.);
#9571 = FACE_BOUND('',#9572,.T.);
#9572 = EDGE_LOOP('',(#9573,#9574,#9575,#9576,#9577,#9578,#9579,#9580,
    #9581,#9582,#9583,#9584,#9585,#9586,#9587,#9588,#9589));
#9573 = ORIENTED_EDGE('',*,*,#9058,.T.);
#9574 = ORIENTED_EDGE('',*,*,#9090,.T.);
#9575 = ORIENTED_EDGE('',*,*,#9122,.T.);
#9576 = ORIENTED_EDGE('',*,*,#9154,.T.);
#9577 = ORIENTED_EDGE('',*,*,#9186,.T.);
#9578 = ORIENTED_EDGE('',*,*,#9218,.T.);
#9579 = ORIENTED_EDGE('',*,*,#9249,.T.);
#9580 = ORIENTED_EDGE('',*,*,#9281,.T.);
#9581 = ORIENTED_EDGE('',*,*,#9313,.T.);
#9582 = ORIENTED_EDGE('',*,*,#9345,.T.);
#9583 = ORIENTED_EDGE('',*,*,#9377,.T.);
#9584 = ORIENTED_EDGE('',*,*,#9409,.T.);
#9585 = ORIENTED_EDGE('',*,*,#9441,.T.);
#9586 = ORIENTED_EDGE('',*,*,#9473,.T.);
#9587 = ORIENTED_EDGE('',*,*,#9505,.T.);
#9588 = ORIENTED_EDGE('',*,*,#9537,.T.);
#9589 = ORIENTED_EDGE('',*,*,#9560,.T.);
#9590 = PLANE('',#9591);
#9591 = AXIS2_PLACEMENT_3D('',#9592,#9593,#9594);
#9592 = CARTESIAN_POINT('',(0.,0.,0.));
#9593 = DIRECTION('',(0.,0.,1.));
#9594 = DIRECTION('',(1.,0.,-0.));
#9595 = ADVANCED_FACE('',(#9596),#9615,.T.);
#9596 = FACE_BOUND('',#9597,.F.);
#9597 = EDGE_LOOP('',(#9598,#9599,#9600,#9601,#9602,#9603,#9604,#9605,
    #9606,#9607,#9608,#9609,#9610,#9611,#9612,#9613,#9614));
#9598 = ORIENTED_EDGE('',*,*,#9041,.T.);
#9599 = ORIENTED_EDGE('',*,*,#9074,.T.);
#9600 = ORIENTED_EDGE('',*,*,#9105,.T.);
#9601 = ORIENTED_EDGE('',*,*,#9138,.T.);
#9602 = ORIENTED_EDGE('',*,*,#9169,.T.);
#9603 = ORIENTED_EDGE('',*,*,#9202,.T.);
#9604 = ORIENTED_EDGE('',*,*,#9233,.T.);
#9605 = ORIENTED_EDGE('',*,*,#9264,.T.);
#9606 = ORIENTED_EDGE('',*,*,#9297,.T.);
#9607 = ORIENTED_EDGE('',*,*,#9328,.T.);
#9608 = ORIENTED_EDGE('',*,*,#9361,.T.);
#9609 = ORIENTED_EDGE('',*,*,#9392,.T.);
#9610 = ORIENTED_EDGE('',*,*,#9425,.T.);
#9611 = ORIENTED_EDGE('',*,*,#9456,.T.);
#9612 = ORIENTED_EDGE('',*,*,#9489,.T.);
#9613 = ORIENTED_EDGE('',*,*,#9520,.T.);
#9614 = ORIENTED_EDGE('',*,*,#9553,.T.);
#9615 = PLANE('',#9616);
#9616 = AXIS2_PLACEMENT_3D('',#9617,#9618,#9619);
#9617 = CARTESIAN_POINT('',(0.,0.,2.5E-02));
#9618 = DIRECTION('',(0.,0.,1.));
#9619 = DIRECTION('',(1.,0.,-0.));
#9620 = ( GEOMETRIC_REPRESENTATION_CONTEXT(3) 
GLOBAL_UNCERTAINTY_ASSIGNED_CONTEXT((#9624)) 
GLOBAL_UNIT_ASSIGNED_CONTEXT((#9621,#9622,#9623)) REPRESENTATION_CONTEXT
('Context #1','3D Context with UNIT and UNCERTAINTY') );
#9621 = ( LENGTH_UNIT() NAMED_UNIT(*) SI_UNIT(.MILLI.,.METRE.) );
#9622 = ( NAMED_UNIT(*) PLANE_ANGLE_UNIT() SI_UNIT($,.RADIAN.) );
#9623 = ( NAMED_UNIT(*) SI_UNIT($,.STERADIAN.) SOLID_ANGLE_UNIT() );
#9624 = UNCERTAINTY_MEASURE_WITH_UNIT(LENGTH_MEASURE(1.E-07),#9621,
  'distance_accuracy_value','confusion accuracy');
#9625 = CONTEXT_DEPENDENT_SHAPE_REPRESENTATION(#9626,#9628);
#9626 = ( REPRESENTATION_RELATIONSHIP('','',#9024,#10) 
REPRESENTATION_RELATIONSHIP_WITH_TRANSFORMATION(#9627) 
SHAPE_REPRESENTATION_RELATIONSHIP() );
#9627 = ITEM_DEFINED_TRANSFORMATION('','',#11,#35);
#9628 = PRODUCT_DEFINITION_SHAPE('Placement','Placement of an item',
  #9629);
#9629 = NEXT_ASSEMBLY_USAGE_OCCURRENCE('9','=>[0:1:1:10]','',#5,#9019,$
  );
#9630 = PRODUCT_RELATED_PRODUCT_CATEGORY('part',$,(#9021));
#9631 = REPRESENTATION('material name',(#9632),#3767);
#9632 = DESCRIPTIVE_REPRESENTATION_ITEM('Steel','Steel');
#9633 = DERIVED_UNIT((#9634,#9636));
#9634 = DERIVED_UNIT_ELEMENT(#9635,3.);
#9635 = ( MASS_UNIT() NAMED_UNIT(*) SI_UNIT($,.GRAM.) );
#9636 = DERIVED_UNIT_ELEMENT(#9637,2.);
#9637 = ( LENGTH_UNIT() NAMED_UNIT(*) SI_UNIT(.CENTI.,.METRE.) );
#9638 = REPRESENTATION('density',(#9639),#3767);
#9639 = MEASURE_REPRESENTATION_ITEM('density measure',
  POSITIVE_RATIO_MEASURE(7.85E-03),#9633);
#9640 = PROPERTY_DEFINITION('material property','material name',#1862);
#9641 = PROPERTY_DEFINITION_REPRESENTATION(#9640,#9631);
#9642 = PROPERTY_DEFINITION('material property','density',#1862);
#9643 = PROPERTY_DEFINITION_REPRESENTATION(#9642,#9638);
#9644 = MECHANICAL_DESIGN_GEOMETRIC_PRESENTATION_REPRESENTATION('',(
    #9645,#9653,#9660,#9667,#9674,#9681,#9688,#9695,#9702,#9709,#9716,
    #9724,#9731,#9738,#9745,#9752,#9759,#9766,#9773,#9780,#9787,#9794,
    #9801,#9808,#9815,#9822,#9829,#9836),#930);
#9645 = STYLED_ITEM('color',(#9646),#78);
#9646 = PRESENTATION_STYLE_ASSIGNMENT((#9647));
#9647 = SURFACE_STYLE_USAGE(.BOTH.,#9648);
#9648 = SURFACE_SIDE_STYLE('',(#9649));
#9649 = SURFACE_STYLE_FILL_AREA(#9650);
#9650 = FILL_AREA_STYLE('',(#9651));
#9651 = FILL_AREA_STYLE_COLOUR('',#9652);
#9652 = COLOUR_RGB('',0.823999987314,0.819999987296,0.781000009244);
#9653 = STYLED_ITEM('color',(#9654),#154);
#9654 = PRESENTATION_STYLE_ASSIGNMENT((#9655));
#9655 = SURFACE_STYLE_USAGE(.BOTH.,#9656);
#9656 = SURFACE_SIDE_STYLE('',(#9657));
#9657 = SURFACE_STYLE_FILL_AREA(#9658);
#9658 = FILL_AREA_STYLE('',(#9659));
#9659 = FILL_AREA_STYLE_COLOUR('',#9652);
#9660 = STYLED_ITEM('color',(#9661),#185);
#9661 = PRESENTATION_STYLE_ASSIGNMENT((#9662));
#9662 = SURFACE_STYLE_USAGE(.BOTH.,#9663);
#9663 = SURFACE_SIDE_STYLE('',(#9664));
#9664 = SURFACE_STYLE_FILL_AREA(#9665);
#9665 = FILL_AREA_STYLE('',(#9666));
#9666 = FILL_AREA_STYLE_COLOUR('',#9652);
#9667 = STYLED_ITEM('color',(#9668),#210);
#9668 = PRESENTATION_STYLE_ASSIGNMENT((#9669));
#9669 = SURFACE_STYLE_USAGE(.BOTH.,#9670);
#9670 = SURFACE_SIDE_STYLE('',(#9671));
#9671 = SURFACE_STYLE_FILL_AREA(#9672);
#9672 = FILL_AREA_STYLE('',(#9673));
#9673 = FILL_AREA_STYLE_COLOUR('',#9652);
#9674 = STYLED_ITEM('color',(#9675),#235);
#9675 = PRESENTATION_STYLE_ASSIGNMENT((#9676));
#9676 = SURFACE_STYLE_USAGE(.BOTH.,#9677);
#9677 = SURFACE_SIDE_STYLE('',(#9678));
#9678 = SURFACE_STYLE_FILL_AREA(#9679);
#9679 = FILL_AREA_STYLE('',(#9680));
#9680 = FILL_AREA_STYLE_COLOUR('',#9652);
#9681 = STYLED_ITEM('color',(#9682),#259);
#9682 = PRESENTATION_STYLE_ASSIGNMENT((#9683));
#9683 = SURFACE_STYLE_USAGE(.BOTH.,#9684);
#9684 = SURFACE_SIDE_STYLE('',(#9685));
#9685 = SURFACE_STYLE_FILL_AREA(#9686);
#9686 = FILL_AREA_STYLE('',(#9687));
#9687 = FILL_AREA_STYLE_COLOUR('',#9652);
#9688 = STYLED_ITEM('color',(#9689),#283);
#9689 = PRESENTATION_STYLE_ASSIGNMENT((#9690));
#9690 = SURFACE_STYLE_USAGE(.BOTH.,#9691);
#9691 = SURFACE_SIDE_STYLE('',(#9692));
#9692 = SURFACE_STYLE_FILL_AREA(#9693);
#9693 = FILL_AREA_STYLE('',(#9694));
#9694 = FILL_AREA_STYLE_COLOUR('',#9652);
#9695 = STYLED_ITEM('color',(#9696),#308);
#9696 = PRESENTATION_STYLE_ASSIGNMENT((#9697));
#9697 = SURFACE_STYLE_USAGE(.BOTH.,#9698);
#9698 = SURFACE_SIDE_STYLE('',(#9699));
#9699 = SURFACE_STYLE_FILL_AREA(#9700);
#9700 = FILL_AREA_STYLE('',(#9701));
#9701 = FILL_AREA_STYLE_COLOUR('',#9652);
#9702 = STYLED_ITEM('color',(#9703),#333);
#9703 = PRESENTATION_STYLE_ASSIGNMENT((#9704));
#9704 = SURFACE_STYLE_USAGE(.BOTH.,#9705);
#9705 = SURFACE_SIDE_STYLE('',(#9706));
#9706 = SURFACE_STYLE_FILL_AREA(#9707);
#9707 = FILL_AREA_STYLE('',(#9708));
#9708 = FILL_AREA_STYLE_COLOUR('',#9652);
#9709 = STYLED_ITEM('color',(#9710),#350);
#9710 = PRESENTATION_STYLE_ASSIGNMENT((#9711));
#9711 = SURFACE_STYLE_USAGE(.BOTH.,#9712);
#9712 = SURFACE_SIDE_STYLE('',(#9713));
#9713 = SURFACE_STYLE_FILL_AREA(#9714);
#9714 = FILL_AREA_STYLE('',(#9715));
#9715 = FILL_AREA_STYLE_COLOUR('',#9652);
#9716 = STYLED_ITEM('color',(#9717),#436);
#9717 = PRESENTATION_STYLE_ASSIGNMENT((#9718));
#9718 = SURFACE_STYLE_USAGE(.BOTH.,#9719);
#9719 = SURFACE_SIDE_STYLE('',(#9720));
#9720 = SURFACE_STYLE_FILL_AREA(#9721);
#9721 = FILL_AREA_STYLE('',(#9722));
#9722 = FILL_AREA_STYLE_COLOUR('',#9723);
#9723 = COLOUR_RGB('',0.379000005575,0.270000008848,0.214999999939);
#9724 = STYLED_ITEM('color',(#9725),#468);
#9725 = PRESENTATION_STYLE_ASSIGNMENT((#9726));
#9726 = SURFACE_STYLE_USAGE(.BOTH.,#9727);
#9727 = SURFACE_SIDE_STYLE('',(#9728));
#9728 = SURFACE_STYLE_FILL_AREA(#9729);
#9729 = FILL_AREA_STYLE('',(#9730));
#9730 = FILL_AREA_STYLE_COLOUR('',#9723);
#9731 = STYLED_ITEM('color',(#9732),#492);
#9732 = PRESENTATION_STYLE_ASSIGNMENT((#9733));
#9733 = SURFACE_STYLE_USAGE(.BOTH.,#9734);
#9734 = SURFACE_SIDE_STYLE('',(#9735));
#9735 = SURFACE_STYLE_FILL_AREA(#9736);
#9736 = FILL_AREA_STYLE('',(#9737));
#9737 = FILL_AREA_STYLE_COLOUR('',#9723);
#9738 = STYLED_ITEM('color',(#9739),#517);
#9739 = PRESENTATION_STYLE_ASSIGNMENT((#9740));
#9740 = SURFACE_STYLE_USAGE(.BOTH.,#9741);
#9741 = SURFACE_SIDE_STYLE('',(#9742));
#9742 = SURFACE_STYLE_FILL_AREA(#9743);
#9743 = FILL_AREA_STYLE('',(#9744));
#9744 = FILL_AREA_STYLE_COLOUR('',#9723);
#9745 = STYLED_ITEM('color',(#9746),#541);
#9746 = PRESENTATION_STYLE_ASSIGNMENT((#9747));
#9747 = SURFACE_STYLE_USAGE(.BOTH.,#9748);
#9748 = SURFACE_SIDE_STYLE('',(#9749));
#9749 = SURFACE_STYLE_FILL_AREA(#9750);
#9750 = FILL_AREA_STYLE('',(#9751));
#9751 = FILL_AREA_STYLE_COLOUR('',#9723);
#9752 = STYLED_ITEM('color',(#9753),#566);
#9753 = PRESENTATION_STYLE_ASSIGNMENT((#9754));
#9754 = SURFACE_STYLE_USAGE(.BOTH.,#9755);
#9755 = SURFACE_SIDE_STYLE('',(#9756));
#9756 = SURFACE_STYLE_FILL_AREA(#9757);
#9757 = FILL_AREA_STYLE('',(#9758));
#9758 = FILL_AREA_STYLE_COLOUR('',#9723);
#9759 = STYLED_ITEM('color',(#9760),#590);
#9760 = PRESENTATION_STYLE_ASSIGNMENT((#9761));
#9761 = SURFACE_STYLE_USAGE(.BOTH.,#9762);
#9762 = SURFACE_SIDE_STYLE('',(#9763));
#9763 = SURFACE_STYLE_FILL_AREA(#9764);
#9764 = FILL_AREA_STYLE('',(#9765));
#9765 = FILL_AREA_STYLE_COLOUR('',#9723);
#9766 = STYLED_ITEM('color',(#9767),#615);
#9767 = PRESENTATION_STYLE_ASSIGNMENT((#9768));
#9768 = SURFACE_STYLE_USAGE(.BOTH.,#9769);
#9769 = SURFACE_SIDE_STYLE('',(#9770));
#9770 = SURFACE_STYLE_FILL_AREA(#9771);
#9771 = FILL_AREA_STYLE('',(#9772));
#9772 = FILL_AREA_STYLE_COLOUR('',#9723);
#9773 = STYLED_ITEM('color',(#9774),#632);
#9774 = PRESENTATION_STYLE_ASSIGNMENT((#9775));
#9775 = SURFACE_STYLE_USAGE(.BOTH.,#9776);
#9776 = SURFACE_SIDE_STYLE('',(#9777));
#9777 = SURFACE_STYLE_FILL_AREA(#9778);
#9778 = FILL_AREA_STYLE('',(#9779));
#9779 = FILL_AREA_STYLE_COLOUR('',#9652);
#9780 = STYLED_ITEM('color',(#9781),#718);
#9781 = PRESENTATION_STYLE_ASSIGNMENT((#9782));
#9782 = SURFACE_STYLE_USAGE(.BOTH.,#9783);
#9783 = SURFACE_SIDE_STYLE('',(#9784));
#9784 = SURFACE_STYLE_FILL_AREA(#9785);
#9785 = FILL_AREA_STYLE('',(#9786));
#9786 = FILL_AREA_STYLE_COLOUR('',#9652);
#9787 = STYLED_ITEM('color',(#9788),#749);
#9788 = PRESENTATION_STYLE_ASSIGNMENT((#9789));
#9789 = SURFACE_STYLE_USAGE(.BOTH.,#9790);
#9790 = SURFACE_SIDE_STYLE('',(#9791));
#9791 = SURFACE_STYLE_FILL_AREA(#9792);
#9792 = FILL_AREA_STYLE('',(#9793));
#9793 = FILL_AREA_STYLE_COLOUR('',#9652);
#9794 = STYLED_ITEM('color',(#9795),#774);
#9795 = PRESENTATION_STYLE_ASSIGNMENT((#9796));
#9796 = SURFACE_STYLE_USAGE(.BOTH.,#9797);
#9797 = SURFACE_SIDE_STYLE('',(#9798));
#9798 = SURFACE_STYLE_FILL_AREA(#9799);
#9799 = FILL_AREA_STYLE('',(#9800));
#9800 = FILL_AREA_STYLE_COLOUR('',#9652);
#9801 = STYLED_ITEM('color',(#9802),#799);
#9802 = PRESENTATION_STYLE_ASSIGNMENT((#9803));
#9803 = SURFACE_STYLE_USAGE(.BOTH.,#9804);
#9804 = SURFACE_SIDE_STYLE('',(#9805));
#9805 = SURFACE_STYLE_FILL_AREA(#9806);
#9806 = FILL_AREA_STYLE('',(#9807));
#9807 = FILL_AREA_STYLE_COLOUR('',#9652);
#9808 = STYLED_ITEM('color',(#9809),#823);
#9809 = PRESENTATION_STYLE_ASSIGNMENT((#9810));
#9810 = SURFACE_STYLE_USAGE(.BOTH.,#9811);
#9811 = SURFACE_SIDE_STYLE('',(#9812));
#9812 = SURFACE_STYLE_FILL_AREA(#9813);
#9813 = FILL_AREA_STYLE('',(#9814));
#9814 = FILL_AREA_STYLE_COLOUR('',#9652);
#9815 = STYLED_ITEM('color',(#9816),#847);
#9816 = PRESENTATION_STYLE_ASSIGNMENT((#9817));
#9817 = SURFACE_STYLE_USAGE(.BOTH.,#9818);
#9818 = SURFACE_SIDE_STYLE('',(#9819));
#9819 = SURFACE_STYLE_FILL_AREA(#9820);
#9820 = FILL_AREA_STYLE('',(#9821));
#9821 = FILL_AREA_STYLE_COLOUR('',#9652);
#9822 = STYLED_ITEM('color',(#9823),#872);
#9823 = PRESENTATION_STYLE_ASSIGNMENT((#9824));
#9824 = SURFACE_STYLE_USAGE(.BOTH.,#9825);
#9825 = SURFACE_SIDE_STYLE('',(#9826));
#9826 = SURFACE_STYLE_FILL_AREA(#9827);
#9827 = FILL_AREA_STYLE('',(#9828));
#9828 = FILL_AREA_STYLE_COLOUR('',#9652);
#9829 = STYLED_ITEM('color',(#9830),#897);
#9830 = PRESENTATION_STYLE_ASSIGNMENT((#9831));
#9831 = SURFACE_STYLE_USAGE(.BOTH.,#9832);
#9832 = SURFACE_SIDE_STYLE('',(#9833));
#9833 = SURFACE_STYLE_FILL_AREA(#9834);
#9834 = FILL_AREA_STYLE('',(#9835));
#9835 = FILL_AREA_STYLE_COLOUR('',#9652);
#9836 = STYLED_ITEM('color',(#9837),#914);
#9837 = PRESENTATION_STYLE_ASSIGNMENT((#9838));
#9838 = SURFACE_STYLE_USAGE(.BOTH.,#9839);
#9839 = SURFACE_SIDE_STYLE('',(#9840));
#9840 = SURFACE_STYLE_FILL_AREA(#9841);
#9841 = FILL_AREA_STYLE('',(#9842));
#9842 = FILL_AREA_STYLE_COLOUR('',#9652);
#9843 = MECHANICAL_DESIGN_GEOMETRIC_PRESENTATION_REPRESENTATION('',(
    #9844),#9620);
#9844 = STYLED_ITEM('color',(#9845),#9025);
#9845 = PRESENTATION_STYLE_ASSIGNMENT((#9846));
#9846 = SURFACE_STYLE_USAGE(.BOTH.,#9847);
#9847 = SURFACE_SIDE_STYLE('',(#9848));
#9848 = SURFACE_STYLE_FILL_AREA(#9849);
#9849 = FILL_AREA_STYLE('',(#9850));
#9850 = FILL_AREA_STYLE_COLOUR('',#9851);
#9851 = DRAUGHTING_PRE_DEFINED_COLOUR('black');
#9852 = MECHANICAL_DESIGN_GEOMETRIC_PRESENTATION_REPRESENTATION('',(
    #9853,#9861,#9869,#9876,#9883,#9891,#9899,#9906,#9913,#9920,#9927,
    #9934,#9941,#9948,#9955,#9962,#9969,#9976,#9983,#9990,#9997,#10004,
    #10011,#10018,#10025,#10032,#10039,#10046,#10053,#10060,#10067,
    #10074,#10081,#10088,#10095,#10102,#10109,#10116,#10123,#10130,
    #10137,#10144,#10151,#10158,#10165,#10172,#10179,#10186,#10193,
    #10200,#10207,#10214,#10221,#10228,#10235,#10242,#10249,#10256,
    #10263,#10270,#10277,#10284,#10291,#10298,#10305,#10312,#10319,
    #10326,#10333),#3767);
#9853 = STYLED_ITEM('color',(#9854),#1868);
#9854 = PRESENTATION_STYLE_ASSIGNMENT((#9855));
#9855 = SURFACE_STYLE_USAGE(.BOTH.,#9856);
#9856 = SURFACE_SIDE_STYLE('',(#9857));
#9857 = SURFACE_STYLE_FILL_AREA(#9858);
#9858 = FILL_AREA_STYLE('',(#9859));
#9859 = FILL_AREA_STYLE_COLOUR('',#9860);
#9860 = COLOUR_RGB('',0.627450987486,0.627450987486,0.627450987486);
#9861 = OVER_RIDING_STYLED_ITEM('overriding color',(#9862),#1870,#9853);
#9862 = PRESENTATION_STYLE_ASSIGNMENT((#9863));
#9863 = SURFACE_STYLE_USAGE(.BOTH.,#9864);
#9864 = SURFACE_SIDE_STYLE('',(#9865));
#9865 = SURFACE_STYLE_FILL_AREA(#9866);
#9866 = FILL_AREA_STYLE('',(#9867));
#9867 = FILL_AREA_STYLE_COLOUR('',#9868);
#9868 = COLOUR_RGB('',0.149019609447,0.145098038775,0.145098038775);
#9869 = OVER_RIDING_STYLED_ITEM('overriding color',(#9870),#1921,#9853);
#9870 = PRESENTATION_STYLE_ASSIGNMENT((#9871));
#9871 = SURFACE_STYLE_USAGE(.BOTH.,#9872);
#9872 = SURFACE_SIDE_STYLE('',(#9873));
#9873 = SURFACE_STYLE_FILL_AREA(#9874);
#9874 = FILL_AREA_STYLE('',(#9875));
#9875 = FILL_AREA_STYLE_COLOUR('',#9868);
#9876 = OVER_RIDING_STYLED_ITEM('overriding color',(#9877),#1952,#9853);
#9877 = PRESENTATION_STYLE_ASSIGNMENT((#9878));
#9878 = SURFACE_STYLE_USAGE(.BOTH.,#9879);
#9879 = SURFACE_SIDE_STYLE('',(#9880));
#9880 = SURFACE_STYLE_FILL_AREA(#9881);
#9881 = FILL_AREA_STYLE('',(#9882));
#9882 = FILL_AREA_STYLE_COLOUR('',#9868);
#9883 = OVER_RIDING_STYLED_ITEM('overriding color',(#9884),#1976,#9853);
#9884 = PRESENTATION_STYLE_ASSIGNMENT((#9885));
#9885 = SURFACE_STYLE_USAGE(.BOTH.,#9886);
#9886 = SURFACE_SIDE_STYLE('',(#9887));
#9887 = SURFACE_STYLE_FILL_AREA(#9888);
#9888 = FILL_AREA_STYLE('',(#9889));
#9889 = FILL_AREA_STYLE_COLOUR('',#9890);
#9890 = COLOUR_RGB('',0.690196085623,0.662745088828,0.59607843313);
#9891 = OVER_RIDING_STYLED_ITEM('overriding color',(#9892),#1993,#9853);
#9892 = PRESENTATION_STYLE_ASSIGNMENT((#9893));
#9893 = SURFACE_STYLE_USAGE(.BOTH.,#9894);
#9894 = SURFACE_SIDE_STYLE('',(#9895));
#9895 = SURFACE_STYLE_FILL_AREA(#9896);
#9896 = FILL_AREA_STYLE('',(#9897));
#9897 = FILL_AREA_STYLE_COLOUR('',#9898);
#9898 = COLOUR_RGB('',0.823529417451,0.819607826924,0.780392170416);
#9899 = OVER_RIDING_STYLED_ITEM('overriding color',(#9900),#2033,#9853);
#9900 = PRESENTATION_STYLE_ASSIGNMENT((#9901));
#9901 = SURFACE_STYLE_USAGE(.BOTH.,#9902);
#9902 = SURFACE_SIDE_STYLE('',(#9903));
#9903 = SURFACE_STYLE_FILL_AREA(#9904);
#9904 = FILL_AREA_STYLE('',(#9905));
#9905 = FILL_AREA_STYLE_COLOUR('',#9898);
#9906 = OVER_RIDING_STYLED_ITEM('overriding color',(#9907),#2064,#9853);
#9907 = PRESENTATION_STYLE_ASSIGNMENT((#9908));
#9908 = SURFACE_STYLE_USAGE(.BOTH.,#9909);
#9909 = SURFACE_SIDE_STYLE('',(#9910));
#9910 = SURFACE_STYLE_FILL_AREA(#9911);
#9911 = FILL_AREA_STYLE('',(#9912));
#9912 = FILL_AREA_STYLE_COLOUR('',#9898);
#9913 = OVER_RIDING_STYLED_ITEM('overriding color',(#9914),#2088,#9853);
#9914 = PRESENTATION_STYLE_ASSIGNMENT((#9915));
#9915 = SURFACE_STYLE_USAGE(.BOTH.,#9916);
#9916 = SURFACE_SIDE_STYLE('',(#9917));
#9917 = SURFACE_STYLE_FILL_AREA(#9918);
#9918 = FILL_AREA_STYLE('',(#9919));
#9919 = FILL_AREA_STYLE_COLOUR('',#9898);
#9920 = OVER_RIDING_STYLED_ITEM('overriding color',(#9921),#2112,#9853);
#9921 = PRESENTATION_STYLE_ASSIGNMENT((#9922));
#9922 = SURFACE_STYLE_USAGE(.BOTH.,#9923);
#9923 = SURFACE_SIDE_STYLE('',(#9924));
#9924 = SURFACE_STYLE_FILL_AREA(#9925);
#9925 = FILL_AREA_STYLE('',(#9926));
#9926 = FILL_AREA_STYLE_COLOUR('',#9898);
#9927 = OVER_RIDING_STYLED_ITEM('overriding color',(#9928),#2129,#9853);
#9928 = PRESENTATION_STYLE_ASSIGNMENT((#9929));
#9929 = SURFACE_STYLE_USAGE(.BOTH.,#9930);
#9930 = SURFACE_SIDE_STYLE('',(#9931));
#9931 = SURFACE_STYLE_FILL_AREA(#9932);
#9932 = FILL_AREA_STYLE('',(#9933));
#9933 = FILL_AREA_STYLE_COLOUR('',#9868);
#9934 = OVER_RIDING_STYLED_ITEM('overriding color',(#9935),#2533,#9853);
#9935 = PRESENTATION_STYLE_ASSIGNMENT((#9936));
#9936 = SURFACE_STYLE_USAGE(.BOTH.,#9937);
#9937 = SURFACE_SIDE_STYLE('',(#9938));
#9938 = SURFACE_STYLE_FILL_AREA(#9939);
#9939 = FILL_AREA_STYLE('',(#9940));
#9940 = FILL_AREA_STYLE_COLOUR('',#9868);
#9941 = OVER_RIDING_STYLED_ITEM('overriding color',(#9942),#2550,#9853);
#9942 = PRESENTATION_STYLE_ASSIGNMENT((#9943));
#9943 = SURFACE_STYLE_USAGE(.BOTH.,#9944);
#9944 = SURFACE_SIDE_STYLE('',(#9945));
#9945 = SURFACE_STYLE_FILL_AREA(#9946);
#9946 = FILL_AREA_STYLE('',(#9947));
#9947 = FILL_AREA_STYLE_COLOUR('',#9868);
#9948 = OVER_RIDING_STYLED_ITEM('overriding color',(#9949),#2562,#9853);
#9949 = PRESENTATION_STYLE_ASSIGNMENT((#9950));
#9950 = SURFACE_STYLE_USAGE(.BOTH.,#9951);
#9951 = SURFACE_SIDE_STYLE('',(#9952));
#9952 = SURFACE_STYLE_FILL_AREA(#9953);
#9953 = FILL_AREA_STYLE('',(#9954));
#9954 = FILL_AREA_STYLE_COLOUR('',#9898);
#9955 = OVER_RIDING_STYLED_ITEM('overriding color',(#9956),#2593,#9853);
#9956 = PRESENTATION_STYLE_ASSIGNMENT((#9957));
#9957 = SURFACE_STYLE_USAGE(.BOTH.,#9958);
#9958 = SURFACE_SIDE_STYLE('',(#9959));
#9959 = SURFACE_STYLE_FILL_AREA(#9960);
#9960 = FILL_AREA_STYLE('',(#9961));
#9961 = FILL_AREA_STYLE_COLOUR('',#9898);
#9962 = OVER_RIDING_STYLED_ITEM('overriding color',(#9963),#2617,#9853);
#9963 = PRESENTATION_STYLE_ASSIGNMENT((#9964));
#9964 = SURFACE_STYLE_USAGE(.BOTH.,#9965);
#9965 = SURFACE_SIDE_STYLE('',(#9966));
#9966 = SURFACE_STYLE_FILL_AREA(#9967);
#9967 = FILL_AREA_STYLE('',(#9968));
#9968 = FILL_AREA_STYLE_COLOUR('',#9898);
#9969 = OVER_RIDING_STYLED_ITEM('overriding color',(#9970),#2641,#9853);
#9970 = PRESENTATION_STYLE_ASSIGNMENT((#9971));
#9971 = SURFACE_STYLE_USAGE(.BOTH.,#9972);
#9972 = SURFACE_SIDE_STYLE('',(#9973));
#9973 = SURFACE_STYLE_FILL_AREA(#9974);
#9974 = FILL_AREA_STYLE('',(#9975));
#9975 = FILL_AREA_STYLE_COLOUR('',#9898);
#9976 = OVER_RIDING_STYLED_ITEM('overriding color',(#9977),#2658,#9853);
#9977 = PRESENTATION_STYLE_ASSIGNMENT((#9978));
#9978 = SURFACE_STYLE_USAGE(.BOTH.,#9979);
#9979 = SURFACE_SIDE_STYLE('',(#9980));
#9980 = SURFACE_STYLE_FILL_AREA(#9981);
#9981 = FILL_AREA_STYLE('',(#9982));
#9982 = FILL_AREA_STYLE_COLOUR('',#9898);
#9983 = OVER_RIDING_STYLED_ITEM('overriding color',(#9984),#2689,#9853);
#9984 = PRESENTATION_STYLE_ASSIGNMENT((#9985));
#9985 = SURFACE_STYLE_USAGE(.BOTH.,#9986);
#9986 = SURFACE_SIDE_STYLE('',(#9987));
#9987 = SURFACE_STYLE_FILL_AREA(#9988);
#9988 = FILL_AREA_STYLE('',(#9989));
#9989 = FILL_AREA_STYLE_COLOUR('',#9898);
#9990 = OVER_RIDING_STYLED_ITEM('overriding color',(#9991),#2713,#9853);
#9991 = PRESENTATION_STYLE_ASSIGNMENT((#9992));
#9992 = SURFACE_STYLE_USAGE(.BOTH.,#9993);
#9993 = SURFACE_SIDE_STYLE('',(#9994));
#9994 = SURFACE_STYLE_FILL_AREA(#9995);
#9995 = FILL_AREA_STYLE('',(#9996));
#9996 = FILL_AREA_STYLE_COLOUR('',#9898);
#9997 = OVER_RIDING_STYLED_ITEM('overriding color',(#9998),#2737,#9853);
#9998 = PRESENTATION_STYLE_ASSIGNMENT((#9999));
#9999 = SURFACE_STYLE_USAGE(.BOTH.,#10000);
#10000 = SURFACE_SIDE_STYLE('',(#10001));
#10001 = SURFACE_STYLE_FILL_AREA(#10002);
#10002 = FILL_AREA_STYLE('',(#10003));
#10003 = FILL_AREA_STYLE_COLOUR('',#9898);
#10004 = OVER_RIDING_STYLED_ITEM('overriding color',(#10005),#2754,#9853
  );
#10005 = PRESENTATION_STYLE_ASSIGNMENT((#10006));
#10006 = SURFACE_STYLE_USAGE(.BOTH.,#10007);
#10007 = SURFACE_SIDE_STYLE('',(#10008));
#10008 = SURFACE_STYLE_FILL_AREA(#10009);
#10009 = FILL_AREA_STYLE('',(#10010));
#10010 = FILL_AREA_STYLE_COLOUR('',#9898);
#10011 = OVER_RIDING_STYLED_ITEM('overriding color',(#10012),#2785,#9853
  );
#10012 = PRESENTATION_STYLE_ASSIGNMENT((#10013));
#10013 = SURFACE_STYLE_USAGE(.BOTH.,#10014);
#10014 = SURFACE_SIDE_STYLE('',(#10015));
#10015 = SURFACE_STYLE_FILL_AREA(#10016);
#10016 = FILL_AREA_STYLE('',(#10017));
#10017 = FILL_AREA_STYLE_COLOUR('',#9898);
#10018 = OVER_RIDING_STYLED_ITEM('overriding color',(#10019),#2809,#9853
  );
#10019 = PRESENTATION_STYLE_ASSIGNMENT((#10020));
#10020 = SURFACE_STYLE_USAGE(.BOTH.,#10021);
#10021 = SURFACE_SIDE_STYLE('',(#10022));
#10022 = SURFACE_STYLE_FILL_AREA(#10023);
#10023 = FILL_AREA_STYLE('',(#10024));
#10024 = FILL_AREA_STYLE_COLOUR('',#9898);
#10025 = OVER_RIDING_STYLED_ITEM('overriding color',(#10026),#2833,#9853
  );
#10026 = PRESENTATION_STYLE_ASSIGNMENT((#10027));
#10027 = SURFACE_STYLE_USAGE(.BOTH.,#10028);
#10028 = SURFACE_SIDE_STYLE('',(#10029));
#10029 = SURFACE_STYLE_FILL_AREA(#10030);
#10030 = FILL_AREA_STYLE('',(#10031));
#10031 = FILL_AREA_STYLE_COLOUR('',#9898);
#10032 = OVER_RIDING_STYLED_ITEM('overriding color',(#10033),#2850,#9853
  );
#10033 = PRESENTATION_STYLE_ASSIGNMENT((#10034));
#10034 = SURFACE_STYLE_USAGE(.BOTH.,#10035);
#10035 = SURFACE_SIDE_STYLE('',(#10036));
#10036 = SURFACE_STYLE_FILL_AREA(#10037);
#10037 = FILL_AREA_STYLE('',(#10038));
#10038 = FILL_AREA_STYLE_COLOUR('',#9898);
#10039 = OVER_RIDING_STYLED_ITEM('overriding color',(#10040),#2881,#9853
  );
#10040 = PRESENTATION_STYLE_ASSIGNMENT((#10041));
#10041 = SURFACE_STYLE_USAGE(.BOTH.,#10042);
#10042 = SURFACE_SIDE_STYLE('',(#10043));
#10043 = SURFACE_STYLE_FILL_AREA(#10044);
#10044 = FILL_AREA_STYLE('',(#10045));
#10045 = FILL_AREA_STYLE_COLOUR('',#9898);
#10046 = OVER_RIDING_STYLED_ITEM('overriding color',(#10047),#2905,#9853
  );
#10047 = PRESENTATION_STYLE_ASSIGNMENT((#10048));
#10048 = SURFACE_STYLE_USAGE(.BOTH.,#10049);
#10049 = SURFACE_SIDE_STYLE('',(#10050));
#10050 = SURFACE_STYLE_FILL_AREA(#10051);
#10051 = FILL_AREA_STYLE('',(#10052));
#10052 = FILL_AREA_STYLE_COLOUR('',#9898);
#10053 = OVER_RIDING_STYLED_ITEM('overriding color',(#10054),#2929,#9853
  );
#10054 = PRESENTATION_STYLE_ASSIGNMENT((#10055));
#10055 = SURFACE_STYLE_USAGE(.BOTH.,#10056);
#10056 = SURFACE_SIDE_STYLE('',(#10057));
#10057 = SURFACE_STYLE_FILL_AREA(#10058);
#10058 = FILL_AREA_STYLE('',(#10059));
#10059 = FILL_AREA_STYLE_COLOUR('',#9898);
#10060 = OVER_RIDING_STYLED_ITEM('overriding color',(#10061),#2946,#9853
  );
#10061 = PRESENTATION_STYLE_ASSIGNMENT((#10062));
#10062 = SURFACE_STYLE_USAGE(.BOTH.,#10063);
#10063 = SURFACE_SIDE_STYLE('',(#10064));
#10064 = SURFACE_STYLE_FILL_AREA(#10065);
#10065 = FILL_AREA_STYLE('',(#10066));
#10066 = FILL_AREA_STYLE_COLOUR('',#9898);
#10067 = OVER_RIDING_STYLED_ITEM('overriding color',(#10068),#2977,#9853
  );
#10068 = PRESENTATION_STYLE_ASSIGNMENT((#10069));
#10069 = SURFACE_STYLE_USAGE(.BOTH.,#10070);
#10070 = SURFACE_SIDE_STYLE('',(#10071));
#10071 = SURFACE_STYLE_FILL_AREA(#10072);
#10072 = FILL_AREA_STYLE('',(#10073));
#10073 = FILL_AREA_STYLE_COLOUR('',#9898);
#10074 = OVER_RIDING_STYLED_ITEM('overriding color',(#10075),#3001,#9853
  );
#10075 = PRESENTATION_STYLE_ASSIGNMENT((#10076));
#10076 = SURFACE_STYLE_USAGE(.BOTH.,#10077);
#10077 = SURFACE_SIDE_STYLE('',(#10078));
#10078 = SURFACE_STYLE_FILL_AREA(#10079);
#10079 = FILL_AREA_STYLE('',(#10080));
#10080 = FILL_AREA_STYLE_COLOUR('',#9898);
#10081 = OVER_RIDING_STYLED_ITEM('overriding color',(#10082),#3025,#9853
  );
#10082 = PRESENTATION_STYLE_ASSIGNMENT((#10083));
#10083 = SURFACE_STYLE_USAGE(.BOTH.,#10084);
#10084 = SURFACE_SIDE_STYLE('',(#10085));
#10085 = SURFACE_STYLE_FILL_AREA(#10086);
#10086 = FILL_AREA_STYLE('',(#10087));
#10087 = FILL_AREA_STYLE_COLOUR('',#9898);
#10088 = OVER_RIDING_STYLED_ITEM('overriding color',(#10089),#3042,#9853
  );
#10089 = PRESENTATION_STYLE_ASSIGNMENT((#10090));
#10090 = SURFACE_STYLE_USAGE(.BOTH.,#10091);
#10091 = SURFACE_SIDE_STYLE('',(#10092));
#10092 = SURFACE_STYLE_FILL_AREA(#10093);
#10093 = FILL_AREA_STYLE('',(#10094));
#10094 = FILL_AREA_STYLE_COLOUR('',#9898);
#10095 = OVER_RIDING_STYLED_ITEM('overriding color',(#10096),#3073,#9853
  );
#10096 = PRESENTATION_STYLE_ASSIGNMENT((#10097));
#10097 = SURFACE_STYLE_USAGE(.BOTH.,#10098);
#10098 = SURFACE_SIDE_STYLE('',(#10099));
#10099 = SURFACE_STYLE_FILL_AREA(#10100);
#10100 = FILL_AREA_STYLE('',(#10101));
#10101 = FILL_AREA_STYLE_COLOUR('',#9898);
#10102 = OVER_RIDING_STYLED_ITEM('overriding color',(#10103),#3097,#9853
  );
#10103 = PRESENTATION_STYLE_ASSIGNMENT((#10104));
#10104 = SURFACE_STYLE_USAGE(.BOTH.,#10105);
#10105 = SURFACE_SIDE_STYLE('',(#10106));
#10106 = SURFACE_STYLE_FILL_AREA(#10107);
#10107 = FILL_AREA_STYLE('',(#10108));
#10108 = FILL_AREA_STYLE_COLOUR('',#9898);
#10109 = OVER_RIDING_STYLED_ITEM('overriding color',(#10110),#3121,#9853
  );
#10110 = PRESENTATION_STYLE_ASSIGNMENT((#10111));
#10111 = SURFACE_STYLE_USAGE(.BOTH.,#10112);
#10112 = SURFACE_SIDE_STYLE('',(#10113));
#10113 = SURFACE_STYLE_FILL_AREA(#10114);
#10114 = FILL_AREA_STYLE('',(#10115));
#10115 = FILL_AREA_STYLE_COLOUR('',#9898);
#10116 = OVER_RIDING_STYLED_ITEM('overriding color',(#10117),#3138,#9853
  );
#10117 = PRESENTATION_STYLE_ASSIGNMENT((#10118));
#10118 = SURFACE_STYLE_USAGE(.BOTH.,#10119);
#10119 = SURFACE_SIDE_STYLE('',(#10120));
#10120 = SURFACE_STYLE_FILL_AREA(#10121);
#10121 = FILL_AREA_STYLE('',(#10122));
#10122 = FILL_AREA_STYLE_COLOUR('',#9898);
#10123 = OVER_RIDING_STYLED_ITEM('overriding color',(#10124),#3169,#9853
  );
#10124 = PRESENTATION_STYLE_ASSIGNMENT((#10125));
#10125 = SURFACE_STYLE_USAGE(.BOTH.,#10126);
#10126 = SURFACE_SIDE_STYLE('',(#10127));
#10127 = SURFACE_STYLE_FILL_AREA(#10128);
#10128 = FILL_AREA_STYLE('',(#10129));
#10129 = FILL_AREA_STYLE_COLOUR('',#9898);
#10130 = OVER_RIDING_STYLED_ITEM('overriding color',(#10131),#3193,#9853
  );
#10131 = PRESENTATION_STYLE_ASSIGNMENT((#10132));
#10132 = SURFACE_STYLE_USAGE(.BOTH.,#10133);
#10133 = SURFACE_SIDE_STYLE('',(#10134));
#10134 = SURFACE_STYLE_FILL_AREA(#10135);
#10135 = FILL_AREA_STYLE('',(#10136));
#10136 = FILL_AREA_STYLE_COLOUR('',#9898);
#10137 = OVER_RIDING_STYLED_ITEM('overriding color',(#10138),#3217,#9853
  );
#10138 = PRESENTATION_STYLE_ASSIGNMENT((#10139));
#10139 = SURFACE_STYLE_USAGE(.BOTH.,#10140);
#10140 = SURFACE_SIDE_STYLE('',(#10141));
#10141 = SURFACE_STYLE_FILL_AREA(#10142);
#10142 = FILL_AREA_STYLE('',(#10143));
#10143 = FILL_AREA_STYLE_COLOUR('',#9898);
#10144 = OVER_RIDING_STYLED_ITEM('overriding color',(#10145),#3234,#9853
  );
#10145 = PRESENTATION_STYLE_ASSIGNMENT((#10146));
#10146 = SURFACE_STYLE_USAGE(.BOTH.,#10147);
#10147 = SURFACE_SIDE_STYLE('',(#10148));
#10148 = SURFACE_STYLE_FILL_AREA(#10149);
#10149 = FILL_AREA_STYLE('',(#10150));
#10150 = FILL_AREA_STYLE_COLOUR('',#9898);
#10151 = OVER_RIDING_STYLED_ITEM('overriding color',(#10152),#3265,#9853
  );
#10152 = PRESENTATION_STYLE_ASSIGNMENT((#10153));
#10153 = SURFACE_STYLE_USAGE(.BOTH.,#10154);
#10154 = SURFACE_SIDE_STYLE('',(#10155));
#10155 = SURFACE_STYLE_FILL_AREA(#10156);
#10156 = FILL_AREA_STYLE('',(#10157));
#10157 = FILL_AREA_STYLE_COLOUR('',#9898);
#10158 = OVER_RIDING_STYLED_ITEM('overriding color',(#10159),#3289,#9853
  );
#10159 = PRESENTATION_STYLE_ASSIGNMENT((#10160));
#10160 = SURFACE_STYLE_USAGE(.BOTH.,#10161);
#10161 = SURFACE_SIDE_STYLE('',(#10162));
#10162 = SURFACE_STYLE_FILL_AREA(#10163);
#10163 = FILL_AREA_STYLE('',(#10164));
#10164 = FILL_AREA_STYLE_COLOUR('',#9898);
#10165 = OVER_RIDING_STYLED_ITEM('overriding color',(#10166),#3313,#9853
  );
#10166 = PRESENTATION_STYLE_ASSIGNMENT((#10167));
#10167 = SURFACE_STYLE_USAGE(.BOTH.,#10168);
#10168 = SURFACE_SIDE_STYLE('',(#10169));
#10169 = SURFACE_STYLE_FILL_AREA(#10170);
#10170 = FILL_AREA_STYLE('',(#10171));
#10171 = FILL_AREA_STYLE_COLOUR('',#9898);
#10172 = OVER_RIDING_STYLED_ITEM('overriding color',(#10173),#3330,#9853
  );
#10173 = PRESENTATION_STYLE_ASSIGNMENT((#10174));
#10174 = SURFACE_STYLE_USAGE(.BOTH.,#10175);
#10175 = SURFACE_SIDE_STYLE('',(#10176));
#10176 = SURFACE_STYLE_FILL_AREA(#10177);
#10177 = FILL_AREA_STYLE('',(#10178));
#10178 = FILL_AREA_STYLE_COLOUR('',#9898);
#10179 = OVER_RIDING_STYLED_ITEM('overriding color',(#10180),#3361,#9853
  );
#10180 = PRESENTATION_STYLE_ASSIGNMENT((#10181));
#10181 = SURFACE_STYLE_USAGE(.BOTH.,#10182);
#10182 = SURFACE_SIDE_STYLE('',(#10183));
#10183 = SURFACE_STYLE_FILL_AREA(#10184);
#10184 = FILL_AREA_STYLE('',(#10185));
#10185 = FILL_AREA_STYLE_COLOUR('',#9898);
#10186 = OVER_RIDING_STYLED_ITEM('overriding color',(#10187),#3385,#9853
  );
#10187 = PRESENTATION_STYLE_ASSIGNMENT((#10188));
#10188 = SURFACE_STYLE_USAGE(.BOTH.,#10189);
#10189 = SURFACE_SIDE_STYLE('',(#10190));
#10190 = SURFACE_STYLE_FILL_AREA(#10191);
#10191 = FILL_AREA_STYLE('',(#10192));
#10192 = FILL_AREA_STYLE_COLOUR('',#9898);
#10193 = OVER_RIDING_STYLED_ITEM('overriding color',(#10194),#3409,#9853
  );
#10194 = PRESENTATION_STYLE_ASSIGNMENT((#10195));
#10195 = SURFACE_STYLE_USAGE(.BOTH.,#10196);
#10196 = SURFACE_SIDE_STYLE('',(#10197));
#10197 = SURFACE_STYLE_FILL_AREA(#10198);
#10198 = FILL_AREA_STYLE('',(#10199));
#10199 = FILL_AREA_STYLE_COLOUR('',#9898);
#10200 = OVER_RIDING_STYLED_ITEM('overriding color',(#10201),#3426,#9853
  );
#10201 = PRESENTATION_STYLE_ASSIGNMENT((#10202));
#10202 = SURFACE_STYLE_USAGE(.BOTH.,#10203);
#10203 = SURFACE_SIDE_STYLE('',(#10204));
#10204 = SURFACE_STYLE_FILL_AREA(#10205);
#10205 = FILL_AREA_STYLE('',(#10206));
#10206 = FILL_AREA_STYLE_COLOUR('',#9898);
#10207 = OVER_RIDING_STYLED_ITEM('overriding color',(#10208),#3457,#9853
  );
#10208 = PRESENTATION_STYLE_ASSIGNMENT((#10209));
#10209 = SURFACE_STYLE_USAGE(.BOTH.,#10210);
#10210 = SURFACE_SIDE_STYLE('',(#10211));
#10211 = SURFACE_STYLE_FILL_AREA(#10212);
#10212 = FILL_AREA_STYLE('',(#10213));
#10213 = FILL_AREA_STYLE_COLOUR('',#9898);
#10214 = OVER_RIDING_STYLED_ITEM('overriding color',(#10215),#3481,#9853
  );
#10215 = PRESENTATION_STYLE_ASSIGNMENT((#10216));
#10216 = SURFACE_STYLE_USAGE(.BOTH.,#10217);
#10217 = SURFACE_SIDE_STYLE('',(#10218));
#10218 = SURFACE_STYLE_FILL_AREA(#10219);
#10219 = FILL_AREA_STYLE('',(#10220));
#10220 = FILL_AREA_STYLE_COLOUR('',#9898);
#10221 = OVER_RIDING_STYLED_ITEM('overriding color',(#10222),#3505,#9853
  );
#10222 = PRESENTATION_STYLE_ASSIGNMENT((#10223));
#10223 = SURFACE_STYLE_USAGE(.BOTH.,#10224);
#10224 = SURFACE_SIDE_STYLE('',(#10225));
#10225 = SURFACE_STYLE_FILL_AREA(#10226);
#10226 = FILL_AREA_STYLE('',(#10227));
#10227 = FILL_AREA_STYLE_COLOUR('',#9898);
#10228 = OVER_RIDING_STYLED_ITEM('overriding color',(#10229),#3522,#9853
  );
#10229 = PRESENTATION_STYLE_ASSIGNMENT((#10230));
#10230 = SURFACE_STYLE_USAGE(.BOTH.,#10231);
#10231 = SURFACE_SIDE_STYLE('',(#10232));
#10232 = SURFACE_STYLE_FILL_AREA(#10233);
#10233 = FILL_AREA_STYLE('',(#10234));
#10234 = FILL_AREA_STYLE_COLOUR('',#9898);
#10235 = OVER_RIDING_STYLED_ITEM('overriding color',(#10236),#3553,#9853
  );
#10236 = PRESENTATION_STYLE_ASSIGNMENT((#10237));
#10237 = SURFACE_STYLE_USAGE(.BOTH.,#10238);
#10238 = SURFACE_SIDE_STYLE('',(#10239));
#10239 = SURFACE_STYLE_FILL_AREA(#10240);
#10240 = FILL_AREA_STYLE('',(#10241));
#10241 = FILL_AREA_STYLE_COLOUR('',#9898);
#10242 = OVER_RIDING_STYLED_ITEM('overriding color',(#10243),#3577,#9853
  );
#10243 = PRESENTATION_STYLE_ASSIGNMENT((#10244));
#10244 = SURFACE_STYLE_USAGE(.BOTH.,#10245);
#10245 = SURFACE_SIDE_STYLE('',(#10246));
#10246 = SURFACE_STYLE_FILL_AREA(#10247);
#10247 = FILL_AREA_STYLE('',(#10248));
#10248 = FILL_AREA_STYLE_COLOUR('',#9898);
#10249 = OVER_RIDING_STYLED_ITEM('overriding color',(#10250),#3601,#9853
  );
#10250 = PRESENTATION_STYLE_ASSIGNMENT((#10251));
#10251 = SURFACE_STYLE_USAGE(.BOTH.,#10252);
#10252 = SURFACE_SIDE_STYLE('',(#10253));
#10253 = SURFACE_STYLE_FILL_AREA(#10254);
#10254 = FILL_AREA_STYLE('',(#10255));
#10255 = FILL_AREA_STYLE_COLOUR('',#9898);
#10256 = OVER_RIDING_STYLED_ITEM('overriding color',(#10257),#3618,#9853
  );
#10257 = PRESENTATION_STYLE_ASSIGNMENT((#10258));
#10258 = SURFACE_STYLE_USAGE(.BOTH.,#10259);
#10259 = SURFACE_SIDE_STYLE('',(#10260));
#10260 = SURFACE_STYLE_FILL_AREA(#10261);
#10261 = FILL_AREA_STYLE('',(#10262));
#10262 = FILL_AREA_STYLE_COLOUR('',#9898);
#10263 = OVER_RIDING_STYLED_ITEM('overriding color',(#10264),#3630,#9853
  );
#10264 = PRESENTATION_STYLE_ASSIGNMENT((#10265));
#10265 = SURFACE_STYLE_USAGE(.BOTH.,#10266);
#10266 = SURFACE_SIDE_STYLE('',(#10267));
#10267 = SURFACE_STYLE_FILL_AREA(#10268);
#10268 = FILL_AREA_STYLE('',(#10269));
#10269 = FILL_AREA_STYLE_COLOUR('',#9898);
#10270 = OVER_RIDING_STYLED_ITEM('overriding color',(#10271),#3642,#9853
  );
#10271 = PRESENTATION_STYLE_ASSIGNMENT((#10272));
#10272 = SURFACE_STYLE_USAGE(.BOTH.,#10273);
#10273 = SURFACE_SIDE_STYLE('',(#10274));
#10274 = SURFACE_STYLE_FILL_AREA(#10275);
#10275 = FILL_AREA_STYLE('',(#10276));
#10276 = FILL_AREA_STYLE_COLOUR('',#9898);
#10277 = OVER_RIDING_STYLED_ITEM('overriding color',(#10278),#3654,#9853
  );
#10278 = PRESENTATION_STYLE_ASSIGNMENT((#10279));
#10279 = SURFACE_STYLE_USAGE(.BOTH.,#10280);
#10280 = SURFACE_SIDE_STYLE('',(#10281));
#10281 = SURFACE_STYLE_FILL_AREA(#10282);
#10282 = FILL_AREA_STYLE('',(#10283));
#10283 = FILL_AREA_STYLE_COLOUR('',#9898);
#10284 = OVER_RIDING_STYLED_ITEM('overriding color',(#10285),#3666,#9853
  );
#10285 = PRESENTATION_STYLE_ASSIGNMENT((#10286));
#10286 = SURFACE_STYLE_USAGE(.BOTH.,#10287);
#10287 = SURFACE_SIDE_STYLE('',(#10288));
#10288 = SURFACE_STYLE_FILL_AREA(#10289);
#10289 = FILL_AREA_STYLE('',(#10290));
#10290 = FILL_AREA_STYLE_COLOUR('',#9898);
#10291 = OVER_RIDING_STYLED_ITEM('overriding color',(#10292),#3678,#9853
  );
#10292 = PRESENTATION_STYLE_ASSIGNMENT((#10293));
#10293 = SURFACE_STYLE_USAGE(.BOTH.,#10294);
#10294 = SURFACE_SIDE_STYLE('',(#10295));
#10295 = SURFACE_STYLE_FILL_AREA(#10296);
#10296 = FILL_AREA_STYLE('',(#10297));
#10297 = FILL_AREA_STYLE_COLOUR('',#9898);
#10298 = OVER_RIDING_STYLED_ITEM('overriding color',(#10299),#3690,#9853
  );
#10299 = PRESENTATION_STYLE_ASSIGNMENT((#10300));
#10300 = SURFACE_STYLE_USAGE(.BOTH.,#10301);
#10301 = SURFACE_SIDE_STYLE('',(#10302));
#10302 = SURFACE_STYLE_FILL_AREA(#10303);
#10303 = FILL_AREA_STYLE('',(#10304));
#10304 = FILL_AREA_STYLE_COLOUR('',#9898);
#10305 = OVER_RIDING_STYLED_ITEM('overriding color',(#10306),#3702,#9853
  );
#10306 = PRESENTATION_STYLE_ASSIGNMENT((#10307));
#10307 = SURFACE_STYLE_USAGE(.BOTH.,#10308);
#10308 = SURFACE_SIDE_STYLE('',(#10309));
#10309 = SURFACE_STYLE_FILL_AREA(#10310);
#10310 = FILL_AREA_STYLE('',(#10311));
#10311 = FILL_AREA_STYLE_COLOUR('',#9898);
#10312 = OVER_RIDING_STYLED_ITEM('overriding color',(#10313),#3714,#9853
  );
#10313 = PRESENTATION_STYLE_ASSIGNMENT((#10314));
#10314 = SURFACE_STYLE_USAGE(.BOTH.,#10315);
#10315 = SURFACE_SIDE_STYLE('',(#10316));
#10316 = SURFACE_STYLE_FILL_AREA(#10317);
#10317 = FILL_AREA_STYLE('',(#10318));
#10318 = FILL_AREA_STYLE_COLOUR('',#9898);
#10319 = OVER_RIDING_STYLED_ITEM('overriding color',(#10320),#3726,#9853
  );
#10320 = PRESENTATION_STYLE_ASSIGNMENT((#10321));
#10321 = SURFACE_STYLE_USAGE(.BOTH.,#10322);
#10322 = SURFACE_SIDE_STYLE('',(#10323));
#10323 = SURFACE_STYLE_FILL_AREA(#10324);
#10324 = FILL_AREA_STYLE('',(#10325));
#10325 = FILL_AREA_STYLE_COLOUR('',#9898);
#10326 = OVER_RIDING_STYLED_ITEM('overriding color',(#10327),#3738,#9853
  );
#10327 = PRESENTATION_STYLE_ASSIGNMENT((#10328));
#10328 = SURFACE_STYLE_USAGE(.BOTH.,#10329);
#10329 = SURFACE_SIDE_STYLE('',(#10330));
#10330 = SURFACE_STYLE_FILL_AREA(#10331);
#10331 = FILL_AREA_STYLE('',(#10332));
#10332 = FILL_AREA_STYLE_COLOUR('',#9898);
#10333 = OVER_RIDING_STYLED_ITEM('overriding color',(#10334),#3750,#9853
  );
#10334 = PRESENTATION_STYLE_ASSIGNMENT((#10335));
#10335 = SURFACE_STYLE_USAGE(.BOTH.,#10336);
#10336 = SURFACE_SIDE_STYLE('',(#10337));
#10337 = SURFACE_STYLE_FILL_AREA(#10338);
#10338 = FILL_AREA_STYLE('',(#10339));
#10339 = FILL_AREA_STYLE_COLOUR('',#9890);
#10340 = MECHANICAL_DESIGN_GEOMETRIC_PRESENTATION_REPRESENTATION('',(
    #10341,#10351,#10360,#10369,#10378,#10387,#10396,#10405,#10414,
    #10423,#10432,#10441,#10450,#10459,#10468,#10477,#10486,#10495,
    #10504,#10513,#10522,#10531,#10540,#10549,#10558,#10567),#7749);
#10341 = STYLED_ITEM('color',(#10342),#3788);
#10342 = PRESENTATION_STYLE_ASSIGNMENT((#10343));
#10343 = SURFACE_STYLE_USAGE(.BOTH.,#10344);
#10344 = SURFACE_SIDE_STYLE('',(#10345,#10349));
#10345 = SURFACE_STYLE_FILL_AREA(#10346);
#10346 = FILL_AREA_STYLE('',(#10347));
#10347 = FILL_AREA_STYLE_COLOUR('',#10348);
#10348 = DRAUGHTING_PRE_DEFINED_COLOUR('white');
#10349 = SURFACE_STYLE_RENDERING_WITH_PROPERTIES(.NORMAL_SHADING.,#10348
  ,(#10350));
#10350 = SURFACE_STYLE_TRANSPARENT(0.100000023842);
#10351 = STYLED_ITEM('color',(#10352),#3937);
#10352 = PRESENTATION_STYLE_ASSIGNMENT((#10353));
#10353 = SURFACE_STYLE_USAGE(.BOTH.,#10354);
#10354 = SURFACE_SIDE_STYLE('',(#10355,#10358));
#10355 = SURFACE_STYLE_FILL_AREA(#10356);
#10356 = FILL_AREA_STYLE('',(#10357));
#10357 = FILL_AREA_STYLE_COLOUR('',#10348);
#10358 = SURFACE_STYLE_RENDERING_WITH_PROPERTIES(.NORMAL_SHADING.,#10348
  ,(#10359));
#10359 = SURFACE_STYLE_TRANSPARENT(0.100000023842);
#10360 = STYLED_ITEM('color',(#10361),#4006);
#10361 = PRESENTATION_STYLE_ASSIGNMENT((#10362));
#10362 = SURFACE_STYLE_USAGE(.BOTH.,#10363);
#10363 = SURFACE_SIDE_STYLE('',(#10364,#10367));
#10364 = SURFACE_STYLE_FILL_AREA(#10365);
#10365 = FILL_AREA_STYLE('',(#10366));
#10366 = FILL_AREA_STYLE_COLOUR('',#10348);
#10367 = SURFACE_STYLE_RENDERING_WITH_PROPERTIES(.NORMAL_SHADING.,#10348
  ,(#10368));
#10368 = SURFACE_STYLE_TRANSPARENT(0.100000023842);
#10369 = STYLED_ITEM('color',(#10370),#4241);
#10370 = PRESENTATION_STYLE_ASSIGNMENT((#10371));
#10371 = SURFACE_STYLE_USAGE(.BOTH.,#10372);
#10372 = SURFACE_SIDE_STYLE('',(#10373,#10376));
#10373 = SURFACE_STYLE_FILL_AREA(#10374);
#10374 = FILL_AREA_STYLE('',(#10375));
#10375 = FILL_AREA_STYLE_COLOUR('',#10348);
#10376 = SURFACE_STYLE_RENDERING_WITH_PROPERTIES(.NORMAL_SHADING.,#10348
  ,(#10377));
#10377 = SURFACE_STYLE_TRANSPARENT(0.100000023842);
#10378 = STYLED_ITEM('color',(#10379),#4332);
#10379 = PRESENTATION_STYLE_ASSIGNMENT((#10380));
#10380 = SURFACE_STYLE_USAGE(.BOTH.,#10381);
#10381 = SURFACE_SIDE_STYLE('',(#10382,#10385));
#10382 = SURFACE_STYLE_FILL_AREA(#10383);
#10383 = FILL_AREA_STYLE('',(#10384));
#10384 = FILL_AREA_STYLE_COLOUR('',#10348);
#10385 = SURFACE_STYLE_RENDERING_WITH_PROPERTIES(.NORMAL_SHADING.,#10348
  ,(#10386));
#10386 = SURFACE_STYLE_TRANSPARENT(0.100000023842);
#10387 = STYLED_ITEM('color',(#10388),#4409);
#10388 = PRESENTATION_STYLE_ASSIGNMENT((#10389));
#10389 = SURFACE_STYLE_USAGE(.BOTH.,#10390);
#10390 = SURFACE_SIDE_STYLE('',(#10391,#10394));
#10391 = SURFACE_STYLE_FILL_AREA(#10392);
#10392 = FILL_AREA_STYLE('',(#10393));
#10393 = FILL_AREA_STYLE_COLOUR('',#10348);
#10394 = SURFACE_STYLE_RENDERING_WITH_PROPERTIES(.NORMAL_SHADING.,#10348
  ,(#10395));
#10395 = SURFACE_STYLE_TRANSPARENT(0.100000023842);
#10396 = STYLED_ITEM('color',(#10397),#4584);
#10397 = PRESENTATION_STYLE_ASSIGNMENT((#10398));
#10398 = SURFACE_STYLE_USAGE(.BOTH.,#10399);
#10399 = SURFACE_SIDE_STYLE('',(#10400,#10403));
#10400 = SURFACE_STYLE_FILL_AREA(#10401);
#10401 = FILL_AREA_STYLE('',(#10402));
#10402 = FILL_AREA_STYLE_COLOUR('',#10348);
#10403 = SURFACE_STYLE_RENDERING_WITH_PROPERTIES(.NORMAL_SHADING.,#10348
  ,(#10404));
#10404 = SURFACE_STYLE_TRANSPARENT(0.100000023842);
#10405 = STYLED_ITEM('color',(#10406),#4791);
#10406 = PRESENTATION_STYLE_ASSIGNMENT((#10407));
#10407 = SURFACE_STYLE_USAGE(.BOTH.,#10408);
#10408 = SURFACE_SIDE_STYLE('',(#10409,#10412));
#10409 = SURFACE_STYLE_FILL_AREA(#10410);
#10410 = FILL_AREA_STYLE('',(#10411));
#10411 = FILL_AREA_STYLE_COLOUR('',#10348);
#10412 = SURFACE_STYLE_RENDERING_WITH_PROPERTIES(.NORMAL_SHADING.,#10348
  ,(#10413));
#10413 = SURFACE_STYLE_TRANSPARENT(0.100000023842);
#10414 = STYLED_ITEM('color',(#10415),#4940);
#10415 = PRESENTATION_STYLE_ASSIGNMENT((#10416));
#10416 = SURFACE_STYLE_USAGE(.BOTH.,#10417);
#10417 = SURFACE_SIDE_STYLE('',(#10418,#10421));
#10418 = SURFACE_STYLE_FILL_AREA(#10419);
#10419 = FILL_AREA_STYLE('',(#10420));
#10420 = FILL_AREA_STYLE_COLOUR('',#10348);
#10421 = SURFACE_STYLE_RENDERING_WITH_PROPERTIES(.NORMAL_SHADING.,#10348
  ,(#10422));
#10422 = SURFACE_STYLE_TRANSPARENT(0.100000023842);
#10423 = STYLED_ITEM('color',(#10424),#5115);
#10424 = PRESENTATION_STYLE_ASSIGNMENT((#10425));
#10425 = SURFACE_STYLE_USAGE(.BOTH.,#10426);
#10426 = SURFACE_SIDE_STYLE('',(#10427,#10430));
#10427 = SURFACE_STYLE_FILL_AREA(#10428);
#10428 = FILL_AREA_STYLE('',(#10429));
#10429 = FILL_AREA_STYLE_COLOUR('',#10348);
#10430 = SURFACE_STYLE_RENDERING_WITH_PROPERTIES(.NORMAL_SHADING.,#10348
  ,(#10431));
#10431 = SURFACE_STYLE_TRANSPARENT(0.100000023842);
#10432 = STYLED_ITEM('color',(#10433),#5417);
#10433 = PRESENTATION_STYLE_ASSIGNMENT((#10434));
#10434 = SURFACE_STYLE_USAGE(.BOTH.,#10435);
#10435 = SURFACE_SIDE_STYLE('',(#10436,#10439));
#10436 = SURFACE_STYLE_FILL_AREA(#10437);
#10437 = FILL_AREA_STYLE('',(#10438));
#10438 = FILL_AREA_STYLE_COLOUR('',#10348);
#10439 = SURFACE_STYLE_RENDERING_WITH_PROPERTIES(.NORMAL_SHADING.,#10348
  ,(#10440));
#10440 = SURFACE_STYLE_TRANSPARENT(0.100000023842);
#10441 = STYLED_ITEM('color',(#10442),#5536);
#10442 = PRESENTATION_STYLE_ASSIGNMENT((#10443));
#10443 = SURFACE_STYLE_USAGE(.BOTH.,#10444);
#10444 = SURFACE_SIDE_STYLE('',(#10445,#10448));
#10445 = SURFACE_STYLE_FILL_AREA(#10446);
#10446 = FILL_AREA_STYLE('',(#10447));
#10447 = FILL_AREA_STYLE_COLOUR('',#10348);
#10448 = SURFACE_STYLE_RENDERING_WITH_PROPERTIES(.NORMAL_SHADING.,#10348
  ,(#10449));
#10449 = SURFACE_STYLE_TRANSPARENT(0.100000023842);
#10450 = STYLED_ITEM('color',(#10451),#5722);
#10451 = PRESENTATION_STYLE_ASSIGNMENT((#10452));
#10452 = SURFACE_STYLE_USAGE(.BOTH.,#10453);
#10453 = SURFACE_SIDE_STYLE('',(#10454,#10457));
#10454 = SURFACE_STYLE_FILL_AREA(#10455);
#10455 = FILL_AREA_STYLE('',(#10456));
#10456 = FILL_AREA_STYLE_COLOUR('',#10348);
#10457 = SURFACE_STYLE_RENDERING_WITH_PROPERTIES(.NORMAL_SHADING.,#10348
  ,(#10458));
#10458 = SURFACE_STYLE_TRANSPARENT(0.100000023842);
#10459 = STYLED_ITEM('color',(#10460),#5774);
#10460 = PRESENTATION_STYLE_ASSIGNMENT((#10461));
#10461 = SURFACE_STYLE_USAGE(.BOTH.,#10462);
#10462 = SURFACE_SIDE_STYLE('',(#10463,#10466));
#10463 = SURFACE_STYLE_FILL_AREA(#10464);
#10464 = FILL_AREA_STYLE('',(#10465));
#10465 = FILL_AREA_STYLE_COLOUR('',#10348);
#10466 = SURFACE_STYLE_RENDERING_WITH_PROPERTIES(.NORMAL_SHADING.,#10348
  ,(#10467));
#10467 = SURFACE_STYLE_TRANSPARENT(0.100000023842);
#10468 = STYLED_ITEM('color',(#10469),#5851);
#10469 = PRESENTATION_STYLE_ASSIGNMENT((#10470));
#10470 = SURFACE_STYLE_USAGE(.BOTH.,#10471);
#10471 = SURFACE_SIDE_STYLE('',(#10472,#10475));
#10472 = SURFACE_STYLE_FILL_AREA(#10473);
#10473 = FILL_AREA_STYLE('',(#10474));
#10474 = FILL_AREA_STYLE_COLOUR('',#10348);
#10475 = SURFACE_STYLE_RENDERING_WITH_PROPERTIES(.NORMAL_SHADING.,#10348
  ,(#10476));
#10476 = SURFACE_STYLE_TRANSPARENT(0.100000023842);
#10477 = STYLED_ITEM('color',(#10478),#6092);
#10478 = PRESENTATION_STYLE_ASSIGNMENT((#10479));
#10479 = SURFACE_STYLE_USAGE(.BOTH.,#10480);
#10480 = SURFACE_SIDE_STYLE('',(#10481,#10484));
#10481 = SURFACE_STYLE_FILL_AREA(#10482);
#10482 = FILL_AREA_STYLE('',(#10483));
#10483 = FILL_AREA_STYLE_COLOUR('',#10348);
#10484 = SURFACE_STYLE_RENDERING_WITH_PROPERTIES(.NORMAL_SHADING.,#10348
  ,(#10485));
#10485 = SURFACE_STYLE_TRANSPARENT(0.100000023842);
#10486 = STYLED_ITEM('color',(#10487),#6307);
#10487 = PRESENTATION_STYLE_ASSIGNMENT((#10488));
#10488 = SURFACE_STYLE_USAGE(.BOTH.,#10489);
#10489 = SURFACE_SIDE_STYLE('',(#10490,#10493));
#10490 = SURFACE_STYLE_FILL_AREA(#10491);
#10491 = FILL_AREA_STYLE('',(#10492));
#10492 = FILL_AREA_STYLE_COLOUR('',#10348);
#10493 = SURFACE_STYLE_RENDERING_WITH_PROPERTIES(.NORMAL_SHADING.,#10348
  ,(#10494));
#10494 = SURFACE_STYLE_TRANSPARENT(0.100000023842);
#10495 = STYLED_ITEM('color',(#10496),#6478);
#10496 = PRESENTATION_STYLE_ASSIGNMENT((#10497));
#10497 = SURFACE_STYLE_USAGE(.BOTH.,#10498);
#10498 = SURFACE_SIDE_STYLE('',(#10499,#10502));
#10499 = SURFACE_STYLE_FILL_AREA(#10500);
#10500 = FILL_AREA_STYLE('',(#10501));
#10501 = FILL_AREA_STYLE_COLOUR('',#10348);
#10502 = SURFACE_STYLE_RENDERING_WITH_PROPERTIES(.NORMAL_SHADING.,#10348
  ,(#10503));
#10503 = SURFACE_STYLE_TRANSPARENT(0.100000023842);
#10504 = STYLED_ITEM('color',(#10505),#6627);
#10505 = PRESENTATION_STYLE_ASSIGNMENT((#10506));
#10506 = SURFACE_STYLE_USAGE(.BOTH.,#10507);
#10507 = SURFACE_SIDE_STYLE('',(#10508,#10511));
#10508 = SURFACE_STYLE_FILL_AREA(#10509);
#10509 = FILL_AREA_STYLE('',(#10510));
#10510 = FILL_AREA_STYLE_COLOUR('',#10348);
#10511 = SURFACE_STYLE_RENDERING_WITH_PROPERTIES(.NORMAL_SHADING.,#10348
  ,(#10512));
#10512 = SURFACE_STYLE_TRANSPARENT(0.100000023842);
#10513 = STYLED_ITEM('color',(#10514),#6786);
#10514 = PRESENTATION_STYLE_ASSIGNMENT((#10515));
#10515 = SURFACE_STYLE_USAGE(.BOTH.,#10516);
#10516 = SURFACE_SIDE_STYLE('',(#10517,#10520));
#10517 = SURFACE_STYLE_FILL_AREA(#10518);
#10518 = FILL_AREA_STYLE('',(#10519));
#10519 = FILL_AREA_STYLE_COLOUR('',#10348);
#10520 = SURFACE_STYLE_RENDERING_WITH_PROPERTIES(.NORMAL_SHADING.,#10348
  ,(#10521));
#10521 = SURFACE_STYLE_TRANSPARENT(0.100000023842);
#10522 = STYLED_ITEM('color',(#10523),#6945);
#10523 = PRESENTATION_STYLE_ASSIGNMENT((#10524));
#10524 = SURFACE_STYLE_USAGE(.BOTH.,#10525);
#10525 = SURFACE_SIDE_STYLE('',(#10526,#10529));
#10526 = SURFACE_STYLE_FILL_AREA(#10527);
#10527 = FILL_AREA_STYLE('',(#10528));
#10528 = FILL_AREA_STYLE_COLOUR('',#10348);
#10529 = SURFACE_STYLE_RENDERING_WITH_PROPERTIES(.NORMAL_SHADING.,#10348
  ,(#10530));
#10530 = SURFACE_STYLE_TRANSPARENT(0.100000023842);
#10531 = STYLED_ITEM('color',(#10532),#7153);
#10532 = PRESENTATION_STYLE_ASSIGNMENT((#10533));
#10533 = SURFACE_STYLE_USAGE(.BOTH.,#10534);
#10534 = SURFACE_SIDE_STYLE('',(#10535,#10538));
#10535 = SURFACE_STYLE_FILL_AREA(#10536);
#10536 = FILL_AREA_STYLE('',(#10537));
#10537 = FILL_AREA_STYLE_COLOUR('',#10348);
#10538 = SURFACE_STYLE_RENDERING_WITH_PROPERTIES(.NORMAL_SHADING.,#10348
  ,(#10539));
#10539 = SURFACE_STYLE_TRANSPARENT(0.100000023842);
#10540 = STYLED_ITEM('color',(#10541),#7205);
#10541 = PRESENTATION_STYLE_ASSIGNMENT((#10542));
#10542 = SURFACE_STYLE_USAGE(.BOTH.,#10543);
#10543 = SURFACE_SIDE_STYLE('',(#10544,#10547));
#10544 = SURFACE_STYLE_FILL_AREA(#10545);
#10545 = FILL_AREA_STYLE('',(#10546));
#10546 = FILL_AREA_STYLE_COLOUR('',#10348);
#10547 = SURFACE_STYLE_RENDERING_WITH_PROPERTIES(.NORMAL_SHADING.,#10348
  ,(#10548));
#10548 = SURFACE_STYLE_TRANSPARENT(0.100000023842);
#10549 = STYLED_ITEM('color',(#10550),#7413);
#10550 = PRESENTATION_STYLE_ASSIGNMENT((#10551));
#10551 = SURFACE_STYLE_USAGE(.BOTH.,#10552);
#10552 = SURFACE_SIDE_STYLE('',(#10553,#10556));
#10553 = SURFACE_STYLE_FILL_AREA(#10554);
#10554 = FILL_AREA_STYLE('',(#10555));
#10555 = FILL_AREA_STYLE_COLOUR('',#10348);
#10556 = SURFACE_STYLE_RENDERING_WITH_PROPERTIES(.NORMAL_SHADING.,#10348
  ,(#10557));
#10557 = SURFACE_STYLE_TRANSPARENT(0.100000023842);
#10558 = STYLED_ITEM('color',(#10559),#7574);
#10559 = PRESENTATION_STYLE_ASSIGNMENT((#10560));
#10560 = SURFACE_STYLE_USAGE(.BOTH.,#10561);
#10561 = SURFACE_SIDE_STYLE('',(#10562,#10565));
#10562 = SURFACE_STYLE_FILL_AREA(#10563);
#10563 = FILL_AREA_STYLE('',(#10564));
#10564 = FILL_AREA_STYLE_COLOUR('',#10348);
#10565 = SURFACE_STYLE_RENDERING_WITH_PROPERTIES(.NORMAL_SHADING.,#10348
  ,(#10566));
#10566 = SURFACE_STYLE_TRANSPARENT(0.100000023842);
#10567 = STYLED_ITEM('color',(#10568),#7660);
#10568 = PRESENTATION_STYLE_ASSIGNMENT((#10569));
#10569 = SURFACE_STYLE_USAGE(.BOTH.,#10570);
#10570 = SURFACE_SIDE_STYLE('',(#10571,#10574));
#10571 = SURFACE_STYLE_FILL_AREA(#10572);
#10572 = FILL_AREA_STYLE('',(#10573));
#10573 = FILL_AREA_STYLE_COLOUR('',#10348);
#10574 = SURFACE_STYLE_RENDERING_WITH_PROPERTIES(.NORMAL_SHADING.,#10348
  ,(#10575));
#10575 = SURFACE_STYLE_TRANSPARENT(0.100000023842);
#10576 = MECHANICAL_DESIGN_GEOMETRIC_PRESENTATION_REPRESENTATION('',(
    #10577,#10586,#10595,#10604,#10613,#10622,#10631,#10640,#10649,
    #10658,#10667),#9006);
#10577 = STYLED_ITEM('color',(#10578),#7770);
#10578 = PRESENTATION_STYLE_ASSIGNMENT((#10579));
#10579 = SURFACE_STYLE_USAGE(.BOTH.,#10580);
#10580 = SURFACE_SIDE_STYLE('',(#10581,#10584));
#10581 = SURFACE_STYLE_FILL_AREA(#10582);
#10582 = FILL_AREA_STYLE('',(#10583));
#10583 = FILL_AREA_STYLE_COLOUR('',#10348);
#10584 = SURFACE_STYLE_RENDERING_WITH_PROPERTIES(.NORMAL_SHADING.,#10348
  ,(#10585));
#10585 = SURFACE_STYLE_TRANSPARENT(0.100000023842);
#10586 = STYLED_ITEM('color',(#10587),#7847);
#10587 = PRESENTATION_STYLE_ASSIGNMENT((#10588));
#10588 = SURFACE_STYLE_USAGE(.BOTH.,#10589);
#10589 = SURFACE_SIDE_STYLE('',(#10590,#10593));
#10590 = SURFACE_STYLE_FILL_AREA(#10591);
#10591 = FILL_AREA_STYLE('',(#10592));
#10592 = FILL_AREA_STYLE_COLOUR('',#10348);
#10593 = SURFACE_STYLE_RENDERING_WITH_PROPERTIES(.NORMAL_SHADING.,#10348
  ,(#10594));
#10594 = SURFACE_STYLE_TRANSPARENT(0.100000023842);
#10595 = STYLED_ITEM('color',(#10596),#7924);
#10596 = PRESENTATION_STYLE_ASSIGNMENT((#10597));
#10597 = SURFACE_STYLE_USAGE(.BOTH.,#10598);
#10598 = SURFACE_SIDE_STYLE('',(#10599,#10602));
#10599 = SURFACE_STYLE_FILL_AREA(#10600);
#10600 = FILL_AREA_STYLE('',(#10601));
#10601 = FILL_AREA_STYLE_COLOUR('',#10348);
#10602 = SURFACE_STYLE_RENDERING_WITH_PROPERTIES(.NORMAL_SHADING.,#10348
  ,(#10603));
#10603 = SURFACE_STYLE_TRANSPARENT(0.100000023842);
#10604 = STYLED_ITEM('color',(#10605),#8590);
#10605 = PRESENTATION_STYLE_ASSIGNMENT((#10606));
#10606 = SURFACE_STYLE_USAGE(.BOTH.,#10607);
#10607 = SURFACE_SIDE_STYLE('',(#10608,#10611));
#10608 = SURFACE_STYLE_FILL_AREA(#10609);
#10609 = FILL_AREA_STYLE('',(#10610));
#10610 = FILL_AREA_STYLE_COLOUR('',#10348);
#10611 = SURFACE_STYLE_RENDERING_WITH_PROPERTIES(.NORMAL_SHADING.,#10348
  ,(#10612));
#10612 = SURFACE_STYLE_TRANSPARENT(0.100000023842);
#10613 = STYLED_ITEM('color',(#10614),#8659);
#10614 = PRESENTATION_STYLE_ASSIGNMENT((#10615));
#10615 = SURFACE_STYLE_USAGE(.BOTH.,#10616);
#10616 = SURFACE_SIDE_STYLE('',(#10617,#10620));
#10617 = SURFACE_STYLE_FILL_AREA(#10618);
#10618 = FILL_AREA_STYLE('',(#10619));
#10619 = FILL_AREA_STYLE_COLOUR('',#10348);
#10620 = SURFACE_STYLE_RENDERING_WITH_PROPERTIES(.NORMAL_SHADING.,#10348
  ,(#10621));
#10621 = SURFACE_STYLE_TRANSPARENT(0.100000023842);
#10622 = STYLED_ITEM('color',(#10623),#8711);
#10623 = PRESENTATION_STYLE_ASSIGNMENT((#10624));
#10624 = SURFACE_STYLE_USAGE(.BOTH.,#10625);
#10625 = SURFACE_SIDE_STYLE('',(#10626,#10629));
#10626 = SURFACE_STYLE_FILL_AREA(#10627);
#10627 = FILL_AREA_STYLE('',(#10628));
#10628 = FILL_AREA_STYLE_COLOUR('',#10348);
#10629 = SURFACE_STYLE_RENDERING_WITH_PROPERTIES(.NORMAL_SHADING.,#10348
  ,(#10630));
#10630 = SURFACE_STYLE_TRANSPARENT(0.100000023842);
#10631 = STYLED_ITEM('color',(#10632),#8755);
#10632 = PRESENTATION_STYLE_ASSIGNMENT((#10633));
#10633 = SURFACE_STYLE_USAGE(.BOTH.,#10634);
#10634 = SURFACE_SIDE_STYLE('',(#10635,#10638));
#10635 = SURFACE_STYLE_FILL_AREA(#10636);
#10636 = FILL_AREA_STYLE('',(#10637));
#10637 = FILL_AREA_STYLE_COLOUR('',#10348);
#10638 = SURFACE_STYLE_RENDERING_WITH_PROPERTIES(.NORMAL_SHADING.,#10348
  ,(#10639));
#10639 = SURFACE_STYLE_TRANSPARENT(0.100000023842);
#10640 = STYLED_ITEM('color',(#10641),#8807);
#10641 = PRESENTATION_STYLE_ASSIGNMENT((#10642));
#10642 = SURFACE_STYLE_USAGE(.BOTH.,#10643);
#10643 = SURFACE_SIDE_STYLE('',(#10644,#10647));
#10644 = SURFACE_STYLE_FILL_AREA(#10645);
#10645 = FILL_AREA_STYLE('',(#10646));
#10646 = FILL_AREA_STYLE_COLOUR('',#10348);
#10647 = SURFACE_STYLE_RENDERING_WITH_PROPERTIES(.NORMAL_SHADING.,#10348
  ,(#10648));
#10648 = SURFACE_STYLE_TRANSPARENT(0.100000023842);
#10649 = STYLED_ITEM('color',(#10650),#8859);
#10650 = PRESENTATION_STYLE_ASSIGNMENT((#10651));
#10651 = SURFACE_STYLE_USAGE(.BOTH.,#10652);
#10652 = SURFACE_SIDE_STYLE('',(#10653,#10656));
#10653 = SURFACE_STYLE_FILL_AREA(#10654);
#10654 = FILL_AREA_STYLE('',(#10655));
#10655 = FILL_AREA_STYLE_COLOUR('',#10348);
#10656 = SURFACE_STYLE_RENDERING_WITH_PROPERTIES(.NORMAL_SHADING.,#10348
  ,(#10657));
#10657 = SURFACE_STYLE_TRANSPARENT(0.100000023842);
#10658 = STYLED_ITEM('color',(#10659),#8903);
#10659 = PRESENTATION_STYLE_ASSIGNMENT((#10660));
#10660 = SURFACE_STYLE_USAGE(.BOTH.,#10661);
#10661 = SURFACE_SIDE_STYLE('',(#10662,#10665));
#10662 = SURFACE_STYLE_FILL_AREA(#10663);
#10663 = FILL_AREA_STYLE('',(#10664));
#10664 = FILL_AREA_STYLE_COLOUR('',#10348);
#10665 = SURFACE_STYLE_RENDERING_WITH_PROPERTIES(.NORMAL_SHADING.,#10348
  ,(#10666));
#10666 = SURFACE_STYLE_TRANSPARENT(0.100000023842);
#10667 = STYLED_ITEM('color',(#10668),#8964);
#10668 = PRESENTATION_STYLE_ASSIGNMENT((#10669));
#10669 = SURFACE_STYLE_USAGE(.BOTH.,#10670);
#10670 = SURFACE_SIDE_STYLE('',(#10671,#10674));
#10671 = SURFACE_STYLE_FILL_AREA(#10672);
#10672 = FILL_AREA_STYLE('',(#10673));
#10673 = FILL_AREA_STYLE_COLOUR('',#10348);
#10674 = SURFACE_STYLE_RENDERING_WITH_PROPERTIES(.NORMAL_SHADING.,#10348
  ,(#10675));
#10675 = SURFACE_STYLE_TRANSPARENT(0.100000023842);
#10676 = MECHANICAL_DESIGN_GEOMETRIC_PRESENTATION_REPRESENTATION('',(
    #10677,#10684,#10691,#10698,#10705,#10712,#10719,#10726,#10733,
    #10740,#10747,#10754,#10761,#10768,#10775,#10782,#10789,#10796,
    #10803,#10810,#10817,#10824,#10831,#10838,#10845,#10852,#10859,
    #10866),#1826);
#10677 = STYLED_ITEM('color',(#10678),#974);
#10678 = PRESENTATION_STYLE_ASSIGNMENT((#10679));
#10679 = SURFACE_STYLE_USAGE(.BOTH.,#10680);
#10680 = SURFACE_SIDE_STYLE('',(#10681));
#10681 = SURFACE_STYLE_FILL_AREA(#10682);
#10682 = FILL_AREA_STYLE('',(#10683));
#10683 = FILL_AREA_STYLE_COLOUR('',#9652);
#10684 = STYLED_ITEM('color',(#10685),#1050);
#10685 = PRESENTATION_STYLE_ASSIGNMENT((#10686));
#10686 = SURFACE_STYLE_USAGE(.BOTH.,#10687);
#10687 = SURFACE_SIDE_STYLE('',(#10688));
#10688 = SURFACE_STYLE_FILL_AREA(#10689);
#10689 = FILL_AREA_STYLE('',(#10690));
#10690 = FILL_AREA_STYLE_COLOUR('',#9652);
#10691 = STYLED_ITEM('color',(#10692),#1081);
#10692 = PRESENTATION_STYLE_ASSIGNMENT((#10693));
#10693 = SURFACE_STYLE_USAGE(.BOTH.,#10694);
#10694 = SURFACE_SIDE_STYLE('',(#10695));
#10695 = SURFACE_STYLE_FILL_AREA(#10696);
#10696 = FILL_AREA_STYLE('',(#10697));
#10697 = FILL_AREA_STYLE_COLOUR('',#9652);
#10698 = STYLED_ITEM('color',(#10699),#1106);
#10699 = PRESENTATION_STYLE_ASSIGNMENT((#10700));
#10700 = SURFACE_STYLE_USAGE(.BOTH.,#10701);
#10701 = SURFACE_SIDE_STYLE('',(#10702));
#10702 = SURFACE_STYLE_FILL_AREA(#10703);
#10703 = FILL_AREA_STYLE('',(#10704));
#10704 = FILL_AREA_STYLE_COLOUR('',#9652);
#10705 = STYLED_ITEM('color',(#10706),#1131);
#10706 = PRESENTATION_STYLE_ASSIGNMENT((#10707));
#10707 = SURFACE_STYLE_USAGE(.BOTH.,#10708);
#10708 = SURFACE_SIDE_STYLE('',(#10709));
#10709 = SURFACE_STYLE_FILL_AREA(#10710);
#10710 = FILL_AREA_STYLE('',(#10711));
#10711 = FILL_AREA_STYLE_COLOUR('',#9652);
#10712 = STYLED_ITEM('color',(#10713),#1155);
#10713 = PRESENTATION_STYLE_ASSIGNMENT((#10714));
#10714 = SURFACE_STYLE_USAGE(.BOTH.,#10715);
#10715 = SURFACE_SIDE_STYLE('',(#10716));
#10716 = SURFACE_STYLE_FILL_AREA(#10717);
#10717 = FILL_AREA_STYLE('',(#10718));
#10718 = FILL_AREA_STYLE_COLOUR('',#9652);
#10719 = STYLED_ITEM('color',(#10720),#1179);
#10720 = PRESENTATION_STYLE_ASSIGNMENT((#10721));
#10721 = SURFACE_STYLE_USAGE(.BOTH.,#10722);
#10722 = SURFACE_SIDE_STYLE('',(#10723));
#10723 = SURFACE_STYLE_FILL_AREA(#10724);
#10724 = FILL_AREA_STYLE('',(#10725));
#10725 = FILL_AREA_STYLE_COLOUR('',#9652);
#10726 = STYLED_ITEM('color',(#10727),#1204);
#10727 = PRESENTATION_STYLE_ASSIGNMENT((#10728));
#10728 = SURFACE_STYLE_USAGE(.BOTH.,#10729);
#10729 = SURFACE_SIDE_STYLE('',(#10730));
#10730 = SURFACE_STYLE_FILL_AREA(#10731);
#10731 = FILL_AREA_STYLE('',(#10732));
#10732 = FILL_AREA_STYLE_COLOUR('',#9652);
#10733 = STYLED_ITEM('color',(#10734),#1229);
#10734 = PRESENTATION_STYLE_ASSIGNMENT((#10735));
#10735 = SURFACE_STYLE_USAGE(.BOTH.,#10736);
#10736 = SURFACE_SIDE_STYLE('',(#10737));
#10737 = SURFACE_STYLE_FILL_AREA(#10738);
#10738 = FILL_AREA_STYLE('',(#10739));
#10739 = FILL_AREA_STYLE_COLOUR('',#9652);
#10740 = STYLED_ITEM('color',(#10741),#1246);
#10741 = PRESENTATION_STYLE_ASSIGNMENT((#10742));
#10742 = SURFACE_STYLE_USAGE(.BOTH.,#10743);
#10743 = SURFACE_SIDE_STYLE('',(#10744));
#10744 = SURFACE_STYLE_FILL_AREA(#10745);
#10745 = FILL_AREA_STYLE('',(#10746));
#10746 = FILL_AREA_STYLE_COLOUR('',#9652);
#10747 = STYLED_ITEM('color',(#10748),#1332);
#10748 = PRESENTATION_STYLE_ASSIGNMENT((#10749));
#10749 = SURFACE_STYLE_USAGE(.BOTH.,#10750);
#10750 = SURFACE_SIDE_STYLE('',(#10751));
#10751 = SURFACE_STYLE_FILL_AREA(#10752);
#10752 = FILL_AREA_STYLE('',(#10753));
#10753 = FILL_AREA_STYLE_COLOUR('',#9723);
#10754 = STYLED_ITEM('color',(#10755),#1364);
#10755 = PRESENTATION_STYLE_ASSIGNMENT((#10756));
#10756 = SURFACE_STYLE_USAGE(.BOTH.,#10757);
#10757 = SURFACE_SIDE_STYLE('',(#10758));
#10758 = SURFACE_STYLE_FILL_AREA(#10759);
#10759 = FILL_AREA_STYLE('',(#10760));
#10760 = FILL_AREA_STYLE_COLOUR('',#9723);
#10761 = STYLED_ITEM('color',(#10762),#1388);
#10762 = PRESENTATION_STYLE_ASSIGNMENT((#10763));
#10763 = SURFACE_STYLE_USAGE(.BOTH.,#10764);
#10764 = SURFACE_SIDE_STYLE('',(#10765));
#10765 = SURFACE_STYLE_FILL_AREA(#10766);
#10766 = FILL_AREA_STYLE('',(#10767));
#10767 = FILL_AREA_STYLE_COLOUR('',#9723);
#10768 = STYLED_ITEM('color',(#10769),#1413);
#10769 = PRESENTATION_STYLE_ASSIGNMENT((#10770));
#10770 = SURFACE_STYLE_USAGE(.BOTH.,#10771);
#10771 = SURFACE_SIDE_STYLE('',(#10772));
#10772 = SURFACE_STYLE_FILL_AREA(#10773);
#10773 = FILL_AREA_STYLE('',(#10774));
#10774 = FILL_AREA_STYLE_COLOUR('',#9723);
#10775 = STYLED_ITEM('color',(#10776),#1437);
#10776 = PRESENTATION_STYLE_ASSIGNMENT((#10777));
#10777 = SURFACE_STYLE_USAGE(.BOTH.,#10778);
#10778 = SURFACE_SIDE_STYLE('',(#10779));
#10779 = SURFACE_STYLE_FILL_AREA(#10780);
#10780 = FILL_AREA_STYLE('',(#10781));
#10781 = FILL_AREA_STYLE_COLOUR('',#9723);
#10782 = STYLED_ITEM('color',(#10783),#1462);
#10783 = PRESENTATION_STYLE_ASSIGNMENT((#10784));
#10784 = SURFACE_STYLE_USAGE(.BOTH.,#10785);
#10785 = SURFACE_SIDE_STYLE('',(#10786));
#10786 = SURFACE_STYLE_FILL_AREA(#10787);
#10787 = FILL_AREA_STYLE('',(#10788));
#10788 = FILL_AREA_STYLE_COLOUR('',#9723);
#10789 = STYLED_ITEM('color',(#10790),#1486);
#10790 = PRESENTATION_STYLE_ASSIGNMENT((#10791));
#10791 = SURFACE_STYLE_USAGE(.BOTH.,#10792);
#10792 = SURFACE_SIDE_STYLE('',(#10793));
#10793 = SURFACE_STYLE_FILL_AREA(#10794);
#10794 = FILL_AREA_STYLE('',(#10795));
#10795 = FILL_AREA_STYLE_COLOUR('',#9723);
#10796 = STYLED_ITEM('color',(#10797),#1511);
#10797 = PRESENTATION_STYLE_ASSIGNMENT((#10798));
#10798 = SURFACE_STYLE_USAGE(.BOTH.,#10799);
#10799 = SURFACE_SIDE_STYLE('',(#10800));
#10800 = SURFACE_STYLE_FILL_AREA(#10801);
#10801 = FILL_AREA_STYLE('',(#10802));
#10802 = FILL_AREA_STYLE_COLOUR('',#9723);
#10803 = STYLED_ITEM('color',(#10804),#1528);
#10804 = PRESENTATION_STYLE_ASSIGNMENT((#10805));
#10805 = SURFACE_STYLE_USAGE(.BOTH.,#10806);
#10806 = SURFACE_SIDE_STYLE('',(#10807));
#10807 = SURFACE_STYLE_FILL_AREA(#10808);
#10808 = FILL_AREA_STYLE('',(#10809));
#10809 = FILL_AREA_STYLE_COLOUR('',#9652);
#10810 = STYLED_ITEM('color',(#10811),#1614);
#10811 = PRESENTATION_STYLE_ASSIGNMENT((#10812));
#10812 = SURFACE_STYLE_USAGE(.BOTH.,#10813);
#10813 = SURFACE_SIDE_STYLE('',(#10814));
#10814 = SURFACE_STYLE_FILL_AREA(#10815);
#10815 = FILL_AREA_STYLE('',(#10816));
#10816 = FILL_AREA_STYLE_COLOUR('',#9652);
#10817 = STYLED_ITEM('color',(#10818),#1645);
#10818 = PRESENTATION_STYLE_ASSIGNMENT((#10819));
#10819 = SURFACE_STYLE_USAGE(.BOTH.,#10820);
#10820 = SURFACE_SIDE_STYLE('',(#10821));
#10821 = SURFACE_STYLE_FILL_AREA(#10822);
#10822 = FILL_AREA_STYLE('',(#10823));
#10823 = FILL_AREA_STYLE_COLOUR('',#9652);
#10824 = STYLED_ITEM('color',(#10825),#1670);
#10825 = PRESENTATION_STYLE_ASSIGNMENT((#10826));
#10826 = SURFACE_STYLE_USAGE(.BOTH.,#10827);
#10827 = SURFACE_SIDE_STYLE('',(#10828));
#10828 = SURFACE_STYLE_FILL_AREA(#10829);
#10829 = FILL_AREA_STYLE('',(#10830));
#10830 = FILL_AREA_STYLE_COLOUR('',#9652);
#10831 = STYLED_ITEM('color',(#10832),#1695);
#10832 = PRESENTATION_STYLE_ASSIGNMENT((#10833));
#10833 = SURFACE_STYLE_USAGE(.BOTH.,#10834);
#10834 = SURFACE_SIDE_STYLE('',(#10835));
#10835 = SURFACE_STYLE_FILL_AREA(#10836);
#10836 = FILL_AREA_STYLE('',(#10837));
#10837 = FILL_AREA_STYLE_COLOUR('',#9652);
#10838 = STYLED_ITEM('color',(#10839),#1719);
#10839 = PRESENTATION_STYLE_ASSIGNMENT((#10840));
#10840 = SURFACE_STYLE_USAGE(.BOTH.,#10841);
#10841 = SURFACE_SIDE_STYLE('',(#10842));
#10842 = SURFACE_STYLE_FILL_AREA(#10843);
#10843 = FILL_AREA_STYLE('',(#10844));
#10844 = FILL_AREA_STYLE_COLOUR('',#9652);
#10845 = STYLED_ITEM('color',(#10846),#1743);
#10846 = PRESENTATION_STYLE_ASSIGNMENT((#10847));
#10847 = SURFACE_STYLE_USAGE(.BOTH.,#10848);
#10848 = SURFACE_SIDE_STYLE('',(#10849));
#10849 = SURFACE_STYLE_FILL_AREA(#10850);
#10850 = FILL_AREA_STYLE('',(#10851));
#10851 = FILL_AREA_STYLE_COLOUR('',#9652);
#10852 = STYLED_ITEM('color',(#10853),#1768);
#10853 = PRESENTATION_STYLE_ASSIGNMENT((#10854));
#10854 = SURFACE_STYLE_USAGE(.BOTH.,#10855);
#10855 = SURFACE_SIDE_STYLE('',(#10856));
#10856 = SURFACE_STYLE_FILL_AREA(#10857);
#10857 = FILL_AREA_STYLE('',(#10858));
#10858 = FILL_AREA_STYLE_COLOUR('',#9652);
#10859 = STYLED_ITEM('color',(#10860),#1793);
#10860 = PRESENTATION_STYLE_ASSIGNMENT((#10861));
#10861 = SURFACE_STYLE_USAGE(.BOTH.,#10862);
#10862 = SURFACE_SIDE_STYLE('',(#10863));
#10863 = SURFACE_STYLE_FILL_AREA(#10864);
#10864 = FILL_AREA_STYLE('',(#10865));
#10865 = FILL_AREA_STYLE_COLOUR('',#9652);
#10866 = STYLED_ITEM('color',(#10867),#1810);
#10867 = PRESENTATION_STYLE_ASSIGNMENT((#10868));
#10868 = SURFACE_STYLE_USAGE(.BOTH.,#10869);
#10869 = SURFACE_SIDE_STYLE('',(#10870));
#10870 = SURFACE_STYLE_FILL_AREA(#10871);
#10871 = FILL_AREA_STYLE('',(#10872));
#10872 = FILL_AREA_STYLE_COLOUR('',#9652);
ENDSEC;
END-ISO-10303-21;
