ISO-10303-21;
HEADER;
FILE_DESCRIPTION(('CoCreate Modeling STEP Export'),'2;1');
FILE_NAME('FH35-9S-0.3SHW_simplify.stp','2011-08-09T17:34:09',(''),(''),
'CoCreate Modeling STEP processor for AP214 (Solid Model)',
'CoCreate Modeling 17.0  01-Apr-2010 (C) Parametric Technology GmbH','')
;
FILE_SCHEMA(('AUTOMOTIVE_DESIGN { 1 0 10303 214 1 1 1 1 }'));
ENDSEC;
DATA;
#10=CARTESIAN_POINT('',(-2.25,-0.45921754103172,0.500811401693327));
#20=DIRECTION('',(-1.,0.,0.));
#30=DIRECTION('',(0.,-1.,0.));
#40=AXIS2_PLACEMENT_3D('',#10,#20,#30);
#50=PLANE('',#40);
#60=CARTESIAN_POINT('',(-2.25,-0.760191573472085,0.309999999999662));
#70=DIRECTION('',(0.,1.,0.));
#80=VECTOR('',#70,1.);
#90=LINE('',#60,#80);
#100=CARTESIAN_POINT('',(-2.25,0.210000000000073,0.309999999999662));
#110=VERTEX_POINT('',#100);
#120=CARTESIAN_POINT('',(-2.25,0.950000000000079,0.309999999999662));
#130=VERTEX_POINT('',#120);
#140=EDGE_CURVE('',#110,#130,#90,.T.);
#150=ORIENTED_EDGE('',*,*,#140,.T.);
#160=CARTESIAN_POINT('',(-2.25,0.210000000000073,0.882985658773493));
#170=DIRECTION('',(0.,0.,-1.));
#180=VECTOR('',#170,1.);
#190=LINE('',#160,#180);
#200=CARTESIAN_POINT('',(-2.25,0.210000000000073,0.900000000000018));
#210=VERTEX_POINT('',#200);
#220=EDGE_CURVE('',#210,#110,#190,.T.);
#230=ORIENTED_EDGE('',*,*,#220,.T.);
#240=CARTESIAN_POINT('',(-2.25,-0.760191573472085,0.900000000000018));
#250=DIRECTION('',(0.,1.,0.));
#260=VECTOR('',#250,1.);
#270=LINE('',#240,#260);
#280=CARTESIAN_POINT('',(-2.25,0.950000000000079,0.900000000000018));
#290=VERTEX_POINT('',#280);
#300=EDGE_CURVE('',#210,#290,#270,.T.);
#310=ORIENTED_EDGE('',*,*,#300,.F.);
#320=CARTESIAN_POINT('',(-2.25,0.950000000000079,0.882985658773493));
#330=DIRECTION('',(0.,-2.44921270764476E-16,-1.));
#340=VECTOR('',#330,1.);
#350=LINE('',#320,#340);
#360=EDGE_CURVE('',#290,#130,#350,.T.);
#370=ORIENTED_EDGE('',*,*,#360,.F.);
#380=EDGE_LOOP('',(#370,#310,#230,#150));
#390=FACE_OUTER_BOUND('',#380,.T.);
#400=ADVANCED_FACE('',(#390),#50,.F.);
#410=CARTESIAN_POINT('',(-2.275,0.975000000000077,0.62999999999984));
#420=DIRECTION('',(-0.707106781186541,-0.707106781186554,
1.73185491414389E-16));
#430=DIRECTION('',(-0.707106781186554,0.707106781186541,0.));
#440=AXIS2_PLACEMENT_3D('',#410,#420,#430);
#450=PLANE('',#440);
#460=CARTESIAN_POINT('',(11.0275,-12.3274999999997,0.900000000000018));
#470=DIRECTION('',(-0.707106781186554,0.707106781186541,0.));
#480=VECTOR('',#470,1.);
#490=LINE('',#460,#480);
#500=CARTESIAN_POINT('',(-2.3,1.00000000000008,0.900000000000018));
#510=VERTEX_POINT('',#500);
#520=EDGE_CURVE('',#290,#510,#490,.T.);
#530=ORIENTED_EDGE('',*,*,#520,.F.);
#540=CARTESIAN_POINT('',(-2.3,1.00000000000008,0.882985658773493));
#550=DIRECTION('',(0.,-2.44921270764475E-16,-1.));
#560=VECTOR('',#550,1.);
#570=LINE('',#540,#560);
#580=CARTESIAN_POINT('',(-2.3,1.00000000000008,0.309999999999662));
#590=VERTEX_POINT('',#580);
#600=EDGE_CURVE('',#510,#590,#570,.T.);
#610=ORIENTED_EDGE('',*,*,#600,.F.);
#620=CARTESIAN_POINT('',(11.0275,-12.3274999999997,0.309999999999662));
#630=DIRECTION('',(-0.707106781186554,0.707106781186541,0.));
#640=VECTOR('',#630,1.);
#650=LINE('',#620,#640);
#660=EDGE_CURVE('',#130,#590,#650,.T.);
#670=ORIENTED_EDGE('',*,*,#660,.T.);
#680=ORIENTED_EDGE('',*,*,#360,.T.);
#690=EDGE_LOOP('',(#680,#670,#610,#530));
#700=FACE_OUTER_BOUND('',#690,.T.);
#710=ADVANCED_FACE('',(#700),#450,.F.);
#720=CARTESIAN_POINT('',(-2.02999999999999,-1.99999999999993,
0.180000000000019));
#730=DIRECTION('',(0.,0.,1.));
#740=DIRECTION('',(1.,0.,0.));
#750=AXIS2_PLACEMENT_3D('',#720,#730,#740);
#760=PLANE('',#750);
#770=CARTESIAN_POINT('',(-3.67197499999998,-0.358024999999923,
0.180000000000019));
#780=DIRECTION('',(0.707106781186546,-0.707106781186549,0.));
#790=VECTOR('',#780,1.);
#800=LINE('',#770,#790);
#810=CARTESIAN_POINT('',(-2.07999999999999,-1.94999999999993,
0.180000000000019));
#820=VERTEX_POINT('',#810);
#830=CARTESIAN_POINT('',(-2.02999999999999,-1.99999999999993,
0.180000000000019));
#840=VERTEX_POINT('',#830);
#850=EDGE_CURVE('',#820,#840,#800,.T.);
#860=ORIENTED_EDGE('',*,*,#850,.F.);
#870=CARTESIAN_POINT('',(1.73500000000002,-1.99999999999993,
0.180000000000019));
#880=DIRECTION('',(-1.,0.,0.));
#890=VECTOR('',#880,1.);
#900=LINE('',#870,#890);
#910=CARTESIAN_POINT('',(-2.01499999999999,-1.99999999999993,
0.180000000000019));
#920=VERTEX_POINT('',#910);
#930=EDGE_CURVE('',#920,#840,#900,.T.);
#940=ORIENTED_EDGE('',*,*,#930,.T.);
#950=CARTESIAN_POINT('',(-2.01499999999999,-1.99999999999993,
0.180000000000019));
#960=DIRECTION('',(0.,1.,0.));
#970=VECTOR('',#960,1.);
#980=LINE('',#950,#970);
#990=CARTESIAN_POINT('',(-2.01499999999999,-0.949999999999923,
0.180000000000019));
#1000=VERTEX_POINT('',#990);
#1010=EDGE_CURVE('',#920,#1000,#980,.T.);
#1020=ORIENTED_EDGE('',*,*,#1010,.F.);
#1030=CARTESIAN_POINT('',(1.73500000000002,-0.949999999999924,
0.180000000000019));
#1040=DIRECTION('',(1.,0.,0.));
#1050=VECTOR('',#1040,1.);
#1060=LINE('',#1030,#1050);
#1070=CARTESIAN_POINT('',(-2.07999999999999,-0.949999999999923,
0.180000000000019));
#1080=VERTEX_POINT('',#1070);
#1090=EDGE_CURVE('',#1080,#1000,#1060,.T.);
#1100=ORIENTED_EDGE('',*,*,#1090,.T.);
#1110=CARTESIAN_POINT('',(-2.07999999999999,-0.358024999999923,
0.180000000000019));
#1120=DIRECTION('',(0.,1.,0.));
#1130=VECTOR('',#1120,1.);
#1140=LINE('',#1110,#1130);
#1150=EDGE_CURVE('',#820,#1080,#1140,.T.);
#1160=ORIENTED_EDGE('',*,*,#1150,.T.);
#1170=EDGE_LOOP('',(#1160,#1100,#1020,#940,#860));
#1180=FACE_OUTER_BOUND('',#1170,.T.);
#1190=ADVANCED_FACE('',(#1180),#760,.F.);
#1200=CARTESIAN_POINT('',(-1.44,-2.07641742155775,0.134085694494785));
#1210=DIRECTION('',(-1.,0.,0.));
#1220=DIRECTION('',(0.,-0.115803987890987,0.993272085779392));
#1230=AXIS2_PLACEMENT_3D('',#1200,#1210,#1220);
#1240=PLANE('',#1230);
#1250=CARTESIAN_POINT('',(-1.43999999999999,-0.760191573472085,
0.0299999999998402));
#1260=DIRECTION('',(0.,1.,-8.19714666514907E-14));
#1270=VECTOR('',#1260,1.);
#1280=LINE('',#1250,#1270);
#1290=CARTESIAN_POINT('',(-1.43999999999999,-1.99999999999993,
0.0299999999999407));
#1300=VERTEX_POINT('',#1290);
#1310=CARTESIAN_POINT('',(-1.43999999999999,-1.64999999999993,
0.0299999999999131));
#1320=VERTEX_POINT('',#1310);
#1330=EDGE_CURVE('',#1300,#1320,#1280,.T.);
#1340=ORIENTED_EDGE('',*,*,#1330,.F.);
#1350=CARTESIAN_POINT('',(-1.43999999999999,-1.64999999999992,
0.882985658773493));
#1360=DIRECTION('',(0.,0.,1.));
#1370=VECTOR('',#1360,1.);
#1380=LINE('',#1350,#1370);
#1390=CARTESIAN_POINT('',(-1.43999999999999,-1.64999999999992,
2.22044604925031E-16));
#1400=VERTEX_POINT('',#1390);
#1410=EDGE_CURVE('',#1400,#1320,#1380,.T.);
#1420=ORIENTED_EDGE('',*,*,#1410,.T.);
#1430=CARTESIAN_POINT('',(-1.43999999999999,-0.760191573472085,
8.41549052665869E-14));
#1440=DIRECTION('',(0.,1.,0.));
#1450=VECTOR('',#1440,1.);
#1460=LINE('',#1430,#1450);
#1470=CARTESIAN_POINT('',(-1.43999999999999,-1.99999999999991,
5.55111512312578E-14));
#1480=VERTEX_POINT('',#1470);
#1490=EDGE_CURVE('',#1480,#1400,#1460,.T.);
#1500=ORIENTED_EDGE('',*,*,#1490,.T.);
#1510=CARTESIAN_POINT('',(-1.43999999999999,-2.88298565877134,
0.882985658773493));
#1520=DIRECTION('',(0.,0.707106781185744,-0.707106781187351));
#1530=VECTOR('',#1520,1.);
#1540=LINE('',#1510,#1530);
#1550=CARTESIAN_POINT('',(-1.43999999999999,-2.04999999999981,
0.0500000000000671));
#1560=VERTEX_POINT('',#1550);
#1570=EDGE_CURVE('',#1560,#1480,#1540,.T.);
#1580=ORIENTED_EDGE('',*,*,#1570,.T.);
#1590=CARTESIAN_POINT('',(-1.43999999999999,-2.04999999999981,
0.882985658773493));
#1600=DIRECTION('',(0.,0.,-1.));
#1610=VECTOR('',#1600,1.);
#1620=LINE('',#1590,#1610);
#1630=CARTESIAN_POINT('',(-1.43999999999999,-2.04999999999982,
0.0800000000000682));
#1640=VERTEX_POINT('',#1630);
#1650=EDGE_CURVE('',#1640,#1560,#1620,.T.);
#1660=ORIENTED_EDGE('',*,*,#1650,.T.);
#1670=CARTESIAN_POINT('',(-1.43999999999999,-2.09999999999992,
0.0800000000000682));
#1680=DIRECTION('',(1.,0.,0.));
#1690=DIRECTION('',(0.,1.,0.));
#1700=AXIS2_PLACEMENT_3D('',#1670,#1680,#1690);
#1710=CIRCLE('',#1700,0.0500000000000966);
#1720=CARTESIAN_POINT('',(-1.43999999999999,-2.09999999999991,
0.13000000000008));
#1730=VERTEX_POINT('',#1720);
#1740=EDGE_CURVE('',#1640,#1730,#1710,.T.);
#1750=ORIENTED_EDGE('',*,*,#1740,.F.);
#1760=CARTESIAN_POINT('',(-1.43999999999999,-2.09999999999991,
0.882985658773493));
#1770=DIRECTION('',(0.,0.,-1.));
#1780=VECTOR('',#1770,1.);
#1790=LINE('',#1760,#1780);
#1800=CARTESIAN_POINT('',(-1.43999999999999,-2.09999999999991,
0.280000000000057));
#1810=VERTEX_POINT('',#1800);
#1820=EDGE_CURVE('',#1810,#1730,#1790,.T.);
#1830=ORIENTED_EDGE('',*,*,#1820,.T.);
#1840=CARTESIAN_POINT('',(-1.43999999999999,-0.760191573472085,
0.280000000000057));
#1850=DIRECTION('',(0.,-1.,0.));
#1860=VECTOR('',#1850,1.);
#1870=LINE('',#1840,#1860);
#1880=CARTESIAN_POINT('',(-1.43999999999999,-2.0499999999998,
0.280000000000085));
#1890=VERTEX_POINT('',#1880);
#1900=EDGE_CURVE('',#1890,#1810,#1870,.T.);
#1910=ORIENTED_EDGE('',*,*,#1900,.T.);
#1920=CARTESIAN_POINT('',(-1.43999999999999,-0.760191573472085,
0.365987228435339));
#1930=DIRECTION('',(0.,-0.997785157856605,-0.0665190105238304));
#1940=VECTOR('',#1930,1.);
#1950=LINE('',#1920,#1940);
#1960=CARTESIAN_POINT('',(-1.43999999999999,-1.99999999999993,
0.283333333333358));
#1970=VERTEX_POINT('',#1960);
#1980=EDGE_CURVE('',#1970,#1890,#1950,.T.);
#1990=ORIENTED_EDGE('',*,*,#1980,.T.);
#2000=CARTESIAN_POINT('',(-1.43999999999999,-1.99999999999993,
0.882985658773493));
#2010=DIRECTION('',(0.,0.,-1.));
#2020=VECTOR('',#2010,1.);
#2030=LINE('',#2000,#2020);
#2040=EDGE_CURVE('',#1970,#1300,#2030,.T.);
#2050=ORIENTED_EDGE('',*,*,#2040,.F.);
#2060=EDGE_LOOP('',(#2050,#1990,#1910,#1830,#1750,#1660,#1580,#1500,
#1420,#1340));
#2070=FACE_OUTER_BOUND('',#2060,.T.);
#2080=ADVANCED_FACE('',(#2070),#1240,.F.);
#2090=CARTESIAN_POINT('',(-1.56,-2.0499999999998,0.280000000000085));
#2100=DIRECTION('',(0.,-0.0665190105238304,0.997785157856605));
#2110=DIRECTION('',(0.,0.997785157856605,0.0665190105238304));
#2120=AXIS2_PLACEMENT_3D('',#2090,#2100,#2110);
#2130=PLANE('',#2120);
#2140=CARTESIAN_POINT('',(11.0275,-1.99999999999993,0.283333333333331));
#2150=DIRECTION('',(-1.,0.,0.));
#2160=VECTOR('',#2150,1.);
#2170=LINE('',#2140,#2160);
#2180=CARTESIAN_POINT('',(-1.56,-1.99999999999992,0.283333333333331));
#2190=VERTEX_POINT('',#2180);
#2200=EDGE_CURVE('',#1970,#2190,#2170,.T.);
#2210=ORIENTED_EDGE('',*,*,#2200,.T.);
#2220=ORIENTED_EDGE('',*,*,#1980,.F.);
#2230=CARTESIAN_POINT('',(11.0275,-2.04999999999899,0.280000000000057));
#2240=DIRECTION('',(1.,0.,0.));
#2250=VECTOR('',#2240,1.);
#2260=LINE('',#2230,#2250);
#2270=CARTESIAN_POINT('',(-1.56,-2.04999999999979,0.280000000000004));
#2280=VERTEX_POINT('',#2270);
#2290=EDGE_CURVE('',#2280,#1890,#2260,.T.);
#2300=ORIENTED_EDGE('',*,*,#2290,.T.);
#2310=CARTESIAN_POINT('',(-1.56,-0.760191573472085,0.365987228435257));
#2320=DIRECTION('',(0.,-0.997785157856605,-0.0665190105238304));
#2330=VECTOR('',#2320,1.);
#2340=LINE('',#2310,#2330);
#2350=EDGE_CURVE('',#2190,#2280,#2340,.T.);
#2360=ORIENTED_EDGE('',*,*,#2350,.T.);
#2370=EDGE_LOOP('',(#2360,#2300,#2220,#2210));
#2380=FACE_OUTER_BOUND('',#2370,.T.);
#2390=ADVANCED_FACE('',(#2380),#2130,.T.);
#2400=CARTESIAN_POINT('',(-1.56,-121.58573612133,-239.486589814352));
#2410=DIRECTION('',(1.,0.,-0.));
#2420=DIRECTION('',(0.,0.993272085779392,0.115803987890987));
#2430=AXIS2_PLACEMENT_3D('',#2400,#2410,#2420);
#2440=PLANE('',#2430);
#2450=ORIENTED_EDGE('',*,*,#2350,.F.);
#2460=CARTESIAN_POINT('',(-1.56,-0.760191573472085,0.280000000000001));
#2470=DIRECTION('',(0.,-1.,0.));
#2480=VECTOR('',#2470,1.);
#2490=LINE('',#2460,#2480);
#2500=CARTESIAN_POINT('',(-1.56,-2.09999999999991,0.280000000000001));
#2510=VERTEX_POINT('',#2500);
#2520=EDGE_CURVE('',#2280,#2510,#2490,.T.);
#2530=ORIENTED_EDGE('',*,*,#2520,.F.);
#2540=CARTESIAN_POINT('',(-1.56,-2.09999999999992,0.882985658773493));
#2550=DIRECTION('',(0.,0.,-1.));
#2560=VECTOR('',#2550,1.);
#2570=LINE('',#2540,#2560);
#2580=CARTESIAN_POINT('',(-1.56,-2.09999999999992,0.13000000000008));
#2590=VERTEX_POINT('',#2580);
#2600=EDGE_CURVE('',#2510,#2590,#2570,.T.);
#2610=ORIENTED_EDGE('',*,*,#2600,.F.);
#2620=CARTESIAN_POINT('',(-1.56,-2.09999999999992,0.0800000000000127));
#2630=DIRECTION('',(1.,0.,0.));
#2640=DIRECTION('',(0.,1.,0.));
#2650=AXIS2_PLACEMENT_3D('',#2620,#2630,#2640);
#2660=CIRCLE('',#2650,0.0500000000000966);
#2670=CARTESIAN_POINT('',(-1.56,-2.04999999999982,0.0800000000000682));
#2680=VERTEX_POINT('',#2670);
#2690=EDGE_CURVE('',#2680,#2590,#2660,.T.);
#2700=ORIENTED_EDGE('',*,*,#2690,.T.);
#2710=CARTESIAN_POINT('',(-1.56,-2.04999999999983,0.882985658773493));
#2720=DIRECTION('',(0.,0.,-1.));
#2730=VECTOR('',#2720,1.);
#2740=LINE('',#2710,#2730);
#2750=CARTESIAN_POINT('',(-1.56,-2.04999999999983,0.0500000000000671));
#2760=VERTEX_POINT('',#2750);
#2770=EDGE_CURVE('',#2680,#2760,#2740,.T.);
#2780=ORIENTED_EDGE('',*,*,#2770,.F.);
#2790=CARTESIAN_POINT('',(-1.56,-2.88298565877141,0.882985658773493));
#2800=DIRECTION('',(0.,0.707106781185744,-0.707106781187351));
#2810=VECTOR('',#2800,1.);
#2820=LINE('',#2790,#2810);
#2830=CARTESIAN_POINT('',(-1.56,-1.99999999999995,2.00950367457153E-14))
;
#2840=VERTEX_POINT('',#2830);
#2850=EDGE_CURVE('',#2760,#2840,#2820,.T.);
#2860=ORIENTED_EDGE('',*,*,#2850,.F.);
#2870=CARTESIAN_POINT('',(-1.56,-0.760191573472085,2.22044604925031E-16)
);
#2880=DIRECTION('',(0.,1.,0.));
#2890=VECTOR('',#2880,1.);
#2900=LINE('',#2870,#2890);
#2910=CARTESIAN_POINT('',(-1.56,-1.64999999999993,2.22044604925031E-16))
;
#2920=VERTEX_POINT('',#2910);
#2930=EDGE_CURVE('',#2840,#2920,#2900,.T.);
#2940=ORIENTED_EDGE('',*,*,#2930,.F.);
#2950=CARTESIAN_POINT('',(-1.56,-1.64999999999993,0.882985658773493));
#2960=DIRECTION('',(0.,0.,1.));
#2970=VECTOR('',#2960,1.);
#2980=LINE('',#2950,#2970);
#2990=CARTESIAN_POINT('',(-1.56,-1.64999999999993,0.0299999999999131));
#3000=VERTEX_POINT('',#2990);
#3010=EDGE_CURVE('',#2920,#3000,#2980,.T.);
#3020=ORIENTED_EDGE('',*,*,#3010,.F.);
#3030=CARTESIAN_POINT('',(-1.56,-0.760191573472085,0.0299999999998402));
#3040=DIRECTION('',(0.,-1.,8.19714666514907E-14));
#3050=VECTOR('',#3040,1.);
#3060=LINE('',#3030,#3050);
#3070=CARTESIAN_POINT('',(-1.56,-1.99999999999993,0.0299999999999407));
#3080=VERTEX_POINT('',#3070);
#3090=EDGE_CURVE('',#3000,#3080,#3060,.T.);
#3100=ORIENTED_EDGE('',*,*,#3090,.F.);
#3110=CARTESIAN_POINT('',(-1.56,-1.99999999999993,0.882985658773493));
#3120=DIRECTION('',(0.,0.,1.));
#3130=VECTOR('',#3120,1.);
#3140=LINE('',#3110,#3130);
#3150=EDGE_CURVE('',#3080,#2190,#3140,.T.);
#3160=ORIENTED_EDGE('',*,*,#3150,.F.);
#3170=EDGE_LOOP('',(#3160,#3100,#3020,#2940,#2860,#2780,#2700,#2610,
#2530,#2450));
#3180=FACE_OUTER_BOUND('',#3170,.T.);
#3190=ADVANCED_FACE('',(#3180),#2440,.F.);
#3200=CARTESIAN_POINT('',(-1.56,-2.04999999999981,0.0500000000000671));
#3210=DIRECTION('',(0.,-1.,0.));
#3220=DIRECTION('',(0.,0.,1.));
#3230=AXIS2_PLACEMENT_3D('',#3200,#3210,#3220);
#3240=PLANE('',#3230);
#3250=CARTESIAN_POINT('',(-1.56,-2.04999999999982,0.0800000000000682));
#3260=DIRECTION('',(1.,0.,0.));
#3270=VECTOR('',#3260,1.);
#3280=LINE('',#3250,#3270);
#3290=EDGE_CURVE('',#2680,#1640,#3280,.T.);
#3300=ORIENTED_EDGE('',*,*,#3290,.F.);
#3310=ORIENTED_EDGE('',*,*,#1650,.F.);
#3320=CARTESIAN_POINT('',(11.0275,-2.04999999999983,0.0500000000000829))
;
#3330=DIRECTION('',(-1.,0.,0.));
#3340=VECTOR('',#3330,1.);
#3350=LINE('',#3320,#3340);
#3360=EDGE_CURVE('',#1560,#2760,#3350,.T.);
#3370=ORIENTED_EDGE('',*,*,#3360,.F.);
#3380=ORIENTED_EDGE('',*,*,#2770,.T.);
#3390=EDGE_LOOP('',(#3380,#3370,#3310,#3300));
#3400=FACE_OUTER_BOUND('',#3390,.T.);
#3410=ADVANCED_FACE('',(#3400),#3240,.T.);
#3420=CARTESIAN_POINT('',(-1.56,-1.64999999999992,8.41549052665869E-14))
;
#3430=DIRECTION('',(-0.,-0.,-1.));
#3440=DIRECTION('',(0.,-1.,0.));
#3450=AXIS2_PLACEMENT_3D('',#3420,#3430,#3440);
#3460=PLANE('',#3450);
#3470=CARTESIAN_POINT('',(11.0275,-2.00000000000001,8.40438829641244E-14
));
#3480=DIRECTION('',(-1.,0.,0.));
#3490=VECTOR('',#3480,1.);
#3500=LINE('',#3470,#3490);
#3510=EDGE_CURVE('',#1480,#2840,#3500,.T.);
#3520=ORIENTED_EDGE('',*,*,#3510,.T.);
#3530=ORIENTED_EDGE('',*,*,#1490,.F.);
#3540=CARTESIAN_POINT('',(11.0275,-1.64999999999992,2.22044604925031E-16
));
#3550=DIRECTION('',(-1.,0.,0.));
#3560=VECTOR('',#3550,1.);
#3570=LINE('',#3540,#3560);
#3580=EDGE_CURVE('',#1400,#2920,#3570,.T.);
#3590=ORIENTED_EDGE('',*,*,#3580,.F.);
#3600=ORIENTED_EDGE('',*,*,#2930,.T.);
#3610=EDGE_LOOP('',(#3600,#3590,#3530,#3520));
#3620=FACE_OUTER_BOUND('',#3610,.T.);
#3630=ADVANCED_FACE('',(#3620),#3460,.T.);
#3640=CARTESIAN_POINT('',(-1.56,-1.64999999999992,0.0361916848035537));
#3650=DIRECTION('',(0.,1.,0.));
#3660=DIRECTION('',(0.,0.,-1.));
#3670=AXIS2_PLACEMENT_3D('',#3640,#3650,#3660);
#3680=PLANE('',#3670);
#3690=ORIENTED_EDGE('',*,*,#3010,.T.);
#3700=ORIENTED_EDGE('',*,*,#3580,.T.);
#3710=ORIENTED_EDGE('',*,*,#1410,.F.);
#3720=CARTESIAN_POINT('',(11.0275,-1.64999999999993,0.0299999999999131))
;
#3730=DIRECTION('',(1.,0.,0.));
#3740=VECTOR('',#3730,1.);
#3750=LINE('',#3720,#3740);
#3760=EDGE_CURVE('',#3000,#1320,#3750,.T.);
#3770=ORIENTED_EDGE('',*,*,#3760,.T.);
#3780=EDGE_LOOP('',(#3770,#3710,#3700,#3690));
#3790=FACE_OUTER_BOUND('',#3780,.T.);
#3800=ADVANCED_FACE('',(#3790),#3680,.T.);
#3810=CARTESIAN_POINT('',(-0.839999999999996,-2.09999999999992,
0.350000000000023));
#3820=DIRECTION('',(-1.,0.,0.));
#3830=DIRECTION('',(0.,0.,1.));
#3840=AXIS2_PLACEMENT_3D('',#3810,#3820,#3830);
#3850=PLANE('',#3840);
#3860=CARTESIAN_POINT('',(-0.839999999999996,-0.760191573472085,
0.0299999999998402));
#3870=DIRECTION('',(0.,1.,-8.19714666514907E-14));
#3880=VECTOR('',#3870,1.);
#3890=LINE('',#3860,#3880);
#3900=CARTESIAN_POINT('',(-0.839999999999996,-1.99999999999993,
0.0299999999999407));
#3910=VERTEX_POINT('',#3900);
#3920=CARTESIAN_POINT('',(-0.839999999999996,-1.64999999999992,
0.0299999999999131));
#3930=VERTEX_POINT('',#3920);
#3940=EDGE_CURVE('',#3910,#3930,#3890,.T.);
#3950=ORIENTED_EDGE('',*,*,#3940,.F.);
#3960=CARTESIAN_POINT('',(-0.839999999999996,-1.64999999999992,
0.882985658773493));
#3970=DIRECTION('',(0.,0.,1.));
#3980=VECTOR('',#3970,1.);
#3990=LINE('',#3960,#3980);
#4000=CARTESIAN_POINT('',(-0.839999999999996,-1.64999999999993,
8.54871728961371E-14));
#4010=VERTEX_POINT('',#4000);
#4020=EDGE_CURVE('',#4010,#3930,#3990,.T.);
#4030=ORIENTED_EDGE('',*,*,#4020,.T.);
#4040=CARTESIAN_POINT('',(-0.839999999999996,-0.760191573472085,
8.54871728961371E-14));
#4050=DIRECTION('',(0.,1.,0.));
#4060=VECTOR('',#4050,1.);
#4070=LINE('',#4040,#4060);
#4080=CARTESIAN_POINT('',(-0.839999999999998,-1.99999999999991,
5.69544411632705E-14));
#4090=VERTEX_POINT('',#4080);
#4100=EDGE_CURVE('',#4090,#4010,#4070,.T.);
#4110=ORIENTED_EDGE('',*,*,#4100,.T.);
#4120=CARTESIAN_POINT('',(-0.839999999999998,-2.88298565877134,
0.882985658773493));
#4130=DIRECTION('',(0.,0.707106781185744,-0.707106781187351));
#4140=VECTOR('',#4130,1.);
#4150=LINE('',#4120,#4140);
#4160=CARTESIAN_POINT('',(-0.839999999999998,-2.04999999999981,
0.0500000000000681));
#4170=VERTEX_POINT('',#4160);
#4180=EDGE_CURVE('',#4170,#4090,#4150,.T.);
#4190=ORIENTED_EDGE('',*,*,#4180,.T.);
#4200=CARTESIAN_POINT('',(-0.839999999999996,-2.04999999999981,
0.882985658773493));
#4210=DIRECTION('',(0.,0.,-1.));
#4220=VECTOR('',#4210,1.);
#4230=LINE('',#4200,#4220);
#4240=CARTESIAN_POINT('',(-0.839999999999996,-2.04999999999983,
0.0800000000000127));
#4250=VERTEX_POINT('',#4240);
#4260=EDGE_CURVE('',#4250,#4170,#4230,.T.);
#4270=ORIENTED_EDGE('',*,*,#4260,.T.);
#4280=CARTESIAN_POINT('',(-0.839999999999996,-2.09999999999992,
0.0800000000000696));
#4290=DIRECTION('',(1.,0.,0.));
#4300=DIRECTION('',(0.,1.,0.));
#4310=AXIS2_PLACEMENT_3D('',#4280,#4290,#4300);
#4320=CIRCLE('',#4310,0.0500000000000966);
#4330=CARTESIAN_POINT('',(-0.839999999999996,-2.09999999999991,
0.130000000000166));
#4340=VERTEX_POINT('',#4330);
#4350=EDGE_CURVE('',#4250,#4340,#4320,.T.);
#4360=ORIENTED_EDGE('',*,*,#4350,.F.);
#4370=CARTESIAN_POINT('',(-0.839999999999996,-2.09999999999991,
0.882985658773493));
#4380=DIRECTION('',(0.,0.,-1.));
#4390=VECTOR('',#4380,1.);
#4400=LINE('',#4370,#4390);
#4410=CARTESIAN_POINT('',(-0.839999999999996,-2.09999999999991,
0.280000000000058));
#4420=VERTEX_POINT('',#4410);
#4430=EDGE_CURVE('',#4420,#4340,#4400,.T.);
#4440=ORIENTED_EDGE('',*,*,#4430,.T.);
#4450=CARTESIAN_POINT('',(-0.839999999999996,-0.760191573472085,
0.280000000000058));
#4460=DIRECTION('',(0.,-1.,0.));
#4470=VECTOR('',#4460,1.);
#4480=LINE('',#4450,#4470);
#4490=CARTESIAN_POINT('',(-0.839999999999996,-2.0499999999998,
0.280000000000087));
#4500=VERTEX_POINT('',#4490);
#4510=EDGE_CURVE('',#4500,#4420,#4480,.T.);
#4520=ORIENTED_EDGE('',*,*,#4510,.T.);
#4530=CARTESIAN_POINT('',(-0.839999999999996,-0.760191573472085,
0.365987228435341));
#4540=DIRECTION('',(0.,-0.997785157856605,-0.0665190105238304));
#4550=VECTOR('',#4540,1.);
#4560=LINE('',#4530,#4550);
#4570=CARTESIAN_POINT('',(-0.839999999999996,-1.99999999999993,
0.283333333333414));
#4580=VERTEX_POINT('',#4570);
#4590=EDGE_CURVE('',#4580,#4500,#4560,.T.);
#4600=ORIENTED_EDGE('',*,*,#4590,.T.);
#4610=CARTESIAN_POINT('',(-0.839999999999996,-1.99999999999993,
0.882985658773493));
#4620=DIRECTION('',(0.,0.,-1.));
#4630=VECTOR('',#4620,1.);
#4640=LINE('',#4610,#4630);
#4650=EDGE_CURVE('',#4580,#3910,#4640,.T.);
#4660=ORIENTED_EDGE('',*,*,#4650,.F.);
#4670=EDGE_LOOP('',(#4660,#4600,#4520,#4440,#4360,#4270,#4190,#4110,
#4030,#3950));
#4680=FACE_OUTER_BOUND('',#4670,.T.);
#4690=ADVANCED_FACE('',(#4680),#3850,.F.);
#4700=CARTESIAN_POINT('',(5.04,1.15999999999992,0.309999999999661));
#4710=DIRECTION('',(-0.,-3.43476969199238E-17,-1.));
#4720=DIRECTION('',(0.,-1.,3.43476969199238E-17));
#4730=AXIS2_PLACEMENT_3D('',#4700,#4710,#4720);
#4740=PLANE('',#4730);
#4750=CARTESIAN_POINT('',(0.540000000000004,-0.760191573472085,
0.309999999999662));
#4760=DIRECTION('',(0.,1.,-3.43476969199238E-17));
#4770=VECTOR('',#4760,1.);
#4780=LINE('',#4750,#4770);
#4790=CARTESIAN_POINT('',(0.540000000000004,1.00000000000007,
0.309999999999661));
#4800=VERTEX_POINT('',#4790);
#4810=CARTESIAN_POINT('',(0.540000000000004,1.25000000000004,
0.309999999999661));
#4820=VERTEX_POINT('',#4810);
#4830=EDGE_CURVE('',#4800,#4820,#4780,.T.);
#4840=ORIENTED_EDGE('',*,*,#4830,.F.);
#4850=CARTESIAN_POINT('',(3.8275,1.25000000000004,0.309999999999661));
#4860=DIRECTION('',(1.,0.,0.));
#4870=VECTOR('',#4860,1.);
#4880=LINE('',#4850,#4870);
#4890=CARTESIAN_POINT('',(0.660000000000004,1.25000000000004,
0.309999999999661));
#4900=VERTEX_POINT('',#4890);
#4910=EDGE_CURVE('',#4820,#4900,#4880,.T.);
#4920=ORIENTED_EDGE('',*,*,#4910,.F.);
#4930=CARTESIAN_POINT('',(0.660000000000004,-0.760191573472085,
0.309999999999662));
#4940=DIRECTION('',(0.,-1.,3.43476969199238E-17));
#4950=VECTOR('',#4940,1.);
#4960=LINE('',#4930,#4950);
#4970=CARTESIAN_POINT('',(0.660000000000004,1.00000000000008,
0.309999999999661));
#4980=VERTEX_POINT('',#4970);
#4990=EDGE_CURVE('',#4900,#4980,#4960,.T.);
#5000=ORIENTED_EDGE('',*,*,#4990,.F.);
#5010=CARTESIAN_POINT('',(3.8275,1.00000000000007,0.309999999999661));
#5020=DIRECTION('',(1.,0.,0.));
#5030=VECTOR('',#5020,1.);
#5040=LINE('',#5010,#5030);
#5050=CARTESIAN_POINT('',(1.63000000000001,1.00000000000008,
0.309999999999661));
#5060=VERTEX_POINT('',#5050);
#5070=EDGE_CURVE('',#4980,#5060,#5040,.T.);
#5080=ORIENTED_EDGE('',*,*,#5070,.F.);
#5090=CARTESIAN_POINT('',(1.63000000000001,-0.158025000000079,
0.309999999999661));
#5100=DIRECTION('',(0.,1.,-3.43476969199238E-17));
#5110=VECTOR('',#5100,1.);
#5120=LINE('',#5090,#5110);
#5130=CARTESIAN_POINT('',(1.63000000000001,1.84999999999992,
0.309999999999661));
#5140=VERTEX_POINT('',#5130);
#5150=EDGE_CURVE('',#5060,#5140,#5120,.T.);
#5160=ORIENTED_EDGE('',*,*,#5150,.F.);
#5170=CARTESIAN_POINT('',(4.57500000000001,1.84999999999992,
0.309999999999661));
#5180=DIRECTION('',(-1.,0.,0.));
#5190=VECTOR('',#5180,1.);
#5200=LINE('',#5170,#5190);
#5210=CARTESIAN_POINT('',(-2.23,1.84999999999992,0.309999999999661));
#5220=VERTEX_POINT('',#5210);
#5230=EDGE_CURVE('',#5140,#5220,#5200,.T.);
#5240=ORIENTED_EDGE('',*,*,#5230,.F.);
#5250=CARTESIAN_POINT('',(-2.23,-0.760191573472085,0.309999999999662));
#5260=DIRECTION('',(0.,1.,-3.43476969199238E-17));
#5270=VECTOR('',#5260,1.);
#5280=LINE('',#5250,#5270);
#5290=CARTESIAN_POINT('',(-2.23,1.00000000000008,0.309999999999661));
#5300=VERTEX_POINT('',#5290);
#5310=EDGE_CURVE('',#5300,#5220,#5280,.T.);
#5320=ORIENTED_EDGE('',*,*,#5310,.T.);
#5330=CARTESIAN_POINT('',(11.0275,1.00000000000007,0.309999999999661));
#5340=DIRECTION('',(1.,0.,0.));
#5350=VECTOR('',#5340,1.);
#5360=LINE('',#5330,#5350);
#5370=CARTESIAN_POINT('',(-1.25999999999999,1.00000000000008,
0.309999999999661));
#5380=VERTEX_POINT('',#5370);
#5390=EDGE_CURVE('',#5300,#5380,#5360,.T.);
#5400=ORIENTED_EDGE('',*,*,#5390,.F.);
#5410=CARTESIAN_POINT('',(-1.25999999999999,-0.760191573472085,
0.309999999999662));
#5420=DIRECTION('',(0.,-1.,3.43476969199238E-17));
#5430=VECTOR('',#5420,1.);
#5440=LINE('',#5410,#5430);
#5450=CARTESIAN_POINT('',(-1.26,1.25000000000004,0.309999999999661));
#5460=VERTEX_POINT('',#5450);
#5470=EDGE_CURVE('',#5460,#5380,#5440,.T.);
#5480=ORIENTED_EDGE('',*,*,#5470,.T.);
#5490=CARTESIAN_POINT('',(11.0275,1.25000000000004,0.309999999999661));
#5500=DIRECTION('',(1.,0.,0.));
#5510=VECTOR('',#5500,1.);
#5520=LINE('',#5490,#5510);
#5530=CARTESIAN_POINT('',(-1.14,1.25000000000004,0.309999999999661));
#5540=VERTEX_POINT('',#5530);
#5550=EDGE_CURVE('',#5460,#5540,#5520,.T.);
#5560=ORIENTED_EDGE('',*,*,#5550,.F.);
#5570=CARTESIAN_POINT('',(-1.14,-0.760191573472085,0.309999999999662));
#5580=DIRECTION('',(0.,-1.,3.43476969199238E-17));
#5590=VECTOR('',#5580,1.);
#5600=LINE('',#5570,#5590);
#5610=CARTESIAN_POINT('',(-1.14,1.00000000000008,0.309999999999661));
#5620=VERTEX_POINT('',#5610);
#5630=EDGE_CURVE('',#5540,#5620,#5600,.T.);
#5640=ORIENTED_EDGE('',*,*,#5630,.F.);
#5650=CARTESIAN_POINT('',(-0.659999999999997,1.00000000000008,
0.309999999999661));
#5660=VERTEX_POINT('',#5650);
#5670=EDGE_CURVE('',#5620,#5660,#5360,.T.);
#5680=ORIENTED_EDGE('',*,*,#5670,.F.);
#5690=CARTESIAN_POINT('',(-0.659999999999997,-0.760191573472085,
0.309999999999662));
#5700=DIRECTION('',(0.,-1.,3.43476969199238E-17));
#5710=VECTOR('',#5700,1.);
#5720=LINE('',#5690,#5710);
#5730=CARTESIAN_POINT('',(-0.659999999999995,1.25000000000004,
0.309999999999661));
#5740=VERTEX_POINT('',#5730);
#5750=EDGE_CURVE('',#5740,#5660,#5720,.T.);
#5760=ORIENTED_EDGE('',*,*,#5750,.T.);
#5770=CARTESIAN_POINT('',(11.0275,1.25000000000004,0.309999999999661));
#5780=DIRECTION('',(1.,0.,0.));
#5790=VECTOR('',#5780,1.);
#5800=LINE('',#5770,#5790);
#5810=CARTESIAN_POINT('',(-0.539999999999994,1.25000000000004,
0.309999999999661));
#5820=VERTEX_POINT('',#5810);
#5830=EDGE_CURVE('',#5740,#5820,#5800,.T.);
#5840=ORIENTED_EDGE('',*,*,#5830,.F.);
#5850=CARTESIAN_POINT('',(-0.539999999999997,-0.760191573472085,
0.309999999999662));
#5860=DIRECTION('',(0.,-1.,3.43476969199238E-17));
#5870=VECTOR('',#5860,1.);
#5880=LINE('',#5850,#5870);
#5890=CARTESIAN_POINT('',(-0.539999999999997,1.00000000000008,
0.309999999999661));
#5900=VERTEX_POINT('',#5890);
#5910=EDGE_CURVE('',#5820,#5900,#5880,.T.);
#5920=ORIENTED_EDGE('',*,*,#5910,.F.);
#5930=CARTESIAN_POINT('',(-0.0599999999999952,1.00000000000008,
0.309999999999661));
#5940=VERTEX_POINT('',#5930);
#5950=EDGE_CURVE('',#5900,#5940,#5360,.T.);
#5960=ORIENTED_EDGE('',*,*,#5950,.F.);
#5970=CARTESIAN_POINT('',(-0.0599999999999952,-0.760191573472085,
0.309999999999662));
#5980=DIRECTION('',(0.,-1.,3.43476969199238E-17));
#5990=VECTOR('',#5980,1.);
#6000=LINE('',#5970,#5990);
#6010=CARTESIAN_POINT('',(-0.0599999999999952,1.25000000000004,
0.309999999999661));
#6020=VERTEX_POINT('',#6010);
#6030=EDGE_CURVE('',#6020,#5940,#6000,.T.);
#6040=ORIENTED_EDGE('',*,*,#6030,.T.);
#6050=CARTESIAN_POINT('',(11.0275,1.25000000000004,0.309999999999661));
#6060=DIRECTION('',(1.,0.,0.));
#6070=VECTOR('',#6060,1.);
#6080=LINE('',#6050,#6070);
#6090=CARTESIAN_POINT('',(0.0600000000000058,1.25000000000004,
0.309999999999661));
#6100=VERTEX_POINT('',#6090);
#6110=EDGE_CURVE('',#6020,#6100,#6080,.T.);
#6120=ORIENTED_EDGE('',*,*,#6110,.F.);
#6130=CARTESIAN_POINT('',(0.0600000000000041,-0.760191573472085,
0.309999999999662));
#6140=DIRECTION('',(0.,-1.,3.43476969199238E-17));
#6150=VECTOR('',#6140,1.);
#6160=LINE('',#6130,#6150);
#6170=CARTESIAN_POINT('',(0.0600000000000041,1.00000000000008,
0.309999999999661));
#6180=VERTEX_POINT('',#6170);
#6190=EDGE_CURVE('',#6100,#6180,#6160,.T.);
#6200=ORIENTED_EDGE('',*,*,#6190,.F.);
#6210=CARTESIAN_POINT('',(4.4275,1.00000000000007,0.309999999999661));
#6220=DIRECTION('',(1.,0.,0.));
#6230=VECTOR('',#6220,1.);
#6240=LINE('',#6210,#6230);
#6250=EDGE_CURVE('',#6180,#4800,#6240,.T.);
#6260=ORIENTED_EDGE('',*,*,#6250,.F.);
#6270=EDGE_LOOP('',(#6260,#6200,#6120,#6040,#5960,#5920,#5840,#5760,
#5680,#5640,#5560,#5480,#5400,#5320,#5240,#5160,#5080,#5000,#4920,#4840)
);
#6280=FACE_OUTER_BOUND('',#6270,.T.);
#6290=ADVANCED_FACE('',(#6280),#4740,.T.);
#6300=CARTESIAN_POINT('',(-2.25,1.00000000000008,0.0299999999997103));
#6310=DIRECTION('',(0.,1.,-2.44921270764475E-16));
#6320=DIRECTION('',(0.,2.44921270764475E-16,1.));
#6330=AXIS2_PLACEMENT_3D('',#6300,#6310,#6320);
#6340=PLANE('',#6330);
#6350=CARTESIAN_POINT('',(-1.25999999999999,1.00000000000007,
0.882985658773493));
#6360=DIRECTION('',(0.,0.,1.));
#6370=VECTOR('',#6360,1.);
#6380=LINE('',#6350,#6370);
#6390=CARTESIAN_POINT('',(-1.25999999999999,1.00000000000007,
0.0299999999996958));
#6400=VERTEX_POINT('',#6390);
#6410=EDGE_CURVE('',#6400,#5380,#6380,.T.);
#6420=ORIENTED_EDGE('',*,*,#6410,.F.);
#6430=ORIENTED_EDGE('',*,*,#5390,.T.);
#6440=CARTESIAN_POINT('',(-2.25,1.00000000000008,0.309999999999661));
#6450=DIRECTION('',(-1.,0.,0.));
#6460=VECTOR('',#6450,1.);
#6470=LINE('',#6440,#6460);
#6480=EDGE_CURVE('',#5300,#590,#6470,.T.);
#6490=ORIENTED_EDGE('',*,*,#6480,.F.);
#6500=ORIENTED_EDGE('',*,*,#600,.T.);
#6510=CARTESIAN_POINT('',(11.0275,1.00000000000008,0.900000000000018));
#6520=DIRECTION('',(1.,0.,0.));
#6530=VECTOR('',#6520,1.);
#6540=LINE('',#6510,#6530);
#6550=CARTESIAN_POINT('',(-2.45,1.00000000000008,0.900000000000018));
#6560=VERTEX_POINT('',#6550);
#6570=EDGE_CURVE('',#6560,#510,#6540,.T.);
#6580=ORIENTED_EDGE('',*,*,#6570,.T.);
#6590=CARTESIAN_POINT('',(-2.45,1.00000000000008,-1.94382799999998));
#6600=DIRECTION('',(0.,-2.44921270764475E-16,-1.));
#6610=VECTOR('',#6600,1.);
#6620=LINE('',#6590,#6610);
#6630=CARTESIAN_POINT('',(-2.45,1.00000000000008,0.0299999999997103));
#6640=VERTEX_POINT('',#6630);
#6650=EDGE_CURVE('',#6560,#6640,#6620,.T.);
#6660=ORIENTED_EDGE('',*,*,#6650,.F.);
#6670=CARTESIAN_POINT('',(-1.3225,1.00000000000007,0.0299999999996958));
#6680=DIRECTION('',(-1.,0.,0.));
#6690=VECTOR('',#6680,1.);
#6700=LINE('',#6670,#6690);
#6710=EDGE_CURVE('',#6400,#6640,#6700,.T.);
#6720=ORIENTED_EDGE('',*,*,#6710,.T.);
#6730=EDGE_LOOP('',(#6720,#6660,#6580,#6500,#6490,#6430,#6420));
#6740=FACE_OUTER_BOUND('',#6730,.T.);
#6750=ADVANCED_FACE('',(#6740),#6340,.T.);
#6760=CARTESIAN_POINT('',(-1.96499999999999,-1.99999999999993,
0.130000000000019));
#6770=DIRECTION('',(0.707106781186548,-0.,0.707106781186548));
#6780=DIRECTION('',(0.707106781186548,0.,-0.707106781186548));
#6790=AXIS2_PLACEMENT_3D('',#6760,#6770,#6780);
#6800=PLANE('',#6790);
#6810=CARTESIAN_POINT('',(1.73500000000002,-1.99999999999993,
-3.56999999999999));
#6820=DIRECTION('',(-0.707106781186548,0.,0.707106781186548));
#6830=VECTOR('',#6820,1.);
#6840=LINE('',#6810,#6830);
#6850=CARTESIAN_POINT('',(-1.96499999999999,-1.99999999999993,
0.130000000000019));
#6860=VERTEX_POINT('',#6850);
#6870=EDGE_CURVE('',#6860,#920,#6840,.T.);
#6880=ORIENTED_EDGE('',*,*,#6870,.T.);
#6890=CARTESIAN_POINT('',(-1.96499999999999,-1.99999999999993,
0.130000000000019));
#6900=DIRECTION('',(0.,1.,0.));
#6910=VECTOR('',#6900,1.);
#6920=LINE('',#6890,#6910);
#6930=CARTESIAN_POINT('',(-1.96499999999999,-0.949999999999923,
0.130000000000019));
#6940=VERTEX_POINT('',#6930);
#6950=EDGE_CURVE('',#6860,#6940,#6920,.T.);
#6960=ORIENTED_EDGE('',*,*,#6950,.F.);
#6970=CARTESIAN_POINT('',(1.73500000000002,-0.949999999999924,
-3.56999999999999));
#6980=DIRECTION('',(0.707106781186548,0.,-0.707106781186548));
#6990=VECTOR('',#6980,1.);
#7000=LINE('',#6970,#6990);
#7010=EDGE_CURVE('',#1000,#6940,#7000,.T.);
#7020=ORIENTED_EDGE('',*,*,#7010,.T.);
#7030=ORIENTED_EDGE('',*,*,#1010,.T.);
#7040=EDGE_LOOP('',(#7030,#7020,#6960,#6880));
#7050=FACE_OUTER_BOUND('',#7040,.T.);
#7060=ADVANCED_FACE('',(#7050),#6800,.F.);
#7070=CARTESIAN_POINT('',(-1.96499999999999,-1.99999999999993,
0.0299999999999483));
#7080=DIRECTION('',(1.,-0.,0.));
#7090=DIRECTION('',(0.,0.,-1.));
#7100=AXIS2_PLACEMENT_3D('',#7070,#7080,#7090);
#7110=PLANE('',#7100);
#7120=CARTESIAN_POINT('',(-1.96499999999999,-1.99999999999993,
-1.94382799999998));
#7130=DIRECTION('',(0.,0.,1.));
#7140=VECTOR('',#7130,1.);
#7150=LINE('',#7120,#7140);
#7160=CARTESIAN_POINT('',(-1.96499999999999,-1.99999999999993,
0.0299999999999483));
#7170=VERTEX_POINT('',#7160);
#7180=EDGE_CURVE('',#7170,#6860,#7150,.T.);
#7190=ORIENTED_EDGE('',*,*,#7180,.T.);
#7200=CARTESIAN_POINT('',(-1.96499999999999,-0.358024999999923,
0.0299999999998064));
#7210=DIRECTION('',(0.,-1.,8.19714666514907E-14));
#7220=VECTOR('',#7210,1.);
#7230=LINE('',#7200,#7220);
#7240=CARTESIAN_POINT('',(-1.96499999999999,-0.949999999999923,
0.029999999999855));
#7250=VERTEX_POINT('',#7240);
#7260=EDGE_CURVE('',#7250,#7170,#7230,.T.);
#7270=ORIENTED_EDGE('',*,*,#7260,.T.);
#7280=CARTESIAN_POINT('',(-1.96499999999999,-0.949999999999924,
-1.94382799999998));
#7290=DIRECTION('',(0.,0.,-1.));
#7300=VECTOR('',#7290,1.);
#7310=LINE('',#7280,#7300);
#7320=EDGE_CURVE('',#6940,#7250,#7310,.T.);
#7330=ORIENTED_EDGE('',*,*,#7320,.T.);
#7340=ORIENTED_EDGE('',*,*,#6950,.T.);
#7350=EDGE_LOOP('',(#7340,#7330,#7270,#7190));
#7360=FACE_OUTER_BOUND('',#7350,.T.);
#7370=ADVANCED_FACE('',(#7360),#7110,.F.);
#7380=CARTESIAN_POINT('',(-0.659999999999993,1.10000000000004,
-3.40838468559923E-13));
#7390=DIRECTION('',(-0.,-0.,-1.));
#7400=DIRECTION('',(0.,-1.,0.));
#7410=AXIS2_PLACEMENT_3D('',#7380,#7390,#7400);
#7420=PLANE('',#7410);
#7430=CARTESIAN_POINT('',(11.0275,0.820000000000121,
-3.40838468559923E-13));
#7440=DIRECTION('',(-1.,0.,0.));
#7450=VECTOR('',#7440,1.);
#7460=LINE('',#7430,#7450);
#7470=CARTESIAN_POINT('',(-0.539999999999994,0.820000000000121,
-3.40838468559923E-13));
#7480=VERTEX_POINT('',#7470);
#7490=CARTESIAN_POINT('',(-0.659999999999995,0.820000000000121,
-3.40838468559923E-13));
#7500=VERTEX_POINT('',#7490);
#7510=EDGE_CURVE('',#7480,#7500,#7460,.T.);
#7520=ORIENTED_EDGE('',*,*,#7510,.T.);
#7530=CARTESIAN_POINT('',(-0.539999999999994,-0.760191573472085,
-3.40838468559923E-13));
#7540=DIRECTION('',(0.,1.,0.));
#7550=VECTOR('',#7540,1.);
#7560=LINE('',#7530,#7550);
#7570=CARTESIAN_POINT('',(-0.539999999999994,1.10000000000004,
-3.40838468559923E-13));
#7580=VERTEX_POINT('',#7570);
#7590=EDGE_CURVE('',#7480,#7580,#7560,.T.);
#7600=ORIENTED_EDGE('',*,*,#7590,.F.);
#7610=CARTESIAN_POINT('',(11.0275,1.10000000000007,-3.40838468559923E-13
));
#7620=DIRECTION('',(-1.,0.,0.));
#7630=VECTOR('',#7620,1.);
#7640=LINE('',#7610,#7630);
#7650=CARTESIAN_POINT('',(-0.659999999999995,1.10000000000004,
-3.40838468559923E-13));
#7660=VERTEX_POINT('',#7650);
#7670=EDGE_CURVE('',#7580,#7660,#7640,.T.);
#7680=ORIENTED_EDGE('',*,*,#7670,.F.);
#7690=CARTESIAN_POINT('',(-0.659999999999995,-0.760191573472085,
-3.40838468559923E-13));
#7700=DIRECTION('',(0.,-1.,0.));
#7710=VECTOR('',#7700,1.);
#7720=LINE('',#7690,#7710);
#7730=EDGE_CURVE('',#7660,#7500,#7720,.T.);
#7740=ORIENTED_EDGE('',*,*,#7730,.F.);
#7750=EDGE_LOOP('',(#7740,#7680,#7600,#7520));
#7760=FACE_OUTER_BOUND('',#7750,.T.);
#7770=ADVANCED_FACE('',(#7760),#7420,.T.);
#7780=CARTESIAN_POINT('',(-0.659999999999993,1.15000000000002,
0.0499999999996421));
#7790=DIRECTION('',(0.,0.707106781186749,-0.707106781186347));
#7800=DIRECTION('',(0.,-0.707106781186347,-0.707106781186749));
#7810=AXIS2_PLACEMENT_3D('',#7780,#7790,#7800);
#7820=PLANE('',#7810);
#7830=ORIENTED_EDGE('',*,*,#7670,.T.);
#7840=CARTESIAN_POINT('',(-0.539999999999994,1.98298565877337,
0.882985658773493));
#7850=DIRECTION('',(0.,0.707106781186347,0.707106781186749));
#7860=VECTOR('',#7850,1.);
#7870=LINE('',#7840,#7860);
#7880=CARTESIAN_POINT('',(-0.539999999999994,1.15000000000001,
0.0499999999996564));
#7890=VERTEX_POINT('',#7880);
#7900=EDGE_CURVE('',#7580,#7890,#7870,.T.);
#7910=ORIENTED_EDGE('',*,*,#7900,.F.);
#7920=CARTESIAN_POINT('',(11.0275,1.15000000000001,0.0499999999996564));
#7930=DIRECTION('',(-1.,0.,0.));
#7940=VECTOR('',#7930,1.);
#7950=LINE('',#7920,#7940);
#7960=CARTESIAN_POINT('',(-0.659999999999995,1.15000000000002,
0.0499999999996704));
#7970=VERTEX_POINT('',#7960);
#7980=EDGE_CURVE('',#7890,#7970,#7950,.T.);
#7990=ORIENTED_EDGE('',*,*,#7980,.F.);
#8000=CARTESIAN_POINT('',(-0.659999999999995,1.98298565877337,
0.882985658773493));
#8010=DIRECTION('',(0.,-0.707106781186347,-0.707106781186749));
#8020=VECTOR('',#8010,1.);
#8030=LINE('',#8000,#8020);
#8040=EDGE_CURVE('',#7970,#7660,#8030,.T.);
#8050=ORIENTED_EDGE('',*,*,#8040,.F.);
#8060=EDGE_LOOP('',(#8050,#7990,#7910,#7830));
#8070=FACE_OUTER_BOUND('',#8060,.T.);
#8080=ADVANCED_FACE('',(#8070),#7820,.T.);
#8090=CARTESIAN_POINT('',(-0.659999999999993,1.15000000000001,
0.109999999999673));
#8100=DIRECTION('',(0.,1.,0.));
#8110=DIRECTION('',(0.,0.,-1.));
#8120=AXIS2_PLACEMENT_3D('',#8090,#8100,#8110);
#8130=PLANE('',#8120);
#8140=ORIENTED_EDGE('',*,*,#7980,.T.);
#8150=CARTESIAN_POINT('',(-0.539999999999994,1.15000000000002,
0.882985658773493));
#8160=DIRECTION('',(0.,0.,1.));
#8170=VECTOR('',#8160,1.);
#8180=LINE('',#8150,#8170);
#8190=CARTESIAN_POINT('',(-0.539999999999994,1.14999999999991,
0.109999999999701));
#8200=VERTEX_POINT('',#8190);
#8210=EDGE_CURVE('',#7890,#8200,#8180,.T.);
#8220=ORIENTED_EDGE('',*,*,#8210,.F.);
#8230=CARTESIAN_POINT('',(-0.659999999999993,1.14999999999991,
0.109999999999701));
#8240=DIRECTION('',(1.,0.,0.));
#8250=VECTOR('',#8240,1.);
#8260=LINE('',#8230,#8250);
#8270=CARTESIAN_POINT('',(-0.659999999999995,1.14999999999991,
0.109999999999701));
#8280=VERTEX_POINT('',#8270);
#8290=EDGE_CURVE('',#8280,#8200,#8260,.T.);
#8300=ORIENTED_EDGE('',*,*,#8290,.T.);
#8310=CARTESIAN_POINT('',(-0.659999999999995,1.15000000000002,
0.882985658773493));
#8320=DIRECTION('',(0.,0.,-1.));
#8330=VECTOR('',#8320,1.);
#8340=LINE('',#8310,#8330);
#8350=EDGE_CURVE('',#8280,#7970,#8340,.T.);
#8360=ORIENTED_EDGE('',*,*,#8350,.F.);
#8370=EDGE_LOOP('',(#8360,#8300,#8220,#8140));
#8380=FACE_OUTER_BOUND('',#8370,.T.);
#8390=ADVANCED_FACE('',(#8380),#8130,.T.);
#8400=CARTESIAN_POINT('',(-0.659999999999993,1.19999999999992,
0.109999999999701));
#8410=DIRECTION('',(1.,0.,0.));
#8420=DIRECTION('',(0.,1.,0.));
#8430=AXIS2_PLACEMENT_3D('',#8400,#8410,#8420);
#8440=CYLINDRICAL_SURFACE('',#8430,0.0500000000000114);
#8450=ORIENTED_EDGE('',*,*,#8290,.F.);
#8460=CARTESIAN_POINT('',(-0.539999999999994,1.19999999999992,
0.109999999999673));
#8470=DIRECTION('',(1.,0.,0.));
#8480=DIRECTION('',(0.,1.,0.));
#8490=AXIS2_PLACEMENT_3D('',#8460,#8470,#8480);
#8500=CIRCLE('',#8490,0.0500000000000114);
#8510=CARTESIAN_POINT('',(-0.539999999999997,1.19999999999992,
0.159999999999684));
#8520=VERTEX_POINT('',#8510);
#8530=EDGE_CURVE('',#8520,#8200,#8500,.T.);
#8540=ORIENTED_EDGE('',*,*,#8530,.T.);
#8550=CARTESIAN_POINT('',(-0.659999999999997,1.19999999999992,
0.159999999999684));
#8560=DIRECTION('',(1.,0.,0.));
#8570=VECTOR('',#8560,1.);
#8580=LINE('',#8550,#8570);
#8590=CARTESIAN_POINT('',(-0.659999999999995,1.19999999999989,
0.159999999999684));
#8600=VERTEX_POINT('',#8590);
#8610=EDGE_CURVE('',#8600,#8520,#8580,.T.);
#8620=ORIENTED_EDGE('',*,*,#8610,.T.);
#8630=CARTESIAN_POINT('',(-0.659999999999995,1.19999999999992,
0.109999999999673));
#8640=DIRECTION('',(1.,0.,0.));
#8650=DIRECTION('',(0.,1.,0.));
#8660=AXIS2_PLACEMENT_3D('',#8630,#8640,#8650);
#8670=CIRCLE('',#8660,0.0500000000000114);
#8680=EDGE_CURVE('',#8600,#8280,#8670,.T.);
#8690=ORIENTED_EDGE('',*,*,#8680,.F.);
#8700=EDGE_LOOP('',(#8690,#8620,#8540,#8450));
#8710=FACE_OUTER_BOUND('',#8700,.T.);
#8720=ADVANCED_FACE('',(#8710),#8440,.F.);
#8730=CARTESIAN_POINT('',(-0.659999999999993,1.25000000000003,
0.159999999999713));
#8740=DIRECTION('',(-0.,-0.,-1.));
#8750=DIRECTION('',(0.,-1.,0.));
#8760=AXIS2_PLACEMENT_3D('',#8730,#8740,#8750);
#8770=PLANE('',#8760);
#8780=ORIENTED_EDGE('',*,*,#8610,.F.);
#8790=CARTESIAN_POINT('',(-0.539999999999994,-0.760191573472085,
0.159999999999684));
#8800=DIRECTION('',(0.,1.,0.));
#8810=VECTOR('',#8800,1.);
#8820=LINE('',#8790,#8810);
#8830=CARTESIAN_POINT('',(-0.539999999999994,1.25000000000004,
0.159999999999684));
#8840=VERTEX_POINT('',#8830);
#8850=EDGE_CURVE('',#8520,#8840,#8820,.T.);
#8860=ORIENTED_EDGE('',*,*,#8850,.F.);
#8870=CARTESIAN_POINT('',(11.0275,1.25000000000004,0.159999999999684));
#8880=DIRECTION('',(-1.,0.,0.));
#8890=VECTOR('',#8880,1.);
#8900=LINE('',#8870,#8890);
#8910=CARTESIAN_POINT('',(-0.659999999999995,1.25000000000004,
0.159999999999684));
#8920=VERTEX_POINT('',#8910);
#8930=EDGE_CURVE('',#8840,#8920,#8900,.T.);
#8940=ORIENTED_EDGE('',*,*,#8930,.F.);
#8950=CARTESIAN_POINT('',(-0.659999999999995,-0.760191573472085,
0.159999999999684));
#8960=DIRECTION('',(0.,-1.,0.));
#8970=VECTOR('',#8960,1.);
#8980=LINE('',#8950,#8970);
#8990=EDGE_CURVE('',#8920,#8600,#8980,.T.);
#9000=ORIENTED_EDGE('',*,*,#8990,.F.);
#9010=EDGE_LOOP('',(#9000,#8940,#8860,#8780));
#9020=FACE_OUTER_BOUND('',#9010,.T.);
#9030=ADVANCED_FACE('',(#9020),#8770,.T.);
#9040=CARTESIAN_POINT('',(-5.85,0.210000000000073,0.950000000000018));
#9050=DIRECTION('',(0.,1.,0.));
#9060=DIRECTION('',(0.,0.,1.));
#9070=AXIS2_PLACEMENT_3D('',#9040,#9050,#9060);
#9080=PLANE('',#9070);
#9090=CARTESIAN_POINT('',(1.65,0.210000000000073,0.882985658773493));
#9100=DIRECTION('',(0.,0.,1.));
#9110=VECTOR('',#9100,1.);
#9120=LINE('',#9090,#9110);
#9130=CARTESIAN_POINT('',(1.65,0.210000000000073,0.30999999999969));
#9140=VERTEX_POINT('',#9130);
#9150=CARTESIAN_POINT('',(1.65,0.210000000000074,0.900000000000018));
#9160=VERTEX_POINT('',#9150);
#9170=EDGE_CURVE('',#9140,#9160,#9120,.T.);
#9180=ORIENTED_EDGE('',*,*,#9170,.F.);
#9190=CARTESIAN_POINT('',(3.2275,0.210000000000073,0.900000000000018));
#9200=DIRECTION('',(1.,0.,0.));
#9210=VECTOR('',#9200,1.);
#9220=LINE('',#9190,#9210);
#9230=CARTESIAN_POINT('',(0.972500000000004,0.210000000000074,
0.900000000000018));
#9240=VERTEX_POINT('',#9230);
#9250=EDGE_CURVE('',#9240,#9160,#9220,.T.);
#9260=ORIENTED_EDGE('',*,*,#9250,.T.);
#9270=CARTESIAN_POINT('',(0.972500000000004,0.210000000000074,
0.882985658773493));
#9280=DIRECTION('',(0.,0.,1.));
#9290=VECTOR('',#9280,1.);
#9300=LINE('',#9270,#9290);
#9310=CARTESIAN_POINT('',(0.972500000000004,0.210000000000074,
0.560000000000017));
#9320=VERTEX_POINT('',#9310);
#9330=EDGE_CURVE('',#9320,#9240,#9300,.T.);
#9340=ORIENTED_EDGE('',*,*,#9330,.T.);
#9350=CARTESIAN_POINT('',(12.8275,0.210000000000073,0.560000000000018));
#9360=DIRECTION('',(1.,0.,0.));
#9370=VECTOR('',#9360,1.);
#9380=LINE('',#9350,#9370);
#9390=CARTESIAN_POINT('',(-1.5725,0.210000000000073,0.560000000000018));
#9400=VERTEX_POINT('',#9390);
#9410=EDGE_CURVE('',#9400,#9320,#9380,.T.);
#9420=ORIENTED_EDGE('',*,*,#9410,.T.);
#9430=CARTESIAN_POINT('',(-1.5725,0.210000000000073,-1.94382799999998));
#9440=DIRECTION('',(0.,0.,1.));
#9450=VECTOR('',#9440,1.);
#9460=LINE('',#9430,#9450);
#9470=CARTESIAN_POINT('',(-1.5725,0.210000000000073,0.900000000000018));
#9480=VERTEX_POINT('',#9470);
#9490=EDGE_CURVE('',#9400,#9480,#9460,.T.);
#9500=ORIENTED_EDGE('',*,*,#9490,.F.);
#9510=CARTESIAN_POINT('',(11.0275,0.210000000000073,0.900000000000018));
#9520=DIRECTION('',(1.,0.,0.));
#9530=VECTOR('',#9520,1.);
#9540=LINE('',#9510,#9530);
#9550=EDGE_CURVE('',#210,#9480,#9540,.T.);
#9560=ORIENTED_EDGE('',*,*,#9550,.T.);
#9570=ORIENTED_EDGE('',*,*,#220,.F.);
#9580=CARTESIAN_POINT('',(6.8275,0.210000000000073,0.309999999999661));
#9590=DIRECTION('',(-1.,0.,0.));
#9600=VECTOR('',#9590,1.);
#9610=LINE('',#9580,#9600);
#9620=EDGE_CURVE('',#9140,#110,#9610,.T.);
#9630=ORIENTED_EDGE('',*,*,#9620,.T.);
#9640=EDGE_LOOP('',(#9630,#9570,#9560,#9500,#9420,#9340,#9260,#9180));
#9650=FACE_OUTER_BOUND('',#9640,.T.);
#9660=ADVANCED_FACE('',(#9650),#9080,.T.);
#9670=CARTESIAN_POINT('',(-0.359999999999996,-2.09999999999992,
0.280000000000001));
#9680=DIRECTION('',(0.,-0.,1.));
#9690=DIRECTION('',(0.,1.,0.));
#9700=AXIS2_PLACEMENT_3D('',#9670,#9680,#9690);
#9710=PLANE('',#9700);
#9720=CARTESIAN_POINT('',(11.0275,-2.04999999999897,0.280000000000058));
#9730=DIRECTION('',(1.,0.,0.));
#9740=VECTOR('',#9730,1.);
#9750=LINE('',#9720,#9740);
#9760=CARTESIAN_POINT('',(-0.359999999999996,-2.04999999999897,
0.280000000000058));
#9770=VERTEX_POINT('',#9760);
#9780=CARTESIAN_POINT('',(-0.239999999999995,-2.04999999999977,
0.280000000000058));
#9790=VERTEX_POINT('',#9780);
#9800=EDGE_CURVE('',#9770,#9790,#9750,.T.);
#9810=ORIENTED_EDGE('',*,*,#9800,.F.);
#9820=CARTESIAN_POINT('',(-0.239999999999995,-0.760191573472085,
0.280000000000058));
#9830=DIRECTION('',(0.,-1.,0.));
#9840=VECTOR('',#9830,1.);
#9850=LINE('',#9820,#9840);
#9860=CARTESIAN_POINT('',(-0.239999999999995,-2.09999999999988,
0.280000000000058));
#9870=VERTEX_POINT('',#9860);
#9880=EDGE_CURVE('',#9790,#9870,#9850,.T.);
#9890=ORIENTED_EDGE('',*,*,#9880,.F.);
#9900=CARTESIAN_POINT('',(11.0275,-2.09999999999988,0.280000000000001));
#9910=DIRECTION('',(-1.,0.,0.));
#9920=VECTOR('',#9910,1.);
#9930=LINE('',#9900,#9920);
#9940=CARTESIAN_POINT('',(-0.359999999999996,-2.09999999999988,
0.280000000000001));
#9950=VERTEX_POINT('',#9940);
#9960=EDGE_CURVE('',#9870,#9950,#9930,.T.);
#9970=ORIENTED_EDGE('',*,*,#9960,.F.);
#9980=CARTESIAN_POINT('',(-0.359999999999996,-0.760191573472085,
0.280000000000001));
#9990=DIRECTION('',(0.,-1.,0.));
#10000=VECTOR('',#9990,1.);
#10010=LINE('',#9980,#10000);
#10020=EDGE_CURVE('',#9770,#9950,#10010,.T.);
#10030=ORIENTED_EDGE('',*,*,#10020,.T.);
#10040=EDGE_LOOP('',(#10030,#9970,#9890,#9810));
#10050=FACE_OUTER_BOUND('',#10040,.T.);
#10060=ADVANCED_FACE('',(#10050),#9710,.T.);
#10070=CARTESIAN_POINT('',(4.275,1.15999999999992,0.929999999999662));
#10080=DIRECTION('',(0.,-0.274721127897377,0.961523947640823));
#10090=DIRECTION('',(0.,-0.961523947640823,-0.274721127897377));
#10100=AXIS2_PLACEMENT_3D('',#10070,#10080,#10090);
#10110=PLANE('',#10100);
#10120=CARTESIAN_POINT('',(0.775000000000004,-0.773927629866954,
0.377449248609127));
#10130=DIRECTION('',(0.,0.961523947640823,0.274721127897377));
#10140=VECTOR('',#10130,1.);
#10150=LINE('',#10120,#10140);
#10160=CARTESIAN_POINT('',(0.775000000000004,0.879999999999921,
0.849999999999662));
#10170=VERTEX_POINT('',#10160);
#10180=CARTESIAN_POINT('',(0.775000000000004,1.05499999999992,
0.899999999999662));
#10190=VERTEX_POINT('',#10180);
#10200=EDGE_CURVE('',#10170,#10190,#10150,.T.);
#10210=ORIENTED_EDGE('',*,*,#10200,.T.);
#10220=CARTESIAN_POINT('',(10.4275,0.87999999999992,0.849999999999661));
#10230=DIRECTION('',(1.,0.,0.));
#10240=VECTOR('',#10230,1.);
#10250=LINE('',#10220,#10240);
#10260=CARTESIAN_POINT('',(-1.37499999999999,0.879999999999921,
0.849999999999662));
#10270=VERTEX_POINT('',#10260);
#10280=EDGE_CURVE('',#10270,#10170,#10250,.T.);
#10290=ORIENTED_EDGE('',*,*,#10280,.T.);
#10300=CARTESIAN_POINT('',(-1.37499999999999,-0.773927629866954,
0.377449248609127));
#10310=DIRECTION('',(0.,0.961523947640823,0.274721127897377));
#10320=VECTOR('',#10310,1.);
#10330=LINE('',#10300,#10320);
#10340=CARTESIAN_POINT('',(-1.37499999999999,1.05499999999992,
0.899999999999662));
#10350=VERTEX_POINT('',#10340);
#10360=EDGE_CURVE('',#10270,#10350,#10330,.T.);
#10370=ORIENTED_EDGE('',*,*,#10360,.F.);
#10380=CARTESIAN_POINT('',(3.8275,1.05499999999992,0.899999999999662));
#10390=DIRECTION('',(-1.,0.,0.));
#10400=VECTOR('',#10390,1.);
#10410=LINE('',#10380,#10400);
#10420=EDGE_CURVE('',#10190,#10350,#10410,.T.);
#10430=ORIENTED_EDGE('',*,*,#10420,.T.);
#10440=EDGE_LOOP('',(#10430,#10370,#10290,#10210));
#10450=FACE_OUTER_BOUND('',#10440,.T.);
#10460=ADVANCED_FACE('',(#10450),#10110,.T.);
#10470=CARTESIAN_POINT('',(7.04,0.599999999999921,0.579999999999661));
#10480=DIRECTION('',(0.,1.,0.));
#10490=DIRECTION('',(0.,0.,-1.));
#10500=AXIS2_PLACEMENT_3D('',#10470,#10480,#10490);
#10510=PLANE('',#10500);
#10520=CARTESIAN_POINT('',(0.360000000000003,0.599999999999921,
0.882985658773493));
#10530=DIRECTION('',(0.,0.,-1.));
#10540=VECTOR('',#10530,1.);
#10550=LINE('',#10520,#10540);
#10560=CARTESIAN_POINT('',(0.360000000000003,0.599999999999921,
0.749999999999661));
#10570=VERTEX_POINT('',#10560);
#10580=CARTESIAN_POINT('',(0.360000000000005,0.599999999999921,
0.644584193890363));
#10590=VERTEX_POINT('',#10580);
#10600=EDGE_CURVE('',#10570,#10590,#10550,.T.);
#10610=ORIENTED_EDGE('',*,*,#10600,.T.);
#10620=CARTESIAN_POINT('',(8.175,0.599999999999921,0.749999999999661));
#10630=DIRECTION('',(-1.,0.,0.));
#10640=VECTOR('',#10630,1.);
#10650=LINE('',#10620,#10640);
#10660=CARTESIAN_POINT('',(0.540000000000004,0.599999999999921,
0.749999999999661));
#10670=VERTEX_POINT('',#10660);
#10680=EDGE_CURVE('',#10670,#10570,#10650,.T.);
#10690=ORIENTED_EDGE('',*,*,#10680,.T.);
#10700=CARTESIAN_POINT('',(0.540000000000004,0.599999999999921,
0.882985658773493));
#10710=DIRECTION('',(0.,0.,1.));
#10720=VECTOR('',#10710,1.);
#10730=LINE('',#10700,#10720);
#10740=CARTESIAN_POINT('',(0.540000000000004,0.599999999999921,
0.644584193890391));
#10750=VERTEX_POINT('',#10740);
#10760=EDGE_CURVE('',#10750,#10670,#10730,.T.);
#10770=ORIENTED_EDGE('',*,*,#10760,.T.);
#10780=CARTESIAN_POINT('',(3.8275,0.599999999999921,0.644584193890391));
#10790=DIRECTION('',(-1.,0.,0.));
#10800=VECTOR('',#10790,1.);
#10810=LINE('',#10780,#10800);
#10820=CARTESIAN_POINT('',(0.660000000000004,0.599999999999921,
0.644584193890391));
#10830=VERTEX_POINT('',#10820);
#10840=EDGE_CURVE('',#10830,#10750,#10810,.T.);
#10850=ORIENTED_EDGE('',*,*,#10840,.T.);
#10860=CARTESIAN_POINT('',(0.660000000000004,0.599999999999921,
0.882985658773493));
#10870=DIRECTION('',(0.,0.,-1.));
#10880=VECTOR('',#10870,1.);
#10890=LINE('',#10860,#10880);
#10900=CARTESIAN_POINT('',(0.660000000000004,0.599999999999921,
0.749999999999661));
#10910=VERTEX_POINT('',#10900);
#10920=EDGE_CURVE('',#10910,#10830,#10890,.T.);
#10930=ORIENTED_EDGE('',*,*,#10920,.T.);
#10940=CARTESIAN_POINT('',(0.840000000000003,0.599999999999921,
0.749999999999661));
#10950=VERTEX_POINT('',#10940);
#10960=EDGE_CURVE('',#10950,#10910,#10650,.T.);
#10970=ORIENTED_EDGE('',*,*,#10960,.T.);
#10980=CARTESIAN_POINT('',(0.840000000000003,0.599999999999921,
0.882985658773493));
#10990=DIRECTION('',(0.,0.,-1.));
#11000=VECTOR('',#10990,1.);
#11010=LINE('',#10980,#11000);
#11020=CARTESIAN_POINT('',(0.840000000000003,0.599999999999921,
0.644584193890363));
#11030=VERTEX_POINT('',#11020);
#11040=EDGE_CURVE('',#10950,#11030,#11010,.T.);
#11050=ORIENTED_EDGE('',*,*,#11040,.F.);
#11060=CARTESIAN_POINT('',(3.8275,0.599999999999921,0.644584193890363));
#11070=DIRECTION('',(-1.,0.,0.));
#11080=VECTOR('',#11070,1.);
#11090=LINE('',#11060,#11080);
#11100=CARTESIAN_POINT('',(0.960000000000003,0.599999999999921,
0.644584193890363));
#11110=VERTEX_POINT('',#11100);
#11120=EDGE_CURVE('',#11110,#11030,#11090,.T.);
#11130=ORIENTED_EDGE('',*,*,#11120,.T.);
#11140=CARTESIAN_POINT('',(0.960000000000003,0.599999999999921,
0.882985658773493));
#11150=DIRECTION('',(0.,0.,1.));
#11160=VECTOR('',#11150,1.);
#11170=LINE('',#11140,#11160);
#11180=CARTESIAN_POINT('',(0.960000000000003,0.599999999999921,
0.749999999999661));
#11190=VERTEX_POINT('',#11180);
#11200=EDGE_CURVE('',#11110,#11190,#11170,.T.);
#11210=ORIENTED_EDGE('',*,*,#11200,.F.);
#11220=CARTESIAN_POINT('',(1.63000000000001,0.599999999999921,
0.749999999999661));
#11230=VERTEX_POINT('',#11220);
#11240=EDGE_CURVE('',#11230,#11190,#10650,.T.);
#11250=ORIENTED_EDGE('',*,*,#11240,.T.);
#11260=CARTESIAN_POINT('',(1.63000000000001,0.599999999999921,
-1.94382800000034));
#11270=DIRECTION('',(0.,0.,1.));
#11280=VECTOR('',#11270,1.);
#11290=LINE('',#11260,#11280);
#11300=CARTESIAN_POINT('',(1.63000000000001,0.599999999999922,
0.409999999999662));
#11310=VERTEX_POINT('',#11300);
#11320=EDGE_CURVE('',#11310,#11230,#11290,.T.);
#11330=ORIENTED_EDGE('',*,*,#11320,.T.);
#11340=CARTESIAN_POINT('',(-6.075,0.599999999999922,0.409999999999662));
#11350=DIRECTION('',(1.,0.,0.));
#11360=VECTOR('',#11350,1.);
#11370=LINE('',#11340,#11360);
#11380=CARTESIAN_POINT('',(-2.23,0.599999999999922,0.409999999999662));
#11390=VERTEX_POINT('',#11380);
#11400=EDGE_CURVE('',#11390,#11310,#11370,.T.);
#11410=ORIENTED_EDGE('',*,*,#11400,.T.);
#11420=CARTESIAN_POINT('',(-2.23,0.599999999999921,0.882985658773493));
#11430=DIRECTION('',(0.,0.,1.));
#11440=VECTOR('',#11430,1.);
#11450=LINE('',#11420,#11440);
#11460=CARTESIAN_POINT('',(-2.23,0.599999999999921,0.749999999999661));
#11470=VERTEX_POINT('',#11460);
#11480=EDGE_CURVE('',#11390,#11470,#11450,.T.);
#11490=ORIENTED_EDGE('',*,*,#11480,.F.);
#11500=CARTESIAN_POINT('',(-1.56,0.599999999999921,0.749999999999661));
#11510=VERTEX_POINT('',#11500);
#11520=EDGE_CURVE('',#11510,#11470,#10650,.T.);
#11530=ORIENTED_EDGE('',*,*,#11520,.T.);
#11540=CARTESIAN_POINT('',(-1.56,0.599999999999921,0.882985658773493));
#11550=DIRECTION('',(0.,0.,-1.));
#11560=VECTOR('',#11550,1.);
#11570=LINE('',#11540,#11560);
#11580=CARTESIAN_POINT('',(-1.56,0.599999999999921,0.644584193890363));
#11590=VERTEX_POINT('',#11580);
#11600=EDGE_CURVE('',#11510,#11590,#11570,.T.);
#11610=ORIENTED_EDGE('',*,*,#11600,.F.);
#11620=CARTESIAN_POINT('',(11.0275,0.599999999999921,0.644584193890363))
;
#11630=DIRECTION('',(-1.,0.,0.));
#11640=VECTOR('',#11630,1.);
#11650=LINE('',#11620,#11640);
#11660=CARTESIAN_POINT('',(-1.43999999999999,0.599999999999921,
0.644584193890363));
#11670=VERTEX_POINT('',#11660);
#11680=EDGE_CURVE('',#11670,#11590,#11650,.T.);
#11690=ORIENTED_EDGE('',*,*,#11680,.T.);
#11700=CARTESIAN_POINT('',(-1.43999999999999,0.599999999999921,
0.882985658773493));
#11710=DIRECTION('',(0.,0.,1.));
#11720=VECTOR('',#11710,1.);
#11730=LINE('',#11700,#11720);
#11740=CARTESIAN_POINT('',(-1.43999999999999,0.599999999999921,
0.749999999999661));
#11750=VERTEX_POINT('',#11740);
#11760=EDGE_CURVE('',#11670,#11750,#11730,.T.);
#11770=ORIENTED_EDGE('',*,*,#11760,.F.);
#11780=CARTESIAN_POINT('',(-1.25999999999999,0.599999999999921,
0.749999999999661));
#11790=VERTEX_POINT('',#11780);
#11800=EDGE_CURVE('',#11790,#11750,#10650,.T.);
#11810=ORIENTED_EDGE('',*,*,#11800,.T.);
#11820=CARTESIAN_POINT('',(-1.25999999999999,0.599999999999921,
0.882985658773493));
#11830=DIRECTION('',(0.,0.,-1.));
#11840=VECTOR('',#11830,1.);
#11850=LINE('',#11820,#11840);
#11860=CARTESIAN_POINT('',(-1.25999999999999,0.599999999999921,
0.644584193890391));
#11870=VERTEX_POINT('',#11860);
#11880=EDGE_CURVE('',#11790,#11870,#11850,.T.);
#11890=ORIENTED_EDGE('',*,*,#11880,.F.);
#11900=CARTESIAN_POINT('',(11.0275,0.599999999999921,0.644584193890391))
;
#11910=DIRECTION('',(-1.,0.,0.));
#11920=VECTOR('',#11910,1.);
#11930=LINE('',#11900,#11920);
#11940=CARTESIAN_POINT('',(-1.14,0.599999999999921,0.644584193890391));
#11950=VERTEX_POINT('',#11940);
#11960=EDGE_CURVE('',#11950,#11870,#11930,.T.);
#11970=ORIENTED_EDGE('',*,*,#11960,.T.);
#11980=CARTESIAN_POINT('',(-1.14,0.599999999999921,0.882985658773493));
#11990=DIRECTION('',(0.,0.,-1.));
#12000=VECTOR('',#11990,1.);
#12010=LINE('',#11980,#12000);
#12020=CARTESIAN_POINT('',(-1.14,0.599999999999921,0.749999999999661));
#12030=VERTEX_POINT('',#12020);
#12040=EDGE_CURVE('',#12030,#11950,#12010,.T.);
#12050=ORIENTED_EDGE('',*,*,#12040,.T.);
#12060=CARTESIAN_POINT('',(-0.959999999999997,0.599999999999921,
0.749999999999661));
#12070=VERTEX_POINT('',#12060);
#12080=EDGE_CURVE('',#12070,#12030,#10650,.T.);
#12090=ORIENTED_EDGE('',*,*,#12080,.T.);
#12100=CARTESIAN_POINT('',(-0.959999999999997,0.599999999999921,
0.882985658773493));
#12110=DIRECTION('',(0.,0.,-1.));
#12120=VECTOR('',#12110,1.);
#12130=LINE('',#12100,#12120);
#12140=CARTESIAN_POINT('',(-0.959999999999997,0.599999999999921,
0.644584193890363));
#12150=VERTEX_POINT('',#12140);
#12160=EDGE_CURVE('',#12070,#12150,#12130,.T.);
#12170=ORIENTED_EDGE('',*,*,#12160,.F.);
#12180=CARTESIAN_POINT('',(11.0275,0.599999999999921,0.644584193890363))
;
#12190=DIRECTION('',(-1.,0.,0.));
#12200=VECTOR('',#12190,1.);
#12210=LINE('',#12180,#12200);
#12220=CARTESIAN_POINT('',(-0.839999999999996,0.599999999999921,
0.644584193890363));
#12230=VERTEX_POINT('',#12220);
#12240=EDGE_CURVE('',#12230,#12150,#12210,.T.);
#12250=ORIENTED_EDGE('',*,*,#12240,.T.);
#12260=CARTESIAN_POINT('',(-0.839999999999996,0.599999999999921,
0.882985658773493));
#12270=DIRECTION('',(0.,0.,1.));
#12280=VECTOR('',#12270,1.);
#12290=LINE('',#12260,#12280);
#12300=CARTESIAN_POINT('',(-0.839999999999996,0.599999999999921,
0.749999999999661));
#12310=VERTEX_POINT('',#12300);
#12320=EDGE_CURVE('',#12230,#12310,#12290,.T.);
#12330=ORIENTED_EDGE('',*,*,#12320,.F.);
#12340=CARTESIAN_POINT('',(-0.659999999999997,0.599999999999921,
0.749999999999661));
#12350=VERTEX_POINT('',#12340);
#12360=EDGE_CURVE('',#12350,#12310,#10650,.T.);
#12370=ORIENTED_EDGE('',*,*,#12360,.T.);
#12380=CARTESIAN_POINT('',(-0.659999999999997,0.599999999999921,
0.882985658773493));
#12390=DIRECTION('',(0.,0.,-1.));
#12400=VECTOR('',#12390,1.);
#12410=LINE('',#12380,#12400);
#12420=CARTESIAN_POINT('',(-0.659999999999997,0.599999999999921,
0.644584193890391));
#12430=VERTEX_POINT('',#12420);
#12440=EDGE_CURVE('',#12350,#12430,#12410,.T.);
#12450=ORIENTED_EDGE('',*,*,#12440,.F.);
#12460=CARTESIAN_POINT('',(11.0275,0.599999999999921,0.644584193890391))
;
#12470=DIRECTION('',(-1.,0.,0.));
#12480=VECTOR('',#12470,1.);
#12490=LINE('',#12460,#12480);
#12500=CARTESIAN_POINT('',(-0.539999999999997,0.599999999999921,
0.644584193890391));
#12510=VERTEX_POINT('',#12500);
#12520=EDGE_CURVE('',#12510,#12430,#12490,.T.);
#12530=ORIENTED_EDGE('',*,*,#12520,.T.);
#12540=CARTESIAN_POINT('',(-0.539999999999997,0.599999999999921,
0.882985658773493));
#12550=DIRECTION('',(0.,0.,-1.));
#12560=VECTOR('',#12550,1.);
#12570=LINE('',#12540,#12560);
#12580=CARTESIAN_POINT('',(-0.539999999999997,0.599999999999921,
0.749999999999661));
#12590=VERTEX_POINT('',#12580);
#12600=EDGE_CURVE('',#12590,#12510,#12570,.T.);
#12610=ORIENTED_EDGE('',*,*,#12600,.T.);
#12620=CARTESIAN_POINT('',(-0.359999999999996,0.599999999999921,
0.749999999999661));
#12630=VERTEX_POINT('',#12620);
#12640=EDGE_CURVE('',#12630,#12590,#10650,.T.);
#12650=ORIENTED_EDGE('',*,*,#12640,.T.);
#12660=CARTESIAN_POINT('',(-0.359999999999996,0.599999999999921,
0.882985658773493));
#12670=DIRECTION('',(0.,0.,-1.));
#12680=VECTOR('',#12670,1.);
#12690=LINE('',#12660,#12680);
#12700=CARTESIAN_POINT('',(-0.359999999999996,0.599999999999921,
0.644584193890363));
#12710=VERTEX_POINT('',#12700);
#12720=EDGE_CURVE('',#12630,#12710,#12690,.T.);
#12730=ORIENTED_EDGE('',*,*,#12720,.F.);
#12740=CARTESIAN_POINT('',(11.0275,0.599999999999921,0.644584193890363))
;
#12750=DIRECTION('',(-1.,0.,0.));
#12760=VECTOR('',#12750,1.);
#12770=LINE('',#12740,#12760);
#12780=CARTESIAN_POINT('',(-0.239999999999995,0.599999999999921,
0.644584193890363));
#12790=VERTEX_POINT('',#12780);
#12800=EDGE_CURVE('',#12790,#12710,#12770,.T.);
#12810=ORIENTED_EDGE('',*,*,#12800,.T.);
#12820=CARTESIAN_POINT('',(-0.239999999999995,0.599999999999921,
0.882985658773493));
#12830=DIRECTION('',(0.,0.,1.));
#12840=VECTOR('',#12830,1.);
#12850=LINE('',#12820,#12840);
#12860=CARTESIAN_POINT('',(-0.239999999999995,0.599999999999921,
0.749999999999661));
#12870=VERTEX_POINT('',#12860);
#12880=EDGE_CURVE('',#12790,#12870,#12850,.T.);
#12890=ORIENTED_EDGE('',*,*,#12880,.F.);
#12900=CARTESIAN_POINT('',(-0.0599999999999952,0.599999999999921,
0.749999999999661));
#12910=VERTEX_POINT('',#12900);
#12920=EDGE_CURVE('',#12910,#12870,#10650,.T.);
#12930=ORIENTED_EDGE('',*,*,#12920,.T.);
#12940=CARTESIAN_POINT('',(-0.0599999999999952,0.599999999999921,
0.882985658773493));
#12950=DIRECTION('',(0.,0.,-1.));
#12960=VECTOR('',#12950,1.);
#12970=LINE('',#12940,#12960);
#12980=CARTESIAN_POINT('',(-0.0599999999999952,0.599999999999921,
0.644584193890391));
#12990=VERTEX_POINT('',#12980);
#13000=EDGE_CURVE('',#12910,#12990,#12970,.T.);
#13010=ORIENTED_EDGE('',*,*,#13000,.F.);
#13020=CARTESIAN_POINT('',(11.0275,0.599999999999921,0.644584193890391))
;
#13030=DIRECTION('',(-1.,0.,0.));
#13040=VECTOR('',#13030,1.);
#13050=LINE('',#13020,#13040);
#13060=CARTESIAN_POINT('',(0.0600000000000041,0.599999999999921,
0.644584193890391));
#13070=VERTEX_POINT('',#13060);
#13080=EDGE_CURVE('',#13070,#12990,#13050,.T.);
#13090=ORIENTED_EDGE('',*,*,#13080,.T.);
#13100=CARTESIAN_POINT('',(0.0600000000000041,0.599999999999921,
0.882985658773493));
#13110=DIRECTION('',(0.,0.,-1.));
#13120=VECTOR('',#13110,1.);
#13130=LINE('',#13100,#13120);
#13140=CARTESIAN_POINT('',(0.0600000000000041,0.599999999999921,
0.749999999999661));
#13150=VERTEX_POINT('',#13140);
#13160=EDGE_CURVE('',#13150,#13070,#13130,.T.);
#13170=ORIENTED_EDGE('',*,*,#13160,.T.);
#13180=CARTESIAN_POINT('',(0.240000000000002,0.599999999999921,
0.749999999999661));
#13190=VERTEX_POINT('',#13180);
#13200=EDGE_CURVE('',#13190,#13150,#10650,.T.);
#13210=ORIENTED_EDGE('',*,*,#13200,.T.);
#13220=CARTESIAN_POINT('',(0.240000000000002,0.599999999999921,
0.882985658773493));
#13230=DIRECTION('',(0.,0.,1.));
#13240=VECTOR('',#13230,1.);
#13250=LINE('',#13220,#13240);
#13260=CARTESIAN_POINT('',(0.240000000000004,0.599999999999921,
0.644584193890363));
#13270=VERTEX_POINT('',#13260);
#13280=EDGE_CURVE('',#13270,#13190,#13250,.T.);
#13290=ORIENTED_EDGE('',*,*,#13280,.T.);
#13300=CARTESIAN_POINT('',(6.8275,0.599999999999921,0.644584193890363));
#13310=DIRECTION('',(-1.,0.,0.));
#13320=VECTOR('',#13310,1.);
#13330=LINE('',#13300,#13320);
#13340=EDGE_CURVE('',#10590,#13270,#13330,.T.);
#13350=ORIENTED_EDGE('',*,*,#13340,.T.);
#13360=EDGE_LOOP('',(#13350,#13290,#13210,#13170,#13090,#13010,#12930,
#12890,#12810,#12730,#12650,#12610,#12530,#12450,#12370,#12330,#12250,
#12170,#12090,#12050,#11970,#11890,#11810,#11770,#11690,#11610,#11530,
#11490,#11410,#11330,#11250,#11210,#11130,#11050,#10970,#10930,#10850,
#10770,#10690,#10610));
#13370=FACE_OUTER_BOUND('',#13360,.T.);
#13380=ADVANCED_FACE('',(#13370),#10510,.F.);
#13390=CARTESIAN_POINT('',(5.1725,0.210000000000074,0.560000000000017));
#13400=DIRECTION('',(-0.,0.508729312126642,0.860926528214315));
#13410=DIRECTION('',(0.,-0.860926528214315,0.508729312126642));
#13420=AXIS2_PLACEMENT_3D('',#13390,#13400,#13410);
#13430=PLANE('',#13420);
#13440=CARTESIAN_POINT('',(-1.43999999999999,-0.760191573472085,
1.13329502068811));
#13450=DIRECTION('',(0.,-0.860926528214315,0.508729312126642));
#13460=VECTOR('',#13450,1.);
#13470=LINE('',#13440,#13460);
#13480=CARTESIAN_POINT('',(-1.43999999999999,0.100000000000103,0.625));
#13490=VERTEX_POINT('',#13480);
#13500=CARTESIAN_POINT('',(-1.43999999999999,-0.179230769207324,
0.789999999986208));
#13510=VERTEX_POINT('',#13500);
#13520=EDGE_CURVE('',#13490,#13510,#13470,.T.);
#13530=ORIENTED_EDGE('',*,*,#13520,.T.);
#13540=CARTESIAN_POINT('',(11.0275,0.100000000000103,0.625));
#13550=DIRECTION('',(-1.,0.,0.));
#13560=VECTOR('',#13550,1.);
#13570=LINE('',#13540,#13560);
#13580=CARTESIAN_POINT('',(-1.56,0.100000000000103,0.625));
#13590=VERTEX_POINT('',#13580);
#13600=EDGE_CURVE('',#13490,#13590,#13570,.T.);
#13610=ORIENTED_EDGE('',*,*,#13600,.F.);
#13620=CARTESIAN_POINT('',(-1.56,-0.760191573472085,1.13329502068811));
#13630=DIRECTION('',(0.,0.860926528214315,-0.508729312126642));
#13640=VECTOR('',#13630,1.);
#13650=LINE('',#13620,#13640);
#13660=CARTESIAN_POINT('',(-1.56,-0.179230769207324,0.789999999986208));
#13670=VERTEX_POINT('',#13660);
#13680=EDGE_CURVE('',#13670,#13590,#13650,.T.);
#13690=ORIENTED_EDGE('',*,*,#13680,.T.);
#13700=CARTESIAN_POINT('',(11.0275,-0.179230769207324,0.789999999986208)
);
#13710=DIRECTION('',(1.,0.,0.));
#13720=VECTOR('',#13710,1.);
#13730=LINE('',#13700,#13720);
#13740=EDGE_CURVE('',#13670,#13510,#13730,.T.);
#13750=ORIENTED_EDGE('',*,*,#13740,.F.);
#13760=EDGE_LOOP('',(#13750,#13690,#13610,#13530));
#13770=FACE_BOUND('',#13760,.T.);
#13780=CARTESIAN_POINT('',(0.0600000000000041,-0.760191573472085,
1.13329502068811));
#13790=DIRECTION('',(0.,0.860926528214315,-0.508729312126642));
#13800=VECTOR('',#13790,1.);
#13810=LINE('',#13780,#13800);
#13820=CARTESIAN_POINT('',(0.0600000000000041,-0.229999999999926,
0.820000000000018));
#13830=VERTEX_POINT('',#13820);
#13840=CARTESIAN_POINT('',(0.0600000000000041,0.0746153846160401,
0.639999999999674));
#13850=VERTEX_POINT('',#13840);
#13860=EDGE_CURVE('',#13830,#13850,#13810,.T.);
#13870=ORIENTED_EDGE('',*,*,#13860,.F.);
#13880=CARTESIAN_POINT('',(11.0275,0.0746153846160401,0.639999999999674)
);
#13890=DIRECTION('',(-1.,0.,0.));
#13900=VECTOR('',#13890,1.);
#13910=LINE('',#13880,#13900);
#13920=CARTESIAN_POINT('',(-0.0599999999999952,0.0746153846160401,
0.639999999999674));
#13930=VERTEX_POINT('',#13920);
#13940=EDGE_CURVE('',#13850,#13930,#13910,.T.);
#13950=ORIENTED_EDGE('',*,*,#13940,.F.);
#13960=CARTESIAN_POINT('',(-0.0599999999999952,-0.760191573472085,
1.13329502068811));
#13970=DIRECTION('',(0.,0.860926528214315,-0.508729312126642));
#13980=VECTOR('',#13970,1.);
#13990=LINE('',#13960,#13980);
#14000=CARTESIAN_POINT('',(-0.0599999999999952,-0.229999999999926,
0.820000000000018));
#14010=VERTEX_POINT('',#14000);
#14020=EDGE_CURVE('',#14010,#13930,#13990,.T.);
#14030=ORIENTED_EDGE('',*,*,#14020,.T.);
#14040=CARTESIAN_POINT('',(8.1725,-0.229999999999926,0.820000000000018))
;
#14050=DIRECTION('',(-1.,0.,0.));
#14060=VECTOR('',#14050,1.);
#14070=LINE('',#14040,#14060);
#14080=CARTESIAN_POINT('',(-0.539999999999997,-0.229999999999926,
0.820000000000018));
#14090=VERTEX_POINT('',#14080);
#14100=EDGE_CURVE('',#14010,#14090,#14070,.T.);
#14110=ORIENTED_EDGE('',*,*,#14100,.F.);
#14120=CARTESIAN_POINT('',(-0.539999999999997,-0.760191573472085,
1.13329502068811));
#14130=DIRECTION('',(0.,0.860926528214315,-0.508729312126642));
#14140=VECTOR('',#14130,1.);
#14150=LINE('',#14120,#14140);
#14160=CARTESIAN_POINT('',(-0.539999999999997,0.0746153846160401,
0.639999999999674));
#14170=VERTEX_POINT('',#14160);
#14180=EDGE_CURVE('',#14090,#14170,#14150,.T.);
#14190=ORIENTED_EDGE('',*,*,#14180,.F.);
#14200=CARTESIAN_POINT('',(11.0275,0.0746153846160401,0.639999999999674)
);
#14210=DIRECTION('',(-1.,0.,0.));
#14220=VECTOR('',#14210,1.);
#14230=LINE('',#14200,#14220);
#14240=CARTESIAN_POINT('',(-0.659999999999997,0.0746153846160401,
0.639999999999674));
#14250=VERTEX_POINT('',#14240);
#14260=EDGE_CURVE('',#14170,#14250,#14230,.T.);
#14270=ORIENTED_EDGE('',*,*,#14260,.F.);
#14280=CARTESIAN_POINT('',(-0.659999999999997,-0.760191573472085,
1.13329502068811));
#14290=DIRECTION('',(0.,0.860926528214315,-0.508729312126642));
#14300=VECTOR('',#14290,1.);
#14310=LINE('',#14280,#14300);
#14320=CARTESIAN_POINT('',(-0.659999999999997,-0.229999999999926,
0.820000000000018));
#14330=VERTEX_POINT('',#14320);
#14340=EDGE_CURVE('',#14330,#14250,#14310,.T.);
#14350=ORIENTED_EDGE('',*,*,#14340,.T.);
#14360=CARTESIAN_POINT('',(-1.14,-0.229999999999926,0.820000000000018));
#14370=VERTEX_POINT('',#14360);
#14380=EDGE_CURVE('',#14330,#14370,#14070,.T.);
#14390=ORIENTED_EDGE('',*,*,#14380,.F.);
#14400=CARTESIAN_POINT('',(-1.14,-0.760191573472085,1.13329502068811));
#14410=DIRECTION('',(0.,0.860926528214315,-0.508729312126642));
#14420=VECTOR('',#14410,1.);
#14430=LINE('',#14400,#14420);
#14440=CARTESIAN_POINT('',(-1.14,0.0746153846160401,0.639999999999674));
#14450=VERTEX_POINT('',#14440);
#14460=EDGE_CURVE('',#14370,#14450,#14430,.T.);
#14470=ORIENTED_EDGE('',*,*,#14460,.F.);
#14480=CARTESIAN_POINT('',(11.0275,0.0746153846160401,0.639999999999674)
);
#14490=DIRECTION('',(-1.,0.,0.));
#14500=VECTOR('',#14490,1.);
#14510=LINE('',#14480,#14500);
#14520=CARTESIAN_POINT('',(-1.25999999999999,0.0746153846160401,
0.639999999999674));
#14530=VERTEX_POINT('',#14520);
#14540=EDGE_CURVE('',#14450,#14530,#14510,.T.);
#14550=ORIENTED_EDGE('',*,*,#14540,.F.);
#14560=CARTESIAN_POINT('',(-1.25999999999999,-0.760191573472085,
1.13329502068811));
#14570=DIRECTION('',(0.,0.860926528214315,-0.508729312126642));
#14580=VECTOR('',#14570,1.);
#14590=LINE('',#14560,#14580);
#14600=CARTESIAN_POINT('',(-1.25999999999999,-0.229999999999926,
0.820000000000018));
#14610=VERTEX_POINT('',#14600);
#14620=EDGE_CURVE('',#14610,#14530,#14590,.T.);
#14630=ORIENTED_EDGE('',*,*,#14620,.T.);
#14640=CARTESIAN_POINT('',(-1.5725,-0.229999999999926,0.820000000000018)
);
#14650=VERTEX_POINT('',#14640);
#14660=EDGE_CURVE('',#14610,#14650,#14070,.T.);
#14670=ORIENTED_EDGE('',*,*,#14660,.F.);
#14680=CARTESIAN_POINT('',(-1.5725,-0.760191573472085,1.13329502068811))
;
#14690=DIRECTION('',(0.,0.860926528214315,-0.508729312126642));
#14700=VECTOR('',#14690,1.);
#14710=LINE('',#14680,#14700);
#14720=EDGE_CURVE('',#14650,#9400,#14710,.T.);
#14730=ORIENTED_EDGE('',*,*,#14720,.F.);
#14740=ORIENTED_EDGE('',*,*,#9410,.F.);
#14750=CARTESIAN_POINT('',(0.972500000000002,-0.760191573472085,
1.13329502068811));
#14760=DIRECTION('',(0.,0.860926528214315,-0.508729312126643));
#14770=VECTOR('',#14760,1.);
#14780=LINE('',#14750,#14770);
#14790=CARTESIAN_POINT('',(0.972500000000004,-0.229999999999926,
0.820000000000018));
#14800=VERTEX_POINT('',#14790);
#14810=EDGE_CURVE('',#14800,#9320,#14780,.T.);
#14820=ORIENTED_EDGE('',*,*,#14810,.T.);
#14830=CARTESIAN_POINT('',(0.972500000000004,-0.229999999999926,
0.820000000000018));
#14840=DIRECTION('',(-1.,0.,0.));
#14850=VECTOR('',#14840,1.);
#14860=LINE('',#14830,#14850);
#14870=CARTESIAN_POINT('',(0.660000000000004,-0.229999999999926,
0.820000000000018));
#14880=VERTEX_POINT('',#14870);
#14890=EDGE_CURVE('',#14800,#14880,#14860,.T.);
#14900=ORIENTED_EDGE('',*,*,#14890,.F.);
#14910=CARTESIAN_POINT('',(0.660000000000004,-0.760191573472085,
1.13329502068811));
#14920=DIRECTION('',(0.,0.860926528214315,-0.508729312126642));
#14930=VECTOR('',#14920,1.);
#14940=LINE('',#14910,#14930);
#14950=CARTESIAN_POINT('',(0.660000000000004,0.0746153846160401,
0.639999999999674));
#14960=VERTEX_POINT('',#14950);
#14970=EDGE_CURVE('',#14880,#14960,#14940,.T.);
#14980=ORIENTED_EDGE('',*,*,#14970,.F.);
#14990=CARTESIAN_POINT('',(3.8275,0.0746153846160401,0.639999999999674))
;
#15000=DIRECTION('',(-1.,0.,0.));
#15010=VECTOR('',#15000,1.);
#15020=LINE('',#14990,#15010);
#15030=CARTESIAN_POINT('',(0.540000000000004,0.0746153846160406,
0.639999999999674));
#15040=VERTEX_POINT('',#15030);
#15050=EDGE_CURVE('',#14960,#15040,#15020,.T.);
#15060=ORIENTED_EDGE('',*,*,#15050,.F.);
#15070=CARTESIAN_POINT('',(0.540000000000004,-0.760191573472085,
1.13329502068811));
#15080=DIRECTION('',(0.,-0.860926528214315,0.508729312126642));
#15090=VECTOR('',#15080,1.);
#15100=LINE('',#15070,#15090);
#15110=CARTESIAN_POINT('',(0.540000000000004,-0.229999999999926,
0.820000000000018));
#15120=VERTEX_POINT('',#15110);
#15130=EDGE_CURVE('',#15040,#15120,#15100,.T.);
#15140=ORIENTED_EDGE('',*,*,#15130,.F.);
#15150=CARTESIAN_POINT('',(1.5725,-0.229999999999926,0.820000000000018))
;
#15160=DIRECTION('',(-1.,0.,0.));
#15170=VECTOR('',#15160,1.);
#15180=LINE('',#15150,#15170);
#15190=EDGE_CURVE('',#15120,#13830,#15180,.T.);
#15200=ORIENTED_EDGE('',*,*,#15190,.F.);
#15210=EDGE_LOOP('',(#15200,#15140,#15060,#14980,#14900,#14820,#14740,
#14730,#14670,#14630,#14550,#14470,#14390,#14350,#14270,#14190,#14110,
#14030,#13950,#13870));
#15220=FACE_OUTER_BOUND('',#15210,.T.);
#15230=CARTESIAN_POINT('',(-0.239999999999995,-0.760191573472085,
1.13329502068811));
#15240=DIRECTION('',(0.,-0.860926528214315,0.508729312126642));
#15250=VECTOR('',#15240,1.);
#15260=LINE('',#15230,#15250);
#15270=CARTESIAN_POINT('',(-0.239999999999995,0.100000000000103,0.625));
#15280=VERTEX_POINT('',#15270);
#15290=CARTESIAN_POINT('',(-0.239999999999995,-0.179230769207324,
0.789999999986208));
#15300=VERTEX_POINT('',#15290);
#15310=EDGE_CURVE('',#15280,#15300,#15260,.T.);
#15320=ORIENTED_EDGE('',*,*,#15310,.T.);
#15330=CARTESIAN_POINT('',(11.0275,0.100000000000103,0.625));
#15340=DIRECTION('',(-1.,0.,0.));
#15350=VECTOR('',#15340,1.);
#15360=LINE('',#15330,#15350);
#15370=CARTESIAN_POINT('',(-0.359999999999996,0.100000000000103,0.625));
#15380=VERTEX_POINT('',#15370);
#15390=EDGE_CURVE('',#15280,#15380,#15360,.T.);
#15400=ORIENTED_EDGE('',*,*,#15390,.F.);
#15410=CARTESIAN_POINT('',(-0.359999999999996,-0.760191573472085,
1.13329502068811));
#15420=DIRECTION('',(0.,0.860926528214315,-0.508729312126642));
#15430=VECTOR('',#15420,1.);
#15440=LINE('',#15410,#15430);
#15450=CARTESIAN_POINT('',(-0.359999999999996,-0.179230769207324,
0.789999999986208));
#15460=VERTEX_POINT('',#15450);
#15470=EDGE_CURVE('',#15460,#15380,#15440,.T.);
#15480=ORIENTED_EDGE('',*,*,#15470,.T.);
#15490=CARTESIAN_POINT('',(11.0275,-0.179230769207324,0.789999999986208)
);
#15500=DIRECTION('',(1.,0.,0.));
#15510=VECTOR('',#15500,1.);
#15520=LINE('',#15490,#15510);
#15530=EDGE_CURVE('',#15460,#15300,#15520,.T.);
#15540=ORIENTED_EDGE('',*,*,#15530,.F.);
#15550=EDGE_LOOP('',(#15540,#15480,#15400,#15320));
#15560=FACE_BOUND('',#15550,.T.);
#15570=CARTESIAN_POINT('',(-0.839999999999996,-0.760191573472085,
1.13329502068811));
#15580=DIRECTION('',(0.,-0.860926528214315,0.508729312126642));
#15590=VECTOR('',#15580,1.);
#15600=LINE('',#15570,#15590);
#15610=CARTESIAN_POINT('',(-0.839999999999996,0.100000000000103,0.625));
#15620=VERTEX_POINT('',#15610);
#15630=CARTESIAN_POINT('',(-0.839999999999996,-0.179230769207324,
0.789999999986208));
#15640=VERTEX_POINT('',#15630);
#15650=EDGE_CURVE('',#15620,#15640,#15600,.T.);
#15660=ORIENTED_EDGE('',*,*,#15650,.T.);
#15670=CARTESIAN_POINT('',(11.0275,0.100000000000103,0.625));
#15680=DIRECTION('',(-1.,0.,0.));
#15690=VECTOR('',#15680,1.);
#15700=LINE('',#15670,#15690);
#15710=CARTESIAN_POINT('',(-0.959999999999997,0.100000000000103,0.625));
#15720=VERTEX_POINT('',#15710);
#15730=EDGE_CURVE('',#15620,#15720,#15700,.T.);
#15740=ORIENTED_EDGE('',*,*,#15730,.F.);
#15750=CARTESIAN_POINT('',(-0.959999999999997,-0.760191573472085,
1.13329502068811));
#15760=DIRECTION('',(0.,0.860926528214315,-0.508729312126642));
#15770=VECTOR('',#15760,1.);
#15780=LINE('',#15750,#15770);
#15790=CARTESIAN_POINT('',(-0.959999999999997,-0.179230769207324,
0.789999999986208));
#15800=VERTEX_POINT('',#15790);
#15810=EDGE_CURVE('',#15800,#15720,#15780,.T.);
#15820=ORIENTED_EDGE('',*,*,#15810,.T.);
#15830=CARTESIAN_POINT('',(11.0275,-0.179230769207324,0.789999999986208)
);
#15840=DIRECTION('',(1.,0.,0.));
#15850=VECTOR('',#15840,1.);
#15860=LINE('',#15830,#15850);
#15870=EDGE_CURVE('',#15800,#15640,#15860,.T.);
#15880=ORIENTED_EDGE('',*,*,#15870,.F.);
#15890=EDGE_LOOP('',(#15880,#15820,#15740,#15660));
#15900=FACE_BOUND('',#15890,.T.);
#15910=CARTESIAN_POINT('',(3.8275,0.100000000000103,0.625));
#15920=DIRECTION('',(-1.,0.,0.));
#15930=VECTOR('',#15920,1.);
#15940=LINE('',#15910,#15930);
#15950=CARTESIAN_POINT('',(0.960000000000003,0.100000000000103,0.625));
#15960=VERTEX_POINT('',#15950);
#15970=CARTESIAN_POINT('',(0.840000000000003,0.100000000000103,0.625));
#15980=VERTEX_POINT('',#15970);
#15990=EDGE_CURVE('',#15960,#15980,#15940,.T.);
#16000=ORIENTED_EDGE('',*,*,#15990,.F.);
#16010=CARTESIAN_POINT('',(0.840000000000003,-0.760191573472085,
1.13329502068811));
#16020=DIRECTION('',(0.,0.860926528214315,-0.508729312126642));
#16030=VECTOR('',#16020,1.);
#16040=LINE('',#16010,#16030);
#16050=CARTESIAN_POINT('',(0.840000000000003,-0.179230769207324,
0.789999999986208));
#16060=VERTEX_POINT('',#16050);
#16070=EDGE_CURVE('',#16060,#15980,#16040,.T.);
#16080=ORIENTED_EDGE('',*,*,#16070,.T.);
#16090=CARTESIAN_POINT('',(3.8275,-0.179230769207324,0.789999999986208))
;
#16100=DIRECTION('',(1.,0.,0.));
#16110=VECTOR('',#16100,1.);
#16120=LINE('',#16090,#16110);
#16130=CARTESIAN_POINT('',(0.960000000000003,-0.179230769207324,
0.789999999986208));
#16140=VERTEX_POINT('',#16130);
#16150=EDGE_CURVE('',#16060,#16140,#16120,.T.);
#16160=ORIENTED_EDGE('',*,*,#16150,.F.);
#16170=CARTESIAN_POINT('',(0.960000000000003,-0.760191573472085,
1.13329502068811));
#16180=DIRECTION('',(0.,-0.860926528214315,0.508729312126642));
#16190=VECTOR('',#16180,1.);
#16200=LINE('',#16170,#16190);
#16210=EDGE_CURVE('',#15960,#16140,#16200,.T.);
#16220=ORIENTED_EDGE('',*,*,#16210,.T.);
#16230=EDGE_LOOP('',(#16220,#16160,#16080,#16000));
#16240=FACE_BOUND('',#16230,.T.);
#16250=CARTESIAN_POINT('',(0.360000000000003,-0.760191573472085,
1.13329502068811));
#16260=DIRECTION('',(0.,0.860926528214315,-0.508729312126642));
#16270=VECTOR('',#16260,1.);
#16280=LINE('',#16250,#16270);
#16290=CARTESIAN_POINT('',(0.360000000000005,-0.179230769207324,
0.789999999986208));
#16300=VERTEX_POINT('',#16290);
#16310=CARTESIAN_POINT('',(0.360000000000005,0.100000000000103,0.625));
#16320=VERTEX_POINT('',#16310);
#16330=EDGE_CURVE('',#16300,#16320,#16280,.T.);
#16340=ORIENTED_EDGE('',*,*,#16330,.F.);
#16350=CARTESIAN_POINT('',(6.8275,0.100000000000103,0.625));
#16360=DIRECTION('',(-1.,0.,0.));
#16370=VECTOR('',#16360,1.);
#16380=LINE('',#16350,#16370);
#16390=CARTESIAN_POINT('',(0.240000000000004,0.100000000000104,0.625));
#16400=VERTEX_POINT('',#16390);
#16410=EDGE_CURVE('',#16320,#16400,#16380,.T.);
#16420=ORIENTED_EDGE('',*,*,#16410,.F.);
#16430=CARTESIAN_POINT('',(0.240000000000002,-0.760191573472085,
1.13329502068811));
#16440=DIRECTION('',(0.,-0.860926528214315,0.508729312126642));
#16450=VECTOR('',#16440,1.);
#16460=LINE('',#16430,#16450);
#16470=CARTESIAN_POINT('',(0.240000000000004,-0.179230769207324,
0.789999999986208));
#16480=VERTEX_POINT('',#16470);
#16490=EDGE_CURVE('',#16400,#16480,#16460,.T.);
#16500=ORIENTED_EDGE('',*,*,#16490,.F.);
#16510=CARTESIAN_POINT('',(6.8275,-0.179230769207324,0.789999999986208))
;
#16520=DIRECTION('',(1.,0.,0.));
#16530=VECTOR('',#16520,1.);
#16540=LINE('',#16510,#16530);
#16550=EDGE_CURVE('',#16480,#16300,#16540,.T.);
#16560=ORIENTED_EDGE('',*,*,#16550,.F.);
#16570=EDGE_LOOP('',(#16560,#16500,#16420,#16340));
#16580=FACE_BOUND('',#16570,.T.);
#16590=ADVANCED_FACE('',(#13770,#15220,#15560,#15900,#16240,#16580),
#13430,.T.);
#16600=CARTESIAN_POINT('',(-3.28695811554086,1.59911356889925,
0.899999999999662));
#16610=DIRECTION('',(-0.,0.,1.));
#16620=DIRECTION('',(0.,-1.,0.));
#16630=AXIS2_PLACEMENT_3D('',#16600,#16610,#16620);
#16640=PLANE('',#16630);
#16650=CARTESIAN_POINT('',(0.775000000000004,-0.760191573472085,
0.899999999999662));
#16660=DIRECTION('',(0.,-1.,0.));
#16670=VECTOR('',#16660,1.);
#16680=LINE('',#16650,#16670);
#16690=CARTESIAN_POINT('',(0.775000000000004,2.09999999999992,
0.899999999999662));
#16700=VERTEX_POINT('',#16690);
#16710=EDGE_CURVE('',#16700,#10190,#16680,.T.);
#16720=ORIENTED_EDGE('',*,*,#16710,.F.);
#16730=ORIENTED_EDGE('',*,*,#10420,.F.);
#16740=CARTESIAN_POINT('',(-1.37499999999999,-0.760191573472085,
0.899999999999662));
#16750=DIRECTION('',(0.,1.,0.));
#16760=VECTOR('',#16750,1.);
#16770=LINE('',#16740,#16760);
#16780=CARTESIAN_POINT('',(-1.37499999999999,2.09999999999992,
0.899999999999662));
#16790=VERTEX_POINT('',#16780);
#16800=EDGE_CURVE('',#10350,#16790,#16770,.T.);
#16810=ORIENTED_EDGE('',*,*,#16800,.F.);
#16820=CARTESIAN_POINT('',(10.4275,2.09999999999992,0.899999999999662));
#16830=DIRECTION('',(-1.,0.,0.));
#16840=VECTOR('',#16830,1.);
#16850=LINE('',#16820,#16840);
#16860=EDGE_CURVE('',#16700,#16790,#16850,.T.);
#16870=ORIENTED_EDGE('',*,*,#16860,.T.);
#16880=EDGE_LOOP('',(#16870,#16810,#16730,#16720));
#16890=FACE_OUTER_BOUND('',#16880,.T.);
#16900=ADVANCED_FACE('',(#16890),#16640,.T.);
#16910=CARTESIAN_POINT('',(-0.359999999999996,-2.09999999999992,
0.0800000000000127));
#16920=DIRECTION('',(1.,0.,0.));
#16930=DIRECTION('',(0.,1.,0.));
#16940=AXIS2_PLACEMENT_3D('',#16910,#16920,#16930);
#16950=CYLINDRICAL_SURFACE('',#16940,0.0500000000000966);
#16960=CARTESIAN_POINT('',(-0.359999999999996,-2.09999999999992,
0.130000000000166));
#16970=DIRECTION('',(1.,0.,0.));
#16980=VECTOR('',#16970,1.);
#16990=LINE('',#16960,#16980);
#17000=CARTESIAN_POINT('',(-0.359999999999996,-2.09999999999992,
0.130000000000166));
#17010=VERTEX_POINT('',#17000);
#17020=CARTESIAN_POINT('',(-0.239999999999995,-2.09999999999988,
0.130000000000081));
#17030=VERTEX_POINT('',#17020);
#17040=EDGE_CURVE('',#17010,#17030,#16990,.T.);
#17050=ORIENTED_EDGE('',*,*,#17040,.F.);
#17060=CARTESIAN_POINT('',(-0.239999999999995,-2.09999999999989,
0.0800000000000696));
#17070=DIRECTION('',(1.,0.,0.));
#17080=DIRECTION('',(0.,1.,0.));
#17090=AXIS2_PLACEMENT_3D('',#17060,#17070,#17080);
#17100=CIRCLE('',#17090,0.0500000000000966);
#17110=CARTESIAN_POINT('',(-0.239999999999995,-2.04999999999983,
0.0800000000000127));
#17120=VERTEX_POINT('',#17110);
#17130=EDGE_CURVE('',#17120,#17030,#17100,.T.);
#17140=ORIENTED_EDGE('',*,*,#17130,.T.);
#17150=CARTESIAN_POINT('',(-0.359999999999996,-2.04999999999983,
0.0800000000000127));
#17160=DIRECTION('',(1.,0.,0.));
#17170=VECTOR('',#17160,1.);
#17180=LINE('',#17150,#17170);
#17190=CARTESIAN_POINT('',(-0.359999999999996,-2.04999999999983,
0.0800000000000127));
#17200=VERTEX_POINT('',#17190);
#17210=EDGE_CURVE('',#17200,#17120,#17180,.T.);
#17220=ORIENTED_EDGE('',*,*,#17210,.T.);
#17230=CARTESIAN_POINT('',(-0.359999999999996,-2.09999999999992,
0.0800000000000127));
#17240=DIRECTION('',(1.,0.,0.));
#17250=DIRECTION('',(0.,1.,0.));
#17260=AXIS2_PLACEMENT_3D('',#17230,#17240,#17250);
#17270=CIRCLE('',#17260,0.0500000000000966);
#17280=EDGE_CURVE('',#17200,#17010,#17270,.T.);
#17290=ORIENTED_EDGE('',*,*,#17280,.F.);
#17300=EDGE_LOOP('',(#17290,#17220,#17140,#17050));
#17310=FACE_OUTER_BOUND('',#17300,.T.);
#17320=ADVANCED_FACE('',(#17310),#16950,.F.);
#17330=CARTESIAN_POINT('',(-1.37499999999999,-0.760191573472085,
0.849999999999662));
#17340=DIRECTION('',(0.,1.,0.));
#17350=DIRECTION('',(0.,0.,-1.));
#17360=AXIS2_PLACEMENT_3D('',#17330,#17340,#17350);
#17370=CYLINDRICAL_SURFACE('',#17360,0.05);
#17380=CARTESIAN_POINT('',(-1.37499999999999,1.06200274723194,
0.849999999999662));
#17390=DIRECTION('',(0.,0.990334273778511,0.1387012118894));
#17400=DIRECTION('',(0.,0.1387012118894,-0.990334273778511));
#17410=AXIS2_PLACEMENT_3D('',#17380,#17390,#17400);
#17420=ELLIPSE('',#17410,0.0504880032165609,0.05);
#17430=CARTESIAN_POINT('',(-1.425,1.06200274723194,0.849999999999661));
#17440=VERTEX_POINT('',#17430);
#17450=EDGE_CURVE('',#17440,#10350,#17420,.T.);
#17460=ORIENTED_EDGE('',*,*,#17450,.T.);
#17470=CARTESIAN_POINT('',(-1.425,-0.760191573472085,0.849999999999661))
;
#17480=DIRECTION('',(0.,1.,0.));
#17490=VECTOR('',#17480,1.);
#17500=LINE('',#17470,#17490);
#17510=CARTESIAN_POINT('',(-1.425,2.09999999999992,0.849999999999661));
#17520=VERTEX_POINT('',#17510);
#17530=EDGE_CURVE('',#17440,#17520,#17500,.T.);
#17540=ORIENTED_EDGE('',*,*,#17530,.F.);
#17550=CARTESIAN_POINT('',(-1.37499999999999,2.09999999999992,
0.849999999999662));
#17560=DIRECTION('',(0.,1.,0.));
#17570=DIRECTION('',(0.,0.,-1.));
#17580=AXIS2_PLACEMENT_3D('',#17550,#17560,#17570);
#17590=CIRCLE('',#17580,0.05);
#17600=EDGE_CURVE('',#17520,#16790,#17590,.T.);
#17610=ORIENTED_EDGE('',*,*,#17600,.F.);
#17620=ORIENTED_EDGE('',*,*,#16800,.T.);
#17630=EDGE_LOOP('',(#17620,#17610,#17540,#17460));
#17640=FACE_OUTER_BOUND('',#17630,.T.);
#17650=ADVANCED_FACE('',(#17640),#17370,.T.);
#17660=CARTESIAN_POINT('',(0.240000000000002,-2.09999999999992,
0.280000000000001));
#17670=DIRECTION('',(0.,-0.,1.));
#17680=DIRECTION('',(0.,1.,0.));
#17690=AXIS2_PLACEMENT_3D('',#17660,#17670,#17680);
#17700=PLANE('',#17690);
#17710=CARTESIAN_POINT('',(6.8275,-2.04999999999897,0.280000000000058));
#17720=DIRECTION('',(1.,0.,0.));
#17730=VECTOR('',#17720,1.);
#17740=LINE('',#17710,#17730);
#17750=CARTESIAN_POINT('',(0.240000000000002,-2.04999999999897,
0.280000000000058));
#17760=VERTEX_POINT('',#17750);
#17770=CARTESIAN_POINT('',(0.360000000000005,-2.04999999999976,
0.280000000000005));
#17780=VERTEX_POINT('',#17770);
#17790=EDGE_CURVE('',#17760,#17780,#17740,.T.);
#17800=ORIENTED_EDGE('',*,*,#17790,.F.);
#17810=CARTESIAN_POINT('',(0.360000000000005,-0.760191573472085,
0.280000000000001));
#17820=DIRECTION('',(0.,1.,0.));
#17830=VECTOR('',#17820,1.);
#17840=LINE('',#17810,#17830);
#17850=CARTESIAN_POINT('',(0.360000000000005,-2.09999999999988,
0.280000000000001));
#17860=VERTEX_POINT('',#17850);
#17870=EDGE_CURVE('',#17860,#17780,#17840,.T.);
#17880=ORIENTED_EDGE('',*,*,#17870,.T.);
#17890=CARTESIAN_POINT('',(6.8275,-2.09999999999988,0.280000000000001));
#17900=DIRECTION('',(-1.,0.,0.));
#17910=VECTOR('',#17900,1.);
#17920=LINE('',#17890,#17910);
#17930=CARTESIAN_POINT('',(0.240000000000002,-2.09999999999988,
0.280000000000001));
#17940=VERTEX_POINT('',#17930);
#17950=EDGE_CURVE('',#17860,#17940,#17920,.T.);
#17960=ORIENTED_EDGE('',*,*,#17950,.F.);
#17970=CARTESIAN_POINT('',(0.240000000000002,-0.760191573472085,
0.280000000000001));
#17980=DIRECTION('',(0.,-1.,0.));
#17990=VECTOR('',#17980,1.);
#18000=LINE('',#17970,#17990);
#18010=EDGE_CURVE('',#17760,#17940,#18000,.T.);
#18020=ORIENTED_EDGE('',*,*,#18010,.T.);
#18030=EDGE_LOOP('',(#18020,#17960,#17880,#17800));
#18040=FACE_OUTER_BOUND('',#18030,.T.);
#18050=ADVANCED_FACE('',(#18040),#17700,.T.);
#18060=CARTESIAN_POINT('',(-0.959999999999997,-2.09999999999992,
0.280000000000001));
#18070=DIRECTION('',(0.,-0.,1.));
#18080=DIRECTION('',(0.,1.,0.));
#18090=AXIS2_PLACEMENT_3D('',#18060,#18070,#18080);
#18100=PLANE('',#18090);
#18110=CARTESIAN_POINT('',(11.0275,-2.04999999999897,0.280000000000058))
;
#18120=DIRECTION('',(1.,0.,0.));
#18130=VECTOR('',#18120,1.);
#18140=LINE('',#18110,#18130);
#18150=CARTESIAN_POINT('',(-0.959999999999999,-2.04999999999979,
0.280000000000004));
#18160=VERTEX_POINT('',#18150);
#18170=EDGE_CURVE('',#18160,#4500,#18140,.T.);
#18180=ORIENTED_EDGE('',*,*,#18170,.F.);
#18190=ORIENTED_EDGE('',*,*,#4510,.F.);
#18200=CARTESIAN_POINT('',(11.0275,-2.09999999999991,0.280000000000001))
;
#18210=DIRECTION('',(-1.,0.,0.));
#18220=VECTOR('',#18210,1.);
#18230=LINE('',#18200,#18220);
#18240=CARTESIAN_POINT('',(-0.959999999999997,-2.09999999999991,
0.280000000000001));
#18250=VERTEX_POINT('',#18240);
#18260=EDGE_CURVE('',#4420,#18250,#18230,.T.);
#18270=ORIENTED_EDGE('',*,*,#18260,.F.);
#18280=CARTESIAN_POINT('',(-0.959999999999999,-0.760191573472085,
0.280000000000001));
#18290=DIRECTION('',(0.,-1.,0.));
#18300=VECTOR('',#18290,1.);
#18310=LINE('',#18280,#18300);
#18320=EDGE_CURVE('',#18160,#18250,#18310,.T.);
#18330=ORIENTED_EDGE('',*,*,#18320,.T.);
#18340=EDGE_LOOP('',(#18330,#18270,#18190,#18180));
#18350=FACE_OUTER_BOUND('',#18340,.T.);
#18360=ADVANCED_FACE('',(#18350),#18100,.T.);
#18370=CARTESIAN_POINT('',(-0.959999999999997,-1.64999999999993,
2.22044604925031E-16));
#18380=DIRECTION('',(-0.,-0.,-1.));
#18390=DIRECTION('',(0.,-1.,0.));
#18400=AXIS2_PLACEMENT_3D('',#18370,#18380,#18390);
#18410=PLANE('',#18400);
#18420=CARTESIAN_POINT('',(11.0275,-2.00000000000001,8.5265128291212E-14
));
#18430=DIRECTION('',(-1.,0.,0.));
#18440=VECTOR('',#18430,1.);
#18450=LINE('',#18420,#18440);
#18460=CARTESIAN_POINT('',(-0.959999999999997,-2.00000000000001,
8.5265128291212E-14));
#18470=VERTEX_POINT('',#18460);
#18480=EDGE_CURVE('',#4090,#18470,#18450,.T.);
#18490=ORIENTED_EDGE('',*,*,#18480,.T.);
#18500=ORIENTED_EDGE('',*,*,#4100,.F.);
#18510=CARTESIAN_POINT('',(11.0275,-1.64999999999992,
2.22044604925031E-16));
#18520=DIRECTION('',(-1.,0.,0.));
#18530=VECTOR('',#18520,1.);
#18540=LINE('',#18510,#18530);
#18550=CARTESIAN_POINT('',(-0.959999999999997,-1.64999999999992,
2.22044604925031E-16));
#18560=VERTEX_POINT('',#18550);
#18570=EDGE_CURVE('',#4010,#18560,#18540,.T.);
#18580=ORIENTED_EDGE('',*,*,#18570,.F.);
#18590=CARTESIAN_POINT('',(-0.959999999999999,-0.760191573472085,
2.22044604925031E-16));
#18600=DIRECTION('',(0.,1.,0.));
#18610=VECTOR('',#18600,1.);
#18620=LINE('',#18590,#18610);
#18630=EDGE_CURVE('',#18470,#18560,#18620,.T.);
#18640=ORIENTED_EDGE('',*,*,#18630,.T.);
#18650=EDGE_LOOP('',(#18640,#18580,#18500,#18490));
#18660=FACE_OUTER_BOUND('',#18650,.T.);
#18670=ADVANCED_FACE('',(#18660),#18410,.T.);
#18680=CARTESIAN_POINT('',(-0.959999999999997,-1.64999999999993,
0.0361916848034982));
#18690=DIRECTION('',(0.,1.,0.));
#18700=DIRECTION('',(0.,0.,-1.));
#18710=AXIS2_PLACEMENT_3D('',#18680,#18690,#18700);
#18720=PLANE('',#18710);
#18730=CARTESIAN_POINT('',(-0.959999999999999,-1.64999999999993,
0.882985658773493));
#18740=DIRECTION('',(0.,0.,1.));
#18750=VECTOR('',#18740,1.);
#18760=LINE('',#18730,#18750);
#18770=CARTESIAN_POINT('',(-0.959999999999999,-1.64999999999993,
0.0299999999999131));
#18780=VERTEX_POINT('',#18770);
#18790=EDGE_CURVE('',#18560,#18780,#18760,.T.);
#18800=ORIENTED_EDGE('',*,*,#18790,.T.);
#18810=ORIENTED_EDGE('',*,*,#18570,.T.);
#18820=ORIENTED_EDGE('',*,*,#4020,.F.);
#18830=CARTESIAN_POINT('',(11.0275,-1.64999999999993,0.0299999999999131)
);
#18840=DIRECTION('',(1.,0.,0.));
#18850=VECTOR('',#18840,1.);
#18860=LINE('',#18830,#18850);
#18870=EDGE_CURVE('',#18780,#3930,#18860,.T.);
#18880=ORIENTED_EDGE('',*,*,#18870,.T.);
#18890=EDGE_LOOP('',(#18880,#18820,#18810,#18800));
#18900=FACE_OUTER_BOUND('',#18890,.T.);
#18910=ADVANCED_FACE('',(#18900),#18720,.T.);
#18920=CARTESIAN_POINT('',(0.240000000000002,-2.09999999999992,
0.0800000000000127));
#18930=DIRECTION('',(1.,0.,0.));
#18940=DIRECTION('',(0.,1.,0.));
#18950=AXIS2_PLACEMENT_3D('',#18920,#18930,#18940);
#18960=CYLINDRICAL_SURFACE('',#18950,0.0500000000000966);
#18970=CARTESIAN_POINT('',(0.240000000000002,-2.09999999999992,
0.130000000000166));
#18980=DIRECTION('',(1.,0.,0.));
#18990=VECTOR('',#18980,1.);
#19000=LINE('',#18970,#18990);
#19010=CARTESIAN_POINT('',(0.240000000000002,-2.09999999999992,
0.130000000000166));
#19020=VERTEX_POINT('',#19010);
#19030=CARTESIAN_POINT('',(0.360000000000005,-2.09999999999988,
0.130000000000109));
#19040=VERTEX_POINT('',#19030);
#19050=EDGE_CURVE('',#19020,#19040,#19000,.T.);
#19060=ORIENTED_EDGE('',*,*,#19050,.F.);
#19070=CARTESIAN_POINT('',(0.360000000000005,-2.09999999999992,
0.0800000000000127));
#19080=DIRECTION('',(1.,0.,0.));
#19090=DIRECTION('',(0.,1.,0.));
#19100=AXIS2_PLACEMENT_3D('',#19070,#19080,#19090);
#19110=CIRCLE('',#19100,0.0500000000000966);
#19120=CARTESIAN_POINT('',(0.360000000000005,-2.04999999999983,
0.0800000000000127));
#19130=VERTEX_POINT('',#19120);
#19140=EDGE_CURVE('',#19130,#19040,#19110,.T.);
#19150=ORIENTED_EDGE('',*,*,#19140,.T.);
#19160=CARTESIAN_POINT('',(0.240000000000002,-2.04999999999983,
0.0800000000000127));
#19170=DIRECTION('',(1.,0.,0.));
#19180=VECTOR('',#19170,1.);
#19190=LINE('',#19160,#19180);
#19200=CARTESIAN_POINT('',(0.240000000000002,-2.04999999999983,
0.0800000000000127));
#19210=VERTEX_POINT('',#19200);
#19220=EDGE_CURVE('',#19210,#19130,#19190,.T.);
#19230=ORIENTED_EDGE('',*,*,#19220,.T.);
#19240=CARTESIAN_POINT('',(0.240000000000002,-2.09999999999992,
0.0800000000000127));
#19250=DIRECTION('',(1.,0.,0.));
#19260=DIRECTION('',(0.,1.,0.));
#19270=AXIS2_PLACEMENT_3D('',#19240,#19250,#19260);
#19280=CIRCLE('',#19270,0.0500000000000966);
#19290=EDGE_CURVE('',#19210,#19020,#19280,.T.);
#19300=ORIENTED_EDGE('',*,*,#19290,.F.);
#19310=EDGE_LOOP('',(#19300,#19230,#19150,#19060));
#19320=FACE_OUTER_BOUND('',#19310,.T.);
#19330=ADVANCED_FACE('',(#19320),#18960,.F.);
#19340=CARTESIAN_POINT('',(-0.959999999999997,-148.554300060054,
-223.81887246297));
#19350=DIRECTION('',(1.,0.,0.));
#19360=DIRECTION('',(0.,1.,0.));
#19370=AXIS2_PLACEMENT_3D('',#19340,#19350,#19360);
#19380=PLANE('',#19370);
#19390=CARTESIAN_POINT('',(-0.959999999999997,-1.99999999999993,
0.882985658773493));
#19400=DIRECTION('',(0.,0.,1.));
#19410=VECTOR('',#19400,1.);
#19420=LINE('',#19390,#19410);
#19430=CARTESIAN_POINT('',(-0.959999999999997,-1.99999999999993,
0.0299999999999407));
#19440=VERTEX_POINT('',#19430);
#19450=CARTESIAN_POINT('',(-0.959999999999997,-1.99999999999993,
0.283333333333331));
#19460=VERTEX_POINT('',#19450);
#19470=EDGE_CURVE('',#19440,#19460,#19420,.T.);
#19480=ORIENTED_EDGE('',*,*,#19470,.F.);
#19490=CARTESIAN_POINT('',(-0.959999999999999,-0.760191573472085,
0.365987228435257));
#19500=DIRECTION('',(0.,-0.997785157856605,-0.0665190105238304));
#19510=VECTOR('',#19500,1.);
#19520=LINE('',#19490,#19510);
#19530=EDGE_CURVE('',#19460,#18160,#19520,.T.);
#19540=ORIENTED_EDGE('',*,*,#19530,.F.);
#19550=ORIENTED_EDGE('',*,*,#18320,.F.);
#19560=CARTESIAN_POINT('',(-0.959999999999999,-2.09999999999992,
0.882985658773493));
#19570=DIRECTION('',(0.,0.,-1.));
#19580=VECTOR('',#19570,1.);
#19590=LINE('',#19560,#19580);
#19600=CARTESIAN_POINT('',(-0.959999999999999,-2.09999999999992,
0.130000000000166));
#19610=VERTEX_POINT('',#19600);
#19620=EDGE_CURVE('',#18250,#19610,#19590,.T.);
#19630=ORIENTED_EDGE('',*,*,#19620,.F.);
#19640=CARTESIAN_POINT('',(-0.959999999999999,-2.09999999999992,
0.0800000000000127));
#19650=DIRECTION('',(1.,0.,0.));
#19660=DIRECTION('',(0.,1.,0.));
#19670=AXIS2_PLACEMENT_3D('',#19640,#19650,#19660);
#19680=CIRCLE('',#19670,0.0500000000000966);
#19690=CARTESIAN_POINT('',(-0.959999999999999,-2.04999999999983,
0.0800000000000127));
#19700=VERTEX_POINT('',#19690);
#19710=EDGE_CURVE('',#19700,#19610,#19680,.T.);
#19720=ORIENTED_EDGE('',*,*,#19710,.T.);
#19730=CARTESIAN_POINT('',(-0.959999999999999,-2.04999999999983,
0.882985658773493));
#19740=DIRECTION('',(0.,0.,-1.));
#19750=VECTOR('',#19740,1.);
#19760=LINE('',#19730,#19750);
#19770=CARTESIAN_POINT('',(-0.959999999999997,-2.04999999999983,
0.0500000000000823));
#19780=VERTEX_POINT('',#19770);
#19790=EDGE_CURVE('',#19700,#19780,#19760,.T.);
#19800=ORIENTED_EDGE('',*,*,#19790,.F.);
#19810=CARTESIAN_POINT('',(-0.959999999999999,-2.88298565877141,
0.882985658773493));
#19820=DIRECTION('',(0.,0.707106781185744,-0.707106781187351));
#19830=VECTOR('',#19820,1.);
#19840=LINE('',#19810,#19830);
#19850=EDGE_CURVE('',#19780,#18470,#19840,.T.);
#19860=ORIENTED_EDGE('',*,*,#19850,.F.);
#19870=ORIENTED_EDGE('',*,*,#18630,.F.);
#19880=ORIENTED_EDGE('',*,*,#18790,.F.);
#19890=CARTESIAN_POINT('',(-0.959999999999997,-0.760191573472085,
0.0299999999998402));
#19900=DIRECTION('',(0.,-1.,8.19714666514907E-14));
#19910=VECTOR('',#19900,1.);
#19920=LINE('',#19890,#19910);
#19930=EDGE_CURVE('',#18780,#19440,#19920,.T.);
#19940=ORIENTED_EDGE('',*,*,#19930,.F.);
#19950=EDGE_LOOP('',(#19940,#19880,#19870,#19860,#19800,#19720,#19630,
#19550,#19540,#19480));
#19960=FACE_OUTER_BOUND('',#19950,.T.);
#19970=ADVANCED_FACE('',(#19960),#19380,.F.);
#19980=CARTESIAN_POINT('',(0.240000000000002,-1.99999999999993,
2.22044604925031E-16));
#19990=DIRECTION('',(-0.,-0.707106781187351,-0.707106781185744));
#20000=DIRECTION('',(0.,-0.707106781185744,0.707106781187351));
#20010=AXIS2_PLACEMENT_3D('',#19980,#19990,#20000);
#20020=PLANE('',#20010);
#20030=CARTESIAN_POINT('',(6.8275,-2.04999999999983,0.0500000000001108))
;
#20040=DIRECTION('',(-1.,0.,0.));
#20050=VECTOR('',#20040,1.);
#20060=LINE('',#20030,#20050);
#20070=CARTESIAN_POINT('',(0.360000000000005,-2.04999999999983,
0.0500000000000684));
#20080=VERTEX_POINT('',#20070);
#20090=CARTESIAN_POINT('',(0.240000000000002,-2.04999999999983,
0.0500000000001108));
#20100=VERTEX_POINT('',#20090);
#20110=EDGE_CURVE('',#20080,#20100,#20060,.T.);
#20120=ORIENTED_EDGE('',*,*,#20110,.T.);
#20130=CARTESIAN_POINT('',(0.360000000000005,-2.88298565877141,
0.882985658773493));
#20140=DIRECTION('',(0.,-0.707106781185744,0.707106781187351));
#20150=VECTOR('',#20140,1.);
#20160=LINE('',#20130,#20150);
#20170=CARTESIAN_POINT('',(0.360000000000005,-1.99999999999994,
7.32747196252603E-15));
#20180=VERTEX_POINT('',#20170);
#20190=EDGE_CURVE('',#20180,#20080,#20160,.T.);
#20200=ORIENTED_EDGE('',*,*,#20190,.T.);
#20210=CARTESIAN_POINT('',(6.8275,-2.00000000000001,8.5265128291212E-14)
);
#20220=DIRECTION('',(-1.,0.,0.));
#20230=VECTOR('',#20220,1.);
#20240=LINE('',#20210,#20230);
#20250=CARTESIAN_POINT('',(0.240000000000002,-2.00000000000001,
2.22044604925031E-16));
#20260=VERTEX_POINT('',#20250);
#20270=EDGE_CURVE('',#20180,#20260,#20240,.T.);
#20280=ORIENTED_EDGE('',*,*,#20270,.F.);
#20290=CARTESIAN_POINT('',(0.240000000000002,-2.88298565877141,
0.882985658773493));
#20300=DIRECTION('',(0.,0.707106781185744,-0.707106781187351));
#20310=VECTOR('',#20300,1.);
#20320=LINE('',#20290,#20310);
#20330=EDGE_CURVE('',#20100,#20260,#20320,.T.);
#20340=ORIENTED_EDGE('',*,*,#20330,.T.);
#20350=EDGE_LOOP('',(#20340,#20280,#20200,#20120));
#20360=FACE_OUTER_BOUND('',#20350,.T.);
#20370=ADVANCED_FACE('',(#20360),#20020,.T.);
#20380=CARTESIAN_POINT('',(-0.959999999999997,-2.04999999999983,
0.0500000000000116));
#20390=DIRECTION('',(0.,-1.,0.));
#20400=DIRECTION('',(0.,0.,1.));
#20410=AXIS2_PLACEMENT_3D('',#20380,#20390,#20400);
#20420=PLANE('',#20410);
#20430=CARTESIAN_POINT('',(-0.959999999999997,-2.04999999999983,
0.0800000000000127));
#20440=DIRECTION('',(1.,0.,0.));
#20450=VECTOR('',#20440,1.);
#20460=LINE('',#20430,#20450);
#20470=EDGE_CURVE('',#19700,#4250,#20460,.T.);
#20480=ORIENTED_EDGE('',*,*,#20470,.F.);
#20490=ORIENTED_EDGE('',*,*,#4260,.F.);
#20500=CARTESIAN_POINT('',(11.0275,-2.04999999999983,0.0500000000000823)
);
#20510=DIRECTION('',(-1.,0.,0.));
#20520=VECTOR('',#20510,1.);
#20530=LINE('',#20500,#20520);
#20540=EDGE_CURVE('',#4170,#19780,#20530,.T.);
#20550=ORIENTED_EDGE('',*,*,#20540,.F.);
#20560=ORIENTED_EDGE('',*,*,#19790,.T.);
#20570=EDGE_LOOP('',(#20560,#20550,#20490,#20480));
#20580=FACE_OUTER_BOUND('',#20570,.T.);
#20590=ADVANCED_FACE('',(#20580),#20420,.T.);
#20600=CARTESIAN_POINT('',(-0.359999999999996,-1.64999999999993,
0.0361916848034982));
#20610=DIRECTION('',(0.,1.,0.));
#20620=DIRECTION('',(0.,0.,-1.));
#20630=AXIS2_PLACEMENT_3D('',#20600,#20610,#20620);
#20640=PLANE('',#20630);
#20650=CARTESIAN_POINT('',(-0.359999999999996,-1.64999999999993,
0.882985658773493));
#20660=DIRECTION('',(0.,0.,1.));
#20670=VECTOR('',#20660,1.);
#20680=LINE('',#20650,#20670);
#20690=CARTESIAN_POINT('',(-0.359999999999996,-1.64999999999993,
2.22044604925031E-16));
#20700=VERTEX_POINT('',#20690);
#20710=CARTESIAN_POINT('',(-0.359999999999996,-1.64999999999993,
0.0299999999999131));
#20720=VERTEX_POINT('',#20710);
#20730=EDGE_CURVE('',#20700,#20720,#20680,.T.);
#20740=ORIENTED_EDGE('',*,*,#20730,.T.);
#20750=CARTESIAN_POINT('',(11.0275,-1.64999999999989,
2.22044604925031E-16));
#20760=DIRECTION('',(-1.,0.,0.));
#20770=VECTOR('',#20760,1.);
#20780=LINE('',#20750,#20770);
#20790=CARTESIAN_POINT('',(-0.239999999999995,-1.64999999999993,
8.54871728961371E-14));
#20800=VERTEX_POINT('',#20790);
#20810=EDGE_CURVE('',#20800,#20700,#20780,.T.);
#20820=ORIENTED_EDGE('',*,*,#20810,.T.);
#20830=CARTESIAN_POINT('',(-0.239999999999995,-1.64999999999989,
0.882985658773493));
#20840=DIRECTION('',(0.,0.,1.));
#20850=VECTOR('',#20840,1.);
#20860=LINE('',#20830,#20850);
#20870=CARTESIAN_POINT('',(-0.239999999999995,-1.64999999999989,
0.0299999999999131));
#20880=VERTEX_POINT('',#20870);
#20890=EDGE_CURVE('',#20800,#20880,#20860,.T.);
#20900=ORIENTED_EDGE('',*,*,#20890,.F.);
#20910=CARTESIAN_POINT('',(11.0275,-1.64999999999993,0.0299999999999131)
);
#20920=DIRECTION('',(1.,0.,0.));
#20930=VECTOR('',#20920,1.);
#20940=LINE('',#20910,#20930);
#20950=EDGE_CURVE('',#20720,#20880,#20940,.T.);
#20960=ORIENTED_EDGE('',*,*,#20950,.T.);
#20970=EDGE_LOOP('',(#20960,#20900,#20820,#20740));
#20980=FACE_OUTER_BOUND('',#20970,.T.);
#20990=ADVANCED_FACE('',(#20980),#20640,.T.);
#21000=CARTESIAN_POINT('',(0.240000000000002,-2.04999999999983,
0.280000000000001));
#21010=DIRECTION('',(0.,-0.0665190105238304,0.997785157856605));
#21020=DIRECTION('',(0.,0.997785157856605,0.0665190105238304));
#21030=AXIS2_PLACEMENT_3D('',#21000,#21010,#21020);
#21040=PLANE('',#21030);
#21050=CARTESIAN_POINT('',(6.8275,-1.99999999999993,0.283333333333331));
#21060=DIRECTION('',(-1.,0.,0.));
#21070=VECTOR('',#21060,1.);
#21080=LINE('',#21050,#21070);
#21090=CARTESIAN_POINT('',(0.360000000000003,-1.99999999999993,
0.283333333333331));
#21100=VERTEX_POINT('',#21090);
#21110=CARTESIAN_POINT('',(0.240000000000004,-1.99999999999993,
0.283333333333331));
#21120=VERTEX_POINT('',#21110);
#21130=EDGE_CURVE('',#21100,#21120,#21080,.T.);
#21140=ORIENTED_EDGE('',*,*,#21130,.T.);
#21150=CARTESIAN_POINT('',(0.360000000000005,-0.760191573472085,
0.365987228435257));
#21160=DIRECTION('',(0.,0.997785157856605,0.0665190105238304));
#21170=VECTOR('',#21160,1.);
#21180=LINE('',#21150,#21170);
#21190=EDGE_CURVE('',#17780,#21100,#21180,.T.);
#21200=ORIENTED_EDGE('',*,*,#21190,.T.);
#21210=ORIENTED_EDGE('',*,*,#17790,.T.);
#21220=CARTESIAN_POINT('',(0.240000000000002,-0.760191573472085,
0.365987228435257));
#21230=DIRECTION('',(0.,-0.997785157856605,-0.0665190105238304));
#21240=VECTOR('',#21230,1.);
#21250=LINE('',#21220,#21240);
#21260=EDGE_CURVE('',#21120,#17760,#21250,.T.);
#21270=ORIENTED_EDGE('',*,*,#21260,.T.);
#21280=EDGE_LOOP('',(#21270,#21210,#21200,#21140));
#21290=FACE_OUTER_BOUND('',#21280,.T.);
#21300=ADVANCED_FACE('',(#21290),#21040,.T.);
#21310=CARTESIAN_POINT('',(-0.359999999999996,-1.99999999999993,
2.22044604925031E-16));
#21320=DIRECTION('',(-0.,-0.707106781187351,-0.707106781185744));
#21330=DIRECTION('',(0.,-0.707106781185744,0.707106781187351));
#21340=AXIS2_PLACEMENT_3D('',#21310,#21320,#21330);
#21350=PLANE('',#21340);
#21360=CARTESIAN_POINT('',(11.0275,-2.04999999999983,0.0500000000001108)
);
#21370=DIRECTION('',(-1.,0.,0.));
#21380=VECTOR('',#21370,1.);
#21390=LINE('',#21360,#21380);
#21400=CARTESIAN_POINT('',(-0.239999999999995,-2.04999999999978,
0.0500000000000681));
#21410=VERTEX_POINT('',#21400);
#21420=CARTESIAN_POINT('',(-0.359999999999996,-2.04999999999983,
0.0500000000001108));
#21430=VERTEX_POINT('',#21420);
#21440=EDGE_CURVE('',#21410,#21430,#21390,.T.);
#21450=ORIENTED_EDGE('',*,*,#21440,.T.);
#21460=CARTESIAN_POINT('',(-0.239999999999995,-2.88298565877131,
0.882985658773493));
#21470=DIRECTION('',(0.,0.707106781185744,-0.707106781187351));
#21480=VECTOR('',#21470,1.);
#21490=LINE('',#21460,#21480);
#21500=CARTESIAN_POINT('',(-0.239999999999995,-1.99999999999993,
8.54871728961371E-14));
#21510=VERTEX_POINT('',#21500);
#21520=EDGE_CURVE('',#21410,#21510,#21490,.T.);
#21530=ORIENTED_EDGE('',*,*,#21520,.F.);
#21540=CARTESIAN_POINT('',(11.0275,-2.00000000000001,8.5265128291212E-14
));
#21550=DIRECTION('',(-1.,0.,0.));
#21560=VECTOR('',#21550,1.);
#21570=LINE('',#21540,#21560);
#21580=CARTESIAN_POINT('',(-0.359999999999996,-2.00000000000001,
8.5265128291212E-14));
#21590=VERTEX_POINT('',#21580);
#21600=EDGE_CURVE('',#21510,#21590,#21570,.T.);
#21610=ORIENTED_EDGE('',*,*,#21600,.F.);
#21620=CARTESIAN_POINT('',(-0.359999999999996,-2.88298565877141,
0.882985658773493));
#21630=DIRECTION('',(0.,0.707106781185744,-0.707106781187351));
#21640=VECTOR('',#21630,1.);
#21650=LINE('',#21620,#21640);
#21660=EDGE_CURVE('',#21430,#21590,#21650,.T.);
#21670=ORIENTED_EDGE('',*,*,#21660,.T.);
#21680=EDGE_LOOP('',(#21670,#21610,#21530,#21450));
#21690=FACE_OUTER_BOUND('',#21680,.T.);
#21700=ADVANCED_FACE('',(#21690),#21350,.T.);
#21710=CARTESIAN_POINT('',(-1.81499999999999,-1.42074181719505,
0.472156209340594));
#21720=DIRECTION('',(1.,0.,0.));
#21730=DIRECTION('',(0.,1.,0.));
#21740=AXIS2_PLACEMENT_3D('',#21710,#21720,#21730);
#21750=PLANE('',#21740);
#21760=CARTESIAN_POINT('',(-1.81499999999999,-0.760191573472085,
0.590000000000018));
#21770=DIRECTION('',(0.,1.,-5.665498452323E-16));
#21780=VECTOR('',#21770,1.);
#21790=LINE('',#21760,#21780);
#21800=CARTESIAN_POINT('',(-1.81499999999999,-0.799999999999929,
0.590000000000018));
#21810=VERTEX_POINT('',#21800);
#21820=CARTESIAN_POINT('',(-1.81499999999999,-0.549999999999926,
0.590000000000018));
#21830=VERTEX_POINT('',#21820);
#21840=EDGE_CURVE('',#21810,#21830,#21790,.T.);
#21850=ORIENTED_EDGE('',*,*,#21840,.F.);
#21860=CARTESIAN_POINT('',(-1.81499999999999,-0.549999999999926,
0.882985658773493));
#21870=DIRECTION('',(0.,-5.85053562309386E-16,-1.));
#21880=VECTOR('',#21870,1.);
#21890=LINE('',#21860,#21880);
#21900=CARTESIAN_POINT('',(-1.81499999999999,-0.549999999999926,
0.350000000000018));
#21910=VERTEX_POINT('',#21900);
#21920=EDGE_CURVE('',#21830,#21910,#21890,.T.);
#21930=ORIENTED_EDGE('',*,*,#21920,.F.);
#21940=CARTESIAN_POINT('',(-1.81499999999999,-0.760191573472085,
0.350000000000018));
#21950=DIRECTION('',(0.,-1.,5.665498452323E-16));
#21960=VECTOR('',#21950,1.);
#21970=LINE('',#21940,#21960);
#21980=CARTESIAN_POINT('',(-1.81499999999999,-0.799999999999924,
0.350000000000018));
#21990=VERTEX_POINT('',#21980);
#22000=EDGE_CURVE('',#21910,#21990,#21970,.T.);
#22010=ORIENTED_EDGE('',*,*,#22000,.F.);
#22020=CARTESIAN_POINT('',(-1.81499999999999,-0.760191573472085,
0.353980842652802));
#22030=DIRECTION('',(0.,-0.995037190209989,-0.0995037190209983));
#22040=VECTOR('',#22030,1.);
#22050=LINE('',#22020,#22040);
#22060=CARTESIAN_POINT('',(-1.81499999999999,-1.19999999999993,
0.310000000000018));
#22070=VERTEX_POINT('',#22060);
#22080=EDGE_CURVE('',#21990,#22070,#22050,.T.);
#22090=ORIENTED_EDGE('',*,*,#22080,.F.);
#22100=CARTESIAN_POINT('',(-1.81499999999999,-0.760191573472085,
0.310000000000018));
#22110=DIRECTION('',(0.,-1.,4.00016391538527E-16));
#22120=VECTOR('',#22110,1.);
#22130=LINE('',#22100,#22120);
#22140=CARTESIAN_POINT('',(-1.81499999999999,-1.84999999999993,
0.310000000000018));
#22150=VERTEX_POINT('',#22140);
#22160=EDGE_CURVE('',#22070,#22150,#22130,.T.);
#22170=ORIENTED_EDGE('',*,*,#22160,.F.);
#22180=CARTESIAN_POINT('',(-1.81499999999999,-1.84999999999993,
0.882985658773493));
#22190=DIRECTION('',(-1.22460635382238E-16,-1.22460635382238E-16,-1.));
#22200=VECTOR('',#22190,1.);
#22210=LINE('',#22180,#22200);
#22220=CARTESIAN_POINT('',(-1.81499999999999,-1.84999999999993,
0.640000000000018));
#22230=VERTEX_POINT('',#22220);
#22240=EDGE_CURVE('',#22230,#22150,#22210,.T.);
#22250=ORIENTED_EDGE('',*,*,#22240,.T.);
#22260=CARTESIAN_POINT('',(-1.81499999999999,-0.760191573472085,
0.640000000000018));
#22270=DIRECTION('',(0.,1.,-2.61238513460382E-16));
#22280=VECTOR('',#22270,1.);
#22290=LINE('',#22260,#22280);
#22300=CARTESIAN_POINT('',(-1.81499999999999,-1.19999999999993,
0.640000000000019));
#22310=VERTEX_POINT('',#22300);
#22320=EDGE_CURVE('',#22230,#22310,#22290,.T.);
#22330=ORIENTED_EDGE('',*,*,#22320,.F.);
#22340=CARTESIAN_POINT('',(-1.81499999999999,-0.760191573472085,
0.585023946684038));
#22350=DIRECTION('',(0.,0.992277876713668,-0.124034734589209));
#22360=VECTOR('',#22350,1.);
#22370=LINE('',#22340,#22360);
#22380=EDGE_CURVE('',#22310,#21810,#22370,.T.);
#22390=ORIENTED_EDGE('',*,*,#22380,.F.);
#22400=EDGE_LOOP('',(#22390,#22330,#22250,#22170,#22090,#22010,#21930,
#21850));
#22410=FACE_OUTER_BOUND('',#22400,.T.);
#22420=ADVANCED_FACE('',(#22410),#21750,.T.);
#22430=CARTESIAN_POINT('',(0.240000000000002,-2.09999999999992,
0.129999999999996));
#22440=DIRECTION('',(0.,-1.,0.));
#22450=DIRECTION('',(0.,0.,1.));
#22460=AXIS2_PLACEMENT_3D('',#22430,#22440,#22450);
#22470=PLANE('',#22460);
#22480=ORIENTED_EDGE('',*,*,#17950,.T.);
#22490=CARTESIAN_POINT('',(0.360000000000005,-2.09999999999992,
0.882985658773493));
#22500=DIRECTION('',(0.,0.,1.));
#22510=VECTOR('',#22500,1.);
#22520=LINE('',#22490,#22510);
#22530=EDGE_CURVE('',#19040,#17860,#22520,.T.);
#22540=ORIENTED_EDGE('',*,*,#22530,.T.);
#22550=ORIENTED_EDGE('',*,*,#19050,.T.);
#22560=CARTESIAN_POINT('',(0.240000000000002,-2.09999999999992,
0.882985658773493));
#22570=DIRECTION('',(0.,0.,-1.));
#22580=VECTOR('',#22570,1.);
#22590=LINE('',#22560,#22580);
#22600=EDGE_CURVE('',#17940,#19020,#22590,.T.);
#22610=ORIENTED_EDGE('',*,*,#22600,.T.);
#22620=EDGE_LOOP('',(#22610,#22550,#22540,#22480));
#22630=FACE_OUTER_BOUND('',#22620,.T.);
#22640=ADVANCED_FACE('',(#22630),#22470,.T.);
#22650=CARTESIAN_POINT('',(0.240000000000002,0.69187362703947,
0.65862307788251));
#22660=DIRECTION('',(0.,0.151053108008808,-0.988525648914018));
#22670=DIRECTION('',(0.,-0.988525648914018,-0.151053108008808));
#22680=AXIS2_PLACEMENT_3D('',#22650,#22660,#22670);
#22690=PLANE('',#22680);
#22700=CARTESIAN_POINT('',(0.240000000000002,-0.760191573472085,
0.436738130527157));
#22710=DIRECTION('',(0.,0.988525648914018,0.151053108008808));
#22720=VECTOR('',#22710,1.);
#22730=LINE('',#22700,#22720);
#22740=CARTESIAN_POINT('',(0.240000000000002,0.570000000092577,
0.640000000014112));
#22750=VERTEX_POINT('',#22740);
#22760=EDGE_CURVE('',#22750,#13270,#22730,.T.);
#22770=ORIENTED_EDGE('',*,*,#22760,.T.);
#22780=CARTESIAN_POINT('',(0.240000000000002,0.570000000092577,
0.640000000014112));
#22790=DIRECTION('',(1.,0.,0.));
#22800=VECTOR('',#22790,1.);
#22810=LINE('',#22780,#22800);
#22820=CARTESIAN_POINT('',(0.360000000000005,0.570000000092577,
0.640000000014112));
#22830=VERTEX_POINT('',#22820);
#22840=EDGE_CURVE('',#22750,#22830,#22810,.T.);
#22850=ORIENTED_EDGE('',*,*,#22840,.F.);
#22860=CARTESIAN_POINT('',(0.360000000000005,-0.760191573472085,
0.436738130527157));
#22870=DIRECTION('',(0.,-0.988525648914018,-0.151053108008808));
#22880=VECTOR('',#22870,1.);
#22890=LINE('',#22860,#22880);
#22900=EDGE_CURVE('',#10590,#22830,#22890,.T.);
#22910=ORIENTED_EDGE('',*,*,#22900,.T.);
#22920=ORIENTED_EDGE('',*,*,#13340,.F.);
#22930=EDGE_LOOP('',(#22920,#22910,#22850,#22770));
#22940=FACE_OUTER_BOUND('',#22930,.T.);
#22950=ADVANCED_FACE('',(#22940),#22690,.T.);
#22960=CARTESIAN_POINT('',(0.240000000000002,-2.04999999999983,
0.0500000000000116));
#22970=DIRECTION('',(0.,-1.,0.));
#22980=DIRECTION('',(0.,0.,1.));
#22990=AXIS2_PLACEMENT_3D('',#22960,#22970,#22980);
#23000=PLANE('',#22990);
#23010=ORIENTED_EDGE('',*,*,#19220,.F.);
#23020=CARTESIAN_POINT('',(0.360000000000005,-2.04999999999983,
0.882985658773493));
#23030=DIRECTION('',(0.,0.,1.));
#23040=VECTOR('',#23030,1.);
#23050=LINE('',#23020,#23040);
#23060=EDGE_CURVE('',#20080,#19130,#23050,.T.);
#23070=ORIENTED_EDGE('',*,*,#23060,.T.);
#23080=ORIENTED_EDGE('',*,*,#20110,.F.);
#23090=CARTESIAN_POINT('',(0.240000000000002,-2.04999999999983,
0.882985658773493));
#23100=DIRECTION('',(0.,0.,-1.));
#23110=VECTOR('',#23100,1.);
#23120=LINE('',#23090,#23110);
#23130=EDGE_CURVE('',#19210,#20100,#23120,.T.);
#23140=ORIENTED_EDGE('',*,*,#23130,.T.);
#23150=EDGE_LOOP('',(#23140,#23080,#23070,#23010));
#23160=FACE_OUTER_BOUND('',#23150,.T.);
#23170=ADVANCED_FACE('',(#23160),#23000,.T.);
#23180=CARTESIAN_POINT('',(-0.239999999999995,-2.09999999999992,
0.350000000000023));
#23190=DIRECTION('',(-1.,0.,0.));
#23200=DIRECTION('',(0.,0.,1.));
#23210=AXIS2_PLACEMENT_3D('',#23180,#23190,#23200);
#23220=PLANE('',#23210);
#23230=CARTESIAN_POINT('',(-0.239999999999995,-0.760191573472085,
0.0299999999998402));
#23240=DIRECTION('',(0.,1.,-8.19714666514907E-14));
#23250=VECTOR('',#23240,1.);
#23260=LINE('',#23230,#23250);
#23270=CARTESIAN_POINT('',(-0.239999999999995,-1.99999999999993,
0.0299999999999407));
#23280=VERTEX_POINT('',#23270);
#23290=EDGE_CURVE('',#23280,#20880,#23260,.T.);
#23300=ORIENTED_EDGE('',*,*,#23290,.F.);
#23310=ORIENTED_EDGE('',*,*,#20890,.T.);
#23320=CARTESIAN_POINT('',(-0.239999999999995,-0.760191573472085,
8.54871728961371E-14));
#23330=DIRECTION('',(0.,1.,0.));
#23340=VECTOR('',#23330,1.);
#23350=LINE('',#23320,#23340);
#23360=EDGE_CURVE('',#21510,#20800,#23350,.T.);
#23370=ORIENTED_EDGE('',*,*,#23360,.T.);
#23380=ORIENTED_EDGE('',*,*,#21520,.T.);
#23390=CARTESIAN_POINT('',(-0.239999999999995,-2.04999999999978,
0.882985658773493));
#23400=DIRECTION('',(0.,0.,-1.));
#23410=VECTOR('',#23400,1.);
#23420=LINE('',#23390,#23410);
#23430=EDGE_CURVE('',#17120,#21410,#23420,.T.);
#23440=ORIENTED_EDGE('',*,*,#23430,.T.);
#23450=ORIENTED_EDGE('',*,*,#17130,.F.);
#23460=CARTESIAN_POINT('',(-0.239999999999995,-2.09999999999988,
0.882985658773493));
#23470=DIRECTION('',(0.,0.,-1.));
#23480=VECTOR('',#23470,1.);
#23490=LINE('',#23460,#23480);
#23500=EDGE_CURVE('',#9870,#17030,#23490,.T.);
#23510=ORIENTED_EDGE('',*,*,#23500,.T.);
#23520=ORIENTED_EDGE('',*,*,#9880,.T.);
#23530=CARTESIAN_POINT('',(-0.239999999999995,-0.760191573472085,
0.365987228435339));
#23540=DIRECTION('',(0.,-0.997785157856605,-0.0665190105238304));
#23550=VECTOR('',#23540,1.);
#23560=LINE('',#23530,#23550);
#23570=CARTESIAN_POINT('',(-0.239999999999995,-1.99999999999993,
0.283333333333357));
#23580=VERTEX_POINT('',#23570);
#23590=EDGE_CURVE('',#23580,#9790,#23560,.T.);
#23600=ORIENTED_EDGE('',*,*,#23590,.T.);
#23610=CARTESIAN_POINT('',(-0.239999999999995,-1.99999999999993,
0.882985658773493));
#23620=DIRECTION('',(0.,0.,-1.));
#23630=VECTOR('',#23620,1.);
#23640=LINE('',#23610,#23630);
#23650=EDGE_CURVE('',#23580,#23280,#23640,.T.);
#23660=ORIENTED_EDGE('',*,*,#23650,.F.);
#23670=EDGE_LOOP('',(#23660,#23600,#23520,#23510,#23450,#23440,#23380,
#23370,#23310,#23300));
#23680=FACE_OUTER_BOUND('',#23670,.T.);
#23690=ADVANCED_FACE('',(#23680),#23220,.F.);
#23700=CARTESIAN_POINT('',(0.240000000000002,0.570000000092577,
0.640000000014112));
#23710=DIRECTION('',(-0.,-0.,-1.));
#23720=DIRECTION('',(0.,-1.,0.));
#23730=AXIS2_PLACEMENT_3D('',#23700,#23710,#23720);
#23740=PLANE('',#23730);
#23750=CARTESIAN_POINT('',(0.240000000000002,0.230000000000061,
0.640000000014112));
#23760=DIRECTION('',(1.,0.,0.));
#23770=VECTOR('',#23760,1.);
#23780=LINE('',#23750,#23770);
#23790=CARTESIAN_POINT('',(0.240000000000002,0.230000000000061,
0.640000000014112));
#23800=VERTEX_POINT('',#23790);
#23810=CARTESIAN_POINT('',(0.360000000000005,0.230000000000061,
0.640000000014112));
#23820=VERTEX_POINT('',#23810);
#23830=EDGE_CURVE('',#23800,#23820,#23780,.T.);
#23840=ORIENTED_EDGE('',*,*,#23830,.F.);
#23850=CARTESIAN_POINT('',(0.360000000000005,-0.760191573472085,
0.640000000014112));
#23860=DIRECTION('',(0.,-1.,0.));
#23870=VECTOR('',#23860,1.);
#23880=LINE('',#23850,#23870);
#23890=EDGE_CURVE('',#22830,#23820,#23880,.T.);
#23900=ORIENTED_EDGE('',*,*,#23890,.T.);
#23910=ORIENTED_EDGE('',*,*,#22840,.T.);
#23920=CARTESIAN_POINT('',(0.240000000000002,-0.760191573472085,
0.640000000014112));
#23930=DIRECTION('',(0.,1.,0.));
#23940=VECTOR('',#23930,1.);
#23950=LINE('',#23920,#23940);
#23960=EDGE_CURVE('',#23800,#22750,#23950,.T.);
#23970=ORIENTED_EDGE('',*,*,#23960,.T.);
#23980=EDGE_LOOP('',(#23970,#23910,#23900,#23840));
#23990=FACE_OUTER_BOUND('',#23980,.T.);
#24000=ADVANCED_FACE('',(#23990),#23740,.T.);
#24010=CARTESIAN_POINT('',(-0.359999999999996,-148.554300060054,
-223.81887246297));
#24020=DIRECTION('',(1.,0.,0.));
#24030=DIRECTION('',(0.,1.,0.));
#24040=AXIS2_PLACEMENT_3D('',#24010,#24020,#24030);
#24050=PLANE('',#24040);
#24060=CARTESIAN_POINT('',(-0.359999999999996,-0.760191573472085,
0.365987228435257));
#24070=DIRECTION('',(0.,-0.997785157856605,-0.0665190105238304));
#24080=VECTOR('',#24070,1.);
#24090=LINE('',#24060,#24080);
#24100=CARTESIAN_POINT('',(-0.359999999999996,-1.99999999999992,
0.283333333333331));
#24110=VERTEX_POINT('',#24100);
#24120=EDGE_CURVE('',#24110,#9770,#24090,.T.);
#24130=ORIENTED_EDGE('',*,*,#24120,.F.);
#24140=ORIENTED_EDGE('',*,*,#10020,.F.);
#24150=CARTESIAN_POINT('',(-0.359999999999996,-2.09999999999992,
0.882985658773493));
#24160=DIRECTION('',(0.,0.,-1.));
#24170=VECTOR('',#24160,1.);
#24180=LINE('',#24150,#24170);
#24190=EDGE_CURVE('',#9950,#17010,#24180,.T.);
#24200=ORIENTED_EDGE('',*,*,#24190,.F.);
#24210=ORIENTED_EDGE('',*,*,#17280,.T.);
#24220=CARTESIAN_POINT('',(-0.359999999999996,-2.04999999999983,
0.882985658773493));
#24230=DIRECTION('',(0.,0.,-1.));
#24240=VECTOR('',#24230,1.);
#24250=LINE('',#24220,#24240);
#24260=EDGE_CURVE('',#17200,#21430,#24250,.T.);
#24270=ORIENTED_EDGE('',*,*,#24260,.F.);
#24280=ORIENTED_EDGE('',*,*,#21660,.F.);
#24290=CARTESIAN_POINT('',(-0.359999999999996,-0.760191573472085,
2.22044604925031E-16));
#24300=DIRECTION('',(0.,1.,0.));
#24310=VECTOR('',#24300,1.);
#24320=LINE('',#24290,#24310);
#24330=EDGE_CURVE('',#21590,#20700,#24320,.T.);
#24340=ORIENTED_EDGE('',*,*,#24330,.F.);
#24350=ORIENTED_EDGE('',*,*,#20730,.F.);
#24360=CARTESIAN_POINT('',(-0.359999999999996,-0.760191573472085,
0.0299999999998402));
#24370=DIRECTION('',(0.,-1.,8.19714666514907E-14));
#24380=VECTOR('',#24370,1.);
#24390=LINE('',#24360,#24380);
#24400=CARTESIAN_POINT('',(-0.359999999999996,-1.99999999999993,
0.0299999999999407));
#24410=VERTEX_POINT('',#24400);
#24420=EDGE_CURVE('',#20720,#24410,#24390,.T.);
#24430=ORIENTED_EDGE('',*,*,#24420,.F.);
#24440=CARTESIAN_POINT('',(-0.359999999999996,-1.99999999999993,
0.882985658773493));
#24450=DIRECTION('',(0.,0.,1.));
#24460=VECTOR('',#24450,1.);
#24470=LINE('',#24440,#24460);
#24480=EDGE_CURVE('',#24410,#24110,#24470,.T.);
#24490=ORIENTED_EDGE('',*,*,#24480,.F.);
#24500=EDGE_LOOP('',(#24490,#24430,#24350,#24340,#24280,#24270,#24210,
#24200,#24140,#24130));
#24510=FACE_OUTER_BOUND('',#24500,.T.);
#24520=ADVANCED_FACE('',(#24510),#24050,.F.);
#24530=CARTESIAN_POINT('',(-0.959999999999997,-2.09999999999992,
0.129999999999996));
#24540=DIRECTION('',(0.,-1.,0.));
#24550=DIRECTION('',(0.,0.,1.));
#24560=AXIS2_PLACEMENT_3D('',#24530,#24540,#24550);
#24570=PLANE('',#24560);
#24580=ORIENTED_EDGE('',*,*,#18260,.T.);
#24590=ORIENTED_EDGE('',*,*,#4430,.F.);
#24600=CARTESIAN_POINT('',(-0.959999999999999,-2.09999999999992,
0.130000000000166));
#24610=DIRECTION('',(1.,0.,0.));
#24620=VECTOR('',#24610,1.);
#24630=LINE('',#24600,#24620);
#24640=EDGE_CURVE('',#19610,#4340,#24630,.T.);
#24650=ORIENTED_EDGE('',*,*,#24640,.T.);
#24660=ORIENTED_EDGE('',*,*,#19620,.T.);
#24670=EDGE_LOOP('',(#24660,#24650,#24590,#24580));
#24680=FACE_OUTER_BOUND('',#24670,.T.);
#24690=ADVANCED_FACE('',(#24680),#24570,.T.);
#24700=CARTESIAN_POINT('',(-0.959999999999997,-2.04999999999983,
0.280000000000001));
#24710=DIRECTION('',(0.,-0.0665190105238304,0.997785157856605));
#24720=DIRECTION('',(0.,0.997785157856605,0.0665190105238304));
#24730=AXIS2_PLACEMENT_3D('',#24700,#24710,#24720);
#24740=PLANE('',#24730);
#24750=CARTESIAN_POINT('',(11.0275,-1.99999999999993,0.283333333333331))
;
#24760=DIRECTION('',(-1.,0.,0.));
#24770=VECTOR('',#24760,1.);
#24780=LINE('',#24750,#24770);
#24790=EDGE_CURVE('',#4580,#19460,#24780,.T.);
#24800=ORIENTED_EDGE('',*,*,#24790,.T.);
#24810=ORIENTED_EDGE('',*,*,#4590,.F.);
#24820=ORIENTED_EDGE('',*,*,#18170,.T.);
#24830=ORIENTED_EDGE('',*,*,#19530,.T.);
#24840=EDGE_LOOP('',(#24830,#24820,#24810,#24800));
#24850=FACE_OUTER_BOUND('',#24840,.T.);
#24860=ADVANCED_FACE('',(#24850),#24740,.T.);
#24870=CARTESIAN_POINT('',(0.360000000000003,-2.09999999999992,
0.350000000000023));
#24880=DIRECTION('',(-1.,0.,0.));
#24890=DIRECTION('',(0.,0.,1.));
#24900=AXIS2_PLACEMENT_3D('',#24870,#24880,#24890);
#24910=PLANE('',#24900);
#24920=ORIENTED_EDGE('',*,*,#10600,.F.);
#24930=ORIENTED_EDGE('',*,*,#22900,.F.);
#24940=ORIENTED_EDGE('',*,*,#23890,.F.);
#24950=CARTESIAN_POINT('',(0.360000000000005,0.230000000000061,
0.590000000014101));
#24960=DIRECTION('',(1.,0.,0.));
#24970=DIRECTION('',(0.,1.,0.));
#24980=AXIS2_PLACEMENT_3D('',#24950,#24960,#24970);
#24990=CIRCLE('',#24980,0.0500000000000114);
#25000=CARTESIAN_POINT('',(0.360000000000005,0.213563229202101,
0.637221102984452));
#25010=VERTEX_POINT('',#25000);
#25020=EDGE_CURVE('',#23820,#25010,#24990,.T.);
#25030=ORIENTED_EDGE('',*,*,#25020,.F.);
#25040=CARTESIAN_POINT('',(0.360000000000005,-0.760191573472085,
0.298275515137856));
#25050=DIRECTION('',(0.,-0.944422059406258,-0.328735415960682));
#25060=VECTOR('',#25050,1.);
#25070=LINE('',#25040,#25060);
#25080=CARTESIAN_POINT('',(0.360000000000005,0.186436770779267,
0.627778897029673));
#25090=VERTEX_POINT('',#25080);
#25100=EDGE_CURVE('',#25010,#25090,#25070,.T.);
#25110=ORIENTED_EDGE('',*,*,#25100,.F.);
#25120=CARTESIAN_POINT('',(0.360000000000005,0.169999999981272,
0.675000000000012));
#25130=DIRECTION('',(1.,0.,0.));
#25140=DIRECTION('',(0.,1.,0.));
#25150=AXIS2_PLACEMENT_3D('',#25120,#25130,#25140);
#25160=CIRCLE('',#25150,0.0500000000000114);
#25170=CARTESIAN_POINT('',(0.360000000000005,0.169999999981272,0.625));
#25180=VERTEX_POINT('',#25170);
#25190=EDGE_CURVE('',#25180,#25090,#25160,.T.);
#25200=ORIENTED_EDGE('',*,*,#25190,.T.);
#25210=CARTESIAN_POINT('',(0.360000000000005,-0.760191573472085,0.625));
#25220=DIRECTION('',(0.,-1.,0.));
#25230=VECTOR('',#25220,1.);
#25240=LINE('',#25210,#25230);
#25250=EDGE_CURVE('',#25180,#16320,#25240,.T.);
#25260=ORIENTED_EDGE('',*,*,#25250,.F.);
#25270=ORIENTED_EDGE('',*,*,#16330,.T.);
#25280=CARTESIAN_POINT('',(0.360000000000005,-0.760191573472085,
0.789999999986208));
#25290=DIRECTION('',(0.,1.,0.));
#25300=VECTOR('',#25290,1.);
#25310=LINE('',#25280,#25300);
#25320=CARTESIAN_POINT('',(0.360000000000005,0.608348486094933,
0.789999999986208));
#25330=VERTEX_POINT('',#25320);
#25340=EDGE_CURVE('',#16300,#25330,#25310,.T.);
#25350=ORIENTED_EDGE('',*,*,#25340,.F.);
#25360=CARTESIAN_POINT('',(0.360000000000003,0.699999999999921,
0.749999999999661));
#25370=DIRECTION('',(-1.,0.,0.));
#25380=DIRECTION('',(0.,1.,0.));
#25390=AXIS2_PLACEMENT_3D('',#25360,#25370,#25380);
#25400=CIRCLE('',#25390,0.1);
#25410=EDGE_CURVE('',#10570,#25330,#25400,.T.);
#25420=ORIENTED_EDGE('',*,*,#25410,.T.);
#25430=EDGE_LOOP('',(#25420,#25350,#25270,#25260,#25200,#25110,#25030,
#24940,#24930,#24920));
#25440=FACE_OUTER_BOUND('',#25430,.T.);
#25450=ADVANCED_FACE('',(#25440),#24910,.F.);
#25460=CARTESIAN_POINT('',(0.240000000000002,0.169999999981272,
0.675000000000012));
#25470=DIRECTION('',(1.,0.,0.));
#25480=DIRECTION('',(0.,1.,0.));
#25490=AXIS2_PLACEMENT_3D('',#25460,#25470,#25480);
#25500=CYLINDRICAL_SURFACE('',#25490,0.0500000000000114);
#25510=CARTESIAN_POINT('',(0.240000000000002,0.169999999981272,0.625));
#25520=DIRECTION('',(1.,0.,0.));
#25530=VECTOR('',#25520,1.);
#25540=LINE('',#25510,#25530);
#25550=CARTESIAN_POINT('',(0.240000000000002,0.169999999981272,0.625));
#25560=VERTEX_POINT('',#25550);
#25570=EDGE_CURVE('',#25560,#25180,#25540,.T.);
#25580=ORIENTED_EDGE('',*,*,#25570,.F.);
#25590=ORIENTED_EDGE('',*,*,#25190,.F.);
#25600=CARTESIAN_POINT('',(0.240000000000002,0.186436770779252,
0.627778897029714));
#25610=DIRECTION('',(1.,0.,0.));
#25620=VECTOR('',#25610,1.);
#25630=LINE('',#25600,#25620);
#25640=CARTESIAN_POINT('',(0.240000000000002,0.186436770779267,
0.627778897029673));
#25650=VERTEX_POINT('',#25640);
#25660=EDGE_CURVE('',#25650,#25090,#25630,.T.);
#25670=ORIENTED_EDGE('',*,*,#25660,.T.);
#25680=CARTESIAN_POINT('',(0.240000000000002,0.169999999981272,
0.675000000000012));
#25690=DIRECTION('',(1.,0.,0.));
#25700=DIRECTION('',(0.,1.,0.));
#25710=AXIS2_PLACEMENT_3D('',#25680,#25690,#25700);
#25720=CIRCLE('',#25710,0.0500000000000114);
#25730=EDGE_CURVE('',#25560,#25650,#25720,.T.);
#25740=ORIENTED_EDGE('',*,*,#25730,.T.);
#25750=EDGE_LOOP('',(#25740,#25670,#25590,#25580));
#25760=FACE_OUTER_BOUND('',#25750,.T.);
#25770=ADVANCED_FACE('',(#25760),#25500,.T.);
#25780=CARTESIAN_POINT('',(-5.85,0.699999999999922,0.309999999999662));
#25790=DIRECTION('',(-0.,0.,1.));
#25800=DIRECTION('',(0.,-1.,0.));
#25810=AXIS2_PLACEMENT_3D('',#25780,#25790,#25800);
#25820=PLANE('',#25810);
#25830=ORIENTED_EDGE('',*,*,#140,.F.);
#25840=ORIENTED_EDGE('',*,*,#660,.F.);
#25850=ORIENTED_EDGE('',*,*,#6480,.T.);
#25860=CARTESIAN_POINT('',(-2.23,-0.760191573472085,0.309999999999662));
#25870=DIRECTION('',(0.,1.,0.));
#25880=VECTOR('',#25870,1.);
#25890=LINE('',#25860,#25880);
#25900=CARTESIAN_POINT('',(-2.23,0.699999999999922,0.309999999999662));
#25910=VERTEX_POINT('',#25900);
#25920=EDGE_CURVE('',#25910,#5300,#25890,.T.);
#25930=ORIENTED_EDGE('',*,*,#25920,.T.);
#25940=CARTESIAN_POINT('',(-1.87499999999999,0.699999999999922,
0.309999999999662));
#25950=DIRECTION('',(1.,0.,0.));
#25960=VECTOR('',#25950,1.);
#25970=LINE('',#25940,#25960);
#25980=CARTESIAN_POINT('',(1.63000000000001,0.699999999999922,
0.309999999999662));
#25990=VERTEX_POINT('',#25980);
#26000=EDGE_CURVE('',#25910,#25990,#25970,.T.);
#26010=ORIENTED_EDGE('',*,*,#26000,.F.);
#26020=CARTESIAN_POINT('',(1.63000000000001,-0.760191573472085,
0.309999999999661));
#26030=DIRECTION('',(0.,-1.,0.));
#26040=VECTOR('',#26030,1.);
#26050=LINE('',#26020,#26040);
#26060=EDGE_CURVE('',#5060,#25990,#26050,.T.);
#26070=ORIENTED_EDGE('',*,*,#26060,.T.);
#26080=CARTESIAN_POINT('',(1.65,1.00000000000008,0.309999999999661));
#26090=DIRECTION('',(-1.,0.,0.));
#26100=VECTOR('',#26090,1.);
#26110=LINE('',#26080,#26100);
#26120=CARTESIAN_POINT('',(1.7,1.00000000000008,0.309999999999661));
#26130=VERTEX_POINT('',#26120);
#26140=EDGE_CURVE('',#26130,#5060,#26110,.T.);
#26150=ORIENTED_EDGE('',*,*,#26140,.T.);
#26160=CARTESIAN_POINT('',(-0.0601915734721583,-0.760191573472085,
0.30999999999969));
#26170=DIRECTION('',(0.707106781186546,0.707106781186549,0.));
#26180=VECTOR('',#26170,1.);
#26190=LINE('',#26160,#26180);
#26200=CARTESIAN_POINT('',(1.65,0.950000000000076,0.30999999999969));
#26210=VERTEX_POINT('',#26200);
#26220=EDGE_CURVE('',#26210,#26130,#26190,.T.);
#26230=ORIENTED_EDGE('',*,*,#26220,.T.);
#26240=CARTESIAN_POINT('',(1.65,-0.760191573472085,0.30999999999969));
#26250=DIRECTION('',(0.,1.,0.));
#26260=VECTOR('',#26250,1.);
#26270=LINE('',#26240,#26260);
#26280=EDGE_CURVE('',#9140,#26210,#26270,.T.);
#26290=ORIENTED_EDGE('',*,*,#26280,.T.);
#26300=ORIENTED_EDGE('',*,*,#9620,.F.);
#26310=EDGE_LOOP('',(#26300,#26290,#26230,#26150,#26070,#26010,#25930,
#25850,#25840,#25830));
#26320=FACE_OUTER_BOUND('',#26310,.T.);
#26330=ADVANCED_FACE('',(#26320),#25820,.T.);
#26340=CARTESIAN_POINT('',(-0.359999999999996,-2.09999999999992,
0.129999999999996));
#26350=DIRECTION('',(0.,-1.,0.));
#26360=DIRECTION('',(0.,0.,1.));
#26370=AXIS2_PLACEMENT_3D('',#26340,#26350,#26360);
#26380=PLANE('',#26370);
#26390=ORIENTED_EDGE('',*,*,#9960,.T.);
#26400=ORIENTED_EDGE('',*,*,#23500,.F.);
#26410=ORIENTED_EDGE('',*,*,#17040,.T.);
#26420=ORIENTED_EDGE('',*,*,#24190,.T.);
#26430=EDGE_LOOP('',(#26420,#26410,#26400,#26390));
#26440=FACE_OUTER_BOUND('',#26430,.T.);
#26450=ADVANCED_FACE('',(#26440),#26380,.T.);
#26460=CARTESIAN_POINT('',(-0.959999999999997,-2.09999999999992,
0.0800000000000127));
#26470=DIRECTION('',(1.,0.,0.));
#26480=DIRECTION('',(0.,1.,0.));
#26490=AXIS2_PLACEMENT_3D('',#26460,#26470,#26480);
#26500=CYLINDRICAL_SURFACE('',#26490,0.0500000000000966);
#26510=ORIENTED_EDGE('',*,*,#24640,.F.);
#26520=ORIENTED_EDGE('',*,*,#4350,.T.);
#26530=ORIENTED_EDGE('',*,*,#20470,.T.);
#26540=ORIENTED_EDGE('',*,*,#19710,.F.);
#26550=EDGE_LOOP('',(#26540,#26530,#26520,#26510));
#26560=FACE_OUTER_BOUND('',#26550,.T.);
#26570=ADVANCED_FACE('',(#26560),#26500,.F.);
#26580=CARTESIAN_POINT('',(-0.359999999999996,-2.04999999999983,
0.0500000000000116));
#26590=DIRECTION('',(0.,-1.,0.));
#26600=DIRECTION('',(0.,0.,1.));
#26610=AXIS2_PLACEMENT_3D('',#26580,#26590,#26600);
#26620=PLANE('',#26610);
#26630=ORIENTED_EDGE('',*,*,#17210,.F.);
#26640=ORIENTED_EDGE('',*,*,#23430,.F.);
#26650=ORIENTED_EDGE('',*,*,#21440,.F.);
#26660=ORIENTED_EDGE('',*,*,#24260,.T.);
#26670=EDGE_LOOP('',(#26660,#26650,#26640,#26630));
#26680=FACE_OUTER_BOUND('',#26670,.T.);
#26690=ADVANCED_FACE('',(#26680),#26620,.T.);
#26700=CARTESIAN_POINT('',(-1.88999999999999,-1.92499999999993,
0.565000000000018));
#26710=DIRECTION('',(0.707106781186548,-0.707106781186548,0.));
#26720=DIRECTION('',(-0.707106781186547,-0.707106781186547,0.));
#26730=AXIS2_PLACEMENT_3D('',#26700,#26710,#26720);
#26740=PLANE('',#26730);
#26750=CARTESIAN_POINT('',(1.73500000000002,1.70000000000008,
0.310000000000017));
#26760=DIRECTION('',(-0.707106781186548,-0.707106781186548,
2.4980018054066E-16));
#26770=VECTOR('',#26760,1.);
#26780=LINE('',#26750,#26770);
#26790=CARTESIAN_POINT('',(-1.96499999999999,-1.99999999999993,
0.310000000000018));
#26800=VERTEX_POINT('',#26790);
#26810=EDGE_CURVE('',#22150,#26800,#26780,.T.);
#26820=ORIENTED_EDGE('',*,*,#26810,.F.);
#26830=CARTESIAN_POINT('',(-1.96499999999999,-1.99999999999993,
-1.94382799999998));
#26840=DIRECTION('',(0.,0.,-1.));
#26850=VECTOR('',#26840,1.);
#26860=LINE('',#26830,#26850);
#26870=CARTESIAN_POINT('',(-1.96499999999999,-1.99999999999993,
0.820000000000018));
#26880=VERTEX_POINT('',#26870);
#26890=EDGE_CURVE('',#26880,#26800,#26860,.T.);
#26900=ORIENTED_EDGE('',*,*,#26890,.T.);
#26910=CARTESIAN_POINT('',(0.33819000000001,0.303190000000071,
-1.94382799999998));
#26920=DIRECTION('',(0.539163866017192,0.539163866017192,
-0.646996639220631));
#26930=VECTOR('',#26920,1.);
#26940=LINE('',#26910,#26930);
#26950=EDGE_CURVE('',#26880,#22230,#26940,.T.);
#26960=ORIENTED_EDGE('',*,*,#26950,.F.);
#26970=ORIENTED_EDGE('',*,*,#22240,.F.);
#26980=EDGE_LOOP('',(#26970,#26960,#26900,#26820));
#26990=FACE_OUTER_BOUND('',#26980,.T.);
#27000=ADVANCED_FACE('',(#26990),#26740,.T.);
#27010=CARTESIAN_POINT('',(-0.359999999999996,-1.64999999999993,
2.22044604925031E-16));
#27020=DIRECTION('',(-0.,-0.,-1.));
#27030=DIRECTION('',(0.,-1.,0.));
#27040=AXIS2_PLACEMENT_3D('',#27010,#27020,#27030);
#27050=PLANE('',#27040);
#27060=ORIENTED_EDGE('',*,*,#21600,.T.);
#27070=ORIENTED_EDGE('',*,*,#23360,.F.);
#27080=ORIENTED_EDGE('',*,*,#20810,.F.);
#27090=ORIENTED_EDGE('',*,*,#24330,.T.);
#27100=EDGE_LOOP('',(#27090,#27080,#27070,#27060));
#27110=FACE_OUTER_BOUND('',#27100,.T.);
#27120=ADVANCED_FACE('',(#27110),#27050,.T.);
#27130=CARTESIAN_POINT('',(4.64999999999999,1.00000000000007,
0.300000000000017));
#27140=DIRECTION('',(0.,1.,0.));
#27150=DIRECTION('',(0.,0.,1.));
#27160=AXIS2_PLACEMENT_3D('',#27130,#27140,#27150);
#27170=PLANE('',#27160);
#27180=CARTESIAN_POINT('',(0.540000000000004,1.00000000000007,
0.882985658773493));
#27190=DIRECTION('',(0.,0.,1.));
#27200=VECTOR('',#27190,1.);
#27210=LINE('',#27180,#27200);
#27220=CARTESIAN_POINT('',(0.540000000000004,1.00000000000007,
0.0299999999996958));
#27230=VERTEX_POINT('',#27220);
#27240=EDGE_CURVE('',#27230,#4800,#27210,.T.);
#27250=ORIENTED_EDGE('',*,*,#27240,.F.);
#27260=ORIENTED_EDGE('',*,*,#6250,.T.);
#27270=CARTESIAN_POINT('',(0.0600000000000041,1.00000000000007,
0.882985658773493));
#27280=DIRECTION('',(0.,0.,-1.));
#27290=VECTOR('',#27280,1.);
#27300=LINE('',#27270,#27290);
#27310=CARTESIAN_POINT('',(0.0600000000000041,1.00000000000007,
0.0299999999996958));
#27320=VERTEX_POINT('',#27310);
#27330=EDGE_CURVE('',#6180,#27320,#27300,.T.);
#27340=ORIENTED_EDGE('',*,*,#27330,.F.);
#27350=CARTESIAN_POINT('',(-3.1225,1.00000000000007,0.0299999999996958))
;
#27360=DIRECTION('',(-1.,0.,0.));
#27370=VECTOR('',#27360,1.);
#27380=LINE('',#27350,#27370);
#27390=EDGE_CURVE('',#27230,#27320,#27380,.T.);
#27400=ORIENTED_EDGE('',*,*,#27390,.T.);
#27410=EDGE_LOOP('',(#27400,#27340,#27260,#27250));
#27420=FACE_OUTER_BOUND('',#27410,.T.);
#27430=ADVANCED_FACE('',(#27420),#27170,.T.);
#27440=CARTESIAN_POINT('',(-0.959999999999997,-1.99999999999993,
2.22044604925031E-16));
#27450=DIRECTION('',(-0.,-0.707106781187351,-0.707106781185744));
#27460=DIRECTION('',(0.,-0.707106781185744,0.707106781187351));
#27470=AXIS2_PLACEMENT_3D('',#27440,#27450,#27460);
#27480=PLANE('',#27470);
#27490=ORIENTED_EDGE('',*,*,#20540,.T.);
#27500=ORIENTED_EDGE('',*,*,#4180,.F.);
#27510=ORIENTED_EDGE('',*,*,#18480,.F.);
#27520=ORIENTED_EDGE('',*,*,#19850,.T.);
#27530=EDGE_LOOP('',(#27520,#27510,#27500,#27490));
#27540=FACE_OUTER_BOUND('',#27530,.T.);
#27550=ADVANCED_FACE('',(#27540),#27480,.T.);
#27560=CARTESIAN_POINT('',(4.575,1.84999999999992,0.359999999999661));
#27570=DIRECTION('',(0.,1.,0.));
#27580=DIRECTION('',(0.,0.,1.));
#27590=AXIS2_PLACEMENT_3D('',#27560,#27570,#27580);
#27600=PLANE('',#27590);
#27610=CARTESIAN_POINT('',(-2.23,1.84999999999992,0.882985658773493));
#27620=DIRECTION('',(0.,0.,1.));
#27630=VECTOR('',#27620,1.);
#27640=LINE('',#27610,#27630);
#27650=CARTESIAN_POINT('',(-2.23,1.84999999999992,0.459999999999661));
#27660=VERTEX_POINT('',#27650);
#27670=EDGE_CURVE('',#5220,#27660,#27640,.T.);
#27680=ORIENTED_EDGE('',*,*,#27670,.T.);
#27690=ORIENTED_EDGE('',*,*,#5230,.T.);
#27700=CARTESIAN_POINT('',(1.63000000000001,1.84999999999992,
-1.94382800000034));
#27710=DIRECTION('',(0.,0.,1.));
#27720=VECTOR('',#27710,1.);
#27730=LINE('',#27700,#27720);
#27740=CARTESIAN_POINT('',(1.63000000000001,1.84999999999992,
0.459999999999661));
#27750=VERTEX_POINT('',#27740);
#27760=EDGE_CURVE('',#5140,#27750,#27730,.T.);
#27770=ORIENTED_EDGE('',*,*,#27760,.F.);
#27780=CARTESIAN_POINT('',(-3.735,1.84999999999992,0.459999999999661));
#27790=DIRECTION('',(-1.,0.,0.));
#27800=VECTOR('',#27790,1.);
#27810=LINE('',#27780,#27800);
#27820=EDGE_CURVE('',#27750,#27660,#27810,.T.);
#27830=ORIENTED_EDGE('',*,*,#27820,.F.);
#27840=EDGE_LOOP('',(#27830,#27770,#27690,#27680));
#27850=FACE_OUTER_BOUND('',#27840,.T.);
#27860=ADVANCED_FACE('',(#27850),#27600,.T.);
#27870=CARTESIAN_POINT('',(1.65,1.99999999999992,0.531999999999662));
#27880=DIRECTION('',(0.,0.432731067584771,-0.901523057468274));
#27890=DIRECTION('',(0.,0.901523057468274,0.432731067584771));
#27900=AXIS2_PLACEMENT_3D('',#27870,#27880,#27890);
#27910=PLANE('',#27900);
#27920=CARTESIAN_POINT('',(1.63000000000001,-0.158025000000078,
-0.503852000000336));
#27930=DIRECTION('',(0.,0.901523057468274,0.43273106758477));
#27940=VECTOR('',#27930,1.);
#27950=LINE('',#27920,#27940);
#27960=CARTESIAN_POINT('',(1.63000000000001,2.09999999999992,
0.579999999999661));
#27970=VERTEX_POINT('',#27960);
#27980=EDGE_CURVE('',#27750,#27970,#27950,.T.);
#27990=ORIENTED_EDGE('',*,*,#27980,.F.);
#28000=CARTESIAN_POINT('',(10.4275,2.09999999999992,0.579999999999662));
#28010=DIRECTION('',(1.,0.,0.));
#28020=VECTOR('',#28010,1.);
#28030=LINE('',#28000,#28020);
#28040=CARTESIAN_POINT('',(-2.23,2.09999999999992,0.579999999999662));
#28050=VERTEX_POINT('',#28040);
#28060=EDGE_CURVE('',#28050,#27970,#28030,.T.);
#28070=ORIENTED_EDGE('',*,*,#28060,.T.);
#28080=CARTESIAN_POINT('',(-2.23,-0.760191573472085,-0.7928919552669));
#28090=DIRECTION('',(0.,0.901523057468274,0.432731067584771));
#28100=VECTOR('',#28090,1.);
#28110=LINE('',#28080,#28100);
#28120=EDGE_CURVE('',#27660,#28050,#28110,.T.);
#28130=ORIENTED_EDGE('',*,*,#28120,.T.);
#28140=ORIENTED_EDGE('',*,*,#27820,.T.);
#28150=EDGE_LOOP('',(#28140,#28130,#28070,#27990));
#28160=FACE_OUTER_BOUND('',#28150,.T.);
#28170=ADVANCED_FACE('',(#28160),#27910,.T.);
#28180=CARTESIAN_POINT('',(-1.37499999999999,-0.760191573472085,
0.329373051227086));
#28190=DIRECTION('',(0.,0.961523947640823,0.274721127897377));
#28200=DIRECTION('',(0.,0.274721127897377,-0.961523947640823));
#28210=AXIS2_PLACEMENT_3D('',#28180,#28190,#28200);
#28220=CYLINDRICAL_SURFACE('',#28210,0.05);
#28230=CARTESIAN_POINT('',(-1.37499999999999,1.06200274723193,
0.849999999999661));
#28240=DIRECTION('',(0.,0.,-1.));
#28250=DIRECTION('',(0.,1.,0.));
#28260=AXIS2_PLACEMENT_3D('',#28230,#28240,#28250);
#28270=ELLIPSE('',#28260,0.182002747232013,0.05);
#28280=EDGE_CURVE('',#10270,#17440,#28270,.T.);
#28290=ORIENTED_EDGE('',*,*,#28280,.F.);
#28300=ORIENTED_EDGE('',*,*,#17450,.F.);
#28310=ORIENTED_EDGE('',*,*,#10360,.T.);
#28320=EDGE_LOOP('',(#28310,#28300,#28290));
#28330=FACE_OUTER_BOUND('',#28320,.T.);
#28340=ADVANCED_FACE('',(#28330),#28220,.T.);
#28350=CARTESIAN_POINT('',(0.360000000000005,-1.64999999999993,
0.882985658773493));
#28360=DIRECTION('',(0.,0.,-1.));
#28370=VECTOR('',#28360,1.);
#28380=LINE('',#28350,#28370);
#28390=CARTESIAN_POINT('',(0.360000000000003,-1.64999999999989,
0.0299999999999131));
#28400=VERTEX_POINT('',#28390);
#28410=CARTESIAN_POINT('',(0.360000000000005,-1.64999999999993,
8.54871728961371E-14));
#28420=VERTEX_POINT('',#28410);
#28430=EDGE_CURVE('',#28400,#28420,#28380,.T.);
#28440=ORIENTED_EDGE('',*,*,#28430,.F.);
#28450=CARTESIAN_POINT('',(0.360000000000005,-0.760191573472085,
2.22044604925031E-16));
#28460=DIRECTION('',(0.,-1.,0.));
#28470=VECTOR('',#28460,1.);
#28480=LINE('',#28450,#28470);
#28490=EDGE_CURVE('',#28420,#20180,#28480,.T.);
#28500=ORIENTED_EDGE('',*,*,#28490,.F.);
#28510=ORIENTED_EDGE('',*,*,#20190,.F.);
#28520=ORIENTED_EDGE('',*,*,#23060,.F.);
#28530=ORIENTED_EDGE('',*,*,#19140,.F.);
#28540=ORIENTED_EDGE('',*,*,#22530,.F.);
#28550=ORIENTED_EDGE('',*,*,#17870,.F.);
#28560=ORIENTED_EDGE('',*,*,#21190,.F.);
#28570=CARTESIAN_POINT('',(0.360000000000003,-1.99999999999993,
0.882985658773493));
#28580=DIRECTION('',(0.,0.,1.));
#28590=VECTOR('',#28580,1.);
#28600=LINE('',#28570,#28590);
#28610=CARTESIAN_POINT('',(0.360000000000003,-1.99999999999993,
0.0299999999999417));
#28620=VERTEX_POINT('',#28610);
#28630=EDGE_CURVE('',#28620,#21100,#28600,.T.);
#28640=ORIENTED_EDGE('',*,*,#28630,.T.);
#28650=CARTESIAN_POINT('',(0.360000000000003,-0.760191573472085,
0.0299999999998402));
#28660=DIRECTION('',(0.,-1.,8.19714666514907E-14));
#28670=VECTOR('',#28660,1.);
#28680=LINE('',#28650,#28670);
#28690=EDGE_CURVE('',#28400,#28620,#28680,.T.);
#28700=ORIENTED_EDGE('',*,*,#28690,.T.);
#28710=EDGE_LOOP('',(#28700,#28640,#28560,#28550,#28540,#28530,#28520,
#28510,#28500,#28440));
#28720=FACE_OUTER_BOUND('',#28710,.T.);
#28730=ADVANCED_FACE('',(#28720),#24910,.F.);
#28740=CARTESIAN_POINT('',(0.240000000000002,0.21356322920208,
0.637221102984512));
#28750=DIRECTION('',(0.,0.328735415960682,-0.944422059406258));
#28760=DIRECTION('',(0.,-0.944422059406258,-0.328735415960682));
#28770=AXIS2_PLACEMENT_3D('',#28740,#28750,#28760);
#28780=PLANE('',#28770);
#28790=ORIENTED_EDGE('',*,*,#25660,.F.);
#28800=ORIENTED_EDGE('',*,*,#25100,.T.);
#28810=CARTESIAN_POINT('',(0.240000000000002,0.21356322920208,
0.637221102984512));
#28820=DIRECTION('',(1.,0.,0.));
#28830=VECTOR('',#28820,1.);
#28840=LINE('',#28810,#28830);
#28850=CARTESIAN_POINT('',(0.240000000000002,0.21356322920208,
0.637221102984512));
#28860=VERTEX_POINT('',#28850);
#28870=EDGE_CURVE('',#28860,#25010,#28840,.T.);
#28880=ORIENTED_EDGE('',*,*,#28870,.T.);
#28890=CARTESIAN_POINT('',(0.240000000000002,-0.760191573472085,
0.298275515137856));
#28900=DIRECTION('',(0.,0.944422059406258,0.328735415960682));
#28910=VECTOR('',#28900,1.);
#28920=LINE('',#28890,#28910);
#28930=EDGE_CURVE('',#25650,#28860,#28920,.T.);
#28940=ORIENTED_EDGE('',*,*,#28930,.T.);
#28950=EDGE_LOOP('',(#28940,#28880,#28800,#28790));
#28960=FACE_OUTER_BOUND('',#28950,.T.);
#28970=ADVANCED_FACE('',(#28960),#28780,.T.);
#28980=CARTESIAN_POINT('',(-2.4725,-1.84999999999993,0.640000000000018))
;
#28990=DIRECTION('',(-0.,-0.768221279597376,-0.640184399664479));
#29000=DIRECTION('',(0.,-0.640184399664479,0.768221279597376));
#29010=AXIS2_PLACEMENT_3D('',#28980,#28990,#29000);
#29020=PLANE('',#29010);
#29030=ORIENTED_EDGE('',*,*,#26950,.T.);
#29040=CARTESIAN_POINT('',(3.8275,-1.99999999999993,0.820000000000018));
#29050=DIRECTION('',(-1.,0.,0.));
#29060=VECTOR('',#29050,1.);
#29070=LINE('',#29040,#29060);
#29080=CARTESIAN_POINT('',(1.365,-1.99999999999993,0.820000000000018));
#29090=VERTEX_POINT('',#29080);
#29100=EDGE_CURVE('',#29090,#26880,#29070,.T.);
#29110=ORIENTED_EDGE('',*,*,#29100,.T.);
#29120=CARTESIAN_POINT('',(-0.938190000000004,0.303190000000071,
-1.94382799999998));
#29130=DIRECTION('',(-0.539163866017192,0.539163866017192,
-0.646996639220631));
#29140=VECTOR('',#29130,1.);
#29150=LINE('',#29120,#29140);
#29160=CARTESIAN_POINT('',(1.21499999999999,-1.84999999999993,
0.640000000000019));
#29170=VERTEX_POINT('',#29160);
#29180=EDGE_CURVE('',#29090,#29170,#29150,.T.);
#29190=ORIENTED_EDGE('',*,*,#29180,.F.);
#29200=CARTESIAN_POINT('',(3.2275,-1.84999999999993,0.640000000000019));
#29210=DIRECTION('',(-1.,0.,0.));
#29220=VECTOR('',#29210,1.);
#29230=LINE('',#29200,#29220);
#29240=EDGE_CURVE('',#29170,#22230,#29230,.T.);
#29250=ORIENTED_EDGE('',*,*,#29240,.F.);
#29260=EDGE_LOOP('',(#29250,#29190,#29110,#29030));
#29270=FACE_OUTER_BOUND('',#29260,.T.);
#29280=ADVANCED_FACE('',(#29270),#29020,.T.);
#29290=CARTESIAN_POINT('',(-0.359999999999996,-2.04999999999983,
0.280000000000001));
#29300=DIRECTION('',(0.,-0.0665190105238304,0.997785157856605));
#29310=DIRECTION('',(0.,0.997785157856605,0.0665190105238304));
#29320=AXIS2_PLACEMENT_3D('',#29290,#29300,#29310);
#29330=PLANE('',#29320);
#29340=CARTESIAN_POINT('',(11.0275,-1.99999999999993,0.283333333333331))
;
#29350=DIRECTION('',(-1.,0.,0.));
#29360=VECTOR('',#29350,1.);
#29370=LINE('',#29340,#29360);
#29380=EDGE_CURVE('',#23580,#24110,#29370,.T.);
#29390=ORIENTED_EDGE('',*,*,#29380,.T.);
#29400=ORIENTED_EDGE('',*,*,#23590,.F.);
#29410=ORIENTED_EDGE('',*,*,#9800,.T.);
#29420=ORIENTED_EDGE('',*,*,#24120,.T.);
#29430=EDGE_LOOP('',(#29420,#29410,#29400,#29390));
#29440=FACE_OUTER_BOUND('',#29430,.T.);
#29450=ADVANCED_FACE('',(#29440),#29330,.T.);
#29460=CARTESIAN_POINT('',(8.175,0.699999999999921,0.749999999999661));
#29470=DIRECTION('',(-1.,0.,0.));
#29480=DIRECTION('',(0.,1.,0.));
#29490=AXIS2_PLACEMENT_3D('',#29460,#29470,#29480);
#29500=CYLINDRICAL_SURFACE('',#29490,0.1);
#29510=CARTESIAN_POINT('',(1.63000000000001,0.699999999999921,
0.749999999999661));
#29520=DIRECTION('',(1.,0.,0.));
#29530=DIRECTION('',(0.,1.,0.));
#29540=AXIS2_PLACEMENT_3D('',#29510,#29520,#29530);
#29550=CIRCLE('',#29540,0.1);
#29560=CARTESIAN_POINT('',(1.63000000000001,0.699999999999921,
0.849999999999661));
#29570=VERTEX_POINT('',#29560);
#29580=EDGE_CURVE('',#29570,#11230,#29550,.T.);
#29590=ORIENTED_EDGE('',*,*,#29580,.F.);
#29600=ORIENTED_EDGE('',*,*,#11240,.F.);
#29610=CARTESIAN_POINT('',(0.960000000000003,0.699999999999921,
0.749999999999661));
#29620=DIRECTION('',(-1.,0.,0.));
#29630=DIRECTION('',(0.,1.,0.));
#29640=AXIS2_PLACEMENT_3D('',#29610,#29620,#29630);
#29650=CIRCLE('',#29640,0.1);
#29660=CARTESIAN_POINT('',(0.960000000000003,0.608348486094933,
0.789999999986208));
#29670=VERTEX_POINT('',#29660);
#29680=EDGE_CURVE('',#11190,#29670,#29650,.T.);
#29690=ORIENTED_EDGE('',*,*,#29680,.F.);
#29700=CARTESIAN_POINT('',(0.975000000000007,0.608348486094933,
0.789999999986208));
#29710=DIRECTION('',(-1.,0.,0.));
#29720=VECTOR('',#29710,1.);
#29730=LINE('',#29700,#29720);
#29740=CARTESIAN_POINT('',(0.840000000000003,0.608348486094933,
0.789999999986208));
#29750=VERTEX_POINT('',#29740);
#29760=EDGE_CURVE('',#29670,#29750,#29730,.T.);
#29770=ORIENTED_EDGE('',*,*,#29760,.F.);
#29780=CARTESIAN_POINT('',(0.840000000000003,0.699999999999921,
0.749999999999661));
#29790=DIRECTION('',(-1.,0.,0.));
#29800=DIRECTION('',(0.,1.,0.));
#29810=AXIS2_PLACEMENT_3D('',#29780,#29790,#29800);
#29820=CIRCLE('',#29810,0.1);
#29830=EDGE_CURVE('',#10950,#29750,#29820,.T.);
#29840=ORIENTED_EDGE('',*,*,#29830,.T.);
#29850=ORIENTED_EDGE('',*,*,#10960,.F.);
#29860=CARTESIAN_POINT('',(0.660000000000004,0.699999999999921,
0.749999999999661));
#29870=DIRECTION('',(-1.,0.,0.));
#29880=DIRECTION('',(0.,1.,0.));
#29890=AXIS2_PLACEMENT_3D('',#29860,#29870,#29880);
#29900=CIRCLE('',#29890,0.1);
#29910=CARTESIAN_POINT('',(0.660000000000004,0.656411010536055,
0.839999999985878));
#29920=VERTEX_POINT('',#29910);
#29930=EDGE_CURVE('',#10910,#29920,#29900,.T.);
#29940=ORIENTED_EDGE('',*,*,#29930,.F.);
#29950=CARTESIAN_POINT('',(0.975000000000007,0.656411010536055,
0.839999999985878));
#29960=DIRECTION('',(-1.,0.,0.));
#29970=VECTOR('',#29960,1.);
#29980=LINE('',#29950,#29970);
#29990=CARTESIAN_POINT('',(0.540000000000004,0.656411010536055,
0.839999999985878));
#30000=VERTEX_POINT('',#29990);
#30010=EDGE_CURVE('',#29920,#30000,#29980,.T.);
#30020=ORIENTED_EDGE('',*,*,#30010,.F.);
#30030=CARTESIAN_POINT('',(0.540000000000004,0.699999999999921,
0.749999999999661));
#30040=DIRECTION('',(-1.,0.,0.));
#30050=DIRECTION('',(0.,1.,0.));
#30060=AXIS2_PLACEMENT_3D('',#30030,#30040,#30050);
#30070=CIRCLE('',#30060,0.1);
#30080=EDGE_CURVE('',#10670,#30000,#30070,.T.);
#30090=ORIENTED_EDGE('',*,*,#30080,.T.);
#30100=ORIENTED_EDGE('',*,*,#10680,.F.);
#30110=ORIENTED_EDGE('',*,*,#25410,.F.);
#30120=CARTESIAN_POINT('',(3.97500000000001,0.608348486094933,
0.789999999986208));
#30130=DIRECTION('',(-1.,0.,0.));
#30140=VECTOR('',#30130,1.);
#30150=LINE('',#30120,#30140);
#30160=CARTESIAN_POINT('',(0.240000000000004,0.608348486094933,
0.789999999986208));
#30170=VERTEX_POINT('',#30160);
#30180=EDGE_CURVE('',#25330,#30170,#30150,.T.);
#30190=ORIENTED_EDGE('',*,*,#30180,.F.);
#30200=CARTESIAN_POINT('',(0.240000000000002,0.699999999999921,
0.749999999999661));
#30210=DIRECTION('',(-1.,0.,0.));
#30220=DIRECTION('',(0.,1.,0.));
#30230=AXIS2_PLACEMENT_3D('',#30200,#30210,#30220);
#30240=CIRCLE('',#30230,0.1);
#30250=EDGE_CURVE('',#13190,#30170,#30240,.T.);
#30260=ORIENTED_EDGE('',*,*,#30250,.T.);
#30270=ORIENTED_EDGE('',*,*,#13200,.F.);
#30280=CARTESIAN_POINT('',(0.0600000000000023,0.699999999999921,
0.749999999999661));
#30290=DIRECTION('',(-1.,0.,0.));
#30300=DIRECTION('',(0.,1.,0.));
#30310=AXIS2_PLACEMENT_3D('',#30280,#30290,#30300);
#30320=CIRCLE('',#30310,0.1);
#30330=CARTESIAN_POINT('',(0.0600000000000023,0.656411010536055,
0.839999999985878));
#30340=VERTEX_POINT('',#30330);
#30350=EDGE_CURVE('',#13150,#30340,#30320,.T.);
#30360=ORIENTED_EDGE('',*,*,#30350,.F.);
#30370=CARTESIAN_POINT('',(8.175,0.656411010536055,0.839999999985878));
#30380=DIRECTION('',(-1.,0.,0.));
#30390=VECTOR('',#30380,1.);
#30400=LINE('',#30370,#30390);
#30410=CARTESIAN_POINT('',(-0.0599999999999952,0.656411010536055,
0.839999999985878));
#30420=VERTEX_POINT('',#30410);
#30430=EDGE_CURVE('',#30340,#30420,#30400,.T.);
#30440=ORIENTED_EDGE('',*,*,#30430,.F.);
#30450=CARTESIAN_POINT('',(-0.0599999999999952,0.699999999999921,
0.749999999999661));
#30460=DIRECTION('',(-1.,0.,0.));
#30470=DIRECTION('',(0.,1.,0.));
#30480=AXIS2_PLACEMENT_3D('',#30450,#30460,#30470);
#30490=CIRCLE('',#30480,0.1);
#30500=EDGE_CURVE('',#12910,#30420,#30490,.T.);
#30510=ORIENTED_EDGE('',*,*,#30500,.T.);
#30520=ORIENTED_EDGE('',*,*,#12920,.F.);
#30530=CARTESIAN_POINT('',(-0.239999999999995,0.699999999999921,
0.749999999999661));
#30540=DIRECTION('',(-1.,0.,0.));
#30550=DIRECTION('',(0.,1.,0.));
#30560=AXIS2_PLACEMENT_3D('',#30530,#30540,#30550);
#30570=CIRCLE('',#30560,0.1);
#30580=CARTESIAN_POINT('',(-0.239999999999995,0.608348486094928,
0.789999999986198));
#30590=VERTEX_POINT('',#30580);
#30600=EDGE_CURVE('',#12870,#30590,#30570,.T.);
#30610=ORIENTED_EDGE('',*,*,#30600,.F.);
#30620=CARTESIAN_POINT('',(8.175,0.608348486094933,0.789999999986208));
#30630=DIRECTION('',(-1.,0.,0.));
#30640=VECTOR('',#30630,1.);
#30650=LINE('',#30620,#30640);
#30660=CARTESIAN_POINT('',(-0.359999999999996,0.608348486094933,
0.789999999986208));
#30670=VERTEX_POINT('',#30660);
#30680=EDGE_CURVE('',#30590,#30670,#30650,.T.);
#30690=ORIENTED_EDGE('',*,*,#30680,.F.);
#30700=CARTESIAN_POINT('',(-0.359999999999996,0.699999999999921,
0.749999999999661));
#30710=DIRECTION('',(-1.,0.,0.));
#30720=DIRECTION('',(0.,1.,0.));
#30730=AXIS2_PLACEMENT_3D('',#30700,#30710,#30720);
#30740=CIRCLE('',#30730,0.1);
#30750=EDGE_CURVE('',#12630,#30670,#30740,.T.);
#30760=ORIENTED_EDGE('',*,*,#30750,.T.);
#30770=ORIENTED_EDGE('',*,*,#12640,.F.);
#30780=CARTESIAN_POINT('',(-0.539999999999999,0.699999999999921,
0.749999999999661));
#30790=DIRECTION('',(-1.,0.,0.));
#30800=DIRECTION('',(0.,1.,0.));
#30810=AXIS2_PLACEMENT_3D('',#30780,#30790,#30800);
#30820=CIRCLE('',#30810,0.1);
#30830=CARTESIAN_POINT('',(-0.539999999999999,0.656411010536055,
0.839999999985878));
#30840=VERTEX_POINT('',#30830);
#30850=EDGE_CURVE('',#12590,#30840,#30820,.T.);
#30860=ORIENTED_EDGE('',*,*,#30850,.F.);
#30870=CARTESIAN_POINT('',(8.175,0.656411010536055,0.839999999985878));
#30880=DIRECTION('',(-1.,0.,0.));
#30890=VECTOR('',#30880,1.);
#30900=LINE('',#30870,#30890);
#30910=CARTESIAN_POINT('',(-0.659999999999997,0.656411010536055,
0.839999999985878));
#30920=VERTEX_POINT('',#30910);
#30930=EDGE_CURVE('',#30840,#30920,#30900,.T.);
#30940=ORIENTED_EDGE('',*,*,#30930,.F.);
#30950=CARTESIAN_POINT('',(-0.659999999999997,0.699999999999921,
0.749999999999661));
#30960=DIRECTION('',(-1.,0.,0.));
#30970=DIRECTION('',(0.,1.,0.));
#30980=AXIS2_PLACEMENT_3D('',#30950,#30960,#30970);
#30990=CIRCLE('',#30980,0.1);
#31000=EDGE_CURVE('',#12350,#30920,#30990,.T.);
#31010=ORIENTED_EDGE('',*,*,#31000,.T.);
#31020=ORIENTED_EDGE('',*,*,#12360,.F.);
#31030=CARTESIAN_POINT('',(-0.839999999999996,0.699999999999921,
0.749999999999661));
#31040=DIRECTION('',(-1.,0.,0.));
#31050=DIRECTION('',(0.,1.,0.));
#31060=AXIS2_PLACEMENT_3D('',#31030,#31040,#31050);
#31070=CIRCLE('',#31060,0.1);
#31080=CARTESIAN_POINT('',(-0.839999999999996,0.608348486094928,
0.789999999986198));
#31090=VERTEX_POINT('',#31080);
#31100=EDGE_CURVE('',#12310,#31090,#31070,.T.);
#31110=ORIENTED_EDGE('',*,*,#31100,.F.);
#31120=CARTESIAN_POINT('',(8.175,0.608348486094933,0.789999999986208));
#31130=DIRECTION('',(-1.,0.,0.));
#31140=VECTOR('',#31130,1.);
#31150=LINE('',#31120,#31140);
#31160=CARTESIAN_POINT('',(-0.959999999999997,0.608348486094933,
0.789999999986208));
#31170=VERTEX_POINT('',#31160);
#31180=EDGE_CURVE('',#31090,#31170,#31150,.T.);
#31190=ORIENTED_EDGE('',*,*,#31180,.F.);
#31200=CARTESIAN_POINT('',(-0.959999999999997,0.699999999999921,
0.749999999999661));
#31210=DIRECTION('',(-1.,0.,0.));
#31220=DIRECTION('',(0.,1.,0.));
#31230=AXIS2_PLACEMENT_3D('',#31200,#31210,#31220);
#31240=CIRCLE('',#31230,0.1);
#31250=EDGE_CURVE('',#12070,#31170,#31240,.T.);
#31260=ORIENTED_EDGE('',*,*,#31250,.T.);
#31270=ORIENTED_EDGE('',*,*,#12080,.F.);
#31280=CARTESIAN_POINT('',(-1.14,0.699999999999921,0.749999999999661));
#31290=DIRECTION('',(-1.,0.,0.));
#31300=DIRECTION('',(0.,1.,0.));
#31310=AXIS2_PLACEMENT_3D('',#31280,#31290,#31300);
#31320=CIRCLE('',#31310,0.1);
#31330=CARTESIAN_POINT('',(-1.14,0.656411010536055,0.839999999985878));
#31340=VERTEX_POINT('',#31330);
#31350=EDGE_CURVE('',#12030,#31340,#31320,.T.);
#31360=ORIENTED_EDGE('',*,*,#31350,.F.);
#31370=CARTESIAN_POINT('',(8.175,0.656411010536055,0.839999999985878));
#31380=DIRECTION('',(-1.,0.,0.));
#31390=VECTOR('',#31380,1.);
#31400=LINE('',#31370,#31390);
#31410=CARTESIAN_POINT('',(-1.25999999999999,0.656411010536055,
0.839999999985878));
#31420=VERTEX_POINT('',#31410);
#31430=EDGE_CURVE('',#31340,#31420,#31400,.T.);
#31440=ORIENTED_EDGE('',*,*,#31430,.F.);
#31450=CARTESIAN_POINT('',(-1.25999999999999,0.699999999999921,
0.749999999999661));
#31460=DIRECTION('',(-1.,0.,0.));
#31470=DIRECTION('',(0.,1.,0.));
#31480=AXIS2_PLACEMENT_3D('',#31450,#31460,#31470);
#31490=CIRCLE('',#31480,0.1);
#31500=EDGE_CURVE('',#11790,#31420,#31490,.T.);
#31510=ORIENTED_EDGE('',*,*,#31500,.T.);
#31520=ORIENTED_EDGE('',*,*,#11800,.F.);
#31530=CARTESIAN_POINT('',(-1.43999999999999,0.699999999999921,
0.749999999999661));
#31540=DIRECTION('',(-1.,0.,0.));
#31550=DIRECTION('',(0.,1.,0.));
#31560=AXIS2_PLACEMENT_3D('',#31530,#31540,#31550);
#31570=CIRCLE('',#31560,0.1);
#31580=CARTESIAN_POINT('',(-1.43999999999999,0.608348486094928,
0.789999999986198));
#31590=VERTEX_POINT('',#31580);
#31600=EDGE_CURVE('',#11750,#31590,#31570,.T.);
#31610=ORIENTED_EDGE('',*,*,#31600,.F.);
#31620=CARTESIAN_POINT('',(8.175,0.608348486094933,0.789999999986208));
#31630=DIRECTION('',(-1.,0.,0.));
#31640=VECTOR('',#31630,1.);
#31650=LINE('',#31620,#31640);
#31660=CARTESIAN_POINT('',(-1.56,0.608348486094933,0.789999999986208));
#31670=VERTEX_POINT('',#31660);
#31680=EDGE_CURVE('',#31590,#31670,#31650,.T.);
#31690=ORIENTED_EDGE('',*,*,#31680,.F.);
#31700=CARTESIAN_POINT('',(-1.56,0.699999999999921,0.749999999999661));
#31710=DIRECTION('',(-1.,0.,0.));
#31720=DIRECTION('',(0.,1.,0.));
#31730=AXIS2_PLACEMENT_3D('',#31700,#31710,#31720);
#31740=CIRCLE('',#31730,0.1);
#31750=EDGE_CURVE('',#11510,#31670,#31740,.T.);
#31760=ORIENTED_EDGE('',*,*,#31750,.T.);
#31770=ORIENTED_EDGE('',*,*,#11520,.F.);
#31780=CARTESIAN_POINT('',(-2.23,0.699999999999921,0.749999999999661));
#31790=DIRECTION('',(-1.,0.,0.));
#31800=DIRECTION('',(0.,1.,0.));
#31810=AXIS2_PLACEMENT_3D('',#31780,#31790,#31800);
#31820=CIRCLE('',#31810,0.1);
#31830=CARTESIAN_POINT('',(-2.23,0.699999999999921,0.849999999999661));
#31840=VERTEX_POINT('',#31830);
#31850=EDGE_CURVE('',#11470,#31840,#31820,.T.);
#31860=ORIENTED_EDGE('',*,*,#31850,.F.);
#31870=CARTESIAN_POINT('',(2.175,0.699999999999921,0.849999999999661));
#31880=DIRECTION('',(-1.,0.,0.));
#31890=VECTOR('',#31880,1.);
#31900=LINE('',#31870,#31890);
#31910=EDGE_CURVE('',#29570,#31840,#31900,.T.);
#31920=ORIENTED_EDGE('',*,*,#31910,.T.);
#31930=EDGE_LOOP('',(#31920,#31860,#31770,#31760,#31690,#31610,#31520,
#31510,#31440,#31360,#31270,#31260,#31190,#31110,#31020,#31010,#30940,
#30860,#30770,#30760,#30690,#30610,#30520,#30510,#30440,#30360,#30270,
#30260,#30190,#30110,#30100,#30090,#30020,#29940,#29850,#29840,#29770,
#29690,#29600,#29590));
#31940=FACE_OUTER_BOUND('',#31930,.T.);
#31950=ADVANCED_FACE('',(#31940),#29500,.T.);
#31960=CARTESIAN_POINT('',(-1.56,0.169999999981272,0.625));
#31970=DIRECTION('',(-0.,-0.,-1.));
#31980=DIRECTION('',(0.,-1.,0.));
#31990=AXIS2_PLACEMENT_3D('',#31960,#31970,#31980);
#32000=PLANE('',#31990);
#32010=ORIENTED_EDGE('',*,*,#13600,.T.);
#32020=CARTESIAN_POINT('',(-1.44,-0.0799999999999415,0.625));
#32030=DIRECTION('',(0.,1.,0.));
#32040=VECTOR('',#32030,1.);
#32050=LINE('',#32020,#32040);
#32060=CARTESIAN_POINT('',(-1.44,0.169999999981272,0.625));
#32070=VERTEX_POINT('',#32060);
#32080=EDGE_CURVE('',#13490,#32070,#32050,.T.);
#32090=ORIENTED_EDGE('',*,*,#32080,.F.);
#32100=CARTESIAN_POINT('',(-1.56,0.169999999981272,0.625));
#32110=DIRECTION('',(1.,0.,0.));
#32120=VECTOR('',#32110,1.);
#32130=LINE('',#32100,#32120);
#32140=CARTESIAN_POINT('',(-1.56,0.169999999981272,0.625));
#32150=VERTEX_POINT('',#32140);
#32160=EDGE_CURVE('',#32150,#32070,#32130,.T.);
#32170=ORIENTED_EDGE('',*,*,#32160,.T.);
#32180=CARTESIAN_POINT('',(-1.56,-0.0799999999999415,0.625));
#32190=DIRECTION('',(0.,1.,0.));
#32200=VECTOR('',#32190,1.);
#32210=LINE('',#32180,#32200);
#32220=EDGE_CURVE('',#13590,#32150,#32210,.T.);
#32230=ORIENTED_EDGE('',*,*,#32220,.T.);
#32240=EDGE_LOOP('',(#32230,#32170,#32090,#32010));
#32250=FACE_OUTER_BOUND('',#32240,.T.);
#32260=ADVANCED_FACE('',(#32250),#32000,.T.);
#32270=CARTESIAN_POINT('',(-1.56,-148.554300060054,-223.81887246297));
#32280=DIRECTION('',(1.,0.,0.));
#32290=DIRECTION('',(0.,1.,0.));
#32300=AXIS2_PLACEMENT_3D('',#32270,#32280,#32290);
#32310=PLANE('',#32300);
#32320=CARTESIAN_POINT('',(-1.56,0.169999999981272,0.675000000000012));
#32330=DIRECTION('',(1.,0.,0.));
#32340=DIRECTION('',(0.,1.,0.));
#32350=AXIS2_PLACEMENT_3D('',#32320,#32330,#32340);
#32360=CIRCLE('',#32350,0.0500000000000114);
#32370=CARTESIAN_POINT('',(-1.56,0.186436770779252,0.627778897029714));
#32380=VERTEX_POINT('',#32370);
#32390=EDGE_CURVE('',#32150,#32380,#32360,.T.);
#32400=ORIENTED_EDGE('',*,*,#32390,.F.);
#32410=CARTESIAN_POINT('',(-1.56,0.186436770779252,0.627778897029714));
#32420=DIRECTION('',(0.,0.944422059406258,0.328735415960682));
#32430=VECTOR('',#32420,1.);
#32440=LINE('',#32410,#32430);
#32450=CARTESIAN_POINT('',(-1.56,0.21356322920208,0.637221102984512));
#32460=VERTEX_POINT('',#32450);
#32470=EDGE_CURVE('',#32380,#32460,#32440,.T.);
#32480=ORIENTED_EDGE('',*,*,#32470,.F.);
#32490=CARTESIAN_POINT('',(-1.56,0.230000000000061,0.590000000014101));
#32500=DIRECTION('',(1.,0.,0.));
#32510=DIRECTION('',(0.,1.,0.));
#32520=AXIS2_PLACEMENT_3D('',#32490,#32500,#32510);
#32530=CIRCLE('',#32520,0.0500000000000114);
#32540=CARTESIAN_POINT('',(-1.56,0.230000000000061,0.640000000014112));
#32550=VERTEX_POINT('',#32540);
#32560=EDGE_CURVE('',#32550,#32460,#32530,.T.);
#32570=ORIENTED_EDGE('',*,*,#32560,.T.);
#32580=CARTESIAN_POINT('',(-1.56,0.230000000000061,0.640000000014112));
#32590=DIRECTION('',(0.,1.,0.));
#32600=VECTOR('',#32590,1.);
#32610=LINE('',#32580,#32600);
#32620=CARTESIAN_POINT('',(-1.56,0.570000000092577,0.640000000014112));
#32630=VERTEX_POINT('',#32620);
#32640=EDGE_CURVE('',#32550,#32630,#32610,.T.);
#32650=ORIENTED_EDGE('',*,*,#32640,.F.);
#32660=CARTESIAN_POINT('',(-1.56,0.570000000092577,0.640000000014112));
#32670=DIRECTION('',(0.,0.988525648914018,0.151053108008808));
#32680=VECTOR('',#32670,1.);
#32690=LINE('',#32660,#32680);
#32700=EDGE_CURVE('',#32630,#11590,#32690,.T.);
#32710=ORIENTED_EDGE('',*,*,#32700,.F.);
#32720=ORIENTED_EDGE('',*,*,#11600,.T.);
#32730=ORIENTED_EDGE('',*,*,#31750,.F.);
#32740=CARTESIAN_POINT('',(-1.56,-0.379999999999924,0.789999999986208));
#32750=DIRECTION('',(0.,1.,0.));
#32760=VECTOR('',#32750,1.);
#32770=LINE('',#32740,#32760);
#32780=EDGE_CURVE('',#13670,#31670,#32770,.T.);
#32790=ORIENTED_EDGE('',*,*,#32780,.T.);
#32800=ORIENTED_EDGE('',*,*,#13680,.F.);
#32810=ORIENTED_EDGE('',*,*,#32220,.F.);
#32820=EDGE_LOOP('',(#32810,#32800,#32790,#32730,#32720,#32710,#32650,
#32570,#32480,#32400));
#32830=FACE_OUTER_BOUND('',#32820,.T.);
#32840=ADVANCED_FACE('',(#32830),#32310,.F.);
#32850=CARTESIAN_POINT('',(-1.56,0.169999999981272,0.675000000000012));
#32860=DIRECTION('',(1.,0.,0.));
#32870=DIRECTION('',(0.,1.,0.));
#32880=AXIS2_PLACEMENT_3D('',#32850,#32860,#32870);
#32890=CYLINDRICAL_SURFACE('',#32880,0.0500000000000114);
#32900=ORIENTED_EDGE('',*,*,#32160,.F.);
#32910=CARTESIAN_POINT('',(-1.44,0.169999999981272,0.675000000000012));
#32920=DIRECTION('',(1.,0.,0.));
#32930=DIRECTION('',(0.,1.,0.));
#32940=AXIS2_PLACEMENT_3D('',#32910,#32920,#32930);
#32950=CIRCLE('',#32940,0.0500000000000114);
#32960=CARTESIAN_POINT('',(-1.44,0.186436770779252,0.627778897029714));
#32970=VERTEX_POINT('',#32960);
#32980=EDGE_CURVE('',#32070,#32970,#32950,.T.);
#32990=ORIENTED_EDGE('',*,*,#32980,.F.);
#33000=CARTESIAN_POINT('',(-1.56,0.186436770779252,0.627778897029714));
#33010=DIRECTION('',(1.,0.,0.));
#33020=VECTOR('',#33010,1.);
#33030=LINE('',#33000,#33020);
#33040=EDGE_CURVE('',#32380,#32970,#33030,.T.);
#33050=ORIENTED_EDGE('',*,*,#33040,.T.);
#33060=ORIENTED_EDGE('',*,*,#32390,.T.);
#33070=EDGE_LOOP('',(#33060,#33050,#32990,#32900));
#33080=FACE_OUTER_BOUND('',#33070,.T.);
#33090=ADVANCED_FACE('',(#33080),#32890,.T.);
#33100=CARTESIAN_POINT('',(-1.43999999999999,-2.09999999999992,
0.350000000000023));
#33110=DIRECTION('',(-1.,0.,0.));
#33120=DIRECTION('',(0.,0.,1.));
#33130=AXIS2_PLACEMENT_3D('',#33100,#33110,#33120);
#33140=PLANE('',#33130);
#33150=CARTESIAN_POINT('',(-1.44,0.570000000092577,0.640000000014112));
#33160=DIRECTION('',(0.,0.988525648914018,0.151053108008808));
#33170=VECTOR('',#33160,1.);
#33180=LINE('',#33150,#33170);
#33190=CARTESIAN_POINT('',(-1.44,0.570000000092577,0.640000000014112));
#33200=VERTEX_POINT('',#33190);
#33210=EDGE_CURVE('',#33200,#11670,#33180,.T.);
#33220=ORIENTED_EDGE('',*,*,#33210,.T.);
#33230=CARTESIAN_POINT('',(-1.44,0.230000000000061,0.640000000014112));
#33240=DIRECTION('',(0.,1.,0.));
#33250=VECTOR('',#33240,1.);
#33260=LINE('',#33230,#33250);
#33270=CARTESIAN_POINT('',(-1.44,0.230000000000061,0.640000000014112));
#33280=VERTEX_POINT('',#33270);
#33290=EDGE_CURVE('',#33280,#33200,#33260,.T.);
#33300=ORIENTED_EDGE('',*,*,#33290,.T.);
#33310=CARTESIAN_POINT('',(-1.44,0.230000000000061,0.590000000014101));
#33320=DIRECTION('',(1.,0.,0.));
#33330=DIRECTION('',(0.,1.,0.));
#33340=AXIS2_PLACEMENT_3D('',#33310,#33320,#33330);
#33350=CIRCLE('',#33340,0.0500000000000114);
#33360=CARTESIAN_POINT('',(-1.44,0.21356322920208,0.637221102984512));
#33370=VERTEX_POINT('',#33360);
#33380=EDGE_CURVE('',#33280,#33370,#33350,.T.);
#33390=ORIENTED_EDGE('',*,*,#33380,.F.);
#33400=CARTESIAN_POINT('',(-1.44,0.186436770779252,0.627778897029714));
#33410=DIRECTION('',(0.,0.944422059406258,0.328735415960682));
#33420=VECTOR('',#33410,1.);
#33430=LINE('',#33400,#33420);
#33440=EDGE_CURVE('',#32970,#33370,#33430,.T.);
#33450=ORIENTED_EDGE('',*,*,#33440,.T.);
#33460=ORIENTED_EDGE('',*,*,#32980,.T.);
#33470=ORIENTED_EDGE('',*,*,#32080,.T.);
#33480=ORIENTED_EDGE('',*,*,#13520,.F.);
#33490=CARTESIAN_POINT('',(-1.44,-0.379999999999924,0.789999999986208));
#33500=DIRECTION('',(0.,1.,0.));
#33510=VECTOR('',#33500,1.);
#33520=LINE('',#33490,#33510);
#33530=EDGE_CURVE('',#13510,#31590,#33520,.T.);
#33540=ORIENTED_EDGE('',*,*,#33530,.F.);
#33550=ORIENTED_EDGE('',*,*,#31600,.T.);
#33560=ORIENTED_EDGE('',*,*,#11760,.T.);
#33570=EDGE_LOOP('',(#33560,#33550,#33540,#33480,#33470,#33460,#33450,
#33390,#33300,#33220));
#33580=FACE_OUTER_BOUND('',#33570,.T.);
#33590=ADVANCED_FACE('',(#33580),#33140,.F.);
#33600=CARTESIAN_POINT('',(-1.56,0.21356322920208,0.637221102984512));
#33610=DIRECTION('',(0.,0.328735415960682,-0.944422059406258));
#33620=DIRECTION('',(0.,-0.944422059406258,-0.328735415960682));
#33630=AXIS2_PLACEMENT_3D('',#33600,#33610,#33620);
#33640=PLANE('',#33630);
#33650=ORIENTED_EDGE('',*,*,#33040,.F.);
#33660=ORIENTED_EDGE('',*,*,#33440,.F.);
#33670=CARTESIAN_POINT('',(-1.56,0.21356322920208,0.637221102984512));
#33680=DIRECTION('',(1.,0.,0.));
#33690=VECTOR('',#33680,1.);
#33700=LINE('',#33670,#33690);
#33710=EDGE_CURVE('',#32460,#33370,#33700,.T.);
#33720=ORIENTED_EDGE('',*,*,#33710,.T.);
#33730=ORIENTED_EDGE('',*,*,#32470,.T.);
#33740=EDGE_LOOP('',(#33730,#33720,#33660,#33650));
#33750=FACE_OUTER_BOUND('',#33740,.T.);
#33760=ADVANCED_FACE('',(#33750),#33640,.T.);
#33770=CARTESIAN_POINT('',(-1.56,0.230000000000061,0.590000000014101));
#33780=DIRECTION('',(1.,0.,0.));
#33790=DIRECTION('',(0.,1.,0.));
#33800=AXIS2_PLACEMENT_3D('',#33770,#33780,#33790);
#33810=CYLINDRICAL_SURFACE('',#33800,0.0500000000000114);
#33820=ORIENTED_EDGE('',*,*,#33710,.F.);
#33830=ORIENTED_EDGE('',*,*,#33380,.T.);
#33840=CARTESIAN_POINT('',(-1.56,0.230000000000061,0.640000000014112));
#33850=DIRECTION('',(1.,0.,0.));
#33860=VECTOR('',#33850,1.);
#33870=LINE('',#33840,#33860);
#33880=EDGE_CURVE('',#32550,#33280,#33870,.T.);
#33890=ORIENTED_EDGE('',*,*,#33880,.T.);
#33900=ORIENTED_EDGE('',*,*,#32560,.F.);
#33910=EDGE_LOOP('',(#33900,#33890,#33830,#33820));
#33920=FACE_OUTER_BOUND('',#33910,.T.);
#33930=ADVANCED_FACE('',(#33920),#33810,.F.);
#33940=CARTESIAN_POINT('',(-1.56,0.570000000092577,0.640000000014112));
#33950=DIRECTION('',(-0.,-0.,-1.));
#33960=DIRECTION('',(0.,-1.,0.));
#33970=AXIS2_PLACEMENT_3D('',#33940,#33950,#33960);
#33980=PLANE('',#33970);
#33990=ORIENTED_EDGE('',*,*,#33880,.F.);
#34000=ORIENTED_EDGE('',*,*,#33290,.F.);
#34010=CARTESIAN_POINT('',(-1.56,0.570000000092577,0.640000000014112));
#34020=DIRECTION('',(1.,0.,0.));
#34030=VECTOR('',#34020,1.);
#34040=LINE('',#34010,#34030);
#34050=EDGE_CURVE('',#32630,#33200,#34040,.T.);
#34060=ORIENTED_EDGE('',*,*,#34050,.T.);
#34070=ORIENTED_EDGE('',*,*,#32640,.T.);
#34080=EDGE_LOOP('',(#34070,#34060,#34000,#33990));
#34090=FACE_OUTER_BOUND('',#34080,.T.);
#34100=ADVANCED_FACE('',(#34090),#33980,.T.);
#34110=CARTESIAN_POINT('',(-1.56,0.69187362703947,0.65862307788251));
#34120=DIRECTION('',(0.,0.151053108008808,-0.988525648914018));
#34130=DIRECTION('',(0.,-0.988525648914018,-0.151053108008808));
#34140=AXIS2_PLACEMENT_3D('',#34110,#34120,#34130);
#34150=PLANE('',#34140);
#34160=ORIENTED_EDGE('',*,*,#32700,.T.);
#34170=ORIENTED_EDGE('',*,*,#34050,.F.);
#34180=ORIENTED_EDGE('',*,*,#33210,.F.);
#34190=ORIENTED_EDGE('',*,*,#11680,.F.);
#34200=EDGE_LOOP('',(#34190,#34180,#34170,#34160));
#34210=FACE_OUTER_BOUND('',#34200,.T.);
#34220=ADVANCED_FACE('',(#34210),#34150,.T.);
#34230=CARTESIAN_POINT('',(-1.56,-0.379999999999924,0.789999999986208));
#34240=DIRECTION('',(0.,-0.,1.));
#34250=DIRECTION('',(0.,1.,0.));
#34260=AXIS2_PLACEMENT_3D('',#34230,#34240,#34250);
#34270=PLANE('',#34260);
#34280=ORIENTED_EDGE('',*,*,#32780,.F.);
#34290=ORIENTED_EDGE('',*,*,#31680,.T.);
#34300=ORIENTED_EDGE('',*,*,#33530,.T.);
#34310=ORIENTED_EDGE('',*,*,#13740,.T.);
#34320=EDGE_LOOP('',(#34310,#34300,#34290,#34280));
#34330=FACE_OUTER_BOUND('',#34320,.T.);
#34340=ADVANCED_FACE('',(#34330),#34270,.T.);
#34350=CARTESIAN_POINT('',(-1.25999999999999,-151.431978693202,
-226.82949028));
#34360=DIRECTION('',(1.,0.,0.));
#34370=DIRECTION('',(0.,1.,0.));
#34380=AXIS2_PLACEMENT_3D('',#34350,#34360,#34370);
#34390=PLANE('',#34380);
#34400=ORIENTED_EDGE('',*,*,#31500,.F.);
#34410=CARTESIAN_POINT('',(-1.25999999999999,-0.399999999999963,
0.839999999985878));
#34420=DIRECTION('',(0.,1.,0.));
#34430=VECTOR('',#34420,1.);
#34440=LINE('',#34410,#34430);
#34450=CARTESIAN_POINT('',(-1.25999999999999,-0.229999999999926,
0.839999999985878));
#34460=VERTEX_POINT('',#34450);
#34470=EDGE_CURVE('',#34460,#31420,#34440,.T.);
#34480=ORIENTED_EDGE('',*,*,#34470,.T.);
#34490=CARTESIAN_POINT('',(-1.25999999999999,-0.229999999999926,
0.882985658773493));
#34500=DIRECTION('',(0.,-4.13907103838181E-16,1.));
#34510=VECTOR('',#34500,1.);
#34520=LINE('',#34490,#34510);
#34530=EDGE_CURVE('',#14610,#34460,#34520,.T.);
#34540=ORIENTED_EDGE('',*,*,#34530,.T.);
#34550=ORIENTED_EDGE('',*,*,#14620,.F.);
#34560=CARTESIAN_POINT('',(-1.25999999999999,-0.149999999999963,
0.639999999999674));
#34570=DIRECTION('',(0.,1.,0.));
#34580=VECTOR('',#34570,1.);
#34590=LINE('',#34560,#34580);
#34600=CARTESIAN_POINT('',(-1.25999999999999,0.569999999999922,
0.639999999999674));
#34610=VERTEX_POINT('',#34600);
#34620=EDGE_CURVE('',#14530,#34610,#34590,.T.);
#34630=ORIENTED_EDGE('',*,*,#34620,.F.);
#34640=CARTESIAN_POINT('',(-1.25999999999999,0.569999999999922,
0.639999999999674));
#34650=DIRECTION('',(0.,0.988525648912502,0.151053108018727));
#34660=VECTOR('',#34650,1.);
#34670=LINE('',#34640,#34660);
#34680=EDGE_CURVE('',#34610,#11870,#34670,.T.);
#34690=ORIENTED_EDGE('',*,*,#34680,.F.);
#34700=ORIENTED_EDGE('',*,*,#11880,.T.);
#34710=EDGE_LOOP('',(#34700,#34690,#34630,#34550,#34540,#34480,#34400));
#34720=FACE_OUTER_BOUND('',#34710,.T.);
#34730=ADVANCED_FACE('',(#34720),#34390,.F.);
#34740=CARTESIAN_POINT('',(-1.14,-151.431978693202,-226.82949028));
#34750=DIRECTION('',(1.,0.,0.));
#34760=DIRECTION('',(0.,1.,0.));
#34770=AXIS2_PLACEMENT_3D('',#34740,#34750,#34760);
#34780=PLANE('',#34770);
#34790=CARTESIAN_POINT('',(-1.14,0.569999999999922,0.639999999999674));
#34800=DIRECTION('',(0.,0.988525648912502,0.151053108018727));
#34810=VECTOR('',#34800,1.);
#34820=LINE('',#34790,#34810);
#34830=CARTESIAN_POINT('',(-1.14,0.569999999999922,0.639999999999674));
#34840=VERTEX_POINT('',#34830);
#34850=EDGE_CURVE('',#34840,#11950,#34820,.T.);
#34860=ORIENTED_EDGE('',*,*,#34850,.T.);
#34870=CARTESIAN_POINT('',(-1.14,-0.149999999999963,0.639999999999674));
#34880=DIRECTION('',(0.,1.,0.));
#34890=VECTOR('',#34880,1.);
#34900=LINE('',#34870,#34890);
#34910=EDGE_CURVE('',#14450,#34840,#34900,.T.);
#34920=ORIENTED_EDGE('',*,*,#34910,.T.);
#34930=ORIENTED_EDGE('',*,*,#14460,.T.);
#34940=CARTESIAN_POINT('',(-1.14,-0.229999999999926,0.882985658773493));
#34950=DIRECTION('',(0.,-4.13907103838181E-16,1.));
#34960=VECTOR('',#34950,1.);
#34970=LINE('',#34940,#34960);
#34980=CARTESIAN_POINT('',(-1.14,-0.229999999999926,0.839999999985878));
#34990=VERTEX_POINT('',#34980);
#35000=EDGE_CURVE('',#14370,#34990,#34970,.T.);
#35010=ORIENTED_EDGE('',*,*,#35000,.F.);
#35020=CARTESIAN_POINT('',(-1.14,-0.399999999999963,0.839999999985878));
#35030=DIRECTION('',(0.,1.,0.));
#35040=VECTOR('',#35030,1.);
#35050=LINE('',#35020,#35040);
#35060=EDGE_CURVE('',#34990,#31340,#35050,.T.);
#35070=ORIENTED_EDGE('',*,*,#35060,.F.);
#35080=ORIENTED_EDGE('',*,*,#31350,.T.);
#35090=ORIENTED_EDGE('',*,*,#12040,.F.);
#35100=EDGE_LOOP('',(#35090,#35080,#35070,#35010,#34930,#34920,#34860));
#35110=FACE_OUTER_BOUND('',#35100,.T.);
#35120=ADVANCED_FACE('',(#35110),#34780,.T.);
#35130=CARTESIAN_POINT('',(-1.25999999999999,-0.399999999999963,
0.839999999985878));
#35140=DIRECTION('',(0.,-0.,1.));
#35150=DIRECTION('',(0.,1.,0.));
#35160=AXIS2_PLACEMENT_3D('',#35130,#35140,#35150);
#35170=PLANE('',#35160);
#35180=ORIENTED_EDGE('',*,*,#35060,.T.);
#35190=CARTESIAN_POINT('',(11.0275,-0.229999999999926,0.839999999985878)
);
#35200=DIRECTION('',(-1.,0.,0.));
#35210=VECTOR('',#35200,1.);
#35220=LINE('',#35190,#35210);
#35230=EDGE_CURVE('',#34990,#34460,#35220,.T.);
#35240=ORIENTED_EDGE('',*,*,#35230,.F.);
#35250=ORIENTED_EDGE('',*,*,#34470,.F.);
#35260=ORIENTED_EDGE('',*,*,#31430,.T.);
#35270=EDGE_LOOP('',(#35260,#35250,#35240,#35180));
#35280=FACE_OUTER_BOUND('',#35270,.T.);
#35290=ADVANCED_FACE('',(#35280),#35170,.T.);
#35300=CARTESIAN_POINT('',(-1.25999999999999,0.691873627038134,
0.658623077883277));
#35310=DIRECTION('',(0.,0.151053108018727,-0.988525648912502));
#35320=DIRECTION('',(0.,-0.988525648912502,-0.151053108018727));
#35330=AXIS2_PLACEMENT_3D('',#35300,#35310,#35320);
#35340=PLANE('',#35330);
#35350=ORIENTED_EDGE('',*,*,#34680,.T.);
#35360=CARTESIAN_POINT('',(-1.25999999999999,0.569999999999922,
0.639999999999674));
#35370=DIRECTION('',(1.,0.,0.));
#35380=VECTOR('',#35370,1.);
#35390=LINE('',#35360,#35380);
#35400=EDGE_CURVE('',#34610,#34840,#35390,.T.);
#35410=ORIENTED_EDGE('',*,*,#35400,.F.);
#35420=ORIENTED_EDGE('',*,*,#34850,.F.);
#35430=ORIENTED_EDGE('',*,*,#11960,.F.);
#35440=EDGE_LOOP('',(#35430,#35420,#35410,#35350));
#35450=FACE_OUTER_BOUND('',#35440,.T.);
#35460=ADVANCED_FACE('',(#35450),#35340,.T.);
#35470=CARTESIAN_POINT('',(-1.25999999999999,0.569999999999922,
0.639999999999674));
#35480=DIRECTION('',(-0.,-0.,-1.));
#35490=DIRECTION('',(0.,-1.,0.));
#35500=AXIS2_PLACEMENT_3D('',#35470,#35480,#35490);
#35510=PLANE('',#35500);
#35520=ORIENTED_EDGE('',*,*,#14540,.T.);
#35530=ORIENTED_EDGE('',*,*,#34910,.F.);
#35540=ORIENTED_EDGE('',*,*,#35400,.T.);
#35550=ORIENTED_EDGE('',*,*,#34620,.T.);
#35560=EDGE_LOOP('',(#35550,#35540,#35530,#35520));
#35570=FACE_OUTER_BOUND('',#35560,.T.);
#35580=ADVANCED_FACE('',(#35570),#35510,.T.);
#35590=CARTESIAN_POINT('',(-0.959999999999997,0.169999999981272,
0.675000000000012));
#35600=DIRECTION('',(1.,0.,0.));
#35610=DIRECTION('',(0.,1.,0.));
#35620=AXIS2_PLACEMENT_3D('',#35590,#35600,#35610);
#35630=CIRCLE('',#35620,0.0500000000000114);
#35640=CARTESIAN_POINT('',(-0.959999999999997,0.169999999981272,0.625));
#35650=VERTEX_POINT('',#35640);
#35660=CARTESIAN_POINT('',(-0.959999999999997,0.186436770779252,
0.627778897029714));
#35670=VERTEX_POINT('',#35660);
#35680=EDGE_CURVE('',#35650,#35670,#35630,.T.);
#35690=ORIENTED_EDGE('',*,*,#35680,.F.);
#35700=CARTESIAN_POINT('',(-0.959999999999997,0.186436770779252,
0.627778897029714));
#35710=DIRECTION('',(0.,0.944422059406258,0.328735415960682));
#35720=VECTOR('',#35710,1.);
#35730=LINE('',#35700,#35720);
#35740=CARTESIAN_POINT('',(-0.959999999999997,0.21356322920208,
0.637221102984512));
#35750=VERTEX_POINT('',#35740);
#35760=EDGE_CURVE('',#35670,#35750,#35730,.T.);
#35770=ORIENTED_EDGE('',*,*,#35760,.F.);
#35780=CARTESIAN_POINT('',(-0.959999999999997,0.230000000000061,
0.590000000014101));
#35790=DIRECTION('',(1.,0.,0.));
#35800=DIRECTION('',(0.,1.,0.));
#35810=AXIS2_PLACEMENT_3D('',#35780,#35790,#35800);
#35820=CIRCLE('',#35810,0.0500000000000114);
#35830=CARTESIAN_POINT('',(-0.959999999999997,0.230000000000061,
0.640000000014112));
#35840=VERTEX_POINT('',#35830);
#35850=EDGE_CURVE('',#35840,#35750,#35820,.T.);
#35860=ORIENTED_EDGE('',*,*,#35850,.T.);
#35870=CARTESIAN_POINT('',(-0.959999999999997,0.230000000000061,
0.640000000014112));
#35880=DIRECTION('',(0.,1.,0.));
#35890=VECTOR('',#35880,1.);
#35900=LINE('',#35870,#35890);
#35910=CARTESIAN_POINT('',(-0.959999999999997,0.570000000092577,
0.640000000014112));
#35920=VERTEX_POINT('',#35910);
#35930=EDGE_CURVE('',#35840,#35920,#35900,.T.);
#35940=ORIENTED_EDGE('',*,*,#35930,.F.);
#35950=CARTESIAN_POINT('',(-0.959999999999997,0.570000000092577,
0.640000000014112));
#35960=DIRECTION('',(0.,0.988525648914018,0.151053108008808));
#35970=VECTOR('',#35960,1.);
#35980=LINE('',#35950,#35970);
#35990=EDGE_CURVE('',#35920,#12150,#35980,.T.);
#36000=ORIENTED_EDGE('',*,*,#35990,.F.);
#36010=ORIENTED_EDGE('',*,*,#12160,.T.);
#36020=ORIENTED_EDGE('',*,*,#31250,.F.);
#36030=CARTESIAN_POINT('',(-0.959999999999997,-0.379999999999924,
0.789999999986208));
#36040=DIRECTION('',(0.,1.,0.));
#36050=VECTOR('',#36040,1.);
#36060=LINE('',#36030,#36050);
#36070=EDGE_CURVE('',#15800,#31170,#36060,.T.);
#36080=ORIENTED_EDGE('',*,*,#36070,.T.);
#36090=ORIENTED_EDGE('',*,*,#15810,.F.);
#36100=CARTESIAN_POINT('',(-0.959999999999997,-0.0799999999999415,0.625)
);
#36110=DIRECTION('',(0.,1.,0.));
#36120=VECTOR('',#36110,1.);
#36130=LINE('',#36100,#36120);
#36140=EDGE_CURVE('',#15720,#35650,#36130,.T.);
#36150=ORIENTED_EDGE('',*,*,#36140,.F.);
#36160=EDGE_LOOP('',(#36150,#36090,#36080,#36020,#36010,#36000,#35940,
#35860,#35770,#35690));
#36170=FACE_OUTER_BOUND('',#36160,.T.);
#36180=ADVANCED_FACE('',(#36170),#19380,.F.);
#36190=CARTESIAN_POINT('',(-0.959999999999997,0.169999999981272,
0.675000000000012));
#36200=DIRECTION('',(1.,0.,0.));
#36210=DIRECTION('',(0.,1.,0.));
#36220=AXIS2_PLACEMENT_3D('',#36190,#36200,#36210);
#36230=CYLINDRICAL_SURFACE('',#36220,0.0500000000000114);
#36240=CARTESIAN_POINT('',(-0.959999999999997,0.169999999981272,0.625));
#36250=DIRECTION('',(1.,0.,0.));
#36260=VECTOR('',#36250,1.);
#36270=LINE('',#36240,#36260);
#36280=CARTESIAN_POINT('',(-0.839999999999998,0.169999999981272,0.625));
#36290=VERTEX_POINT('',#36280);
#36300=EDGE_CURVE('',#35650,#36290,#36270,.T.);
#36310=ORIENTED_EDGE('',*,*,#36300,.F.);
#36320=CARTESIAN_POINT('',(-0.839999999999998,0.169999999981272,
0.675000000000012));
#36330=DIRECTION('',(1.,0.,0.));
#36340=DIRECTION('',(0.,1.,0.));
#36350=AXIS2_PLACEMENT_3D('',#36320,#36330,#36340);
#36360=CIRCLE('',#36350,0.0500000000000114);
#36370=CARTESIAN_POINT('',(-0.839999999999998,0.186436770779252,
0.627778897029714));
#36380=VERTEX_POINT('',#36370);
#36390=EDGE_CURVE('',#36290,#36380,#36360,.T.);
#36400=ORIENTED_EDGE('',*,*,#36390,.F.);
#36410=CARTESIAN_POINT('',(-0.959999999999997,0.186436770779252,
0.627778897029714));
#36420=DIRECTION('',(1.,0.,0.));
#36430=VECTOR('',#36420,1.);
#36440=LINE('',#36410,#36430);
#36450=EDGE_CURVE('',#35670,#36380,#36440,.T.);
#36460=ORIENTED_EDGE('',*,*,#36450,.T.);
#36470=ORIENTED_EDGE('',*,*,#35680,.T.);
#36480=EDGE_LOOP('',(#36470,#36460,#36400,#36310));
#36490=FACE_OUTER_BOUND('',#36480,.T.);
#36500=ADVANCED_FACE('',(#36490),#36230,.T.);
#36510=CARTESIAN_POINT('',(-0.959999999999997,0.21356322920208,
0.637221102984512));
#36520=DIRECTION('',(0.,0.328735415960682,-0.944422059406258));
#36530=DIRECTION('',(0.,-0.944422059406258,-0.328735415960682));
#36540=AXIS2_PLACEMENT_3D('',#36510,#36520,#36530);
#36550=PLANE('',#36540);
#36560=ORIENTED_EDGE('',*,*,#36450,.F.);
#36570=CARTESIAN_POINT('',(-0.839999999999998,0.186436770779252,
0.627778897029714));
#36580=DIRECTION('',(0.,0.944422059406258,0.328735415960682));
#36590=VECTOR('',#36580,1.);
#36600=LINE('',#36570,#36590);
#36610=CARTESIAN_POINT('',(-0.839999999999998,0.21356322920208,
0.637221102984512));
#36620=VERTEX_POINT('',#36610);
#36630=EDGE_CURVE('',#36380,#36620,#36600,.T.);
#36640=ORIENTED_EDGE('',*,*,#36630,.F.);
#36650=CARTESIAN_POINT('',(-0.959999999999997,0.21356322920208,
0.637221102984512));
#36660=DIRECTION('',(1.,0.,0.));
#36670=VECTOR('',#36660,1.);
#36680=LINE('',#36650,#36670);
#36690=EDGE_CURVE('',#35750,#36620,#36680,.T.);
#36700=ORIENTED_EDGE('',*,*,#36690,.T.);
#36710=ORIENTED_EDGE('',*,*,#35760,.T.);
#36720=EDGE_LOOP('',(#36710,#36700,#36640,#36560));
#36730=FACE_OUTER_BOUND('',#36720,.T.);
#36740=ADVANCED_FACE('',(#36730),#36550,.T.);
#36750=CARTESIAN_POINT('',(-0.959999999999997,0.230000000000061,
0.590000000014101));
#36760=DIRECTION('',(1.,0.,0.));
#36770=DIRECTION('',(0.,1.,0.));
#36780=AXIS2_PLACEMENT_3D('',#36750,#36760,#36770);
#36790=CYLINDRICAL_SURFACE('',#36780,0.0500000000000114);
#36800=ORIENTED_EDGE('',*,*,#36690,.F.);
#36810=CARTESIAN_POINT('',(-0.839999999999998,0.230000000000061,
0.590000000014101));
#36820=DIRECTION('',(1.,0.,0.));
#36830=DIRECTION('',(0.,1.,0.));
#36840=AXIS2_PLACEMENT_3D('',#36810,#36820,#36830);
#36850=CIRCLE('',#36840,0.0500000000000114);
#36860=CARTESIAN_POINT('',(-0.839999999999998,0.230000000000061,
0.640000000014112));
#36870=VERTEX_POINT('',#36860);
#36880=EDGE_CURVE('',#36870,#36620,#36850,.T.);
#36890=ORIENTED_EDGE('',*,*,#36880,.T.);
#36900=CARTESIAN_POINT('',(-0.959999999999997,0.230000000000061,
0.640000000014112));
#36910=DIRECTION('',(1.,0.,0.));
#36920=VECTOR('',#36910,1.);
#36930=LINE('',#36900,#36920);
#36940=EDGE_CURVE('',#35840,#36870,#36930,.T.);
#36950=ORIENTED_EDGE('',*,*,#36940,.T.);
#36960=ORIENTED_EDGE('',*,*,#35850,.F.);
#36970=EDGE_LOOP('',(#36960,#36950,#36890,#36800));
#36980=FACE_OUTER_BOUND('',#36970,.T.);
#36990=ADVANCED_FACE('',(#36980),#36790,.F.);
#37000=CARTESIAN_POINT('',(-0.959999999999997,0.69187362703947,
0.65862307788251));
#37010=DIRECTION('',(0.,0.151053108008808,-0.988525648914018));
#37020=DIRECTION('',(0.,-0.988525648914018,-0.151053108008808));
#37030=AXIS2_PLACEMENT_3D('',#37000,#37010,#37020);
#37040=PLANE('',#37030);
#37050=ORIENTED_EDGE('',*,*,#35990,.T.);
#37060=CARTESIAN_POINT('',(-0.959999999999997,0.570000000092577,
0.640000000014112));
#37070=DIRECTION('',(1.,0.,0.));
#37080=VECTOR('',#37070,1.);
#37090=LINE('',#37060,#37080);
#37100=CARTESIAN_POINT('',(-0.839999999999998,0.570000000092577,
0.640000000014112));
#37110=VERTEX_POINT('',#37100);
#37120=EDGE_CURVE('',#35920,#37110,#37090,.T.);
#37130=ORIENTED_EDGE('',*,*,#37120,.F.);
#37140=CARTESIAN_POINT('',(-0.839999999999998,0.570000000092577,
0.640000000014112));
#37150=DIRECTION('',(0.,0.988525648914018,0.151053108008808));
#37160=VECTOR('',#37150,1.);
#37170=LINE('',#37140,#37160);
#37180=EDGE_CURVE('',#37110,#12230,#37170,.T.);
#37190=ORIENTED_EDGE('',*,*,#37180,.F.);
#37200=ORIENTED_EDGE('',*,*,#12240,.F.);
#37210=EDGE_LOOP('',(#37200,#37190,#37130,#37050));
#37220=FACE_OUTER_BOUND('',#37210,.T.);
#37230=ADVANCED_FACE('',(#37220),#37040,.T.);
#37240=CARTESIAN_POINT('',(-0.959999999999997,0.570000000092577,
0.640000000014112));
#37250=DIRECTION('',(-0.,-0.,-1.));
#37260=DIRECTION('',(0.,-1.,0.));
#37270=AXIS2_PLACEMENT_3D('',#37240,#37250,#37260);
#37280=PLANE('',#37270);
#37290=ORIENTED_EDGE('',*,*,#36940,.F.);
#37300=CARTESIAN_POINT('',(-0.839999999999998,0.230000000000061,
0.640000000014112));
#37310=DIRECTION('',(0.,1.,0.));
#37320=VECTOR('',#37310,1.);
#37330=LINE('',#37300,#37320);
#37340=EDGE_CURVE('',#36870,#37110,#37330,.T.);
#37350=ORIENTED_EDGE('',*,*,#37340,.F.);
#37360=ORIENTED_EDGE('',*,*,#37120,.T.);
#37370=ORIENTED_EDGE('',*,*,#35930,.T.);
#37380=EDGE_LOOP('',(#37370,#37360,#37350,#37290));
#37390=FACE_OUTER_BOUND('',#37380,.T.);
#37400=ADVANCED_FACE('',(#37390),#37280,.T.);
#37410=CARTESIAN_POINT('',(-0.839999999999998,-0.379999999999924,
0.789999999986208));
#37420=DIRECTION('',(0.,1.,0.));
#37430=VECTOR('',#37420,1.);
#37440=LINE('',#37410,#37430);
#37450=EDGE_CURVE('',#15640,#31090,#37440,.T.);
#37460=ORIENTED_EDGE('',*,*,#37450,.F.);
#37470=ORIENTED_EDGE('',*,*,#31100,.T.);
#37480=ORIENTED_EDGE('',*,*,#12320,.T.);
#37490=ORIENTED_EDGE('',*,*,#37180,.T.);
#37500=ORIENTED_EDGE('',*,*,#37340,.T.);
#37510=ORIENTED_EDGE('',*,*,#36880,.F.);
#37520=ORIENTED_EDGE('',*,*,#36630,.T.);
#37530=ORIENTED_EDGE('',*,*,#36390,.T.);
#37540=CARTESIAN_POINT('',(-0.839999999999998,-0.0799999999999415,0.625)
);
#37550=DIRECTION('',(0.,1.,0.));
#37560=VECTOR('',#37550,1.);
#37570=LINE('',#37540,#37560);
#37580=EDGE_CURVE('',#15620,#36290,#37570,.T.);
#37590=ORIENTED_EDGE('',*,*,#37580,.T.);
#37600=ORIENTED_EDGE('',*,*,#15650,.F.);
#37610=EDGE_LOOP('',(#37600,#37590,#37530,#37520,#37510,#37500,#37490,
#37480,#37470,#37460));
#37620=FACE_OUTER_BOUND('',#37610,.T.);
#37630=ADVANCED_FACE('',(#37620),#3850,.F.);
#37640=CARTESIAN_POINT('',(-0.959999999999997,0.169999999981272,0.625));
#37650=DIRECTION('',(-0.,-0.,-1.));
#37660=DIRECTION('',(0.,-1.,0.));
#37670=AXIS2_PLACEMENT_3D('',#37640,#37650,#37660);
#37680=PLANE('',#37670);
#37690=ORIENTED_EDGE('',*,*,#15730,.T.);
#37700=ORIENTED_EDGE('',*,*,#37580,.F.);
#37710=ORIENTED_EDGE('',*,*,#36300,.T.);
#37720=ORIENTED_EDGE('',*,*,#36140,.T.);
#37730=EDGE_LOOP('',(#37720,#37710,#37700,#37690));
#37740=FACE_OUTER_BOUND('',#37730,.T.);
#37750=ADVANCED_FACE('',(#37740),#37680,.T.);
#37760=CARTESIAN_POINT('',(-0.959999999999997,-0.379999999999924,
0.789999999986208));
#37770=DIRECTION('',(0.,-0.,1.));
#37780=DIRECTION('',(0.,1.,0.));
#37790=AXIS2_PLACEMENT_3D('',#37760,#37770,#37780);
#37800=PLANE('',#37790);
#37810=ORIENTED_EDGE('',*,*,#37450,.T.);
#37820=ORIENTED_EDGE('',*,*,#15870,.T.);
#37830=ORIENTED_EDGE('',*,*,#36070,.F.);
#37840=ORIENTED_EDGE('',*,*,#31180,.T.);
#37850=EDGE_LOOP('',(#37840,#37830,#37820,#37810));
#37860=FACE_OUTER_BOUND('',#37850,.T.);
#37870=ADVANCED_FACE('',(#37860),#37800,.T.);
#37880=CARTESIAN_POINT('',(-0.659999999999997,-151.431978693202,
-226.82949028));
#37890=DIRECTION('',(1.,0.,0.));
#37900=DIRECTION('',(0.,1.,0.));
#37910=AXIS2_PLACEMENT_3D('',#37880,#37890,#37900);
#37920=PLANE('',#37910);
#37930=ORIENTED_EDGE('',*,*,#31000,.F.);
#37940=CARTESIAN_POINT('',(-0.659999999999997,-0.399999999999963,
0.839999999985878));
#37950=DIRECTION('',(0.,1.,0.));
#37960=VECTOR('',#37950,1.);
#37970=LINE('',#37940,#37960);
#37980=CARTESIAN_POINT('',(-0.659999999999997,-0.229999999999926,
0.839999999985878));
#37990=VERTEX_POINT('',#37980);
#38000=EDGE_CURVE('',#37990,#30920,#37970,.T.);
#38010=ORIENTED_EDGE('',*,*,#38000,.T.);
#38020=CARTESIAN_POINT('',(-0.659999999999997,-0.229999999999926,
0.882985658773493));
#38030=DIRECTION('',(0.,-4.13907103838181E-16,1.));
#38040=VECTOR('',#38030,1.);
#38050=LINE('',#38020,#38040);
#38060=EDGE_CURVE('',#14330,#37990,#38050,.T.);
#38070=ORIENTED_EDGE('',*,*,#38060,.T.);
#38080=ORIENTED_EDGE('',*,*,#14340,.F.);
#38090=CARTESIAN_POINT('',(-0.659999999999997,-0.149999999999963,
0.639999999999674));
#38100=DIRECTION('',(0.,1.,0.));
#38110=VECTOR('',#38100,1.);
#38120=LINE('',#38090,#38110);
#38130=CARTESIAN_POINT('',(-0.659999999999997,0.569999999999922,
0.639999999999674));
#38140=VERTEX_POINT('',#38130);
#38150=EDGE_CURVE('',#14250,#38140,#38120,.T.);
#38160=ORIENTED_EDGE('',*,*,#38150,.F.);
#38170=CARTESIAN_POINT('',(-0.659999999999997,0.569999999999922,
0.639999999999674));
#38180=DIRECTION('',(0.,0.988525648912502,0.151053108018727));
#38190=VECTOR('',#38180,1.);
#38200=LINE('',#38170,#38190);
#38210=EDGE_CURVE('',#38140,#12430,#38200,.T.);
#38220=ORIENTED_EDGE('',*,*,#38210,.F.);
#38230=ORIENTED_EDGE('',*,*,#12440,.T.);
#38240=EDGE_LOOP('',(#38230,#38220,#38160,#38080,#38070,#38010,#37930));
#38250=FACE_OUTER_BOUND('',#38240,.T.);
#38260=ADVANCED_FACE('',(#38250),#37920,.F.);
#38270=CARTESIAN_POINT('',(-0.539999999999997,-151.431978693202,
-226.82949028));
#38280=DIRECTION('',(1.,0.,0.));
#38290=DIRECTION('',(0.,1.,0.));
#38300=AXIS2_PLACEMENT_3D('',#38270,#38280,#38290);
#38310=PLANE('',#38300);
#38320=CARTESIAN_POINT('',(-0.539999999999997,0.569999999999922,
0.639999999999674));
#38330=DIRECTION('',(0.,0.988525648912502,0.151053108018727));
#38340=VECTOR('',#38330,1.);
#38350=LINE('',#38320,#38340);
#38360=CARTESIAN_POINT('',(-0.539999999999997,0.569999999999922,
0.639999999999674));
#38370=VERTEX_POINT('',#38360);
#38380=EDGE_CURVE('',#38370,#12510,#38350,.T.);
#38390=ORIENTED_EDGE('',*,*,#38380,.T.);
#38400=CARTESIAN_POINT('',(-0.539999999999997,-0.149999999999963,
0.639999999999674));
#38410=DIRECTION('',(0.,1.,0.));
#38420=VECTOR('',#38410,1.);
#38430=LINE('',#38400,#38420);
#38440=EDGE_CURVE('',#14170,#38370,#38430,.T.);
#38450=ORIENTED_EDGE('',*,*,#38440,.T.);
#38460=ORIENTED_EDGE('',*,*,#14180,.T.);
#38470=CARTESIAN_POINT('',(-0.539999999999997,-0.229999999999926,
0.882985658773493));
#38480=DIRECTION('',(0.,-4.13907103838181E-16,1.));
#38490=VECTOR('',#38480,1.);
#38500=LINE('',#38470,#38490);
#38510=CARTESIAN_POINT('',(-0.539999999999997,-0.229999999999926,
0.839999999985878));
#38520=VERTEX_POINT('',#38510);
#38530=EDGE_CURVE('',#14090,#38520,#38500,.T.);
#38540=ORIENTED_EDGE('',*,*,#38530,.F.);
#38550=CARTESIAN_POINT('',(-0.539999999999997,-0.399999999999963,
0.839999999985878));
#38560=DIRECTION('',(0.,1.,0.));
#38570=VECTOR('',#38560,1.);
#38580=LINE('',#38550,#38570);
#38590=EDGE_CURVE('',#38520,#30840,#38580,.T.);
#38600=ORIENTED_EDGE('',*,*,#38590,.F.);
#38610=ORIENTED_EDGE('',*,*,#30850,.T.);
#38620=ORIENTED_EDGE('',*,*,#12600,.F.);
#38630=EDGE_LOOP('',(#38620,#38610,#38600,#38540,#38460,#38450,#38390));
#38640=FACE_OUTER_BOUND('',#38630,.T.);
#38650=ADVANCED_FACE('',(#38640),#38310,.T.);
#38660=CARTESIAN_POINT('',(-0.659999999999997,0.569999999999922,
0.639999999999674));
#38670=DIRECTION('',(-0.,-0.,-1.));
#38680=DIRECTION('',(0.,-1.,0.));
#38690=AXIS2_PLACEMENT_3D('',#38660,#38670,#38680);
#38700=PLANE('',#38690);
#38710=ORIENTED_EDGE('',*,*,#14260,.T.);
#38720=ORIENTED_EDGE('',*,*,#38440,.F.);
#38730=CARTESIAN_POINT('',(-0.659999999999997,0.569999999999922,
0.639999999999674));
#38740=DIRECTION('',(1.,0.,0.));
#38750=VECTOR('',#38740,1.);
#38760=LINE('',#38730,#38750);
#38770=EDGE_CURVE('',#38140,#38370,#38760,.T.);
#38780=ORIENTED_EDGE('',*,*,#38770,.T.);
#38790=ORIENTED_EDGE('',*,*,#38150,.T.);
#38800=EDGE_LOOP('',(#38790,#38780,#38720,#38710));
#38810=FACE_OUTER_BOUND('',#38800,.T.);
#38820=ADVANCED_FACE('',(#38810),#38700,.T.);
#38830=CARTESIAN_POINT('',(-0.659999999999997,0.691873627038134,
0.658623077883277));
#38840=DIRECTION('',(0.,0.151053108018727,-0.988525648912502));
#38850=DIRECTION('',(0.,-0.988525648912502,-0.151053108018727));
#38860=AXIS2_PLACEMENT_3D('',#38830,#38840,#38850);
#38870=PLANE('',#38860);
#38880=ORIENTED_EDGE('',*,*,#38210,.T.);
#38890=ORIENTED_EDGE('',*,*,#38770,.F.);
#38900=ORIENTED_EDGE('',*,*,#38380,.F.);
#38910=ORIENTED_EDGE('',*,*,#12520,.F.);
#38920=EDGE_LOOP('',(#38910,#38900,#38890,#38880));
#38930=FACE_OUTER_BOUND('',#38920,.T.);
#38940=ADVANCED_FACE('',(#38930),#38870,.T.);
#38950=CARTESIAN_POINT('',(-0.659999999999997,-0.399999999999963,
0.839999999985878));
#38960=DIRECTION('',(0.,-0.,1.));
#38970=DIRECTION('',(0.,1.,0.));
#38980=AXIS2_PLACEMENT_3D('',#38950,#38960,#38970);
#38990=PLANE('',#38980);
#39000=ORIENTED_EDGE('',*,*,#38590,.T.);
#39010=CARTESIAN_POINT('',(11.0275,-0.229999999999926,0.839999999985878)
);
#39020=DIRECTION('',(-1.,0.,0.));
#39030=VECTOR('',#39020,1.);
#39040=LINE('',#39010,#39030);
#39050=EDGE_CURVE('',#38520,#37990,#39040,.T.);
#39060=ORIENTED_EDGE('',*,*,#39050,.F.);
#39070=ORIENTED_EDGE('',*,*,#38000,.F.);
#39080=ORIENTED_EDGE('',*,*,#30930,.T.);
#39090=EDGE_LOOP('',(#39080,#39070,#39060,#39000));
#39100=FACE_OUTER_BOUND('',#39090,.T.);
#39110=ADVANCED_FACE('',(#39100),#38990,.T.);
#39120=CARTESIAN_POINT('',(-0.359999999999996,0.169999999981272,
0.675000000000012));
#39130=DIRECTION('',(1.,0.,0.));
#39140=DIRECTION('',(0.,1.,0.));
#39150=AXIS2_PLACEMENT_3D('',#39120,#39130,#39140);
#39160=CIRCLE('',#39150,0.0500000000000114);
#39170=CARTESIAN_POINT('',(-0.359999999999996,0.169999999981272,0.625));
#39180=VERTEX_POINT('',#39170);
#39190=CARTESIAN_POINT('',(-0.359999999999996,0.186436770779252,
0.627778897029714));
#39200=VERTEX_POINT('',#39190);
#39210=EDGE_CURVE('',#39180,#39200,#39160,.T.);
#39220=ORIENTED_EDGE('',*,*,#39210,.F.);
#39230=CARTESIAN_POINT('',(-0.359999999999996,0.186436770779252,
0.627778897029714));
#39240=DIRECTION('',(0.,0.944422059406258,0.328735415960682));
#39250=VECTOR('',#39240,1.);
#39260=LINE('',#39230,#39250);
#39270=CARTESIAN_POINT('',(-0.359999999999996,0.21356322920208,
0.637221102984512));
#39280=VERTEX_POINT('',#39270);
#39290=EDGE_CURVE('',#39200,#39280,#39260,.T.);
#39300=ORIENTED_EDGE('',*,*,#39290,.F.);
#39310=CARTESIAN_POINT('',(-0.359999999999996,0.230000000000061,
0.590000000014101));
#39320=DIRECTION('',(1.,0.,0.));
#39330=DIRECTION('',(0.,1.,0.));
#39340=AXIS2_PLACEMENT_3D('',#39310,#39320,#39330);
#39350=CIRCLE('',#39340,0.0500000000000114);
#39360=CARTESIAN_POINT('',(-0.359999999999996,0.230000000000061,
0.640000000014112));
#39370=VERTEX_POINT('',#39360);
#39380=EDGE_CURVE('',#39370,#39280,#39350,.T.);
#39390=ORIENTED_EDGE('',*,*,#39380,.T.);
#39400=CARTESIAN_POINT('',(-0.359999999999996,0.230000000000061,
0.640000000014112));
#39410=DIRECTION('',(0.,1.,0.));
#39420=VECTOR('',#39410,1.);
#39430=LINE('',#39400,#39420);
#39440=CARTESIAN_POINT('',(-0.359999999999996,0.570000000092577,
0.640000000014112));
#39450=VERTEX_POINT('',#39440);
#39460=EDGE_CURVE('',#39370,#39450,#39430,.T.);
#39470=ORIENTED_EDGE('',*,*,#39460,.F.);
#39480=CARTESIAN_POINT('',(-0.359999999999996,0.570000000092577,
0.640000000014112));
#39490=DIRECTION('',(0.,0.988525648914018,0.151053108008808));
#39500=VECTOR('',#39490,1.);
#39510=LINE('',#39480,#39500);
#39520=EDGE_CURVE('',#39450,#12710,#39510,.T.);
#39530=ORIENTED_EDGE('',*,*,#39520,.F.);
#39540=ORIENTED_EDGE('',*,*,#12720,.T.);
#39550=ORIENTED_EDGE('',*,*,#30750,.F.);
#39560=CARTESIAN_POINT('',(-0.359999999999996,-0.379999999999924,
0.789999999986208));
#39570=DIRECTION('',(0.,1.,0.));
#39580=VECTOR('',#39570,1.);
#39590=LINE('',#39560,#39580);
#39600=EDGE_CURVE('',#15460,#30670,#39590,.T.);
#39610=ORIENTED_EDGE('',*,*,#39600,.T.);
#39620=ORIENTED_EDGE('',*,*,#15470,.F.);
#39630=CARTESIAN_POINT('',(-0.359999999999996,-0.0799999999999415,0.625)
);
#39640=DIRECTION('',(0.,1.,0.));
#39650=VECTOR('',#39640,1.);
#39660=LINE('',#39630,#39650);
#39670=EDGE_CURVE('',#15380,#39180,#39660,.T.);
#39680=ORIENTED_EDGE('',*,*,#39670,.F.);
#39690=EDGE_LOOP('',(#39680,#39620,#39610,#39550,#39540,#39530,#39470,
#39390,#39300,#39220));
#39700=FACE_OUTER_BOUND('',#39690,.T.);
#39710=ADVANCED_FACE('',(#39700),#24050,.F.);
#39720=CARTESIAN_POINT('',(-0.359999999999996,0.169999999981272,
0.675000000000012));
#39730=DIRECTION('',(1.,0.,0.));
#39740=DIRECTION('',(0.,1.,0.));
#39750=AXIS2_PLACEMENT_3D('',#39720,#39730,#39740);
#39760=CYLINDRICAL_SURFACE('',#39750,0.0500000000000114);
#39770=CARTESIAN_POINT('',(-0.359999999999996,0.169999999981272,0.625));
#39780=DIRECTION('',(1.,0.,0.));
#39790=VECTOR('',#39780,1.);
#39800=LINE('',#39770,#39790);
#39810=CARTESIAN_POINT('',(-0.239999999999997,0.169999999981272,0.625));
#39820=VERTEX_POINT('',#39810);
#39830=EDGE_CURVE('',#39180,#39820,#39800,.T.);
#39840=ORIENTED_EDGE('',*,*,#39830,.F.);
#39850=CARTESIAN_POINT('',(-0.239999999999997,0.169999999981272,
0.675000000000012));
#39860=DIRECTION('',(1.,0.,0.));
#39870=DIRECTION('',(0.,1.,0.));
#39880=AXIS2_PLACEMENT_3D('',#39850,#39860,#39870);
#39890=CIRCLE('',#39880,0.0500000000000114);
#39900=CARTESIAN_POINT('',(-0.239999999999997,0.186436770779252,
0.627778897029714));
#39910=VERTEX_POINT('',#39900);
#39920=EDGE_CURVE('',#39820,#39910,#39890,.T.);
#39930=ORIENTED_EDGE('',*,*,#39920,.F.);
#39940=CARTESIAN_POINT('',(-0.359999999999996,0.186436770779252,
0.627778897029714));
#39950=DIRECTION('',(1.,0.,0.));
#39960=VECTOR('',#39950,1.);
#39970=LINE('',#39940,#39960);
#39980=EDGE_CURVE('',#39200,#39910,#39970,.T.);
#39990=ORIENTED_EDGE('',*,*,#39980,.T.);
#40000=ORIENTED_EDGE('',*,*,#39210,.T.);
#40010=EDGE_LOOP('',(#40000,#39990,#39930,#39840));
#40020=FACE_OUTER_BOUND('',#40010,.T.);
#40030=ADVANCED_FACE('',(#40020),#39760,.T.);
#40040=CARTESIAN_POINT('',(-0.359999999999996,0.21356322920208,
0.637221102984512));
#40050=DIRECTION('',(0.,0.328735415960682,-0.944422059406258));
#40060=DIRECTION('',(0.,-0.944422059406258,-0.328735415960682));
#40070=AXIS2_PLACEMENT_3D('',#40040,#40050,#40060);
#40080=PLANE('',#40070);
#40090=ORIENTED_EDGE('',*,*,#39980,.F.);
#40100=CARTESIAN_POINT('',(-0.239999999999997,0.186436770779252,
0.627778897029714));
#40110=DIRECTION('',(0.,0.944422059406258,0.328735415960682));
#40120=VECTOR('',#40110,1.);
#40130=LINE('',#40100,#40120);
#40140=CARTESIAN_POINT('',(-0.239999999999997,0.21356322920208,
0.637221102984512));
#40150=VERTEX_POINT('',#40140);
#40160=EDGE_CURVE('',#39910,#40150,#40130,.T.);
#40170=ORIENTED_EDGE('',*,*,#40160,.F.);
#40180=CARTESIAN_POINT('',(-0.359999999999996,0.21356322920208,
0.637221102984512));
#40190=DIRECTION('',(1.,0.,0.));
#40200=VECTOR('',#40190,1.);
#40210=LINE('',#40180,#40200);
#40220=EDGE_CURVE('',#39280,#40150,#40210,.T.);
#40230=ORIENTED_EDGE('',*,*,#40220,.T.);
#40240=ORIENTED_EDGE('',*,*,#39290,.T.);
#40250=EDGE_LOOP('',(#40240,#40230,#40170,#40090));
#40260=FACE_OUTER_BOUND('',#40250,.T.);
#40270=ADVANCED_FACE('',(#40260),#40080,.T.);
#40280=CARTESIAN_POINT('',(-0.359999999999996,0.230000000000061,
0.590000000014101));
#40290=DIRECTION('',(1.,0.,0.));
#40300=DIRECTION('',(0.,1.,0.));
#40310=AXIS2_PLACEMENT_3D('',#40280,#40290,#40300);
#40320=CYLINDRICAL_SURFACE('',#40310,0.0500000000000114);
#40330=ORIENTED_EDGE('',*,*,#40220,.F.);
#40340=CARTESIAN_POINT('',(-0.239999999999997,0.230000000000061,
0.590000000014101));
#40350=DIRECTION('',(1.,0.,0.));
#40360=DIRECTION('',(0.,1.,0.));
#40370=AXIS2_PLACEMENT_3D('',#40340,#40350,#40360);
#40380=CIRCLE('',#40370,0.0500000000000114);
#40390=CARTESIAN_POINT('',(-0.239999999999997,0.230000000000061,
0.640000000014112));
#40400=VERTEX_POINT('',#40390);
#40410=EDGE_CURVE('',#40400,#40150,#40380,.T.);
#40420=ORIENTED_EDGE('',*,*,#40410,.T.);
#40430=CARTESIAN_POINT('',(-0.359999999999996,0.230000000000061,
0.640000000014112));
#40440=DIRECTION('',(1.,0.,0.));
#40450=VECTOR('',#40440,1.);
#40460=LINE('',#40430,#40450);
#40470=EDGE_CURVE('',#39370,#40400,#40460,.T.);
#40480=ORIENTED_EDGE('',*,*,#40470,.T.);
#40490=ORIENTED_EDGE('',*,*,#39380,.F.);
#40500=EDGE_LOOP('',(#40490,#40480,#40420,#40330));
#40510=FACE_OUTER_BOUND('',#40500,.T.);
#40520=ADVANCED_FACE('',(#40510),#40320,.F.);
#40530=CARTESIAN_POINT('',(-0.359999999999996,0.69187362703947,
0.65862307788251));
#40540=DIRECTION('',(0.,0.151053108008808,-0.988525648914018));
#40550=DIRECTION('',(0.,-0.988525648914018,-0.151053108008808));
#40560=AXIS2_PLACEMENT_3D('',#40530,#40540,#40550);
#40570=PLANE('',#40560);
#40580=ORIENTED_EDGE('',*,*,#39520,.T.);
#40590=CARTESIAN_POINT('',(-0.359999999999996,0.570000000092577,
0.640000000014112));
#40600=DIRECTION('',(1.,0.,0.));
#40610=VECTOR('',#40600,1.);
#40620=LINE('',#40590,#40610);
#40630=CARTESIAN_POINT('',(-0.239999999999997,0.570000000092577,
0.640000000014112));
#40640=VERTEX_POINT('',#40630);
#40650=EDGE_CURVE('',#39450,#40640,#40620,.T.);
#40660=ORIENTED_EDGE('',*,*,#40650,.F.);
#40670=CARTESIAN_POINT('',(-0.239999999999997,0.570000000092577,
0.640000000014112));
#40680=DIRECTION('',(0.,0.988525648914018,0.151053108008808));
#40690=VECTOR('',#40680,1.);
#40700=LINE('',#40670,#40690);
#40710=EDGE_CURVE('',#40640,#12790,#40700,.T.);
#40720=ORIENTED_EDGE('',*,*,#40710,.F.);
#40730=ORIENTED_EDGE('',*,*,#12800,.F.);
#40740=EDGE_LOOP('',(#40730,#40720,#40660,#40580));
#40750=FACE_OUTER_BOUND('',#40740,.T.);
#40760=ADVANCED_FACE('',(#40750),#40570,.T.);
#40770=CARTESIAN_POINT('',(-0.359999999999996,0.570000000092577,
0.640000000014112));
#40780=DIRECTION('',(-0.,-0.,-1.));
#40790=DIRECTION('',(0.,-1.,0.));
#40800=AXIS2_PLACEMENT_3D('',#40770,#40780,#40790);
#40810=PLANE('',#40800);
#40820=ORIENTED_EDGE('',*,*,#40470,.F.);
#40830=CARTESIAN_POINT('',(-0.239999999999997,0.230000000000061,
0.640000000014112));
#40840=DIRECTION('',(0.,1.,0.));
#40850=VECTOR('',#40840,1.);
#40860=LINE('',#40830,#40850);
#40870=EDGE_CURVE('',#40400,#40640,#40860,.T.);
#40880=ORIENTED_EDGE('',*,*,#40870,.F.);
#40890=ORIENTED_EDGE('',*,*,#40650,.T.);
#40900=ORIENTED_EDGE('',*,*,#39460,.T.);
#40910=EDGE_LOOP('',(#40900,#40890,#40880,#40820));
#40920=FACE_OUTER_BOUND('',#40910,.T.);
#40930=ADVANCED_FACE('',(#40920),#40810,.T.);
#40940=ORIENTED_EDGE('',*,*,#40710,.T.);
#40950=ORIENTED_EDGE('',*,*,#40870,.T.);
#40960=ORIENTED_EDGE('',*,*,#40410,.F.);
#40970=ORIENTED_EDGE('',*,*,#40160,.T.);
#40980=ORIENTED_EDGE('',*,*,#39920,.T.);
#40990=CARTESIAN_POINT('',(-0.239999999999997,-0.0799999999999415,0.625)
);
#41000=DIRECTION('',(0.,1.,0.));
#41010=VECTOR('',#41000,1.);
#41020=LINE('',#40990,#41010);
#41030=EDGE_CURVE('',#15280,#39820,#41020,.T.);
#41040=ORIENTED_EDGE('',*,*,#41030,.T.);
#41050=ORIENTED_EDGE('',*,*,#15310,.F.);
#41060=CARTESIAN_POINT('',(-0.239999999999997,-0.379999999999924,
0.789999999986208));
#41070=DIRECTION('',(0.,1.,0.));
#41080=VECTOR('',#41070,1.);
#41090=LINE('',#41060,#41080);
#41100=EDGE_CURVE('',#15300,#30590,#41090,.T.);
#41110=ORIENTED_EDGE('',*,*,#41100,.F.);
#41120=ORIENTED_EDGE('',*,*,#30600,.T.);
#41130=ORIENTED_EDGE('',*,*,#12880,.T.);
#41140=EDGE_LOOP('',(#41130,#41120,#41110,#41050,#41040,#40980,#40970,
#40960,#40950,#40940));
#41150=FACE_OUTER_BOUND('',#41140,.T.);
#41160=ADVANCED_FACE('',(#41150),#23220,.F.);
#41170=CARTESIAN_POINT('',(-0.359999999999996,0.169999999981272,0.625));
#41180=DIRECTION('',(-0.,-0.,-1.));
#41190=DIRECTION('',(0.,-1.,0.));
#41200=AXIS2_PLACEMENT_3D('',#41170,#41180,#41190);
#41210=PLANE('',#41200);
#41220=ORIENTED_EDGE('',*,*,#15390,.T.);
#41230=ORIENTED_EDGE('',*,*,#41030,.F.);
#41240=ORIENTED_EDGE('',*,*,#39830,.T.);
#41250=ORIENTED_EDGE('',*,*,#39670,.T.);
#41260=EDGE_LOOP('',(#41250,#41240,#41230,#41220));
#41270=FACE_OUTER_BOUND('',#41260,.T.);
#41280=ADVANCED_FACE('',(#41270),#41210,.T.);
#41290=CARTESIAN_POINT('',(-0.359999999999996,-0.379999999999924,
0.789999999986208));
#41300=DIRECTION('',(0.,-0.,1.));
#41310=DIRECTION('',(0.,1.,0.));
#41320=AXIS2_PLACEMENT_3D('',#41290,#41300,#41310);
#41330=PLANE('',#41320);
#41340=ORIENTED_EDGE('',*,*,#39600,.F.);
#41350=ORIENTED_EDGE('',*,*,#30680,.T.);
#41360=ORIENTED_EDGE('',*,*,#41100,.T.);
#41370=ORIENTED_EDGE('',*,*,#15530,.T.);
#41380=EDGE_LOOP('',(#41370,#41360,#41350,#41340));
#41390=FACE_OUTER_BOUND('',#41380,.T.);
#41400=ADVANCED_FACE('',(#41390),#41330,.T.);
#41410=CARTESIAN_POINT('',(-0.0599999999999952,-151.431978693202,
-226.82949028));
#41420=DIRECTION('',(1.,0.,0.));
#41430=DIRECTION('',(0.,1.,0.));
#41440=AXIS2_PLACEMENT_3D('',#41410,#41420,#41430);
#41450=PLANE('',#41440);
#41460=ORIENTED_EDGE('',*,*,#30500,.F.);
#41470=CARTESIAN_POINT('',(-0.0599999999999952,-0.399999999999963,
0.839999999985878));
#41480=DIRECTION('',(0.,1.,0.));
#41490=VECTOR('',#41480,1.);
#41500=LINE('',#41470,#41490);
#41510=CARTESIAN_POINT('',(-0.0599999999999952,-0.229999999999926,
0.839999999985878));
#41520=VERTEX_POINT('',#41510);
#41530=EDGE_CURVE('',#41520,#30420,#41500,.T.);
#41540=ORIENTED_EDGE('',*,*,#41530,.T.);
#41550=CARTESIAN_POINT('',(-0.0599999999999952,-0.229999999999926,
0.882985658773493));
#41560=DIRECTION('',(0.,-4.13907103838181E-16,1.));
#41570=VECTOR('',#41560,1.);
#41580=LINE('',#41550,#41570);
#41590=EDGE_CURVE('',#14010,#41520,#41580,.T.);
#41600=ORIENTED_EDGE('',*,*,#41590,.T.);
#41610=ORIENTED_EDGE('',*,*,#14020,.F.);
#41620=CARTESIAN_POINT('',(-0.0599999999999952,-0.149999999999963,
0.639999999999674));
#41630=DIRECTION('',(0.,1.,0.));
#41640=VECTOR('',#41630,1.);
#41650=LINE('',#41620,#41640);
#41660=CARTESIAN_POINT('',(-0.0599999999999952,0.569999999999922,
0.639999999999674));
#41670=VERTEX_POINT('',#41660);
#41680=EDGE_CURVE('',#13930,#41670,#41650,.T.);
#41690=ORIENTED_EDGE('',*,*,#41680,.F.);
#41700=CARTESIAN_POINT('',(-0.0599999999999952,0.569999999999922,
0.639999999999674));
#41710=DIRECTION('',(0.,0.988525648912502,0.151053108018727));
#41720=VECTOR('',#41710,1.);
#41730=LINE('',#41700,#41720);
#41740=EDGE_CURVE('',#41670,#12990,#41730,.T.);
#41750=ORIENTED_EDGE('',*,*,#41740,.F.);
#41760=ORIENTED_EDGE('',*,*,#13000,.T.);
#41770=EDGE_LOOP('',(#41760,#41750,#41690,#41610,#41600,#41540,#41460));
#41780=FACE_OUTER_BOUND('',#41770,.T.);
#41790=ADVANCED_FACE('',(#41780),#41450,.F.);
#41800=CARTESIAN_POINT('',(0.0600000000000041,-151.431978693202,
-226.82949028));
#41810=DIRECTION('',(1.,0.,0.));
#41820=DIRECTION('',(0.,1.,0.));
#41830=AXIS2_PLACEMENT_3D('',#41800,#41810,#41820);
#41840=PLANE('',#41830);
#41850=CARTESIAN_POINT('',(0.0600000000000041,-0.399999999999963,
0.839999999985878));
#41860=DIRECTION('',(0.,1.,0.));
#41870=VECTOR('',#41860,1.);
#41880=LINE('',#41850,#41870);
#41890=CARTESIAN_POINT('',(0.0600000000000041,-0.229999999999926,
0.839999999985878));
#41900=VERTEX_POINT('',#41890);
#41910=EDGE_CURVE('',#41900,#30340,#41880,.T.);
#41920=ORIENTED_EDGE('',*,*,#41910,.F.);
#41930=ORIENTED_EDGE('',*,*,#30350,.T.);
#41940=ORIENTED_EDGE('',*,*,#13160,.F.);
#41950=CARTESIAN_POINT('',(0.0600000000000041,0.569999999999922,
0.639999999999674));
#41960=DIRECTION('',(0.,0.988525648912502,0.151053108018727));
#41970=VECTOR('',#41960,1.);
#41980=LINE('',#41950,#41970);
#41990=CARTESIAN_POINT('',(0.0600000000000041,0.569999999999922,
0.639999999999674));
#42000=VERTEX_POINT('',#41990);
#42010=EDGE_CURVE('',#42000,#13070,#41980,.T.);
#42020=ORIENTED_EDGE('',*,*,#42010,.T.);
#42030=CARTESIAN_POINT('',(0.0600000000000041,-0.149999999999963,
0.639999999999674));
#42040=DIRECTION('',(0.,1.,0.));
#42050=VECTOR('',#42040,1.);
#42060=LINE('',#42030,#42050);
#42070=EDGE_CURVE('',#13850,#42000,#42060,.T.);
#42080=ORIENTED_EDGE('',*,*,#42070,.T.);
#42090=ORIENTED_EDGE('',*,*,#13860,.T.);
#42100=CARTESIAN_POINT('',(0.0600000000000041,-0.229999999999926,
0.882985658773493));
#42110=DIRECTION('',(0.,-4.13907103838181E-16,1.));
#42120=VECTOR('',#42110,1.);
#42130=LINE('',#42100,#42120);
#42140=EDGE_CURVE('',#13830,#41900,#42130,.T.);
#42150=ORIENTED_EDGE('',*,*,#42140,.F.);
#42160=EDGE_LOOP('',(#42150,#42090,#42080,#42020,#41940,#41930,#41920));
#42170=FACE_OUTER_BOUND('',#42160,.T.);
#42180=ADVANCED_FACE('',(#42170),#41840,.T.);
#42190=CARTESIAN_POINT('',(-0.0599999999999952,0.569999999999922,
0.639999999999674));
#42200=DIRECTION('',(-0.,-0.,-1.));
#42210=DIRECTION('',(0.,-1.,0.));
#42220=AXIS2_PLACEMENT_3D('',#42190,#42200,#42210);
#42230=PLANE('',#42220);
#42240=ORIENTED_EDGE('',*,*,#13940,.T.);
#42250=ORIENTED_EDGE('',*,*,#42070,.F.);
#42260=CARTESIAN_POINT('',(-0.0599999999999952,0.569999999999922,
0.639999999999674));
#42270=DIRECTION('',(1.,0.,0.));
#42280=VECTOR('',#42270,1.);
#42290=LINE('',#42260,#42280);
#42300=EDGE_CURVE('',#41670,#42000,#42290,.T.);
#42310=ORIENTED_EDGE('',*,*,#42300,.T.);
#42320=ORIENTED_EDGE('',*,*,#41680,.T.);
#42330=EDGE_LOOP('',(#42320,#42310,#42250,#42240));
#42340=FACE_OUTER_BOUND('',#42330,.T.);
#42350=ADVANCED_FACE('',(#42340),#42230,.T.);
#42360=CARTESIAN_POINT('',(-0.0599999999999952,0.691873627038134,
0.658623077883277));
#42370=DIRECTION('',(0.,0.151053108018727,-0.988525648912502));
#42380=DIRECTION('',(0.,-0.988525648912502,-0.151053108018727));
#42390=AXIS2_PLACEMENT_3D('',#42360,#42370,#42380);
#42400=PLANE('',#42390);
#42410=ORIENTED_EDGE('',*,*,#41740,.T.);
#42420=ORIENTED_EDGE('',*,*,#42300,.F.);
#42430=ORIENTED_EDGE('',*,*,#42010,.F.);
#42440=ORIENTED_EDGE('',*,*,#13080,.F.);
#42450=EDGE_LOOP('',(#42440,#42430,#42420,#42410));
#42460=FACE_OUTER_BOUND('',#42450,.T.);
#42470=ADVANCED_FACE('',(#42460),#42400,.T.);
#42480=CARTESIAN_POINT('',(-0.0599999999999952,-0.399999999999963,
0.839999999985878));
#42490=DIRECTION('',(0.,-0.,1.));
#42500=DIRECTION('',(0.,1.,0.));
#42510=AXIS2_PLACEMENT_3D('',#42480,#42490,#42500);
#42520=PLANE('',#42510);
#42530=ORIENTED_EDGE('',*,*,#41530,.F.);
#42540=ORIENTED_EDGE('',*,*,#30430,.T.);
#42550=ORIENTED_EDGE('',*,*,#41910,.T.);
#42560=CARTESIAN_POINT('',(11.0275,-0.229999999999926,0.839999999985878)
);
#42570=DIRECTION('',(-1.,0.,0.));
#42580=VECTOR('',#42570,1.);
#42590=LINE('',#42560,#42580);
#42600=EDGE_CURVE('',#41900,#41520,#42590,.T.);
#42610=ORIENTED_EDGE('',*,*,#42600,.F.);
#42620=EDGE_LOOP('',(#42610,#42550,#42540,#42530));
#42630=FACE_OUTER_BOUND('',#42620,.T.);
#42640=ADVANCED_FACE('',(#42630),#42520,.T.);
#42650=CARTESIAN_POINT('',(0.240000000000002,0.230000000000061,
0.590000000014101));
#42660=DIRECTION('',(1.,0.,0.));
#42670=DIRECTION('',(0.,1.,0.));
#42680=AXIS2_PLACEMENT_3D('',#42650,#42660,#42670);
#42690=CYLINDRICAL_SURFACE('',#42680,0.0500000000000114);
#42700=ORIENTED_EDGE('',*,*,#28870,.F.);
#42710=ORIENTED_EDGE('',*,*,#25020,.T.);
#42720=ORIENTED_EDGE('',*,*,#23830,.T.);
#42730=CARTESIAN_POINT('',(0.240000000000002,0.230000000000061,
0.590000000014101));
#42740=DIRECTION('',(1.,0.,0.));
#42750=DIRECTION('',(0.,1.,0.));
#42760=AXIS2_PLACEMENT_3D('',#42730,#42740,#42750);
#42770=CIRCLE('',#42760,0.0500000000000114);
#42780=EDGE_CURVE('',#23800,#28860,#42770,.T.);
#42790=ORIENTED_EDGE('',*,*,#42780,.F.);
#42800=EDGE_LOOP('',(#42790,#42720,#42710,#42700));
#42810=FACE_OUTER_BOUND('',#42800,.T.);
#42820=ADVANCED_FACE('',(#42810),#42690,.F.);
#42830=CARTESIAN_POINT('',(0.240000000000002,0.169999999981272,0.625));
#42840=DIRECTION('',(-0.,-0.,-1.));
#42850=DIRECTION('',(0.,-1.,0.));
#42860=AXIS2_PLACEMENT_3D('',#42830,#42840,#42850);
#42870=PLANE('',#42860);
#42880=ORIENTED_EDGE('',*,*,#16410,.T.);
#42890=ORIENTED_EDGE('',*,*,#25250,.T.);
#42900=ORIENTED_EDGE('',*,*,#25570,.T.);
#42910=CARTESIAN_POINT('',(0.240000000000002,-0.760191573472085,0.625));
#42920=DIRECTION('',(0.,1.,0.));
#42930=VECTOR('',#42920,1.);
#42940=LINE('',#42910,#42930);
#42950=EDGE_CURVE('',#16400,#25560,#42940,.T.);
#42960=ORIENTED_EDGE('',*,*,#42950,.T.);
#42970=EDGE_LOOP('',(#42960,#42900,#42890,#42880));
#42980=FACE_OUTER_BOUND('',#42970,.T.);
#42990=ADVANCED_FACE('',(#42980),#42870,.T.);
#43000=CARTESIAN_POINT('',(0.240000000000002,-0.541441206724961,
0.638433712553978));
#43010=DIRECTION('',(-1.,0.,0.));
#43020=DIRECTION('',(0.,-1.,0.));
#43030=AXIS2_PLACEMENT_3D('',#43000,#43010,#43020);
#43040=PLANE('',#43030);
#43050=ORIENTED_EDGE('',*,*,#30250,.F.);
#43060=CARTESIAN_POINT('',(0.240000000000002,-0.760191573472085,
0.789999999986208));
#43070=DIRECTION('',(0.,-1.,0.));
#43080=VECTOR('',#43070,1.);
#43090=LINE('',#43060,#43080);
#43100=EDGE_CURVE('',#30170,#16480,#43090,.T.);
#43110=ORIENTED_EDGE('',*,*,#43100,.F.);
#43120=ORIENTED_EDGE('',*,*,#16490,.T.);
#43130=ORIENTED_EDGE('',*,*,#42950,.F.);
#43140=ORIENTED_EDGE('',*,*,#25730,.F.);
#43150=ORIENTED_EDGE('',*,*,#28930,.F.);
#43160=ORIENTED_EDGE('',*,*,#42780,.T.);
#43170=ORIENTED_EDGE('',*,*,#23960,.F.);
#43180=ORIENTED_EDGE('',*,*,#22760,.F.);
#43190=ORIENTED_EDGE('',*,*,#13280,.F.);
#43200=EDGE_LOOP('',(#43190,#43180,#43170,#43160,#43150,#43140,#43130,
#43120,#43110,#43050));
#43210=FACE_OUTER_BOUND('',#43200,.T.);
#43220=ADVANCED_FACE('',(#43210),#43040,.T.);
#43230=CARTESIAN_POINT('',(0.240000000000002,-0.379999999999924,
0.789999999986208));
#43240=DIRECTION('',(0.,-0.,1.));
#43250=DIRECTION('',(0.,1.,0.));
#43260=AXIS2_PLACEMENT_3D('',#43230,#43240,#43250);
#43270=PLANE('',#43260);
#43280=ORIENTED_EDGE('',*,*,#43100,.T.);
#43290=ORIENTED_EDGE('',*,*,#30180,.T.);
#43300=ORIENTED_EDGE('',*,*,#25340,.T.);
#43310=ORIENTED_EDGE('',*,*,#16550,.T.);
#43320=EDGE_LOOP('',(#43310,#43300,#43290,#43280));
#43330=FACE_OUTER_BOUND('',#43320,.T.);
#43340=ADVANCED_FACE('',(#43330),#43270,.T.);
#43350=CARTESIAN_POINT('',(-2.45,-0.45921754103172,0.500811401693327));
#43360=DIRECTION('',(-1.,0.,0.));
#43370=DIRECTION('',(0.,-1.,0.));
#43380=AXIS2_PLACEMENT_3D('',#43350,#43360,#43370);
#43390=PLANE('',#43380);
#43400=CARTESIAN_POINT('',(-2.45,-1.14999999999993,-1.94382799999998));
#43410=DIRECTION('',(0.,3.06128628880177E-15,1.));
#43420=VECTOR('',#43410,1.);
#43430=LINE('',#43400,#43420);
#43440=CARTESIAN_POINT('',(-2.45,-1.14999999999992,0.270000000000019));
#43450=VERTEX_POINT('',#43440);
#43460=CARTESIAN_POINT('',(-2.45,-1.14999999999992,0.900000000000018));
#43470=VERTEX_POINT('',#43460);
#43480=EDGE_CURVE('',#43450,#43470,#43430,.T.);
#43490=ORIENTED_EDGE('',*,*,#43480,.T.);
#43500=CARTESIAN_POINT('',(-2.45,-0.358024999999923,-0.0863887499999803)
);
#43510=DIRECTION('',(0.,-0.911921505175107,0.410364677328797));
#43520=VECTOR('',#43510,1.);
#43530=LINE('',#43500,#43520);
#43540=CARTESIAN_POINT('',(-2.45,-0.949999999999923,0.180000000000019));
#43550=VERTEX_POINT('',#43540);
#43560=EDGE_CURVE('',#43550,#43450,#43530,.T.);
#43570=ORIENTED_EDGE('',*,*,#43560,.T.);
#43580=CARTESIAN_POINT('',(-2.45,-0.949999999999923,-1.94382799999998));
#43590=DIRECTION('',(0.,1.22460635382238E-16,1.));
#43600=VECTOR('',#43590,1.);
#43610=LINE('',#43580,#43600);
#43620=CARTESIAN_POINT('',(-2.45,-0.949999999999923,0.0299999999998624))
;
#43630=VERTEX_POINT('',#43620);
#43640=EDGE_CURVE('',#43630,#43550,#43610,.T.);
#43650=ORIENTED_EDGE('',*,*,#43640,.T.);
#43660=CARTESIAN_POINT('',(-2.45,-0.358024999999923,0.0299999999998137))
;
#43670=DIRECTION('',(0.,-1.,8.21081609153341E-14));
#43680=VECTOR('',#43670,1.);
#43690=LINE('',#43660,#43680);
#43700=EDGE_CURVE('',#6640,#43630,#43690,.T.);
#43710=ORIENTED_EDGE('',*,*,#43700,.T.);
#43720=ORIENTED_EDGE('',*,*,#6650,.T.);
#43730=CARTESIAN_POINT('',(-2.45,-0.760191573472085,0.900000000000018));
#43740=DIRECTION('',(0.,1.,0.));
#43750=VECTOR('',#43740,1.);
#43760=LINE('',#43730,#43750);
#43770=EDGE_CURVE('',#43470,#6560,#43760,.T.);
#43780=ORIENTED_EDGE('',*,*,#43770,.T.);
#43790=EDGE_LOOP('',(#43780,#43720,#43710,#43650,#43570,#43490));
#43800=FACE_OUTER_BOUND('',#43790,.T.);
#43810=ADVANCED_FACE('',(#43800),#43390,.T.);
#43820=CARTESIAN_POINT('',(-2.07999999999999,0.957685914692103,
0.152183557544172));
#43830=DIRECTION('',(-1.,0.,0.));
#43840=DIRECTION('',(0.,-1.,0.));
#43850=AXIS2_PLACEMENT_3D('',#43820,#43830,#43840);
#43860=PLANE('',#43850);
#43870=CARTESIAN_POINT('',(-2.07999999999999,-1.94999999999993,
-1.94382799999998));
#43880=DIRECTION('',(0.,0.,1.));
#43890=VECTOR('',#43880,1.);
#43900=LINE('',#43870,#43890);
#43910=CARTESIAN_POINT('',(-2.07999999999998,-1.94999999999993,
0.900000000000018));
#43920=VERTEX_POINT('',#43910);
#43930=EDGE_CURVE('',#820,#43920,#43900,.T.);
#43940=ORIENTED_EDGE('',*,*,#43930,.T.);
#43950=ORIENTED_EDGE('',*,*,#1150,.F.);
#43960=CARTESIAN_POINT('',(-2.07999999999999,-0.358024999999923,
-0.0863887499999803));
#43970=DIRECTION('',(0.,-0.911921505175107,0.410364677328797));
#43980=VECTOR('',#43970,1.);
#43990=LINE('',#43960,#43980);
#44000=CARTESIAN_POINT('',(-2.07999999999999,-1.14999999999992,
0.270000000000019));
#44010=VERTEX_POINT('',#44000);
#44020=EDGE_CURVE('',#1080,#44010,#43990,.T.);
#44030=ORIENTED_EDGE('',*,*,#44020,.F.);
#44040=CARTESIAN_POINT('',(-2.07999999999999,-1.14999999999993,
-1.94382799999998));
#44050=DIRECTION('',(0.,2.93882565341954E-15,1.));
#44060=VECTOR('',#44050,1.);
#44070=LINE('',#44040,#44060);
#44080=CARTESIAN_POINT('',(-2.07999999999999,-1.14999999999992,
0.900000000000018));
#44090=VERTEX_POINT('',#44080);
#44100=EDGE_CURVE('',#44010,#44090,#44070,.T.);
#44110=ORIENTED_EDGE('',*,*,#44100,.F.);
#44120=CARTESIAN_POINT('',(-2.07999999999999,-0.760191573472085,
0.900000000000018));
#44130=DIRECTION('',(0.,1.,0.));
#44140=VECTOR('',#44130,1.);
#44150=LINE('',#44120,#44140);
#44160=EDGE_CURVE('',#43920,#44090,#44150,.T.);
#44170=ORIENTED_EDGE('',*,*,#44160,.T.);
#44180=EDGE_LOOP('',(#44170,#44110,#44030,#43950,#43940));
#44190=FACE_OUTER_BOUND('',#44180,.T.);
#44200=ADVANCED_FACE('',(#44190),#43860,.T.);
#44210=CARTESIAN_POINT('',(-2.25,-1.14999999999992,0.950000000000018));
#44220=DIRECTION('',(0.,-1.,3.06128628880177E-15));
#44230=DIRECTION('',(0.,-3.06128628880177E-15,-1.));
#44240=AXIS2_PLACEMENT_3D('',#44210,#44220,#44230);
#44250=PLANE('',#44240);
#44260=ORIENTED_EDGE('',*,*,#44100,.T.);
#44270=CARTESIAN_POINT('',(-2.39999999999999,-1.14999999999992,
0.270000000000019));
#44280=DIRECTION('',(-1.,0.,0.));
#44290=VECTOR('',#44280,1.);
#44300=LINE('',#44270,#44290);
#44310=EDGE_CURVE('',#44010,#43450,#44300,.T.);
#44320=ORIENTED_EDGE('',*,*,#44310,.F.);
#44330=ORIENTED_EDGE('',*,*,#43480,.F.);
#44340=CARTESIAN_POINT('',(11.0275,-1.14999999999992,0.900000000000018))
;
#44350=DIRECTION('',(-1.,0.,0.));
#44360=VECTOR('',#44350,1.);
#44370=LINE('',#44340,#44360);
#44380=EDGE_CURVE('',#44090,#43470,#44370,.T.);
#44390=ORIENTED_EDGE('',*,*,#44380,.T.);
#44400=EDGE_LOOP('',(#44390,#44330,#44320,#44260));
#44410=FACE_OUTER_BOUND('',#44400,.T.);
#44420=CARTESIAN_POINT('',(-2.24,-1.14999999999992,0.882985658773493));
#44430=DIRECTION('',(0.,-3.06128628880177E-15,-1.));
#44440=VECTOR('',#44430,1.);
#44450=LINE('',#44420,#44440);
#44460=CARTESIAN_POINT('',(-2.24,-1.14999999999992,0.789999999999992));
#44470=VERTEX_POINT('',#44460);
#44480=CARTESIAN_POINT('',(-2.24,-1.14999999999992,0.450000000000017));
#44490=VERTEX_POINT('',#44480);
#44500=EDGE_CURVE('',#44470,#44490,#44450,.T.);
#44510=ORIENTED_EDGE('',*,*,#44500,.F.);
#44520=CARTESIAN_POINT('',(11.0275,-1.14999999999992,0.450000000000017))
;
#44530=DIRECTION('',(1.,0.,0.));
#44540=VECTOR('',#44530,1.);
#44550=LINE('',#44520,#44540);
#44560=CARTESIAN_POINT('',(-2.09000000000001,-1.14999999999992,
0.450000000000017));
#44570=VERTEX_POINT('',#44560);
#44580=EDGE_CURVE('',#44490,#44570,#44550,.T.);
#44590=ORIENTED_EDGE('',*,*,#44580,.F.);
#44600=CARTESIAN_POINT('',(-2.09000000000001,-1.14999999999992,
0.882985658773493));
#44610=DIRECTION('',(-5.91645678915759E-31,-2.93882565341954E-15,-1.));
#44620=VECTOR('',#44610,1.);
#44630=LINE('',#44600,#44620);
#44640=CARTESIAN_POINT('',(-2.09000000000001,-1.14999999999992,
0.789999999999992));
#44650=VERTEX_POINT('',#44640);
#44660=EDGE_CURVE('',#44650,#44570,#44630,.T.);
#44670=ORIENTED_EDGE('',*,*,#44660,.T.);
#44680=CARTESIAN_POINT('',(8.6275,-1.14999999999992,0.789999999999992));
#44690=DIRECTION('',(-1.,0.,0.));
#44700=VECTOR('',#44690,1.);
#44710=LINE('',#44680,#44700);
#44720=EDGE_CURVE('',#44650,#44470,#44710,.T.);
#44730=ORIENTED_EDGE('',*,*,#44720,.F.);
#44740=EDGE_LOOP('',(#44730,#44670,#44590,#44510));
#44750=FACE_BOUND('',#44740,.T.);
#44760=ADVANCED_FACE('',(#44410,#44750),#44250,.T.);
#44770=CARTESIAN_POINT('',(-2.25,-0.949999999999923,0.180000000000019));
#44780=DIRECTION('',(0.,-1.,1.22460635382238E-16));
#44790=DIRECTION('',(0.,-1.22460635382238E-16,-1.));
#44800=AXIS2_PLACEMENT_3D('',#44770,#44780,#44790);
#44810=PLANE('',#44800);
#44820=ORIENTED_EDGE('',*,*,#1090,.F.);
#44830=ORIENTED_EDGE('',*,*,#7010,.F.);
#44840=ORIENTED_EDGE('',*,*,#7320,.F.);
#44850=CARTESIAN_POINT('',(1.73500000000002,-0.949999999999924,
0.029999999999855));
#44860=DIRECTION('',(-1.,0.,0.));
#44870=VECTOR('',#44860,1.);
#44880=LINE('',#44850,#44870);
#44890=EDGE_CURVE('',#7250,#43630,#44880,.T.);
#44900=ORIENTED_EDGE('',*,*,#44890,.F.);
#44910=ORIENTED_EDGE('',*,*,#43640,.F.);
#44920=CARTESIAN_POINT('',(-2.25,-0.949999999999923,0.180000000000019));
#44930=DIRECTION('',(-1.,0.,0.));
#44940=VECTOR('',#44930,1.);
#44950=LINE('',#44920,#44940);
#44960=EDGE_CURVE('',#1080,#43550,#44950,.T.);
#44970=ORIENTED_EDGE('',*,*,#44960,.T.);
#44980=EDGE_LOOP('',(#44970,#44910,#44900,#44840,#44830,#44820));
#44990=FACE_OUTER_BOUND('',#44980,.T.);
#45000=ADVANCED_FACE('',(#44990),#44810,.T.);
#45010=CARTESIAN_POINT('',(-1.56,-2.09999999999991,0.280000000000057));
#45020=DIRECTION('',(0.,-0.,1.));
#45030=DIRECTION('',(0.,1.,0.));
#45040=AXIS2_PLACEMENT_3D('',#45010,#45020,#45030);
#45050=PLANE('',#45040);
#45060=ORIENTED_EDGE('',*,*,#2290,.F.);
#45070=ORIENTED_EDGE('',*,*,#1900,.F.);
#45080=CARTESIAN_POINT('',(11.0275,-2.09999999999991,0.280000000000001))
;
#45090=DIRECTION('',(-1.,0.,0.));
#45100=VECTOR('',#45090,1.);
#45110=LINE('',#45080,#45100);
#45120=EDGE_CURVE('',#1810,#2510,#45110,.T.);
#45130=ORIENTED_EDGE('',*,*,#45120,.F.);
#45140=ORIENTED_EDGE('',*,*,#2520,.T.);
#45150=EDGE_LOOP('',(#45140,#45130,#45070,#45060));
#45160=FACE_OUTER_BOUND('',#45150,.T.);
#45170=ADVANCED_FACE('',(#45160),#45050,.T.);
#45180=CARTESIAN_POINT('',(-2.05499999999999,-1.97499999999993,
0.565000000000018));
#45190=DIRECTION('',(0.707106781186549,0.707106781186546,0.));
#45200=DIRECTION('',(0.707106781186546,-0.707106781186549,0.));
#45210=AXIS2_PLACEMENT_3D('',#45180,#45190,#45200);
#45220=PLANE('',#45210);
#45230=CARTESIAN_POINT('',(-2.02999999999999,-1.99999999999993,
-1.94382799999998));
#45240=DIRECTION('',(0.,0.,-1.));
#45250=VECTOR('',#45240,1.);
#45260=LINE('',#45230,#45250);
#45270=CARTESIAN_POINT('',(-2.02999999999999,-1.99999999999993,
0.900000000000018));
#45280=VERTEX_POINT('',#45270);
#45290=EDGE_CURVE('',#45280,#840,#45260,.T.);
#45300=ORIENTED_EDGE('',*,*,#45290,.F.);
#45310=ORIENTED_EDGE('',*,*,#850,.T.);
#45320=ORIENTED_EDGE('',*,*,#43930,.F.);
#45330=CARTESIAN_POINT('',(-3.26980842652782,-0.760191573472085,
0.900000000000018));
#45340=DIRECTION('',(0.707106781186546,-0.707106781186549,0.));
#45350=VECTOR('',#45340,1.);
#45360=LINE('',#45330,#45350);
#45370=EDGE_CURVE('',#43920,#45280,#45360,.T.);
#45380=ORIENTED_EDGE('',*,*,#45370,.F.);
#45390=EDGE_LOOP('',(#45380,#45320,#45310,#45300));
#45400=FACE_OUTER_BOUND('',#45390,.T.);
#45410=ADVANCED_FACE('',(#45400),#45220,.F.);
#45420=CARTESIAN_POINT('',(-2.23,-1.84999999999992,0.0500000000000111));
#45430=DIRECTION('',(0.,-0.707106781186749,-0.707106781186347));
#45440=DIRECTION('',(0.,0.707106781186347,-0.707106781186749));
#45450=AXIS2_PLACEMENT_3D('',#45420,#45430,#45440);
#45460=PLANE('',#45450);
#45470=CARTESIAN_POINT('',(-2.09000000000001,-1.79999999999994,
2.22044604925031E-16));
#45480=DIRECTION('',(-8.6592745707169E-17,-0.707106781186347,
0.707106781186749));
#45490=VECTOR('',#45480,1.);
#45500=LINE('',#45470,#45490);
#45510=CARTESIAN_POINT('',(-2.09000000000001,-1.79999999999994,
2.22044604925031E-16));
#45520=VERTEX_POINT('',#45510);
#45530=CARTESIAN_POINT('',(-2.09000000000001,-1.84999999999992,
0.0500000000000116));
#45540=VERTEX_POINT('',#45530);
#45550=EDGE_CURVE('',#45520,#45540,#45500,.T.);
#45560=ORIENTED_EDGE('',*,*,#45550,.T.);
#45570=CARTESIAN_POINT('',(-2.09000000000001,-1.79999999999994,
2.22044604925031E-16));
#45580=DIRECTION('',(-1.,1.22460635382238E-16,0.));
#45590=VECTOR('',#45580,1.);
#45600=LINE('',#45570,#45590);
#45610=CARTESIAN_POINT('',(-2.24,-1.79999999999994,3.33066907387547E-16)
);
#45620=VERTEX_POINT('',#45610);
#45630=EDGE_CURVE('',#45520,#45620,#45600,.T.);
#45640=ORIENTED_EDGE('',*,*,#45630,.F.);
#45650=CARTESIAN_POINT('',(-2.24,-2.68298565877293,0.882985658773493));
#45660=DIRECTION('',(0.,0.707106781186347,-0.707106781186749));
#45670=VECTOR('',#45660,1.);
#45680=LINE('',#45650,#45670);
#45690=CARTESIAN_POINT('',(-2.24,-1.84999999999992,0.0500000000000111));
#45700=VERTEX_POINT('',#45690);
#45710=EDGE_CURVE('',#45700,#45620,#45680,.T.);
#45720=ORIENTED_EDGE('',*,*,#45710,.T.);
#45730=CARTESIAN_POINT('',(-2.23,-1.84999999999992,0.0500000000000111));
#45740=DIRECTION('',(-1.,0.,0.));
#45750=VECTOR('',#45740,1.);
#45760=LINE('',#45730,#45750);
#45770=EDGE_CURVE('',#45540,#45700,#45760,.T.);
#45780=ORIENTED_EDGE('',*,*,#45770,.T.);
#45790=EDGE_LOOP('',(#45780,#45720,#45640,#45560));
#45800=FACE_OUTER_BOUND('',#45790,.T.);
#45810=ADVANCED_FACE('',(#45800),#45460,.T.);
#45820=CARTESIAN_POINT('',(-2.23,-1.89999999999993,0.0900000000000036));
#45830=DIRECTION('',(-1.,0.,0.));
#45840=DIRECTION('',(0.,-1.,0.));
#45850=AXIS2_PLACEMENT_3D('',#45820,#45830,#45840);
#45860=CYLINDRICAL_SURFACE('',#45850,0.0500000000000114);
#45870=CARTESIAN_POINT('',(-2.09000000000001,-1.89999999999993,
0.0900000000000036));
#45880=DIRECTION('',(-1.,1.22460635382238E-16,0.));
#45890=DIRECTION('',(-1.22460635382238E-16,-1.,0.));
#45900=AXIS2_PLACEMENT_3D('',#45870,#45880,#45890);
#45910=CIRCLE('',#45900,0.0500000000000114);
#45920=CARTESIAN_POINT('',(-2.09000000000001,-1.89999999999993,
0.140000000000015));
#45930=VERTEX_POINT('',#45920);
#45940=CARTESIAN_POINT('',(-2.09000000000001,-1.84999999999992,
0.0900000000000036));
#45950=VERTEX_POINT('',#45940);
#45960=EDGE_CURVE('',#45930,#45950,#45910,.T.);
#45970=ORIENTED_EDGE('',*,*,#45960,.F.);
#45980=CARTESIAN_POINT('',(-2.23,-1.84999999999992,0.0900000000000036));
#45990=DIRECTION('',(-1.,0.,0.));
#46000=VECTOR('',#45990,1.);
#46010=LINE('',#45980,#46000);
#46020=CARTESIAN_POINT('',(-2.24,-1.84999999999992,0.0900000000000036));
#46030=VERTEX_POINT('',#46020);
#46040=EDGE_CURVE('',#45950,#46030,#46010,.T.);
#46050=ORIENTED_EDGE('',*,*,#46040,.F.);
#46060=CARTESIAN_POINT('',(-2.24,-1.89999999999993,0.0900000000000036));
#46070=DIRECTION('',(-1.,0.,0.));
#46080=DIRECTION('',(0.,-1.,0.));
#46090=AXIS2_PLACEMENT_3D('',#46060,#46070,#46080);
#46100=CIRCLE('',#46090,0.0500000000000114);
#46110=CARTESIAN_POINT('',(-2.24,-1.89999999999993,0.140000000000015));
#46120=VERTEX_POINT('',#46110);
#46130=EDGE_CURVE('',#46120,#46030,#46100,.T.);
#46140=ORIENTED_EDGE('',*,*,#46130,.T.);
#46150=CARTESIAN_POINT('',(-2.09000000000001,-1.89999999999993,
0.140000000000015));
#46160=DIRECTION('',(-1.,1.22460635382238E-16,0.));
#46170=VECTOR('',#46160,1.);
#46180=LINE('',#46150,#46170);
#46190=EDGE_CURVE('',#45930,#46120,#46180,.T.);
#46200=ORIENTED_EDGE('',*,*,#46190,.T.);
#46210=EDGE_LOOP('',(#46200,#46140,#46050,#45970));
#46220=FACE_OUTER_BOUND('',#46210,.T.);
#46230=ADVANCED_FACE('',(#46220),#45860,.F.);
#46240=CARTESIAN_POINT('',(-2.09000000000001,-1.24999999999993,
0.0699999999999934));
#46250=DIRECTION('',(1.22460635382238E-16,1.,-0.));
#46260=DIRECTION('',(0.,0.,1.));
#46270=AXIS2_PLACEMENT_3D('',#46240,#46250,#46260);
#46280=PLANE('',#46270);
#46290=CARTESIAN_POINT('',(-2.23,-1.24999999999993,0.400000000000006));
#46300=DIRECTION('',(-1.,0.,0.));
#46310=VECTOR('',#46300,1.);
#46320=LINE('',#46290,#46310);
#46330=CARTESIAN_POINT('',(-2.09000000000001,-1.24999999999993,
0.400000000000006));
#46340=VERTEX_POINT('',#46330);
#46350=CARTESIAN_POINT('',(-2.24,-1.24999999999993,0.400000000000006));
#46360=VERTEX_POINT('',#46350);
#46370=EDGE_CURVE('',#46340,#46360,#46320,.T.);
#46380=ORIENTED_EDGE('',*,*,#46370,.F.);
#46390=CARTESIAN_POINT('',(-2.24,-1.24999999999993,0.882985658773493));
#46400=DIRECTION('',(0.,0.,1.));
#46410=VECTOR('',#46400,1.);
#46420=LINE('',#46390,#46410);
#46430=CARTESIAN_POINT('',(-2.24,-1.24999999999993,0.0699999999999934));
#46440=VERTEX_POINT('',#46430);
#46450=EDGE_CURVE('',#46440,#46360,#46420,.T.);
#46460=ORIENTED_EDGE('',*,*,#46450,.T.);
#46470=CARTESIAN_POINT('',(-2.09000000000001,-1.24999999999993,
0.0699999999999934));
#46480=DIRECTION('',(-1.,1.22460635382238E-16,0.));
#46490=VECTOR('',#46480,1.);
#46500=LINE('',#46470,#46490);
#46510=CARTESIAN_POINT('',(-2.09000000000001,-1.24999999999993,
0.0699999999999934));
#46520=VERTEX_POINT('',#46510);
#46530=EDGE_CURVE('',#46520,#46440,#46500,.T.);
#46540=ORIENTED_EDGE('',*,*,#46530,.T.);
#46550=CARTESIAN_POINT('',(-2.09000000000001,-1.24999999999993,
0.0699999999999934));
#46560=DIRECTION('',(0.,0.,1.));
#46570=VECTOR('',#46560,1.);
#46580=LINE('',#46550,#46570);
#46590=EDGE_CURVE('',#46520,#46340,#46580,.T.);
#46600=ORIENTED_EDGE('',*,*,#46590,.F.);
#46610=EDGE_LOOP('',(#46600,#46540,#46460,#46380));
#46620=FACE_OUTER_BOUND('',#46610,.T.);
#46630=ADVANCED_FACE('',(#46620),#46280,.T.);
#46640=CARTESIAN_POINT('',(-2.09000000000001,-1.29999999999994,
0.0699999999999934));
#46650=DIRECTION('',(-1.,1.22460635382238E-16,0.));
#46660=DIRECTION('',(-1.22460635382238E-16,-1.,0.));
#46670=AXIS2_PLACEMENT_3D('',#46640,#46650,#46660);
#46680=CYLINDRICAL_SURFACE('',#46670,0.0500000000000114);
#46690=ORIENTED_EDGE('',*,*,#46530,.F.);
#46700=CARTESIAN_POINT('',(-2.24,-1.29999999999994,0.0699999999999934));
#46710=DIRECTION('',(-1.,0.,0.));
#46720=DIRECTION('',(0.,-1.,0.));
#46730=AXIS2_PLACEMENT_3D('',#46700,#46710,#46720);
#46740=CIRCLE('',#46730,0.0500000000000114);
#46750=CARTESIAN_POINT('',(-2.24,-1.29800557106232,0.0200397933029993));
#46760=VERTEX_POINT('',#46750);
#46770=EDGE_CURVE('',#46440,#46760,#46740,.T.);
#46780=ORIENTED_EDGE('',*,*,#46770,.F.);
#46790=CARTESIAN_POINT('',(-2.23,-1.29800557106232,0.0200397933029993));
#46800=DIRECTION('',(-1.,0.,0.));
#46810=VECTOR('',#46800,1.);
#46820=LINE('',#46790,#46810);
#46830=CARTESIAN_POINT('',(-2.09000000000001,-1.29800557106232,
0.0200397933029992));
#46840=VERTEX_POINT('',#46830);
#46850=EDGE_CURVE('',#46840,#46760,#46820,.T.);
#46860=ORIENTED_EDGE('',*,*,#46850,.T.);
#46870=CARTESIAN_POINT('',(-2.09000000000001,-1.29999999999994,
0.0699999999999934));
#46880=DIRECTION('',(-1.,1.22460635382238E-16,0.));
#46890=DIRECTION('',(-1.22460635382238E-16,-1.,0.));
#46900=AXIS2_PLACEMENT_3D('',#46870,#46880,#46890);
#46910=CIRCLE('',#46900,0.0500000000000114);
#46920=EDGE_CURVE('',#46520,#46840,#46910,.T.);
#46930=ORIENTED_EDGE('',*,*,#46920,.T.);
#46940=EDGE_LOOP('',(#46930,#46860,#46780,#46690));
#46950=FACE_OUTER_BOUND('',#46940,.T.);
#46960=ADVANCED_FACE('',(#46950),#46680,.T.);
#46970=CARTESIAN_POINT('',(-2.09000000000001,-1.79999999999994,
2.22044604925031E-16));
#46980=DIRECTION('',(4.88478069844969E-18,0.0398885787518803,
-0.999204133941186));
#46990=DIRECTION('',(1.22363173118996E-16,0.999204133941186,
0.0398885787518803));
#47000=AXIS2_PLACEMENT_3D('',#46970,#46980,#46990);
#47010=PLANE('',#47000);
#47020=ORIENTED_EDGE('',*,*,#46850,.F.);
#47030=CARTESIAN_POINT('',(-2.24,-0.760191573472085,0.0415095163235851))
;
#47040=DIRECTION('',(0.,0.999204133941186,0.0398885787518803));
#47050=VECTOR('',#47040,1.);
#47060=LINE('',#47030,#47050);
#47070=EDGE_CURVE('',#45620,#46760,#47060,.T.);
#47080=ORIENTED_EDGE('',*,*,#47070,.T.);
#47090=ORIENTED_EDGE('',*,*,#45630,.T.);
#47100=CARTESIAN_POINT('',(-2.09000000000001,-1.29800557106232,
0.0200397933029992));
#47110=DIRECTION('',(-1.22363173118996E-16,-0.999204133941186,
-0.0398885787518803));
#47120=VECTOR('',#47110,1.);
#47130=LINE('',#47100,#47120);
#47140=EDGE_CURVE('',#46840,#45520,#47130,.T.);
#47150=ORIENTED_EDGE('',*,*,#47140,.T.);
#47160=EDGE_LOOP('',(#47150,#47090,#47080,#47020));
#47170=FACE_OUTER_BOUND('',#47160,.T.);
#47180=ADVANCED_FACE('',(#47170),#47010,.T.);
#47190=CARTESIAN_POINT('',(-2.23,-1.97999999999992,0.490000000000009));
#47200=DIRECTION('',(0.,0.,-1.));
#47210=DIRECTION('',(0.,1.,0.));
#47220=AXIS2_PLACEMENT_3D('',#47190,#47200,#47210);
#47230=PLANE('',#47220);
#47240=CARTESIAN_POINT('',(-2.09000000000001,-1.89999999999993,
0.490000000000009));
#47250=DIRECTION('',(-1.22460635382238E-16,-1.,0.));
#47260=VECTOR('',#47250,1.);
#47270=LINE('',#47240,#47260);
#47280=CARTESIAN_POINT('',(-2.09000000000001,-1.89999999999993,
0.490000000000009));
#47290=VERTEX_POINT('',#47280);
#47300=CARTESIAN_POINT('',(-2.09000000000001,-1.97999999999992,
0.490000000000009));
#47310=VERTEX_POINT('',#47300);
#47320=EDGE_CURVE('',#47290,#47310,#47270,.T.);
#47330=ORIENTED_EDGE('',*,*,#47320,.T.);
#47340=CARTESIAN_POINT('',(-2.09000000000001,-1.89999999999993,
0.490000000000009));
#47350=DIRECTION('',(-1.,1.22460635382238E-16,0.));
#47360=VECTOR('',#47350,1.);
#47370=LINE('',#47340,#47360);
#47380=CARTESIAN_POINT('',(-2.24,-1.89999999999993,0.490000000000009));
#47390=VERTEX_POINT('',#47380);
#47400=EDGE_CURVE('',#47290,#47390,#47370,.T.);
#47410=ORIENTED_EDGE('',*,*,#47400,.F.);
#47420=CARTESIAN_POINT('',(-2.24,-0.760191573472085,0.490000000000009));
#47430=DIRECTION('',(0.,1.,0.));
#47440=VECTOR('',#47430,1.);
#47450=LINE('',#47420,#47440);
#47460=CARTESIAN_POINT('',(-2.24,-1.97999999999992,0.490000000000009));
#47470=VERTEX_POINT('',#47460);
#47480=EDGE_CURVE('',#47470,#47390,#47450,.T.);
#47490=ORIENTED_EDGE('',*,*,#47480,.T.);
#47500=CARTESIAN_POINT('',(-2.23,-1.97999999999992,0.490000000000009));
#47510=DIRECTION('',(-1.,0.,0.));
#47520=VECTOR('',#47510,1.);
#47530=LINE('',#47500,#47520);
#47540=EDGE_CURVE('',#47310,#47470,#47530,.T.);
#47550=ORIENTED_EDGE('',*,*,#47540,.T.);
#47560=EDGE_LOOP('',(#47550,#47490,#47410,#47330));
#47570=FACE_OUTER_BOUND('',#47560,.T.);
#47580=ADVANCED_FACE('',(#47570),#47230,.T.);
#47590=CARTESIAN_POINT('',(-2.23,-1.89999999999993,0.390000000000015));
#47600=DIRECTION('',(-1.,0.,0.));
#47610=DIRECTION('',(0.,-1.,0.));
#47620=AXIS2_PLACEMENT_3D('',#47590,#47600,#47610);
#47630=CYLINDRICAL_SURFACE('',#47620,0.0500000000000114);
#47640=CARTESIAN_POINT('',(-2.09000000000001,-1.89999999999993,
0.390000000000015));
#47650=DIRECTION('',(-1.,1.22460635382238E-16,0.));
#47660=DIRECTION('',(-1.22460635382238E-16,-1.,0.));
#47670=AXIS2_PLACEMENT_3D('',#47640,#47650,#47660);
#47680=CIRCLE('',#47670,0.0500000000000114);
#47690=CARTESIAN_POINT('',(-2.09000000000001,-1.84999999999992,
0.390000000000015));
#47700=VERTEX_POINT('',#47690);
#47710=CARTESIAN_POINT('',(-2.09000000000001,-1.89999999999993,
0.340000000000004));
#47720=VERTEX_POINT('',#47710);
#47730=EDGE_CURVE('',#47700,#47720,#47680,.T.);
#47740=ORIENTED_EDGE('',*,*,#47730,.F.);
#47750=CARTESIAN_POINT('',(-2.09000000000001,-1.89999999999993,
0.340000000000004));
#47760=DIRECTION('',(-1.,1.22460635382238E-16,0.));
#47770=VECTOR('',#47760,1.);
#47780=LINE('',#47750,#47770);
#47790=CARTESIAN_POINT('',(-2.24,-1.89999999999993,0.340000000000004));
#47800=VERTEX_POINT('',#47790);
#47810=EDGE_CURVE('',#47720,#47800,#47780,.T.);
#47820=ORIENTED_EDGE('',*,*,#47810,.F.);
#47830=CARTESIAN_POINT('',(-2.24,-1.89999999999993,0.390000000000015));
#47840=DIRECTION('',(-1.,0.,0.));
#47850=DIRECTION('',(0.,-1.,0.));
#47860=AXIS2_PLACEMENT_3D('',#47830,#47840,#47850);
#47870=CIRCLE('',#47860,0.0500000000000114);
#47880=CARTESIAN_POINT('',(-2.24,-1.84999999999992,0.390000000000015));
#47890=VERTEX_POINT('',#47880);
#47900=EDGE_CURVE('',#47890,#47800,#47870,.T.);
#47910=ORIENTED_EDGE('',*,*,#47900,.T.);
#47920=CARTESIAN_POINT('',(-2.23,-1.84999999999992,0.390000000000015));
#47930=DIRECTION('',(-1.,0.,0.));
#47940=VECTOR('',#47930,1.);
#47950=LINE('',#47920,#47940);
#47960=EDGE_CURVE('',#47700,#47890,#47950,.T.);
#47970=ORIENTED_EDGE('',*,*,#47960,.T.);
#47980=EDGE_LOOP('',(#47970,#47910,#47820,#47740));
#47990=FACE_OUTER_BOUND('',#47980,.T.);
#48000=ADVANCED_FACE('',(#47990),#47630,.F.);
#48010=CARTESIAN_POINT('',(-2.24,-1.64848383501189,0.584748750340919));
#48020=DIRECTION('',(-1.,0.,0.));
#48030=DIRECTION('',(0.,-1.,0.));
#48040=AXIS2_PLACEMENT_3D('',#48010,#48020,#48030);
#48050=PLANE('',#48040);
#48060=ORIENTED_EDGE('',*,*,#46770,.T.);
#48070=ORIENTED_EDGE('',*,*,#46450,.F.);
#48080=CARTESIAN_POINT('',(-2.24,-1.19999999999992,0.400000000000006));
#48090=DIRECTION('',(-1.,0.,0.));
#48100=DIRECTION('',(0.,-1.,0.));
#48110=AXIS2_PLACEMENT_3D('',#48080,#48090,#48100);
#48120=CIRCLE('',#48110,0.0500000000000114);
#48130=CARTESIAN_POINT('',(-2.24,-1.19999999999992,0.450000000000017));
#48140=VERTEX_POINT('',#48130);
#48150=EDGE_CURVE('',#46360,#48140,#48120,.T.);
#48160=ORIENTED_EDGE('',*,*,#48150,.F.);
#48170=CARTESIAN_POINT('',(-2.24,-0.760191573472085,0.450000000000017));
#48180=DIRECTION('',(0.,1.,0.));
#48190=VECTOR('',#48180,1.);
#48200=LINE('',#48170,#48190);
#48210=EDGE_CURVE('',#48140,#44490,#48200,.T.);
#48220=ORIENTED_EDGE('',*,*,#48210,.F.);
#48230=ORIENTED_EDGE('',*,*,#44500,.T.);
#48240=CARTESIAN_POINT('',(-2.24,-0.760191573472085,0.789999999999992));
#48250=DIRECTION('',(0.,-1.,0.));
#48260=VECTOR('',#48250,1.);
#48270=LINE('',#48240,#48260);
#48280=CARTESIAN_POINT('',(-2.24,-1.97999999999992,0.789999999999992));
#48290=VERTEX_POINT('',#48280);
#48300=EDGE_CURVE('',#44470,#48290,#48270,.T.);
#48310=ORIENTED_EDGE('',*,*,#48300,.F.);
#48320=CARTESIAN_POINT('',(-2.24,-1.97999999999992,0.882985658773493));
#48330=DIRECTION('',(0.,0.,-1.));
#48340=VECTOR('',#48330,1.);
#48350=LINE('',#48320,#48340);
#48360=EDGE_CURVE('',#48290,#47470,#48350,.T.);
#48370=ORIENTED_EDGE('',*,*,#48360,.F.);
#48380=ORIENTED_EDGE('',*,*,#47480,.F.);
#48390=CARTESIAN_POINT('',(-2.24,-1.89999999999993,0.439999999999998));
#48400=DIRECTION('',(-1.,0.,0.));
#48410=DIRECTION('',(0.,-1.,0.));
#48420=AXIS2_PLACEMENT_3D('',#48390,#48400,#48410);
#48430=CIRCLE('',#48420,0.0500000000000114);
#48440=CARTESIAN_POINT('',(-2.24,-1.84999999999992,0.439999999999998));
#48450=VERTEX_POINT('',#48440);
#48460=EDGE_CURVE('',#47390,#48450,#48430,.T.);
#48470=ORIENTED_EDGE('',*,*,#48460,.F.);
#48480=CARTESIAN_POINT('',(-2.24,-1.84999999999992,0.882985658773493));
#48490=DIRECTION('',(0.,0.,-1.));
#48500=VECTOR('',#48490,1.);
#48510=LINE('',#48480,#48500);
#48520=EDGE_CURVE('',#48450,#47890,#48510,.T.);
#48530=ORIENTED_EDGE('',*,*,#48520,.F.);
#48540=ORIENTED_EDGE('',*,*,#47900,.F.);
#48550=CARTESIAN_POINT('',(-2.24,-1.89999999999993,0.882985658773493));
#48560=DIRECTION('',(0.,0.,-1.));
#48570=VECTOR('',#48560,1.);
#48580=LINE('',#48550,#48570);
#48590=EDGE_CURVE('',#47800,#46120,#48580,.T.);
#48600=ORIENTED_EDGE('',*,*,#48590,.F.);
#48610=ORIENTED_EDGE('',*,*,#46130,.F.);
#48620=CARTESIAN_POINT('',(-2.24,-1.84999999999992,0.882985658773493));
#48630=DIRECTION('',(0.,0.,-1.));
#48640=VECTOR('',#48630,1.);
#48650=LINE('',#48620,#48640);
#48660=EDGE_CURVE('',#46030,#45700,#48650,.T.);
#48670=ORIENTED_EDGE('',*,*,#48660,.F.);
#48680=ORIENTED_EDGE('',*,*,#45710,.F.);
#48690=ORIENTED_EDGE('',*,*,#47070,.F.);
#48700=EDGE_LOOP('',(#48690,#48680,#48670,#48610,#48600,#48540,#48530,
#48470,#48380,#48370,#48310,#48230,#48220,#48160,#48070,#48060));
#48710=FACE_OUTER_BOUND('',#48700,.T.);
#48720=ADVANCED_FACE('',(#48710),#48050,.T.);
#48730=CARTESIAN_POINT('',(-2.09000000000001,-1.89999999999993,
0.340000000000004));
#48740=DIRECTION('',(-1.22460635382238E-16,-1.,-0.));
#48750=DIRECTION('',(0.,0.,-1.));
#48760=AXIS2_PLACEMENT_3D('',#48730,#48740,#48750);
#48770=PLANE('',#48760);
#48780=ORIENTED_EDGE('',*,*,#46190,.F.);
#48790=ORIENTED_EDGE('',*,*,#48590,.T.);
#48800=ORIENTED_EDGE('',*,*,#47810,.T.);
#48810=CARTESIAN_POINT('',(-2.09000000000001,-1.89999999999993,
0.140000000000015));
#48820=DIRECTION('',(0.,0.,1.));
#48830=VECTOR('',#48820,1.);
#48840=LINE('',#48810,#48830);
#48850=EDGE_CURVE('',#45930,#47720,#48840,.T.);
#48860=ORIENTED_EDGE('',*,*,#48850,.T.);
#48870=EDGE_LOOP('',(#48860,#48800,#48790,#48780));
#48880=FACE_OUTER_BOUND('',#48870,.T.);
#48890=ADVANCED_FACE('',(#48880),#48770,.T.);
#48900=CARTESIAN_POINT('',(-2.23,-1.84999999999992,0.0900000000000036));
#48910=DIRECTION('',(0.,-1.,0.));
#48920=DIRECTION('',(0.,0.,-1.));
#48930=AXIS2_PLACEMENT_3D('',#48900,#48910,#48920);
#48940=PLANE('',#48930);
#48950=CARTESIAN_POINT('',(-2.09000000000001,-1.84999999999992,
0.0900000000000036));
#48960=DIRECTION('',(0.,0.,-1.));
#48970=VECTOR('',#48960,1.);
#48980=LINE('',#48950,#48970);
#48990=EDGE_CURVE('',#45950,#45540,#48980,.T.);
#49000=ORIENTED_EDGE('',*,*,#48990,.F.);
#49010=ORIENTED_EDGE('',*,*,#45770,.F.);
#49020=ORIENTED_EDGE('',*,*,#48660,.T.);
#49030=ORIENTED_EDGE('',*,*,#46040,.T.);
#49040=EDGE_LOOP('',(#49030,#49020,#49010,#49000));
#49050=FACE_OUTER_BOUND('',#49040,.T.);
#49060=ADVANCED_FACE('',(#49050),#48940,.T.);
#49070=CARTESIAN_POINT('',(-2.09000000000001,-1.84999999999992,
0.439999999999998));
#49080=DIRECTION('',(-1.22460635382238E-16,-1.,-0.));
#49090=DIRECTION('',(0.,0.,-1.));
#49100=AXIS2_PLACEMENT_3D('',#49070,#49080,#49090);
#49110=PLANE('',#49100);
#49120=ORIENTED_EDGE('',*,*,#47960,.F.);
#49130=ORIENTED_EDGE('',*,*,#48520,.T.);
#49140=CARTESIAN_POINT('',(-2.09000000000001,-1.84999999999992,
0.439999999999998));
#49150=DIRECTION('',(-1.,1.22460635382238E-16,0.));
#49160=VECTOR('',#49150,1.);
#49170=LINE('',#49140,#49160);
#49180=CARTESIAN_POINT('',(-2.09000000000001,-1.84999999999992,
0.439999999999998));
#49190=VERTEX_POINT('',#49180);
#49200=EDGE_CURVE('',#49190,#48450,#49170,.T.);
#49210=ORIENTED_EDGE('',*,*,#49200,.T.);
#49220=CARTESIAN_POINT('',(-2.09000000000001,-1.84999999999992,
0.439999999999998));
#49230=DIRECTION('',(0.,0.,-1.));
#49240=VECTOR('',#49230,1.);
#49250=LINE('',#49220,#49240);
#49260=EDGE_CURVE('',#49190,#47700,#49250,.T.);
#49270=ORIENTED_EDGE('',*,*,#49260,.F.);
#49280=EDGE_LOOP('',(#49270,#49210,#49130,#49120));
#49290=FACE_OUTER_BOUND('',#49280,.T.);
#49300=ADVANCED_FACE('',(#49290),#49110,.T.);
#49310=CARTESIAN_POINT('',(-2.09000000000001,-1.89999999999993,
0.439999999999998));
#49320=DIRECTION('',(-1.,1.22460635382238E-16,0.));
#49330=DIRECTION('',(-1.22460635382238E-16,-1.,0.));
#49340=AXIS2_PLACEMENT_3D('',#49310,#49320,#49330);
#49350=CYLINDRICAL_SURFACE('',#49340,0.0500000000000114);
#49360=ORIENTED_EDGE('',*,*,#49200,.F.);
#49370=ORIENTED_EDGE('',*,*,#48460,.T.);
#49380=ORIENTED_EDGE('',*,*,#47400,.T.);
#49390=CARTESIAN_POINT('',(-2.09000000000001,-1.89999999999993,
0.439999999999998));
#49400=DIRECTION('',(-1.,1.22460635382238E-16,0.));
#49410=DIRECTION('',(-1.22460635382238E-16,-1.,0.));
#49420=AXIS2_PLACEMENT_3D('',#49390,#49400,#49410);
#49430=CIRCLE('',#49420,0.0500000000000114);
#49440=EDGE_CURVE('',#47290,#49190,#49430,.T.);
#49450=ORIENTED_EDGE('',*,*,#49440,.F.);
#49460=EDGE_LOOP('',(#49450,#49380,#49370,#49360));
#49470=FACE_OUTER_BOUND('',#49460,.T.);
#49480=ADVANCED_FACE('',(#49470),#49350,.F.);
#49490=CARTESIAN_POINT('',(-2.23,-1.19999999999992,0.400000000000006));
#49500=DIRECTION('',(-1.,0.,0.));
#49510=DIRECTION('',(0.,-1.,0.));
#49520=AXIS2_PLACEMENT_3D('',#49490,#49500,#49510);
#49530=CYLINDRICAL_SURFACE('',#49520,0.0500000000000114);
#49540=CARTESIAN_POINT('',(-2.09000000000001,-1.19999999999992,
0.400000000000006));
#49550=DIRECTION('',(-1.,1.22460635382238E-16,0.));
#49560=DIRECTION('',(-1.22460635382238E-16,-1.,0.));
#49570=AXIS2_PLACEMENT_3D('',#49540,#49550,#49560);
#49580=CIRCLE('',#49570,0.0500000000000114);
#49590=CARTESIAN_POINT('',(-2.09000000000001,-1.19999999999992,
0.450000000000017));
#49600=VERTEX_POINT('',#49590);
#49610=EDGE_CURVE('',#46340,#49600,#49580,.T.);
#49620=ORIENTED_EDGE('',*,*,#49610,.F.);
#49630=CARTESIAN_POINT('',(-2.09000000000001,-1.19999999999992,
0.450000000000017));
#49640=DIRECTION('',(-1.,1.22460635382238E-16,0.));
#49650=VECTOR('',#49640,1.);
#49660=LINE('',#49630,#49650);
#49670=EDGE_CURVE('',#49600,#48140,#49660,.T.);
#49680=ORIENTED_EDGE('',*,*,#49670,.F.);
#49690=ORIENTED_EDGE('',*,*,#48150,.T.);
#49700=ORIENTED_EDGE('',*,*,#46370,.T.);
#49710=EDGE_LOOP('',(#49700,#49690,#49680,#49620));
#49720=FACE_OUTER_BOUND('',#49710,.T.);
#49730=ADVANCED_FACE('',(#49720),#49530,.F.);
#49740=CARTESIAN_POINT('',(-2.09000000000001,-1.97999999999992,
0.789999999999992));
#49750=DIRECTION('',(-1.22460635382238E-16,-1.,-0.));
#49760=DIRECTION('',(0.,0.,-1.));
#49770=AXIS2_PLACEMENT_3D('',#49740,#49750,#49760);
#49780=PLANE('',#49770);
#49790=ORIENTED_EDGE('',*,*,#47540,.F.);
#49800=ORIENTED_EDGE('',*,*,#48360,.T.);
#49810=CARTESIAN_POINT('',(-2.09000000000001,-1.97999999999992,
0.789999999999992));
#49820=DIRECTION('',(-1.,1.22460635382238E-16,0.));
#49830=VECTOR('',#49820,1.);
#49840=LINE('',#49810,#49830);
#49850=CARTESIAN_POINT('',(-2.09000000000001,-1.97999999999992,
0.789999999999992));
#49860=VERTEX_POINT('',#49850);
#49870=EDGE_CURVE('',#49860,#48290,#49840,.T.);
#49880=ORIENTED_EDGE('',*,*,#49870,.T.);
#49890=CARTESIAN_POINT('',(-2.09000000000001,-1.97999999999992,
0.490000000000009));
#49900=DIRECTION('',(0.,0.,1.));
#49910=VECTOR('',#49900,1.);
#49920=LINE('',#49890,#49910);
#49930=EDGE_CURVE('',#47310,#49860,#49920,.T.);
#49940=ORIENTED_EDGE('',*,*,#49930,.T.);
#49950=EDGE_LOOP('',(#49940,#49880,#49800,#49790));
#49960=FACE_OUTER_BOUND('',#49950,.T.);
#49970=ADVANCED_FACE('',(#49960),#49780,.T.);
#49980=CARTESIAN_POINT('',(-2.08999999999999,146.833017125,
-175.638131905));
#49990=DIRECTION('',(-1.,1.22460635382238E-16,0.));
#50000=DIRECTION('',(-1.22460635382238E-16,-1.,0.));
#50010=AXIS2_PLACEMENT_3D('',#49980,#49990,#50000);
#50020=PLANE('',#50010);
#50030=CARTESIAN_POINT('',(-2.09000000000001,-1.19999999999992,
0.450000000000017));
#50040=DIRECTION('',(1.22460635382238E-16,1.,0.));
#50050=VECTOR('',#50040,1.);
#50060=LINE('',#50030,#50050);
#50070=EDGE_CURVE('',#49600,#44570,#50060,.T.);
#50080=ORIENTED_EDGE('',*,*,#50070,.T.);
#50090=ORIENTED_EDGE('',*,*,#49610,.T.);
#50100=ORIENTED_EDGE('',*,*,#46590,.T.);
#50110=ORIENTED_EDGE('',*,*,#46920,.F.);
#50120=ORIENTED_EDGE('',*,*,#47140,.F.);
#50130=ORIENTED_EDGE('',*,*,#45550,.F.);
#50140=ORIENTED_EDGE('',*,*,#48990,.T.);
#50150=ORIENTED_EDGE('',*,*,#45960,.T.);
#50160=ORIENTED_EDGE('',*,*,#48850,.F.);
#50170=ORIENTED_EDGE('',*,*,#47730,.T.);
#50180=ORIENTED_EDGE('',*,*,#49260,.T.);
#50190=ORIENTED_EDGE('',*,*,#49440,.T.);
#50200=ORIENTED_EDGE('',*,*,#47320,.F.);
#50210=ORIENTED_EDGE('',*,*,#49930,.F.);
#50220=CARTESIAN_POINT('',(-2.09000000000001,-1.97999999999992,
0.789999999999992));
#50230=DIRECTION('',(1.22460635382238E-16,1.,0.));
#50240=VECTOR('',#50230,1.);
#50250=LINE('',#50220,#50240);
#50260=EDGE_CURVE('',#49860,#44650,#50250,.T.);
#50270=ORIENTED_EDGE('',*,*,#50260,.F.);
#50280=ORIENTED_EDGE('',*,*,#44660,.F.);
#50290=EDGE_LOOP('',(#50280,#50270,#50210,#50200,#50190,#50180,#50170,
#50160,#50150,#50140,#50130,#50120,#50110,#50100,#50090,#50080));
#50300=FACE_OUTER_BOUND('',#50290,.T.);
#50310=ADVANCED_FACE('',(#50300),#50020,.F.);
#50320=CARTESIAN_POINT('',(-2.09000000000001,0.850000000000065,
0.789999999999992));
#50330=DIRECTION('',(0.,0.,1.));
#50340=DIRECTION('',(-1.22460635382238E-16,-1.,0.));
#50350=AXIS2_PLACEMENT_3D('',#50320,#50330,#50340);
#50360=PLANE('',#50350);
#50370=ORIENTED_EDGE('',*,*,#48300,.T.);
#50380=ORIENTED_EDGE('',*,*,#44720,.T.);
#50390=ORIENTED_EDGE('',*,*,#50260,.T.);
#50400=ORIENTED_EDGE('',*,*,#49870,.F.);
#50410=EDGE_LOOP('',(#50400,#50390,#50380,#50370));
#50420=FACE_OUTER_BOUND('',#50410,.T.);
#50430=ADVANCED_FACE('',(#50420),#50360,.T.);
#50440=CARTESIAN_POINT('',(-2.25,-1.14999999999992,0.270000000000019));
#50450=DIRECTION('',(0.,-0.410364677328797,-0.911921505175107));
#50460=DIRECTION('',(0.,0.911921505175107,-0.410364677328797));
#50470=AXIS2_PLACEMENT_3D('',#50440,#50450,#50460);
#50480=PLANE('',#50470);
#50490=ORIENTED_EDGE('',*,*,#44020,.T.);
#50500=ORIENTED_EDGE('',*,*,#44960,.F.);
#50510=ORIENTED_EDGE('',*,*,#43560,.F.);
#50520=ORIENTED_EDGE('',*,*,#44310,.T.);
#50530=EDGE_LOOP('',(#50520,#50510,#50500,#50490));
#50540=FACE_OUTER_BOUND('',#50530,.T.);
#50550=ADVANCED_FACE('',(#50540),#50480,.T.);
#50560=CARTESIAN_POINT('',(-1.5725,-0.886719841853748,0.842066555672065)
);
#50570=DIRECTION('',(-1.,0.,0.));
#50580=DIRECTION('',(0.,-1.,0.));
#50590=AXIS2_PLACEMENT_3D('',#50560,#50570,#50580);
#50600=PLANE('',#50590);
#50610=CARTESIAN_POINT('',(-1.5725,-0.229999999999926,0.882985658773493)
);
#50620=DIRECTION('',(0.,0.,1.));
#50630=VECTOR('',#50620,1.);
#50640=LINE('',#50610,#50630);
#50650=CARTESIAN_POINT('',(-1.5725,-0.229999999999926,0.900000000000018)
);
#50660=VERTEX_POINT('',#50650);
#50670=EDGE_CURVE('',#14650,#50660,#50640,.T.);
#50680=ORIENTED_EDGE('',*,*,#50670,.F.);
#50690=CARTESIAN_POINT('',(-1.5725,-0.760191573472085,0.900000000000018)
);
#50700=DIRECTION('',(0.,1.,0.));
#50710=VECTOR('',#50700,1.);
#50720=LINE('',#50690,#50710);
#50730=EDGE_CURVE('',#50660,#9480,#50720,.T.);
#50740=ORIENTED_EDGE('',*,*,#50730,.F.);
#50750=ORIENTED_EDGE('',*,*,#9490,.T.);
#50760=ORIENTED_EDGE('',*,*,#14720,.T.);
#50770=EDGE_LOOP('',(#50760,#50750,#50740,#50680));
#50780=FACE_OUTER_BOUND('',#50770,.T.);
#50790=ADVANCED_FACE('',(#50780),#50600,.F.);
#50800=CARTESIAN_POINT('',(-2.23,-1.19999999999992,0.450000000000017));
#50810=DIRECTION('',(0.,0.,-1.));
#50820=DIRECTION('',(0.,1.,0.));
#50830=AXIS2_PLACEMENT_3D('',#50800,#50810,#50820);
#50840=PLANE('',#50830);
#50850=ORIENTED_EDGE('',*,*,#50070,.F.);
#50860=ORIENTED_EDGE('',*,*,#44580,.T.);
#50870=ORIENTED_EDGE('',*,*,#48210,.T.);
#50880=ORIENTED_EDGE('',*,*,#49670,.T.);
#50890=EDGE_LOOP('',(#50880,#50870,#50860,#50850));
#50900=FACE_OUTER_BOUND('',#50890,.T.);
#50910=ADVANCED_FACE('',(#50900),#50840,.T.);
#50920=CARTESIAN_POINT('',(-0.659999999999993,0.820000000000078,
-3.12416759129519E-13));
#50930=DIRECTION('',(0.,-1.,0.));
#50940=DIRECTION('',(0.,0.,1.));
#50950=AXIS2_PLACEMENT_3D('',#50920,#50930,#50940);
#50960=PLANE('',#50950);
#50970=CARTESIAN_POINT('',(-0.539999999999994,0.820000000000121,
0.882985658773493));
#50980=DIRECTION('',(0.,0.,-1.));
#50990=VECTOR('',#50980,1.);
#51000=LINE('',#50970,#50990);
#51010=CARTESIAN_POINT('',(-0.539999999999994,0.820000000000121,
0.0299999999997106));
#51020=VERTEX_POINT('',#51010);
#51030=EDGE_CURVE('',#51020,#7480,#51000,.T.);
#51040=ORIENTED_EDGE('',*,*,#51030,.F.);
#51050=ORIENTED_EDGE('',*,*,#7510,.F.);
#51060=CARTESIAN_POINT('',(-0.659999999999995,0.820000000000121,
0.882985658773493));
#51070=DIRECTION('',(0.,0.,1.));
#51080=VECTOR('',#51070,1.);
#51090=LINE('',#51060,#51080);
#51100=CARTESIAN_POINT('',(-0.659999999999995,0.820000000000121,
0.0299999999997106));
#51110=VERTEX_POINT('',#51100);
#51120=EDGE_CURVE('',#7500,#51110,#51090,.T.);
#51130=ORIENTED_EDGE('',*,*,#51120,.F.);
#51140=CARTESIAN_POINT('',(11.0275,0.820000000000121,0.0299999999997106)
);
#51150=DIRECTION('',(-1.,0.,0.));
#51160=VECTOR('',#51150,1.);
#51170=LINE('',#51140,#51160);
#51180=EDGE_CURVE('',#51020,#51110,#51170,.T.);
#51190=ORIENTED_EDGE('',*,*,#51180,.T.);
#51200=EDGE_LOOP('',(#51190,#51130,#51050,#51040));
#51210=FACE_OUTER_BOUND('',#51200,.T.);
#51220=ADVANCED_FACE('',(#51210),#50960,.T.);
#51230=CARTESIAN_POINT('',(-1.56,-2.09999999999991,0.13000000000008));
#51240=DIRECTION('',(0.,-1.,0.));
#51250=DIRECTION('',(0.,0.,1.));
#51260=AXIS2_PLACEMENT_3D('',#51230,#51240,#51250);
#51270=PLANE('',#51260);
#51280=ORIENTED_EDGE('',*,*,#45120,.T.);
#51290=ORIENTED_EDGE('',*,*,#1820,.F.);
#51300=CARTESIAN_POINT('',(-1.56,-2.09999999999992,0.130000000000165));
#51310=DIRECTION('',(1.,0.,0.));
#51320=VECTOR('',#51310,1.);
#51330=LINE('',#51300,#51320);
#51340=EDGE_CURVE('',#2590,#1730,#51330,.T.);
#51350=ORIENTED_EDGE('',*,*,#51340,.T.);
#51360=ORIENTED_EDGE('',*,*,#2600,.T.);
#51370=EDGE_LOOP('',(#51360,#51350,#51290,#51280));
#51380=FACE_OUTER_BOUND('',#51370,.T.);
#51390=ADVANCED_FACE('',(#51380),#51270,.T.);
#51400=CARTESIAN_POINT('',(-1.56,-2.09999999999992,0.0800000000000682));
#51410=DIRECTION('',(1.,0.,0.));
#51420=DIRECTION('',(0.,1.,0.));
#51430=AXIS2_PLACEMENT_3D('',#51400,#51410,#51420);
#51440=CYLINDRICAL_SURFACE('',#51430,0.0500000000000966);
#51450=ORIENTED_EDGE('',*,*,#51340,.F.);
#51460=ORIENTED_EDGE('',*,*,#1740,.T.);
#51470=ORIENTED_EDGE('',*,*,#3290,.T.);
#51480=ORIENTED_EDGE('',*,*,#2690,.F.);
#51490=EDGE_LOOP('',(#51480,#51470,#51460,#51450));
#51500=FACE_OUTER_BOUND('',#51490,.T.);
#51510=ADVANCED_FACE('',(#51500),#51440,.F.);
#51520=CARTESIAN_POINT('',(-2.23,0.998778329963123,0.701013305205392));
#51530=DIRECTION('',(-1.,0.,0.));
#51540=DIRECTION('',(0.,-1.,0.));
#51550=AXIS2_PLACEMENT_3D('',#51520,#51530,#51540);
#51560=PLANE('',#51550);
#51570=CARTESIAN_POINT('',(-2.23,0.699999999999922,0.409999999999662));
#51580=DIRECTION('',(1.,0.,0.));
#51590=DIRECTION('',(0.,1.,-1.22460635382238E-16));
#51600=AXIS2_PLACEMENT_3D('',#51570,#51580,#51590);
#51610=CIRCLE('',#51600,0.1);
#51620=EDGE_CURVE('',#11390,#25910,#51610,.T.);
#51630=ORIENTED_EDGE('',*,*,#51620,.F.);
#51640=ORIENTED_EDGE('',*,*,#25920,.F.);
#51650=ORIENTED_EDGE('',*,*,#5310,.F.);
#51660=ORIENTED_EDGE('',*,*,#27670,.F.);
#51670=ORIENTED_EDGE('',*,*,#28120,.F.);
#51680=CARTESIAN_POINT('',(-2.23,2.09999999999992,0.882985658773493));
#51690=DIRECTION('',(0.,-1.22460635382238E-16,-1.));
#51700=VECTOR('',#51690,1.);
#51710=LINE('',#51680,#51700);
#51720=CARTESIAN_POINT('',(-2.23,2.09999999999992,0.849999999999661));
#51730=VERTEX_POINT('',#51720);
#51740=EDGE_CURVE('',#51730,#28050,#51710,.T.);
#51750=ORIENTED_EDGE('',*,*,#51740,.T.);
#51760=CARTESIAN_POINT('',(-2.23,-0.760191573472085,0.849999999999661));
#51770=DIRECTION('',(0.,1.,0.));
#51780=VECTOR('',#51770,1.);
#51790=LINE('',#51760,#51780);
#51800=EDGE_CURVE('',#31840,#51730,#51790,.T.);
#51810=ORIENTED_EDGE('',*,*,#51800,.T.);
#51820=ORIENTED_EDGE('',*,*,#31850,.T.);
#51830=ORIENTED_EDGE('',*,*,#11480,.T.);
#51840=EDGE_LOOP('',(#51830,#51820,#51810,#51750,#51670,#51660,#51650,
#51640,#51630));
#51850=FACE_OUTER_BOUND('',#51840,.T.);
#51860=ADVANCED_FACE('',(#51850),#51560,.T.);
#51870=ORIENTED_EDGE('',*,*,#5910,.T.);
#51880=CARTESIAN_POINT('',(-0.539999999999994,1.25000000000004,
0.882985658773493));
#51890=DIRECTION('',(0.,0.,1.));
#51900=VECTOR('',#51890,1.);
#51910=LINE('',#51880,#51900);
#51920=EDGE_CURVE('',#8840,#5820,#51910,.T.);
#51930=ORIENTED_EDGE('',*,*,#51920,.T.);
#51940=ORIENTED_EDGE('',*,*,#8850,.T.);
#51950=ORIENTED_EDGE('',*,*,#8530,.F.);
#51960=ORIENTED_EDGE('',*,*,#8210,.T.);
#51970=ORIENTED_EDGE('',*,*,#7900,.T.);
#51980=ORIENTED_EDGE('',*,*,#7590,.T.);
#51990=ORIENTED_EDGE('',*,*,#51030,.T.);
#52000=CARTESIAN_POINT('',(-0.539999999999997,-0.760191573472085,
0.0299999999998402));
#52010=DIRECTION('',(0.,-1.,8.19714666514907E-14));
#52020=VECTOR('',#52010,1.);
#52030=LINE('',#52000,#52020);
#52040=CARTESIAN_POINT('',(-0.539999999999997,1.00000000000007,
0.0299999999996958));
#52050=VERTEX_POINT('',#52040);
#52060=EDGE_CURVE('',#52050,#51020,#52030,.T.);
#52070=ORIENTED_EDGE('',*,*,#52060,.T.);
#52080=CARTESIAN_POINT('',(-0.539999999999997,1.00000000000007,
0.882985658773493));
#52090=DIRECTION('',(0.,0.,-1.));
#52100=VECTOR('',#52090,1.);
#52110=LINE('',#52080,#52100);
#52120=EDGE_CURVE('',#5900,#52050,#52110,.T.);
#52130=ORIENTED_EDGE('',*,*,#52120,.T.);
#52140=EDGE_LOOP('',(#52130,#52070,#51990,#51980,#51970,#51960,#51950,
#51940,#51930,#51870));
#52150=FACE_OUTER_BOUND('',#52140,.T.);
#52160=ADVANCED_FACE('',(#52150),#38310,.T.);
#52170=CARTESIAN_POINT('',(-0.0599999999999934,0.820000000000078,
-3.12416759129519E-13));
#52180=DIRECTION('',(0.,-1.,0.));
#52190=DIRECTION('',(0.,0.,1.));
#52200=AXIS2_PLACEMENT_3D('',#52170,#52180,#52190);
#52210=PLANE('',#52200);
#52220=CARTESIAN_POINT('',(0.0600000000000058,0.820000000000121,
0.882985658773493));
#52230=DIRECTION('',(0.,0.,-1.));
#52240=VECTOR('',#52230,1.);
#52250=LINE('',#52220,#52240);
#52260=CARTESIAN_POINT('',(0.0600000000000058,0.820000000000121,
0.0299999999997106));
#52270=VERTEX_POINT('',#52260);
#52280=CARTESIAN_POINT('',(0.0600000000000058,0.820000000000121,
-3.40838468559923E-13));
#52290=VERTEX_POINT('',#52280);
#52300=EDGE_CURVE('',#52270,#52290,#52250,.T.);
#52310=ORIENTED_EDGE('',*,*,#52300,.F.);
#52320=CARTESIAN_POINT('',(11.0275,0.820000000000121,
-3.40838468559923E-13));
#52330=DIRECTION('',(-1.,0.,0.));
#52340=VECTOR('',#52330,1.);
#52350=LINE('',#52320,#52340);
#52360=CARTESIAN_POINT('',(-0.0599999999999952,0.820000000000121,
-3.40838468559923E-13));
#52370=VERTEX_POINT('',#52360);
#52380=EDGE_CURVE('',#52290,#52370,#52350,.T.);
#52390=ORIENTED_EDGE('',*,*,#52380,.F.);
#52400=CARTESIAN_POINT('',(-0.0599999999999952,0.820000000000121,
0.882985658773493));
#52410=DIRECTION('',(0.,0.,1.));
#52420=VECTOR('',#52410,1.);
#52430=LINE('',#52400,#52420);
#52440=CARTESIAN_POINT('',(-0.0599999999999952,0.820000000000121,
0.0299999999997106));
#52450=VERTEX_POINT('',#52440);
#52460=EDGE_CURVE('',#52370,#52450,#52430,.T.);
#52470=ORIENTED_EDGE('',*,*,#52460,.F.);
#52480=CARTESIAN_POINT('',(11.0275,0.820000000000121,0.0299999999997106)
);
#52490=DIRECTION('',(-1.,0.,0.));
#52500=VECTOR('',#52490,1.);
#52510=LINE('',#52480,#52500);
#52520=EDGE_CURVE('',#52270,#52450,#52510,.T.);
#52530=ORIENTED_EDGE('',*,*,#52520,.T.);
#52540=EDGE_LOOP('',(#52530,#52470,#52390,#52310));
#52550=FACE_OUTER_BOUND('',#52540,.T.);
#52560=ADVANCED_FACE('',(#52550),#52210,.T.);
#52570=CARTESIAN_POINT('',(-0.0599999999999934,1.15000000000002,
0.0499999999996421));
#52580=DIRECTION('',(0.,0.707106781186749,-0.707106781186347));
#52590=DIRECTION('',(0.,-0.707106781186347,-0.707106781186749));
#52600=AXIS2_PLACEMENT_3D('',#52570,#52580,#52590);
#52610=PLANE('',#52600);
#52620=CARTESIAN_POINT('',(11.0275,1.10000000000007,
-3.40838468559923E-13));
#52630=DIRECTION('',(-1.,0.,0.));
#52640=VECTOR('',#52630,1.);
#52650=LINE('',#52620,#52640);
#52660=CARTESIAN_POINT('',(0.0600000000000058,1.10000000000004,
-3.40838468559923E-13));
#52670=VERTEX_POINT('',#52660);
#52680=CARTESIAN_POINT('',(-0.0599999999999952,1.10000000000004,
-3.40838468559923E-13));
#52690=VERTEX_POINT('',#52680);
#52700=EDGE_CURVE('',#52670,#52690,#52650,.T.);
#52710=ORIENTED_EDGE('',*,*,#52700,.T.);
#52720=CARTESIAN_POINT('',(0.0600000000000058,1.98298565877337,
0.882985658773493));
#52730=DIRECTION('',(0.,0.707106781186347,0.707106781186749));
#52740=VECTOR('',#52730,1.);
#52750=LINE('',#52720,#52740);
#52760=CARTESIAN_POINT('',(0.0600000000000058,1.15000000000001,
0.0499999999996562));
#52770=VERTEX_POINT('',#52760);
#52780=EDGE_CURVE('',#52670,#52770,#52750,.T.);
#52790=ORIENTED_EDGE('',*,*,#52780,.F.);
#52800=CARTESIAN_POINT('',(11.0275,1.15000000000001,0.0499999999996564))
;
#52810=DIRECTION('',(-1.,0.,0.));
#52820=VECTOR('',#52810,1.);
#52830=LINE('',#52800,#52820);
#52840=CARTESIAN_POINT('',(-0.0599999999999952,1.15000000000002,
0.0499999999996704));
#52850=VERTEX_POINT('',#52840);
#52860=EDGE_CURVE('',#52770,#52850,#52830,.T.);
#52870=ORIENTED_EDGE('',*,*,#52860,.F.);
#52880=CARTESIAN_POINT('',(-0.0599999999999952,1.98298565877337,
0.882985658773493));
#52890=DIRECTION('',(0.,-0.707106781186347,-0.707106781186749));
#52900=VECTOR('',#52890,1.);
#52910=LINE('',#52880,#52900);
#52920=EDGE_CURVE('',#52850,#52690,#52910,.T.);
#52930=ORIENTED_EDGE('',*,*,#52920,.F.);
#52940=EDGE_LOOP('',(#52930,#52870,#52790,#52710));
#52950=FACE_OUTER_BOUND('',#52940,.T.);
#52960=ADVANCED_FACE('',(#52950),#52610,.T.);
#52970=CARTESIAN_POINT('',(-0.0599999999999934,1.15000000000001,
0.109999999999673));
#52980=DIRECTION('',(0.,1.,0.));
#52990=DIRECTION('',(0.,0.,-1.));
#53000=AXIS2_PLACEMENT_3D('',#52970,#52980,#52990);
#53010=PLANE('',#53000);
#53020=ORIENTED_EDGE('',*,*,#52860,.T.);
#53030=CARTESIAN_POINT('',(0.0600000000000058,1.15000000000002,
0.882985658773493));
#53040=DIRECTION('',(0.,0.,1.));
#53050=VECTOR('',#53040,1.);
#53060=LINE('',#53030,#53050);
#53070=CARTESIAN_POINT('',(0.0600000000000058,1.14999999999991,
0.109999999999701));
#53080=VERTEX_POINT('',#53070);
#53090=EDGE_CURVE('',#52770,#53080,#53060,.T.);
#53100=ORIENTED_EDGE('',*,*,#53090,.F.);
#53110=CARTESIAN_POINT('',(-0.0599999999999934,1.14999999999991,
0.109999999999701));
#53120=DIRECTION('',(1.,0.,0.));
#53130=VECTOR('',#53120,1.);
#53140=LINE('',#53110,#53130);
#53150=CARTESIAN_POINT('',(-0.0599999999999952,1.14999999999991,
0.109999999999701));
#53160=VERTEX_POINT('',#53150);
#53170=EDGE_CURVE('',#53160,#53080,#53140,.T.);
#53180=ORIENTED_EDGE('',*,*,#53170,.T.);
#53190=CARTESIAN_POINT('',(-0.0599999999999952,1.15000000000002,
0.882985658773493));
#53200=DIRECTION('',(0.,0.,-1.));
#53210=VECTOR('',#53200,1.);
#53220=LINE('',#53190,#53210);
#53230=EDGE_CURVE('',#53160,#52850,#53220,.T.);
#53240=ORIENTED_EDGE('',*,*,#53230,.F.);
#53250=EDGE_LOOP('',(#53240,#53180,#53100,#53020));
#53260=FACE_OUTER_BOUND('',#53250,.T.);
#53270=ADVANCED_FACE('',(#53260),#53010,.T.);
#53280=CARTESIAN_POINT('',(-0.0599999999999934,1.19999999999992,
0.109999999999701));
#53290=DIRECTION('',(1.,0.,0.));
#53300=DIRECTION('',(0.,1.,0.));
#53310=AXIS2_PLACEMENT_3D('',#53280,#53290,#53300);
#53320=CYLINDRICAL_SURFACE('',#53310,0.0500000000000114);
#53330=ORIENTED_EDGE('',*,*,#53170,.F.);
#53340=CARTESIAN_POINT('',(0.0600000000000058,1.19999999999992,
0.109999999999673));
#53350=DIRECTION('',(1.,0.,0.));
#53360=DIRECTION('',(0.,1.,0.));
#53370=AXIS2_PLACEMENT_3D('',#53340,#53350,#53360);
#53380=CIRCLE('',#53370,0.0500000000000114);
#53390=CARTESIAN_POINT('',(0.0600000000000041,1.19999999999992,
0.159999999999684));
#53400=VERTEX_POINT('',#53390);
#53410=EDGE_CURVE('',#53400,#53080,#53380,.T.);
#53420=ORIENTED_EDGE('',*,*,#53410,.T.);
#53430=CARTESIAN_POINT('',(-0.0599999999999952,1.19999999999992,
0.159999999999684));
#53440=DIRECTION('',(1.,0.,0.));
#53450=VECTOR('',#53440,1.);
#53460=LINE('',#53430,#53450);
#53470=CARTESIAN_POINT('',(-0.0599999999999952,1.19999999999992,
0.159999999999684));
#53480=VERTEX_POINT('',#53470);
#53490=EDGE_CURVE('',#53480,#53400,#53460,.T.);
#53500=ORIENTED_EDGE('',*,*,#53490,.T.);
#53510=CARTESIAN_POINT('',(-0.0599999999999952,1.19999999999992,
0.109999999999673));
#53520=DIRECTION('',(1.,0.,0.));
#53530=DIRECTION('',(0.,1.,0.));
#53540=AXIS2_PLACEMENT_3D('',#53510,#53520,#53530);
#53550=CIRCLE('',#53540,0.0500000000000114);
#53560=EDGE_CURVE('',#53480,#53160,#53550,.T.);
#53570=ORIENTED_EDGE('',*,*,#53560,.F.);
#53580=EDGE_LOOP('',(#53570,#53500,#53420,#53330));
#53590=FACE_OUTER_BOUND('',#53580,.T.);
#53600=ADVANCED_FACE('',(#53590),#53320,.F.);
#53610=CARTESIAN_POINT('',(-0.0599999999999934,1.25000000000003,
0.159999999999713));
#53620=DIRECTION('',(-0.,-0.,-1.));
#53630=DIRECTION('',(0.,-1.,0.));
#53640=AXIS2_PLACEMENT_3D('',#53610,#53620,#53630);
#53650=PLANE('',#53640);
#53660=ORIENTED_EDGE('',*,*,#53490,.F.);
#53670=CARTESIAN_POINT('',(0.0600000000000058,-0.760191573472085,
0.159999999999684));
#53680=DIRECTION('',(0.,1.,0.));
#53690=VECTOR('',#53680,1.);
#53700=LINE('',#53670,#53690);
#53710=CARTESIAN_POINT('',(0.0600000000000058,1.25000000000004,
0.159999999999684));
#53720=VERTEX_POINT('',#53710);
#53730=EDGE_CURVE('',#53400,#53720,#53700,.T.);
#53740=ORIENTED_EDGE('',*,*,#53730,.F.);
#53750=CARTESIAN_POINT('',(11.0275,1.25000000000004,0.159999999999684));
#53760=DIRECTION('',(-1.,0.,0.));
#53770=VECTOR('',#53760,1.);
#53780=LINE('',#53750,#53770);
#53790=CARTESIAN_POINT('',(-0.0599999999999952,1.25000000000004,
0.159999999999684));
#53800=VERTEX_POINT('',#53790);
#53810=EDGE_CURVE('',#53720,#53800,#53780,.T.);
#53820=ORIENTED_EDGE('',*,*,#53810,.F.);
#53830=CARTESIAN_POINT('',(-0.0599999999999952,-0.760191573472085,
0.159999999999684));
#53840=DIRECTION('',(0.,-1.,0.));
#53850=VECTOR('',#53840,1.);
#53860=LINE('',#53830,#53850);
#53870=EDGE_CURVE('',#53800,#53480,#53860,.T.);
#53880=ORIENTED_EDGE('',*,*,#53870,.F.);
#53890=EDGE_LOOP('',(#53880,#53820,#53740,#53660));
#53900=FACE_OUTER_BOUND('',#53890,.T.);
#53910=ADVANCED_FACE('',(#53900),#53650,.T.);
#53920=CARTESIAN_POINT('',(-0.0599999999999934,1.25000000000004,
0.359999999999644));
#53930=DIRECTION('',(0.,1.,0.));
#53940=DIRECTION('',(0.,0.,-1.));
#53950=AXIS2_PLACEMENT_3D('',#53920,#53930,#53940);
#53960=PLANE('',#53950);
#53970=ORIENTED_EDGE('',*,*,#53810,.T.);
#53980=CARTESIAN_POINT('',(0.0600000000000058,1.25000000000004,
0.882985658773493));
#53990=DIRECTION('',(0.,0.,1.));
#54000=VECTOR('',#53990,1.);
#54010=LINE('',#53980,#54000);
#54020=EDGE_CURVE('',#53720,#6100,#54010,.T.);
#54030=ORIENTED_EDGE('',*,*,#54020,.F.);
#54040=ORIENTED_EDGE('',*,*,#6110,.T.);
#54050=CARTESIAN_POINT('',(-0.0599999999999952,1.25000000000004,
0.882985658773493));
#54060=DIRECTION('',(0.,0.,-1.));
#54070=VECTOR('',#54060,1.);
#54080=LINE('',#54050,#54070);
#54090=EDGE_CURVE('',#6020,#53800,#54080,.T.);
#54100=ORIENTED_EDGE('',*,*,#54090,.F.);
#54110=EDGE_LOOP('',(#54100,#54040,#54030,#53970));
#54120=FACE_OUTER_BOUND('',#54110,.T.);
#54130=ADVANCED_FACE('',(#54120),#53960,.T.);
#54140=CARTESIAN_POINT('',(-0.0599999999999952,-0.760191573472085,
0.0299999999998402));
#54150=DIRECTION('',(0.,-1.,8.19714666514907E-14));
#54160=VECTOR('',#54150,1.);
#54170=LINE('',#54140,#54160);
#54180=CARTESIAN_POINT('',(-0.0599999999999952,1.00000000000007,
0.0299999999996958));
#54190=VERTEX_POINT('',#54180);
#54200=EDGE_CURVE('',#54190,#52450,#54170,.T.);
#54210=ORIENTED_EDGE('',*,*,#54200,.F.);
#54220=ORIENTED_EDGE('',*,*,#52460,.T.);
#54230=CARTESIAN_POINT('',(-0.0599999999999952,-0.760191573472085,
-3.40838468559923E-13));
#54240=DIRECTION('',(0.,-1.,0.));
#54250=VECTOR('',#54240,1.);
#54260=LINE('',#54230,#54250);
#54270=EDGE_CURVE('',#52690,#52370,#54260,.T.);
#54280=ORIENTED_EDGE('',*,*,#54270,.T.);
#54290=ORIENTED_EDGE('',*,*,#52920,.T.);
#54300=ORIENTED_EDGE('',*,*,#53230,.T.);
#54310=ORIENTED_EDGE('',*,*,#53560,.T.);
#54320=ORIENTED_EDGE('',*,*,#53870,.T.);
#54330=ORIENTED_EDGE('',*,*,#54090,.T.);
#54340=ORIENTED_EDGE('',*,*,#6030,.F.);
#54350=CARTESIAN_POINT('',(-0.0599999999999952,1.00000000000007,
0.882985658773493));
#54360=DIRECTION('',(0.,0.,1.));
#54370=VECTOR('',#54360,1.);
#54380=LINE('',#54350,#54370);
#54390=EDGE_CURVE('',#54190,#5940,#54380,.T.);
#54400=ORIENTED_EDGE('',*,*,#54390,.T.);
#54410=EDGE_LOOP('',(#54400,#54340,#54330,#54320,#54310,#54300,#54290,
#54280,#54220,#54210));
#54420=FACE_OUTER_BOUND('',#54410,.T.);
#54430=ADVANCED_FACE('',(#54420),#41450,.F.);
#54440=CARTESIAN_POINT('',(-0.0599999999999934,1.10000000000004,
-3.40838468559923E-13));
#54450=DIRECTION('',(-0.,-0.,-1.));
#54460=DIRECTION('',(0.,-1.,0.));
#54470=AXIS2_PLACEMENT_3D('',#54440,#54450,#54460);
#54480=PLANE('',#54470);
#54490=ORIENTED_EDGE('',*,*,#52380,.T.);
#54500=CARTESIAN_POINT('',(0.0600000000000058,-0.760191573472085,
-3.40838468559923E-13));
#54510=DIRECTION('',(0.,1.,0.));
#54520=VECTOR('',#54510,1.);
#54530=LINE('',#54500,#54520);
#54540=EDGE_CURVE('',#52290,#52670,#54530,.T.);
#54550=ORIENTED_EDGE('',*,*,#54540,.F.);
#54560=ORIENTED_EDGE('',*,*,#52700,.F.);
#54570=ORIENTED_EDGE('',*,*,#54270,.F.);
#54580=EDGE_LOOP('',(#54570,#54560,#54550,#54490));
#54590=FACE_OUTER_BOUND('',#54580,.T.);
#54600=ADVANCED_FACE('',(#54590),#54480,.T.);
#54610=CARTESIAN_POINT('',(8.84999999999999,1.00000000000007,
0.300000000000017));
#54620=DIRECTION('',(0.,1.,0.));
#54630=DIRECTION('',(0.,0.,1.));
#54640=AXIS2_PLACEMENT_3D('',#54610,#54620,#54630);
#54650=PLANE('',#54640);
#54660=CARTESIAN_POINT('',(-1.9225,1.00000000000007,0.0299999999996958))
;
#54670=DIRECTION('',(-1.,0.,0.));
#54680=VECTOR('',#54670,1.);
#54690=LINE('',#54660,#54680);
#54700=EDGE_CURVE('',#54190,#52050,#54690,.T.);
#54710=ORIENTED_EDGE('',*,*,#54700,.T.);
#54720=ORIENTED_EDGE('',*,*,#54390,.F.);
#54730=ORIENTED_EDGE('',*,*,#5950,.T.);
#54740=ORIENTED_EDGE('',*,*,#52120,.F.);
#54750=EDGE_LOOP('',(#54740,#54730,#54720,#54710));
#54760=FACE_OUTER_BOUND('',#54750,.T.);
#54770=ADVANCED_FACE('',(#54760),#54650,.T.);
#54780=CARTESIAN_POINT('',(-0.659999999999997,-0.760191573472085,
0.0299999999998402));
#54790=DIRECTION('',(0.,-1.,8.19714666514907E-14));
#54800=VECTOR('',#54790,1.);
#54810=LINE('',#54780,#54800);
#54820=CARTESIAN_POINT('',(-0.659999999999997,1.00000000000007,
0.0299999999996958));
#54830=VERTEX_POINT('',#54820);
#54840=EDGE_CURVE('',#54830,#51110,#54810,.T.);
#54850=ORIENTED_EDGE('',*,*,#54840,.F.);
#54860=ORIENTED_EDGE('',*,*,#51120,.T.);
#54870=ORIENTED_EDGE('',*,*,#7730,.T.);
#54880=ORIENTED_EDGE('',*,*,#8040,.T.);
#54890=ORIENTED_EDGE('',*,*,#8350,.T.);
#54900=ORIENTED_EDGE('',*,*,#8680,.T.);
#54910=ORIENTED_EDGE('',*,*,#8990,.T.);
#54920=CARTESIAN_POINT('',(-0.659999999999995,1.25000000000004,
0.882985658773493));
#54930=DIRECTION('',(0.,0.,-1.));
#54940=VECTOR('',#54930,1.);
#54950=LINE('',#54920,#54940);
#54960=EDGE_CURVE('',#5740,#8920,#54950,.T.);
#54970=ORIENTED_EDGE('',*,*,#54960,.T.);
#54980=ORIENTED_EDGE('',*,*,#5750,.F.);
#54990=CARTESIAN_POINT('',(-0.659999999999997,1.00000000000007,
0.882985658773493));
#55000=DIRECTION('',(0.,0.,-1.));
#55010=VECTOR('',#55000,1.);
#55020=LINE('',#54990,#55010);
#55030=EDGE_CURVE('',#5660,#54830,#55020,.T.);
#55040=ORIENTED_EDGE('',*,*,#55030,.F.);
#55050=EDGE_LOOP('',(#55040,#54980,#54970,#54910,#54900,#54890,#54880,
#54870,#54860,#54850));
#55060=FACE_OUTER_BOUND('',#55050,.T.);
#55070=ADVANCED_FACE('',(#55060),#37920,.F.);
#55080=CARTESIAN_POINT('',(-1.14,1.00000000000007,0.0299999999996958));
#55090=VERTEX_POINT('',#55080);
#55100=EDGE_CURVE('',#54830,#55090,#6700,.T.);
#55110=ORIENTED_EDGE('',*,*,#55100,.T.);
#55120=ORIENTED_EDGE('',*,*,#55030,.T.);
#55130=ORIENTED_EDGE('',*,*,#5670,.T.);
#55140=CARTESIAN_POINT('',(-1.14,1.00000000000007,0.882985658773493));
#55150=DIRECTION('',(0.,0.,1.));
#55160=VECTOR('',#55150,1.);
#55170=LINE('',#55140,#55160);
#55180=EDGE_CURVE('',#55090,#5620,#55170,.T.);
#55190=ORIENTED_EDGE('',*,*,#55180,.T.);
#55200=EDGE_LOOP('',(#55190,#55130,#55120,#55110));
#55210=FACE_OUTER_BOUND('',#55200,.T.);
#55220=ADVANCED_FACE('',(#55210),#54650,.T.);
#55230=CARTESIAN_POINT('',(-1.25999999999999,1.25000000000004,
0.359999999999673));
#55240=DIRECTION('',(0.,1.,0.));
#55250=DIRECTION('',(0.,0.,-1.));
#55260=AXIS2_PLACEMENT_3D('',#55230,#55240,#55250);
#55270=PLANE('',#55260);
#55280=CARTESIAN_POINT('',(11.0275,1.25000000000001,0.159999999999684));
#55290=DIRECTION('',(-1.,0.,0.));
#55300=VECTOR('',#55290,1.);
#55310=LINE('',#55280,#55300);
#55320=CARTESIAN_POINT('',(-1.14,1.25000000000001,0.159999999999684));
#55330=VERTEX_POINT('',#55320);
#55340=CARTESIAN_POINT('',(-1.25999999999999,1.25000000000001,
0.159999999999684));
#55350=VERTEX_POINT('',#55340);
#55360=EDGE_CURVE('',#55330,#55350,#55310,.T.);
#55370=ORIENTED_EDGE('',*,*,#55360,.T.);
#55380=CARTESIAN_POINT('',(-1.14,1.25000000000004,0.882985658773493));
#55390=DIRECTION('',(0.,0.,1.));
#55400=VECTOR('',#55390,1.);
#55410=LINE('',#55380,#55400);
#55420=EDGE_CURVE('',#55330,#5540,#55410,.T.);
#55430=ORIENTED_EDGE('',*,*,#55420,.F.);
#55440=ORIENTED_EDGE('',*,*,#5550,.T.);
#55450=CARTESIAN_POINT('',(-1.26,1.25000000000004,0.882985658773493));
#55460=DIRECTION('',(0.,0.,1.));
#55470=VECTOR('',#55460,1.);
#55480=LINE('',#55450,#55470);
#55490=EDGE_CURVE('',#55350,#5460,#55480,.T.);
#55500=ORIENTED_EDGE('',*,*,#55490,.T.);
#55510=EDGE_LOOP('',(#55500,#55440,#55430,#55370));
#55520=FACE_OUTER_BOUND('',#55510,.T.);
#55530=ADVANCED_FACE('',(#55520),#55270,.T.);
#55540=ORIENTED_EDGE('',*,*,#5630,.T.);
#55550=ORIENTED_EDGE('',*,*,#55420,.T.);
#55560=CARTESIAN_POINT('',(-1.14,-0.760191573472085,0.159999999999684));
#55570=DIRECTION('',(0.,1.,0.));
#55580=VECTOR('',#55570,1.);
#55590=LINE('',#55560,#55580);
#55600=CARTESIAN_POINT('',(-1.14,1.19999999999992,0.159999999999684));
#55610=VERTEX_POINT('',#55600);
#55620=EDGE_CURVE('',#55610,#55330,#55590,.T.);
#55630=ORIENTED_EDGE('',*,*,#55620,.T.);
#55640=CARTESIAN_POINT('',(-1.14,1.19999999999992,0.109999999999673));
#55650=DIRECTION('',(1.,0.,0.));
#55660=DIRECTION('',(0.,1.,0.));
#55670=AXIS2_PLACEMENT_3D('',#55640,#55650,#55660);
#55680=CIRCLE('',#55670,0.0500000000000114);
#55690=CARTESIAN_POINT('',(-1.14,1.14999999999991,0.109999999999673));
#55700=VERTEX_POINT('',#55690);
#55710=EDGE_CURVE('',#55610,#55700,#55680,.T.);
#55720=ORIENTED_EDGE('',*,*,#55710,.F.);
#55730=CARTESIAN_POINT('',(-1.14,1.15000000000002,0.882985658773493));
#55740=DIRECTION('',(0.,0.,1.));
#55750=VECTOR('',#55740,1.);
#55760=LINE('',#55730,#55750);
#55770=CARTESIAN_POINT('',(-1.14,1.14999999999998,0.0499999999996279));
#55780=VERTEX_POINT('',#55770);
#55790=EDGE_CURVE('',#55780,#55700,#55760,.T.);
#55800=ORIENTED_EDGE('',*,*,#55790,.T.);
#55810=CARTESIAN_POINT('',(-1.14,1.98298565877337,0.882985658773493));
#55820=DIRECTION('',(0.,0.707106781186347,0.707106781186749));
#55830=VECTOR('',#55820,1.);
#55840=LINE('',#55810,#55830);
#55850=CARTESIAN_POINT('',(-1.14,1.10000000000001,-3.40838468559923E-13)
);
#55860=VERTEX_POINT('',#55850);
#55870=EDGE_CURVE('',#55860,#55780,#55840,.T.);
#55880=ORIENTED_EDGE('',*,*,#55870,.T.);
#55890=CARTESIAN_POINT('',(-1.14,-0.760191573472085,
-3.40838468559923E-13));
#55900=DIRECTION('',(0.,1.,0.));
#55910=VECTOR('',#55900,1.);
#55920=LINE('',#55890,#55910);
#55930=CARTESIAN_POINT('',(-1.14,0.820000000000121,-3.40838468559923E-13
));
#55940=VERTEX_POINT('',#55930);
#55950=EDGE_CURVE('',#55940,#55860,#55920,.T.);
#55960=ORIENTED_EDGE('',*,*,#55950,.T.);
#55970=CARTESIAN_POINT('',(-1.14,0.820000000000121,0.882985658773493));
#55980=DIRECTION('',(0.,0.,-1.));
#55990=VECTOR('',#55980,1.);
#56000=LINE('',#55970,#55990);
#56010=CARTESIAN_POINT('',(-1.14,0.820000000000121,0.0299999999997106));
#56020=VERTEX_POINT('',#56010);
#56030=EDGE_CURVE('',#56020,#55940,#56000,.T.);
#56040=ORIENTED_EDGE('',*,*,#56030,.T.);
#56050=CARTESIAN_POINT('',(-1.14,-0.760191573472085,0.0299999999998402))
;
#56060=DIRECTION('',(0.,-1.,8.19714666514907E-14));
#56070=VECTOR('',#56060,1.);
#56080=LINE('',#56050,#56070);
#56090=EDGE_CURVE('',#55090,#56020,#56080,.T.);
#56100=ORIENTED_EDGE('',*,*,#56090,.T.);
#56110=ORIENTED_EDGE('',*,*,#55180,.F.);
#56120=EDGE_LOOP('',(#56110,#56100,#56040,#55960,#55880,#55800,#55720,
#55630,#55550,#55540));
#56130=FACE_OUTER_BOUND('',#56120,.T.);
#56140=ADVANCED_FACE('',(#56130),#34780,.T.);
#56150=CARTESIAN_POINT('',(-1.25999999999999,1.25000000000004,
0.159999999999684));
#56160=DIRECTION('',(-0.,-0.,-1.));
#56170=DIRECTION('',(0.,-1.,0.));
#56180=AXIS2_PLACEMENT_3D('',#56150,#56160,#56170);
#56190=PLANE('',#56180);
#56200=CARTESIAN_POINT('',(-1.25999999999999,1.19999999999992,
0.159999999999684));
#56210=DIRECTION('',(1.,0.,0.));
#56220=VECTOR('',#56210,1.);
#56230=LINE('',#56200,#56220);
#56240=CARTESIAN_POINT('',(-1.26,1.19999999999992,0.159999999999684));
#56250=VERTEX_POINT('',#56240);
#56260=EDGE_CURVE('',#56250,#55610,#56230,.T.);
#56270=ORIENTED_EDGE('',*,*,#56260,.F.);
#56280=ORIENTED_EDGE('',*,*,#55620,.F.);
#56290=ORIENTED_EDGE('',*,*,#55360,.F.);
#56300=CARTESIAN_POINT('',(-1.26,-0.760191573472085,0.159999999999684));
#56310=DIRECTION('',(0.,1.,0.));
#56320=VECTOR('',#56310,1.);
#56330=LINE('',#56300,#56320);
#56340=EDGE_CURVE('',#56250,#55350,#56330,.T.);
#56350=ORIENTED_EDGE('',*,*,#56340,.T.);
#56360=EDGE_LOOP('',(#56350,#56290,#56280,#56270));
#56370=FACE_OUTER_BOUND('',#56360,.T.);
#56380=ADVANCED_FACE('',(#56370),#56190,.T.);
#56390=CARTESIAN_POINT('',(-1.25999999999999,1.19999999999992,
0.109999999999673));
#56400=DIRECTION('',(1.,0.,0.));
#56410=DIRECTION('',(0.,1.,0.));
#56420=AXIS2_PLACEMENT_3D('',#56390,#56400,#56410);
#56430=CYLINDRICAL_SURFACE('',#56420,0.0500000000000114);
#56440=CARTESIAN_POINT('',(-1.25999999999999,1.14999999999991,
0.109999999999673));
#56450=DIRECTION('',(1.,0.,0.));
#56460=VECTOR('',#56450,1.);
#56470=LINE('',#56440,#56460);
#56480=CARTESIAN_POINT('',(-1.26,1.14999999999991,0.109999999999673));
#56490=VERTEX_POINT('',#56480);
#56500=EDGE_CURVE('',#56490,#55700,#56470,.T.);
#56510=ORIENTED_EDGE('',*,*,#56500,.F.);
#56520=ORIENTED_EDGE('',*,*,#55710,.T.);
#56530=ORIENTED_EDGE('',*,*,#56260,.T.);
#56540=CARTESIAN_POINT('',(-1.26,1.19999999999992,0.109999999999673));
#56550=DIRECTION('',(1.,0.,0.));
#56560=DIRECTION('',(0.,1.,0.));
#56570=AXIS2_PLACEMENT_3D('',#56540,#56550,#56560);
#56580=CIRCLE('',#56570,0.0500000000000114);
#56590=EDGE_CURVE('',#56250,#56490,#56580,.T.);
#56600=ORIENTED_EDGE('',*,*,#56590,.F.);
#56610=EDGE_LOOP('',(#56600,#56530,#56520,#56510));
#56620=FACE_OUTER_BOUND('',#56610,.T.);
#56630=ADVANCED_FACE('',(#56620),#56430,.F.);
#56640=CARTESIAN_POINT('',(-1.25999999999999,-0.760191573472085,
0.0299999999998402));
#56650=DIRECTION('',(0.,-1.,8.19714666514907E-14));
#56660=VECTOR('',#56650,1.);
#56670=LINE('',#56640,#56660);
#56680=CARTESIAN_POINT('',(-1.25999999999999,0.820000000000121,
0.0299999999997106));
#56690=VERTEX_POINT('',#56680);
#56700=EDGE_CURVE('',#6400,#56690,#56670,.T.);
#56710=ORIENTED_EDGE('',*,*,#56700,.F.);
#56720=CARTESIAN_POINT('',(-1.26,0.820000000000121,0.882985658773493));
#56730=DIRECTION('',(0.,0.,-1.));
#56740=VECTOR('',#56730,1.);
#56750=LINE('',#56720,#56740);
#56760=CARTESIAN_POINT('',(-1.25999999999999,0.820000000000121,
-3.40838468559923E-13));
#56770=VERTEX_POINT('',#56760);
#56780=EDGE_CURVE('',#56690,#56770,#56750,.T.);
#56790=ORIENTED_EDGE('',*,*,#56780,.F.);
#56800=CARTESIAN_POINT('',(-1.26,-0.760191573472085,
-3.40838468559923E-13));
#56810=DIRECTION('',(0.,1.,0.));
#56820=VECTOR('',#56810,1.);
#56830=LINE('',#56800,#56820);
#56840=CARTESIAN_POINT('',(-1.25999999999999,1.10000000000004,
-3.40838468559923E-13));
#56850=VERTEX_POINT('',#56840);
#56860=EDGE_CURVE('',#56770,#56850,#56830,.T.);
#56870=ORIENTED_EDGE('',*,*,#56860,.F.);
#56880=CARTESIAN_POINT('',(-1.26,1.98298565877337,0.882985658773493));
#56890=DIRECTION('',(0.,0.707106781186347,0.707106781186749));
#56900=VECTOR('',#56890,1.);
#56910=LINE('',#56880,#56900);
#56920=CARTESIAN_POINT('',(-1.25999999999999,1.14999999999998,
0.0499999999996279));
#56930=VERTEX_POINT('',#56920);
#56940=EDGE_CURVE('',#56850,#56930,#56910,.T.);
#56950=ORIENTED_EDGE('',*,*,#56940,.F.);
#56960=CARTESIAN_POINT('',(-1.26,1.15000000000002,0.882985658773493));
#56970=DIRECTION('',(0.,0.,1.));
#56980=VECTOR('',#56970,1.);
#56990=LINE('',#56960,#56980);
#57000=EDGE_CURVE('',#56930,#56490,#56990,.T.);
#57010=ORIENTED_EDGE('',*,*,#57000,.F.);
#57020=ORIENTED_EDGE('',*,*,#56590,.T.);
#57030=ORIENTED_EDGE('',*,*,#56340,.F.);
#57040=ORIENTED_EDGE('',*,*,#55490,.F.);
#57050=ORIENTED_EDGE('',*,*,#5470,.F.);
#57060=ORIENTED_EDGE('',*,*,#6410,.T.);
#57070=EDGE_LOOP('',(#57060,#57050,#57040,#57030,#57020,#57010,#56950,
#56870,#56790,#56710));
#57080=FACE_OUTER_BOUND('',#57070,.T.);
#57090=ADVANCED_FACE('',(#57080),#34390,.F.);
#57100=CARTESIAN_POINT('',(-1.25999999999999,1.15000000000002,
0.0499999999996705));
#57110=DIRECTION('',(0.,0.707106781186749,-0.707106781186347));
#57120=DIRECTION('',(0.,-0.707106781186347,-0.707106781186749));
#57130=AXIS2_PLACEMENT_3D('',#57100,#57110,#57120);
#57140=PLANE('',#57130);
#57150=CARTESIAN_POINT('',(11.0275,1.10000000000004,
-3.40838468559923E-13));
#57160=DIRECTION('',(-1.,0.,0.));
#57170=VECTOR('',#57160,1.);
#57180=LINE('',#57150,#57170);
#57190=EDGE_CURVE('',#55860,#56850,#57180,.T.);
#57200=ORIENTED_EDGE('',*,*,#57190,.T.);
#57210=ORIENTED_EDGE('',*,*,#55870,.F.);
#57220=CARTESIAN_POINT('',(11.0275,1.14999999999998,0.0499999999996279))
;
#57230=DIRECTION('',(-1.,0.,0.));
#57240=VECTOR('',#57230,1.);
#57250=LINE('',#57220,#57240);
#57260=EDGE_CURVE('',#55780,#56930,#57250,.T.);
#57270=ORIENTED_EDGE('',*,*,#57260,.F.);
#57280=ORIENTED_EDGE('',*,*,#56940,.T.);
#57290=EDGE_LOOP('',(#57280,#57270,#57210,#57200));
#57300=FACE_OUTER_BOUND('',#57290,.T.);
#57310=ADVANCED_FACE('',(#57300),#57140,.T.);
#57320=CARTESIAN_POINT('',(-1.25999999999999,1.10000000000004,
-3.40838468559923E-13));
#57330=DIRECTION('',(-0.,-0.,-1.));
#57340=DIRECTION('',(0.,-1.,0.));
#57350=AXIS2_PLACEMENT_3D('',#57320,#57330,#57340);
#57360=PLANE('',#57350);
#57370=CARTESIAN_POINT('',(11.0275,0.820000000000121,
-3.40838468559923E-13));
#57380=DIRECTION('',(-1.,0.,0.));
#57390=VECTOR('',#57380,1.);
#57400=LINE('',#57370,#57390);
#57410=EDGE_CURVE('',#55940,#56770,#57400,.T.);
#57420=ORIENTED_EDGE('',*,*,#57410,.T.);
#57430=ORIENTED_EDGE('',*,*,#55950,.F.);
#57440=ORIENTED_EDGE('',*,*,#57190,.F.);
#57450=ORIENTED_EDGE('',*,*,#56860,.T.);
#57460=EDGE_LOOP('',(#57450,#57440,#57430,#57420));
#57470=FACE_OUTER_BOUND('',#57460,.T.);
#57480=ADVANCED_FACE('',(#57470),#57360,.T.);
#57490=CARTESIAN_POINT('',(-1.25999999999999,1.15000000000002,
0.109999999999673));
#57500=DIRECTION('',(0.,1.,0.));
#57510=DIRECTION('',(0.,0.,-1.));
#57520=AXIS2_PLACEMENT_3D('',#57490,#57500,#57510);
#57530=PLANE('',#57520);
#57540=ORIENTED_EDGE('',*,*,#57260,.T.);
#57550=ORIENTED_EDGE('',*,*,#55790,.F.);
#57560=ORIENTED_EDGE('',*,*,#56500,.T.);
#57570=ORIENTED_EDGE('',*,*,#57000,.T.);
#57580=EDGE_LOOP('',(#57570,#57560,#57550,#57540));
#57590=FACE_OUTER_BOUND('',#57580,.T.);
#57600=ADVANCED_FACE('',(#57590),#57530,.T.);
#57610=CARTESIAN_POINT('',(-0.659999999999993,1.25000000000004,
0.359999999999644));
#57620=DIRECTION('',(0.,1.,0.));
#57630=DIRECTION('',(0.,0.,-1.));
#57640=AXIS2_PLACEMENT_3D('',#57610,#57620,#57630);
#57650=PLANE('',#57640);
#57660=ORIENTED_EDGE('',*,*,#8930,.T.);
#57670=ORIENTED_EDGE('',*,*,#51920,.F.);
#57680=ORIENTED_EDGE('',*,*,#5830,.T.);
#57690=ORIENTED_EDGE('',*,*,#54960,.F.);
#57700=EDGE_LOOP('',(#57690,#57680,#57670,#57660));
#57710=FACE_OUTER_BOUND('',#57700,.T.);
#57720=ADVANCED_FACE('',(#57710),#57650,.T.);
#57730=CARTESIAN_POINT('',(0.240000000000002,-1.64999999999993,
0.0361916848034982));
#57740=DIRECTION('',(0.,1.,0.));
#57750=DIRECTION('',(0.,0.,-1.));
#57760=AXIS2_PLACEMENT_3D('',#57730,#57740,#57750);
#57770=PLANE('',#57760);
#57780=CARTESIAN_POINT('',(0.240000000000002,-1.64999999999993,
0.882985658773493));
#57790=DIRECTION('',(0.,0.,1.));
#57800=VECTOR('',#57790,1.);
#57810=LINE('',#57780,#57800);
#57820=CARTESIAN_POINT('',(0.240000000000002,-1.64999999999993,
2.22044604925031E-16));
#57830=VERTEX_POINT('',#57820);
#57840=CARTESIAN_POINT('',(0.240000000000004,-1.64999999999993,
0.0299999999999131));
#57850=VERTEX_POINT('',#57840);
#57860=EDGE_CURVE('',#57830,#57850,#57810,.T.);
#57870=ORIENTED_EDGE('',*,*,#57860,.T.);
#57880=CARTESIAN_POINT('',(6.8275,-1.64999999999989,2.22044604925031E-16
));
#57890=DIRECTION('',(-1.,0.,0.));
#57900=VECTOR('',#57890,1.);
#57910=LINE('',#57880,#57900);
#57920=EDGE_CURVE('',#28420,#57830,#57910,.T.);
#57930=ORIENTED_EDGE('',*,*,#57920,.T.);
#57940=ORIENTED_EDGE('',*,*,#28430,.T.);
#57950=CARTESIAN_POINT('',(6.8275,-1.64999999999993,0.0299999999999131))
;
#57960=DIRECTION('',(1.,0.,0.));
#57970=VECTOR('',#57960,1.);
#57980=LINE('',#57950,#57970);
#57990=EDGE_CURVE('',#57850,#28400,#57980,.T.);
#58000=ORIENTED_EDGE('',*,*,#57990,.T.);
#58010=EDGE_LOOP('',(#58000,#57940,#57930,#57870));
#58020=FACE_OUTER_BOUND('',#58010,.T.);
#58030=ADVANCED_FACE('',(#58020),#57770,.T.);
#58040=ORIENTED_EDGE('',*,*,#6190,.T.);
#58050=ORIENTED_EDGE('',*,*,#54020,.T.);
#58060=ORIENTED_EDGE('',*,*,#53730,.T.);
#58070=ORIENTED_EDGE('',*,*,#53410,.F.);
#58080=ORIENTED_EDGE('',*,*,#53090,.T.);
#58090=ORIENTED_EDGE('',*,*,#52780,.T.);
#58100=ORIENTED_EDGE('',*,*,#54540,.T.);
#58110=ORIENTED_EDGE('',*,*,#52300,.T.);
#58120=CARTESIAN_POINT('',(0.0600000000000041,-0.760191573472085,
0.0299999999998402));
#58130=DIRECTION('',(0.,-1.,8.19714666514907E-14));
#58140=VECTOR('',#58130,1.);
#58150=LINE('',#58120,#58140);
#58160=EDGE_CURVE('',#27320,#52270,#58150,.T.);
#58170=ORIENTED_EDGE('',*,*,#58160,.T.);
#58180=ORIENTED_EDGE('',*,*,#27330,.T.);
#58190=EDGE_LOOP('',(#58180,#58170,#58110,#58100,#58090,#58080,#58070,
#58060,#58050,#58040));
#58200=FACE_OUTER_BOUND('',#58190,.T.);
#58210=ADVANCED_FACE('',(#58200),#41840,.T.);
#58220=CARTESIAN_POINT('',(1.365,-1.99999999999993,0.130000000000019));
#58230=DIRECTION('',(0.707106781186548,-8.65927457071936E-17,
-0.707106781186548));
#58240=DIRECTION('',(-0.707106781186548,-8.65927457071936E-17,
-0.707106781186548));
#58250=AXIS2_PLACEMENT_3D('',#58220,#58230,#58240);
#58260=PLANE('',#58250);
#58270=CARTESIAN_POINT('',(1.415,-1.99999999999993,0.180000000000019));
#58280=DIRECTION('',(0.,1.,-1.22460635382238E-16));
#58290=VECTOR('',#58280,1.);
#58300=LINE('',#58270,#58290);
#58310=CARTESIAN_POINT('',(1.415,-1.99999999999993,0.180000000000019));
#58320=VERTEX_POINT('',#58310);
#58330=CARTESIAN_POINT('',(1.415,-0.949999999999923,0.180000000000019));
#58340=VERTEX_POINT('',#58330);
#58350=EDGE_CURVE('',#58320,#58340,#58300,.T.);
#58360=ORIENTED_EDGE('',*,*,#58350,.F.);
#58370=CARTESIAN_POINT('',(-2.33500000000001,-0.949999999999924,
-3.56999999999999));
#58380=DIRECTION('',(-0.707106781186548,-8.65927457071936E-17,
-0.707106781186548));
#58390=VECTOR('',#58380,1.);
#58400=LINE('',#58370,#58390);
#58410=CARTESIAN_POINT('',(1.365,-0.949999999999923,0.130000000000019));
#58420=VERTEX_POINT('',#58410);
#58430=EDGE_CURVE('',#58340,#58420,#58400,.T.);
#58440=ORIENTED_EDGE('',*,*,#58430,.F.);
#58450=CARTESIAN_POINT('',(1.365,-1.99999999999993,0.130000000000019));
#58460=DIRECTION('',(0.,1.,-1.22460635382238E-16));
#58470=VECTOR('',#58460,1.);
#58480=LINE('',#58450,#58470);
#58490=CARTESIAN_POINT('',(1.365,-1.99999999999993,0.130000000000019));
#58500=VERTEX_POINT('',#58490);
#58510=EDGE_CURVE('',#58500,#58420,#58480,.T.);
#58520=ORIENTED_EDGE('',*,*,#58510,.T.);
#58530=CARTESIAN_POINT('',(-2.33500000000001,-1.99999999999993,
-3.56999999999999));
#58540=DIRECTION('',(0.707106781186548,8.65927457071936E-17,
0.707106781186548));
#58550=VECTOR('',#58540,1.);
#58560=LINE('',#58530,#58550);
#58570=EDGE_CURVE('',#58500,#58320,#58560,.T.);
#58580=ORIENTED_EDGE('',*,*,#58570,.F.);
#58590=EDGE_LOOP('',(#58580,#58520,#58440,#58360));
#58600=FACE_OUTER_BOUND('',#58590,.T.);
#58610=ADVANCED_FACE('',(#58600),#58260,.T.);
#58620=CARTESIAN_POINT('',(-1.56,-1.99999999999991,5.57331958361829E-14)
);
#58630=DIRECTION('',(-0.,-0.707106781187351,-0.707106781185744));
#58640=DIRECTION('',(0.,-0.707106781185744,0.707106781187351));
#58650=AXIS2_PLACEMENT_3D('',#58620,#58630,#58640);
#58660=PLANE('',#58650);
#58670=ORIENTED_EDGE('',*,*,#3360,.T.);
#58680=ORIENTED_EDGE('',*,*,#1570,.F.);
#58690=ORIENTED_EDGE('',*,*,#3510,.F.);
#58700=ORIENTED_EDGE('',*,*,#2850,.T.);
#58710=EDGE_LOOP('',(#58700,#58690,#58680,#58670));
#58720=FACE_OUTER_BOUND('',#58710,.T.);
#58730=ADVANCED_FACE('',(#58720),#58660,.T.);
#58740=CARTESIAN_POINT('',(-1.25999999999999,0.820000000000121,
-3.40838468559923E-13));
#58750=DIRECTION('',(0.,-1.,0.));
#58760=DIRECTION('',(0.,0.,1.));
#58770=AXIS2_PLACEMENT_3D('',#58740,#58750,#58760);
#58780=PLANE('',#58770);
#58790=ORIENTED_EDGE('',*,*,#56030,.F.);
#58800=ORIENTED_EDGE('',*,*,#57410,.F.);
#58810=ORIENTED_EDGE('',*,*,#56780,.T.);
#58820=CARTESIAN_POINT('',(11.0275,0.820000000000121,0.0299999999997106)
);
#58830=DIRECTION('',(-1.,0.,0.));
#58840=VECTOR('',#58830,1.);
#58850=LINE('',#58820,#58840);
#58860=EDGE_CURVE('',#56020,#56690,#58850,.T.);
#58870=ORIENTED_EDGE('',*,*,#58860,.T.);
#58880=EDGE_LOOP('',(#58870,#58810,#58800,#58790));
#58890=FACE_OUTER_BOUND('',#58880,.T.);
#58900=ADVANCED_FACE('',(#58890),#58780,.T.);
#58910=CARTESIAN_POINT('',(3.1692710996941,-0.913906518445742,
0.900000000000018));
#58920=DIRECTION('',(-0.,0.,1.));
#58930=DIRECTION('',(0.,-1.,0.));
#58940=AXIS2_PLACEMENT_3D('',#58910,#58920,#58930);
#58950=PLANE('',#58940);
#58960=CARTESIAN_POINT('',(0.972500000000004,-0.760191573472085,
0.900000000000018));
#58970=DIRECTION('',(0.,-1.,0.));
#58980=VECTOR('',#58970,1.);
#58990=LINE('',#58960,#58980);
#59000=CARTESIAN_POINT('',(0.972500000000004,-0.229999999999926,
0.900000000000018));
#59010=VERTEX_POINT('',#59000);
#59020=EDGE_CURVE('',#9240,#59010,#58990,.T.);
#59030=ORIENTED_EDGE('',*,*,#59020,.T.);
#59040=ORIENTED_EDGE('',*,*,#9250,.F.);
#59050=CARTESIAN_POINT('',(1.65,-0.760191573472085,0.900000000000018));
#59060=DIRECTION('',(0.,1.,0.));
#59070=VECTOR('',#59060,1.);
#59080=LINE('',#59050,#59070);
#59090=CARTESIAN_POINT('',(1.65,0.950000000000077,0.900000000000018));
#59100=VERTEX_POINT('',#59090);
#59110=EDGE_CURVE('',#9160,#59100,#59080,.T.);
#59120=ORIENTED_EDGE('',*,*,#59110,.F.);
#59130=CARTESIAN_POINT('',(-0.0601915734721583,-0.760191573472085,
0.900000000000018));
#59140=DIRECTION('',(0.707106781186546,0.707106781186549,0.));
#59150=VECTOR('',#59140,1.);
#59160=LINE('',#59130,#59150);
#59170=CARTESIAN_POINT('',(1.7,1.00000000000008,0.900000000000018));
#59180=VERTEX_POINT('',#59170);
#59190=EDGE_CURVE('',#59100,#59180,#59160,.T.);
#59200=ORIENTED_EDGE('',*,*,#59190,.F.);
#59210=CARTESIAN_POINT('',(3.2275,1.00000000000008,0.900000000000018));
#59220=DIRECTION('',(1.,0.,0.));
#59230=VECTOR('',#59220,1.);
#59240=LINE('',#59210,#59230);
#59250=CARTESIAN_POINT('',(1.85,1.00000000000008,0.900000000000018));
#59260=VERTEX_POINT('',#59250);
#59270=EDGE_CURVE('',#59180,#59260,#59240,.T.);
#59280=ORIENTED_EDGE('',*,*,#59270,.F.);
#59290=CARTESIAN_POINT('',(1.85,-0.760191573472085,0.900000000000018));
#59300=DIRECTION('',(0.,-1.,0.));
#59310=VECTOR('',#59300,1.);
#59320=LINE('',#59290,#59310);
#59330=CARTESIAN_POINT('',(1.85,-1.14999999999992,0.900000000000018));
#59340=VERTEX_POINT('',#59330);
#59350=EDGE_CURVE('',#59260,#59340,#59320,.T.);
#59360=ORIENTED_EDGE('',*,*,#59350,.F.);
#59370=CARTESIAN_POINT('',(3.2275,-1.14999999999992,0.900000000000018));
#59380=DIRECTION('',(-1.,0.,0.));
#59390=VECTOR('',#59380,1.);
#59400=LINE('',#59370,#59390);
#59410=CARTESIAN_POINT('',(1.48,-1.14999999999992,0.900000000000018));
#59420=VERTEX_POINT('',#59410);
#59430=EDGE_CURVE('',#59340,#59420,#59400,.T.);
#59440=ORIENTED_EDGE('',*,*,#59430,.F.);
#59450=CARTESIAN_POINT('',(1.48,-0.760191573472085,0.900000000000018));
#59460=DIRECTION('',(0.,1.,0.));
#59470=VECTOR('',#59460,1.);
#59480=LINE('',#59450,#59470);
#59490=CARTESIAN_POINT('',(1.48,-1.94999999999993,0.900000000000018));
#59500=VERTEX_POINT('',#59490);
#59510=EDGE_CURVE('',#59500,#59420,#59480,.T.);
#59520=ORIENTED_EDGE('',*,*,#59510,.T.);
#59530=CARTESIAN_POINT('',(2.66980842652783,-0.760191573472085,
0.900000000000018));
#59540=DIRECTION('',(-0.707106781186546,-0.707106781186549,0.));
#59550=VECTOR('',#59540,1.);
#59560=LINE('',#59530,#59550);
#59570=CARTESIAN_POINT('',(1.42999999999999,-1.99999999999993,
0.900000000000018));
#59580=VERTEX_POINT('',#59570);
#59590=EDGE_CURVE('',#59500,#59580,#59560,.T.);
#59600=ORIENTED_EDGE('',*,*,#59590,.F.);
#59610=CARTESIAN_POINT('',(8.0275,-1.99999999999993,0.900000000000018));
#59620=DIRECTION('',(-1.,0.,0.));
#59630=VECTOR('',#59620,1.);
#59640=LINE('',#59610,#59630);
#59650=EDGE_CURVE('',#59580,#45280,#59640,.T.);
#59660=ORIENTED_EDGE('',*,*,#59650,.F.);
#59670=ORIENTED_EDGE('',*,*,#45370,.T.);
#59680=ORIENTED_EDGE('',*,*,#44160,.F.);
#59690=ORIENTED_EDGE('',*,*,#44380,.F.);
#59700=ORIENTED_EDGE('',*,*,#43770,.F.);
#59710=ORIENTED_EDGE('',*,*,#6570,.F.);
#59720=ORIENTED_EDGE('',*,*,#520,.T.);
#59730=ORIENTED_EDGE('',*,*,#300,.T.);
#59740=ORIENTED_EDGE('',*,*,#9550,.F.);
#59750=ORIENTED_EDGE('',*,*,#50730,.T.);
#59760=CARTESIAN_POINT('',(8.0275,-0.229999999999926,0.900000000000018))
;
#59770=DIRECTION('',(-1.,0.,0.));
#59780=VECTOR('',#59770,1.);
#59790=LINE('',#59760,#59780);
#59800=EDGE_CURVE('',#59010,#50660,#59790,.T.);
#59810=ORIENTED_EDGE('',*,*,#59800,.T.);
#59820=EDGE_LOOP('',(#59810,#59750,#59740,#59730,#59720,#59710,#59700,
#59690,#59680,#59670,#59660,#59600,#59520,#59440,#59360,#59280,#59200,
#59120,#59040,#59030));
#59830=FACE_OUTER_BOUND('',#59820,.T.);
#59840=ADVANCED_FACE('',(#59830),#58950,.T.);
#59850=CARTESIAN_POINT('',(0.240000000000002,-1.64999999999993,
2.22044604925031E-16));
#59860=DIRECTION('',(-0.,-0.,-1.));
#59870=DIRECTION('',(0.,-1.,0.));
#59880=AXIS2_PLACEMENT_3D('',#59850,#59860,#59870);
#59890=PLANE('',#59880);
#59900=ORIENTED_EDGE('',*,*,#20270,.T.);
#59910=ORIENTED_EDGE('',*,*,#28490,.T.);
#59920=ORIENTED_EDGE('',*,*,#57920,.F.);
#59930=CARTESIAN_POINT('',(0.240000000000002,-0.760191573472085,
2.22044604925031E-16));
#59940=DIRECTION('',(0.,1.,0.));
#59950=VECTOR('',#59940,1.);
#59960=LINE('',#59930,#59950);
#59970=EDGE_CURVE('',#20260,#57830,#59960,.T.);
#59980=ORIENTED_EDGE('',*,*,#59970,.T.);
#59990=EDGE_LOOP('',(#59980,#59920,#59910,#59900));
#60000=FACE_OUTER_BOUND('',#59990,.T.);
#60010=ADVANCED_FACE('',(#60000),#59890,.T.);
#60020=ORIENTED_EDGE('',*,*,#21260,.F.);
#60030=ORIENTED_EDGE('',*,*,#18010,.F.);
#60040=ORIENTED_EDGE('',*,*,#22600,.F.);
#60050=ORIENTED_EDGE('',*,*,#19290,.T.);
#60060=ORIENTED_EDGE('',*,*,#23130,.F.);
#60070=ORIENTED_EDGE('',*,*,#20330,.F.);
#60080=ORIENTED_EDGE('',*,*,#59970,.F.);
#60090=ORIENTED_EDGE('',*,*,#57860,.F.);
#60100=CARTESIAN_POINT('',(0.240000000000002,-0.760191573472085,
0.0299999999998402));
#60110=DIRECTION('',(0.,1.,-8.19714666514907E-14));
#60120=VECTOR('',#60110,1.);
#60130=LINE('',#60100,#60120);
#60140=CARTESIAN_POINT('',(0.240000000000002,-1.99999999999993,
0.0299999999999417));
#60150=VERTEX_POINT('',#60140);
#60160=EDGE_CURVE('',#60150,#57850,#60130,.T.);
#60170=ORIENTED_EDGE('',*,*,#60160,.T.);
#60180=CARTESIAN_POINT('',(0.240000000000002,-1.99999999999993,
0.882985658773493));
#60190=DIRECTION('',(0.,0.,-1.));
#60200=VECTOR('',#60190,1.);
#60210=LINE('',#60180,#60200);
#60220=EDGE_CURVE('',#21120,#60150,#60210,.T.);
#60230=ORIENTED_EDGE('',*,*,#60220,.T.);
#60240=EDGE_LOOP('',(#60230,#60170,#60090,#60080,#60070,#60060,#60050,
#60040,#60030,#60020));
#60250=FACE_OUTER_BOUND('',#60240,.T.);
#60260=ADVANCED_FACE('',(#60250),#43040,.T.);
#60270=CARTESIAN_POINT('',(1.365,-1.99999999999993,0.0299999999999485));
#60280=DIRECTION('',(1.,0.,0.));
#60290=DIRECTION('',(0.,-1.22460635382238E-16,-1.));
#60300=AXIS2_PLACEMENT_3D('',#60270,#60280,#60290);
#60310=PLANE('',#60300);
#60320=ORIENTED_EDGE('',*,*,#58510,.F.);
#60330=CARTESIAN_POINT('',(1.365,-0.949999999999924,-1.94382799999998));
#60340=DIRECTION('',(0.,-1.22460635382238E-16,-1.));
#60350=VECTOR('',#60340,1.);
#60360=LINE('',#60330,#60350);
#60370=CARTESIAN_POINT('',(1.365,-0.949999999999923,0.029999999999855));
#60380=VERTEX_POINT('',#60370);
#60390=EDGE_CURVE('',#58420,#60380,#60360,.T.);
#60400=ORIENTED_EDGE('',*,*,#60390,.F.);
#60410=CARTESIAN_POINT('',(1.365,-0.358024999999923,0.0299999999998064))
;
#60420=DIRECTION('',(0.,-1.,8.2093927286873E-14));
#60430=VECTOR('',#60420,1.);
#60440=LINE('',#60410,#60430);
#60450=CARTESIAN_POINT('',(1.365,-1.99999999999993,0.0299999999999485));
#60460=VERTEX_POINT('',#60450);
#60470=EDGE_CURVE('',#60380,#60460,#60440,.T.);
#60480=ORIENTED_EDGE('',*,*,#60470,.F.);
#60490=CARTESIAN_POINT('',(1.365,-1.99999999999993,-1.94382799999998));
#60500=DIRECTION('',(0.,1.22460635382238E-16,1.));
#60510=VECTOR('',#60500,1.);
#60520=LINE('',#60490,#60510);
#60530=EDGE_CURVE('',#60460,#58500,#60520,.T.);
#60540=ORIENTED_EDGE('',*,*,#60530,.F.);
#60550=EDGE_LOOP('',(#60540,#60480,#60400,#60320));
#60560=FACE_OUTER_BOUND('',#60550,.T.);
#60570=ADVANCED_FACE('',(#60560),#60310,.T.);
#60580=CARTESIAN_POINT('',(0.960000000000003,-2.09999999999992,
0.350000000000023));
#60590=DIRECTION('',(-1.,0.,0.));
#60600=DIRECTION('',(0.,0.,1.));
#60610=AXIS2_PLACEMENT_3D('',#60580,#60590,#60600);
#60620=PLANE('',#60610);
#60630=CARTESIAN_POINT('',(0.960000000000003,0.570000000092577,
0.640000000014112));
#60640=DIRECTION('',(0.,0.988525648914018,0.151053108008808));
#60650=VECTOR('',#60640,1.);
#60660=LINE('',#60630,#60650);
#60670=CARTESIAN_POINT('',(0.960000000000003,0.570000000092577,
0.640000000014112));
#60680=VERTEX_POINT('',#60670);
#60690=EDGE_CURVE('',#60680,#11110,#60660,.T.);
#60700=ORIENTED_EDGE('',*,*,#60690,.T.);
#60710=CARTESIAN_POINT('',(0.960000000000003,0.230000000000061,
0.640000000014112));
#60720=DIRECTION('',(0.,1.,0.));
#60730=VECTOR('',#60720,1.);
#60740=LINE('',#60710,#60730);
#60750=CARTESIAN_POINT('',(0.960000000000003,0.230000000000061,
0.640000000014112));
#60760=VERTEX_POINT('',#60750);
#60770=EDGE_CURVE('',#60760,#60680,#60740,.T.);
#60780=ORIENTED_EDGE('',*,*,#60770,.T.);
#60790=CARTESIAN_POINT('',(0.960000000000003,0.230000000000061,
0.590000000014101));
#60800=DIRECTION('',(1.,0.,0.));
#60810=DIRECTION('',(0.,1.,0.));
#60820=AXIS2_PLACEMENT_3D('',#60790,#60800,#60810);
#60830=CIRCLE('',#60820,0.0500000000000114);
#60840=CARTESIAN_POINT('',(0.960000000000003,0.21356322920208,
0.637221102984512));
#60850=VERTEX_POINT('',#60840);
#60860=EDGE_CURVE('',#60760,#60850,#60830,.T.);
#60870=ORIENTED_EDGE('',*,*,#60860,.F.);
#60880=CARTESIAN_POINT('',(0.960000000000003,0.186436770779252,
0.627778897029714));
#60890=DIRECTION('',(0.,0.944422059406258,0.328735415960682));
#60900=VECTOR('',#60890,1.);
#60910=LINE('',#60880,#60900);
#60920=CARTESIAN_POINT('',(0.960000000000003,0.186436770779252,
0.627778897029714));
#60930=VERTEX_POINT('',#60920);
#60940=EDGE_CURVE('',#60930,#60850,#60910,.T.);
#60950=ORIENTED_EDGE('',*,*,#60940,.T.);
#60960=CARTESIAN_POINT('',(0.960000000000003,0.169999999981272,
0.675000000000012));
#60970=DIRECTION('',(1.,0.,0.));
#60980=DIRECTION('',(0.,1.,0.));
#60990=AXIS2_PLACEMENT_3D('',#60960,#60970,#60980);
#61000=CIRCLE('',#60990,0.0500000000000114);
#61010=CARTESIAN_POINT('',(0.960000000000003,0.169999999981272,0.625));
#61020=VERTEX_POINT('',#61010);
#61030=EDGE_CURVE('',#61020,#60930,#61000,.T.);
#61040=ORIENTED_EDGE('',*,*,#61030,.T.);
#61050=CARTESIAN_POINT('',(0.960000000000003,-0.0799999999999415,0.625))
;
#61060=DIRECTION('',(0.,1.,0.));
#61070=VECTOR('',#61060,1.);
#61080=LINE('',#61050,#61070);
#61090=EDGE_CURVE('',#15960,#61020,#61080,.T.);
#61100=ORIENTED_EDGE('',*,*,#61090,.T.);
#61110=ORIENTED_EDGE('',*,*,#16210,.F.);
#61120=CARTESIAN_POINT('',(0.960000000000003,-0.379999999999924,
0.789999999986208));
#61130=DIRECTION('',(0.,1.,0.));
#61140=VECTOR('',#61130,1.);
#61150=LINE('',#61120,#61140);
#61160=EDGE_CURVE('',#16140,#29670,#61150,.T.);
#61170=ORIENTED_EDGE('',*,*,#61160,.F.);
#61180=ORIENTED_EDGE('',*,*,#29680,.T.);
#61190=ORIENTED_EDGE('',*,*,#11200,.T.);
#61200=EDGE_LOOP('',(#61190,#61180,#61170,#61110,#61100,#61040,#60950,
#60870,#60780,#60700));
#61210=FACE_OUTER_BOUND('',#61200,.T.);
#61220=ADVANCED_FACE('',(#61210),#60620,.F.);
#61230=CARTESIAN_POINT('',(0.840000000000003,-0.379999999999924,
0.789999999986208));
#61240=DIRECTION('',(0.,-0.,1.));
#61250=DIRECTION('',(0.,1.,0.));
#61260=AXIS2_PLACEMENT_3D('',#61230,#61240,#61250);
#61270=PLANE('',#61260);
#61280=CARTESIAN_POINT('',(0.840000000000003,-0.379999999999924,
0.789999999986208));
#61290=DIRECTION('',(0.,1.,0.));
#61300=VECTOR('',#61290,1.);
#61310=LINE('',#61280,#61300);
#61320=EDGE_CURVE('',#16060,#29750,#61310,.T.);
#61330=ORIENTED_EDGE('',*,*,#61320,.F.);
#61340=ORIENTED_EDGE('',*,*,#29760,.T.);
#61350=ORIENTED_EDGE('',*,*,#61160,.T.);
#61360=ORIENTED_EDGE('',*,*,#16150,.T.);
#61370=EDGE_LOOP('',(#61360,#61350,#61340,#61330));
#61380=FACE_OUTER_BOUND('',#61370,.T.);
#61390=ADVANCED_FACE('',(#61380),#61270,.T.);
#61400=CARTESIAN_POINT('',(0.840000000000003,-148.554300060054,
-223.81887246297));
#61410=DIRECTION('',(1.,0.,0.));
#61420=DIRECTION('',(0.,1.,0.));
#61430=AXIS2_PLACEMENT_3D('',#61400,#61410,#61420);
#61440=PLANE('',#61430);
#61450=CARTESIAN_POINT('',(0.840000000000003,0.169999999981272,
0.675000000000012));
#61460=DIRECTION('',(1.,0.,0.));
#61470=DIRECTION('',(0.,1.,0.));
#61480=AXIS2_PLACEMENT_3D('',#61450,#61460,#61470);
#61490=CIRCLE('',#61480,0.0500000000000114);
#61500=CARTESIAN_POINT('',(0.840000000000003,0.169999999981272,0.625));
#61510=VERTEX_POINT('',#61500);
#61520=CARTESIAN_POINT('',(0.840000000000003,0.186436770779252,
0.627778897029714));
#61530=VERTEX_POINT('',#61520);
#61540=EDGE_CURVE('',#61510,#61530,#61490,.T.);
#61550=ORIENTED_EDGE('',*,*,#61540,.F.);
#61560=CARTESIAN_POINT('',(0.840000000000003,0.186436770779252,
0.627778897029714));
#61570=DIRECTION('',(0.,0.944422059406258,0.328735415960682));
#61580=VECTOR('',#61570,1.);
#61590=LINE('',#61560,#61580);
#61600=CARTESIAN_POINT('',(0.840000000000003,0.21356322920208,
0.637221102984512));
#61610=VERTEX_POINT('',#61600);
#61620=EDGE_CURVE('',#61530,#61610,#61590,.T.);
#61630=ORIENTED_EDGE('',*,*,#61620,.F.);
#61640=CARTESIAN_POINT('',(0.840000000000003,0.230000000000061,
0.590000000014101));
#61650=DIRECTION('',(1.,0.,0.));
#61660=DIRECTION('',(0.,1.,0.));
#61670=AXIS2_PLACEMENT_3D('',#61640,#61650,#61660);
#61680=CIRCLE('',#61670,0.0500000000000114);
#61690=CARTESIAN_POINT('',(0.840000000000003,0.230000000000061,
0.640000000014112));
#61700=VERTEX_POINT('',#61690);
#61710=EDGE_CURVE('',#61700,#61610,#61680,.T.);
#61720=ORIENTED_EDGE('',*,*,#61710,.T.);
#61730=CARTESIAN_POINT('',(0.840000000000003,0.230000000000061,
0.640000000014112));
#61740=DIRECTION('',(0.,1.,0.));
#61750=VECTOR('',#61740,1.);
#61760=LINE('',#61730,#61750);
#61770=CARTESIAN_POINT('',(0.840000000000003,0.570000000092577,
0.640000000014112));
#61780=VERTEX_POINT('',#61770);
#61790=EDGE_CURVE('',#61700,#61780,#61760,.T.);
#61800=ORIENTED_EDGE('',*,*,#61790,.F.);
#61810=CARTESIAN_POINT('',(0.840000000000003,0.570000000092577,
0.640000000014112));
#61820=DIRECTION('',(0.,0.988525648914018,0.151053108008808));
#61830=VECTOR('',#61820,1.);
#61840=LINE('',#61810,#61830);
#61850=EDGE_CURVE('',#61780,#11030,#61840,.T.);
#61860=ORIENTED_EDGE('',*,*,#61850,.F.);
#61870=ORIENTED_EDGE('',*,*,#11040,.T.);
#61880=ORIENTED_EDGE('',*,*,#29830,.F.);
#61890=ORIENTED_EDGE('',*,*,#61320,.T.);
#61900=ORIENTED_EDGE('',*,*,#16070,.F.);
#61910=CARTESIAN_POINT('',(0.840000000000003,-0.0799999999999415,0.625))
;
#61920=DIRECTION('',(0.,1.,0.));
#61930=VECTOR('',#61920,1.);
#61940=LINE('',#61910,#61930);
#61950=EDGE_CURVE('',#15980,#61510,#61940,.T.);
#61960=ORIENTED_EDGE('',*,*,#61950,.F.);
#61970=EDGE_LOOP('',(#61960,#61900,#61890,#61880,#61870,#61860,#61800,
#61720,#61630,#61550));
#61980=FACE_OUTER_BOUND('',#61970,.T.);
#61990=ADVANCED_FACE('',(#61980),#61440,.F.);
#62000=CARTESIAN_POINT('',(0.840000000000003,0.69187362703947,
0.65862307788251));
#62010=DIRECTION('',(0.,0.151053108008808,-0.988525648914018));
#62020=DIRECTION('',(0.,-0.988525648914018,-0.151053108008808));
#62030=AXIS2_PLACEMENT_3D('',#62000,#62010,#62020);
#62040=PLANE('',#62030);
#62050=ORIENTED_EDGE('',*,*,#61850,.T.);
#62060=CARTESIAN_POINT('',(0.840000000000003,0.570000000092577,
0.640000000014112));
#62070=DIRECTION('',(1.,0.,0.));
#62080=VECTOR('',#62070,1.);
#62090=LINE('',#62060,#62080);
#62100=EDGE_CURVE('',#61780,#60680,#62090,.T.);
#62110=ORIENTED_EDGE('',*,*,#62100,.F.);
#62120=ORIENTED_EDGE('',*,*,#60690,.F.);
#62130=ORIENTED_EDGE('',*,*,#11120,.F.);
#62140=EDGE_LOOP('',(#62130,#62120,#62110,#62050));
#62150=FACE_OUTER_BOUND('',#62140,.T.);
#62160=ADVANCED_FACE('',(#62150),#62040,.T.);
#62170=CARTESIAN_POINT('',(0.840000000000003,0.169999999981272,0.625));
#62180=DIRECTION('',(-0.,-0.,-1.));
#62190=DIRECTION('',(0.,-1.,0.));
#62200=AXIS2_PLACEMENT_3D('',#62170,#62180,#62190);
#62210=PLANE('',#62200);
#62220=ORIENTED_EDGE('',*,*,#15990,.T.);
#62230=ORIENTED_EDGE('',*,*,#61090,.F.);
#62240=CARTESIAN_POINT('',(0.840000000000003,0.169999999981272,0.625));
#62250=DIRECTION('',(1.,0.,0.));
#62260=VECTOR('',#62250,1.);
#62270=LINE('',#62240,#62260);
#62280=EDGE_CURVE('',#61510,#61020,#62270,.T.);
#62290=ORIENTED_EDGE('',*,*,#62280,.T.);
#62300=ORIENTED_EDGE('',*,*,#61950,.T.);
#62310=EDGE_LOOP('',(#62300,#62290,#62230,#62220));
#62320=FACE_OUTER_BOUND('',#62310,.T.);
#62330=ADVANCED_FACE('',(#62320),#62210,.T.);
#62340=CARTESIAN_POINT('',(0.840000000000003,0.169999999981272,
0.675000000000012));
#62350=DIRECTION('',(1.,0.,0.));
#62360=DIRECTION('',(0.,1.,0.));
#62370=AXIS2_PLACEMENT_3D('',#62340,#62350,#62360);
#62380=CYLINDRICAL_SURFACE('',#62370,0.0500000000000114);
#62390=ORIENTED_EDGE('',*,*,#62280,.F.);
#62400=ORIENTED_EDGE('',*,*,#61030,.F.);
#62410=CARTESIAN_POINT('',(0.840000000000003,0.186436770779252,
0.627778897029714));
#62420=DIRECTION('',(1.,0.,0.));
#62430=VECTOR('',#62420,1.);
#62440=LINE('',#62410,#62430);
#62450=EDGE_CURVE('',#61530,#60930,#62440,.T.);
#62460=ORIENTED_EDGE('',*,*,#62450,.T.);
#62470=ORIENTED_EDGE('',*,*,#61540,.T.);
#62480=EDGE_LOOP('',(#62470,#62460,#62400,#62390));
#62490=FACE_OUTER_BOUND('',#62480,.T.);
#62500=ADVANCED_FACE('',(#62490),#62380,.T.);
#62510=CARTESIAN_POINT('',(0.840000000000003,0.21356322920208,
0.637221102984512));
#62520=DIRECTION('',(0.,0.328735415960682,-0.944422059406258));
#62530=DIRECTION('',(0.,-0.944422059406258,-0.328735415960682));
#62540=AXIS2_PLACEMENT_3D('',#62510,#62520,#62530);
#62550=PLANE('',#62540);
#62560=ORIENTED_EDGE('',*,*,#62450,.F.);
#62570=ORIENTED_EDGE('',*,*,#60940,.F.);
#62580=CARTESIAN_POINT('',(0.840000000000003,0.21356322920208,
0.637221102984512));
#62590=DIRECTION('',(1.,0.,0.));
#62600=VECTOR('',#62590,1.);
#62610=LINE('',#62580,#62600);
#62620=EDGE_CURVE('',#61610,#60850,#62610,.T.);
#62630=ORIENTED_EDGE('',*,*,#62620,.T.);
#62640=ORIENTED_EDGE('',*,*,#61620,.T.);
#62650=EDGE_LOOP('',(#62640,#62630,#62570,#62560));
#62660=FACE_OUTER_BOUND('',#62650,.T.);
#62670=ADVANCED_FACE('',(#62660),#62550,.T.);
#62680=CARTESIAN_POINT('',(0.840000000000003,0.230000000000061,
0.590000000014101));
#62690=DIRECTION('',(1.,0.,0.));
#62700=DIRECTION('',(0.,1.,0.));
#62710=AXIS2_PLACEMENT_3D('',#62680,#62690,#62700);
#62720=CYLINDRICAL_SURFACE('',#62710,0.0500000000000114);
#62730=ORIENTED_EDGE('',*,*,#62620,.F.);
#62740=ORIENTED_EDGE('',*,*,#60860,.T.);
#62750=CARTESIAN_POINT('',(0.840000000000003,0.230000000000061,
0.640000000014112));
#62760=DIRECTION('',(1.,0.,0.));
#62770=VECTOR('',#62760,1.);
#62780=LINE('',#62750,#62770);
#62790=EDGE_CURVE('',#61700,#60760,#62780,.T.);
#62800=ORIENTED_EDGE('',*,*,#62790,.T.);
#62810=ORIENTED_EDGE('',*,*,#61710,.F.);
#62820=EDGE_LOOP('',(#62810,#62800,#62740,#62730));
#62830=FACE_OUTER_BOUND('',#62820,.T.);
#62840=ADVANCED_FACE('',(#62830),#62720,.F.);
#62850=CARTESIAN_POINT('',(0.840000000000003,0.570000000092577,
0.640000000014112));
#62860=DIRECTION('',(-0.,-0.,-1.));
#62870=DIRECTION('',(0.,-1.,0.));
#62880=AXIS2_PLACEMENT_3D('',#62850,#62860,#62870);
#62890=PLANE('',#62880);
#62900=ORIENTED_EDGE('',*,*,#62790,.F.);
#62910=ORIENTED_EDGE('',*,*,#60770,.F.);
#62920=ORIENTED_EDGE('',*,*,#62100,.T.);
#62930=ORIENTED_EDGE('',*,*,#61790,.T.);
#62940=EDGE_LOOP('',(#62930,#62920,#62910,#62900));
#62950=FACE_OUTER_BOUND('',#62940,.T.);
#62960=ADVANCED_FACE('',(#62950),#62890,.T.);
#62970=CARTESIAN_POINT('',(0.540000000000004,-0.399999999999963,
0.839999999985878));
#62980=DIRECTION('',(0.,-0.,1.));
#62990=DIRECTION('',(0.,1.,0.));
#63000=AXIS2_PLACEMENT_3D('',#62970,#62980,#62990);
#63010=PLANE('',#63000);
#63020=CARTESIAN_POINT('',(0.660000000000004,-0.399999999999963,
0.839999999985878));
#63030=DIRECTION('',(0.,1.,0.));
#63040=VECTOR('',#63030,1.);
#63050=LINE('',#63020,#63040);
#63060=CARTESIAN_POINT('',(0.660000000000004,-0.229999999999926,
0.839999999985878));
#63070=VERTEX_POINT('',#63060);
#63080=EDGE_CURVE('',#63070,#29920,#63050,.T.);
#63090=ORIENTED_EDGE('',*,*,#63080,.T.);
#63100=CARTESIAN_POINT('',(3.8275,-0.229999999999926,0.839999999985878))
;
#63110=DIRECTION('',(-1.,0.,0.));
#63120=VECTOR('',#63110,1.);
#63130=LINE('',#63100,#63120);
#63140=CARTESIAN_POINT('',(0.540000000000004,-0.229999999999926,
0.839999999985878));
#63150=VERTEX_POINT('',#63140);
#63160=EDGE_CURVE('',#63070,#63150,#63130,.T.);
#63170=ORIENTED_EDGE('',*,*,#63160,.F.);
#63180=CARTESIAN_POINT('',(0.540000000000004,-0.760191573472085,
0.839999999985878));
#63190=DIRECTION('',(0.,-1.,0.));
#63200=VECTOR('',#63190,1.);
#63210=LINE('',#63180,#63200);
#63220=EDGE_CURVE('',#30000,#63150,#63210,.T.);
#63230=ORIENTED_EDGE('',*,*,#63220,.T.);
#63240=ORIENTED_EDGE('',*,*,#30010,.T.);
#63250=EDGE_LOOP('',(#63240,#63230,#63170,#63090));
#63260=FACE_OUTER_BOUND('',#63250,.T.);
#63270=ADVANCED_FACE('',(#63260),#63010,.T.);
#63280=CARTESIAN_POINT('',(0.540000000000004,0.135383582437399,
0.752020478373709));
#63290=DIRECTION('',(-1.,0.,0.));
#63300=DIRECTION('',(0.,-1.,0.));
#63310=AXIS2_PLACEMENT_3D('',#63280,#63290,#63300);
#63320=PLANE('',#63310);
#63330=CARTESIAN_POINT('',(0.540000000000004,-0.229999999999926,
0.882985658773493));
#63340=DIRECTION('',(0.,4.13907103838181E-16,-1.));
#63350=VECTOR('',#63340,1.);
#63360=LINE('',#63330,#63350);
#63370=EDGE_CURVE('',#63150,#15120,#63360,.T.);
#63380=ORIENTED_EDGE('',*,*,#63370,.F.);
#63390=ORIENTED_EDGE('',*,*,#15130,.T.);
#63400=CARTESIAN_POINT('',(0.540000000000004,-0.760191573472085,
0.639999999999674));
#63410=DIRECTION('',(0.,1.,0.));
#63420=VECTOR('',#63410,1.);
#63430=LINE('',#63400,#63420);
#63440=CARTESIAN_POINT('',(0.540000000000004,0.569999999999922,
0.639999999999674));
#63450=VERTEX_POINT('',#63440);
#63460=EDGE_CURVE('',#15040,#63450,#63430,.T.);
#63470=ORIENTED_EDGE('',*,*,#63460,.F.);
#63480=CARTESIAN_POINT('',(0.540000000000004,-0.760191573472085,
0.436738130513218));
#63490=DIRECTION('',(0.,0.988525648912502,0.151053108018727));
#63500=VECTOR('',#63490,1.);
#63510=LINE('',#63480,#63500);
#63520=EDGE_CURVE('',#63450,#10750,#63510,.T.);
#63530=ORIENTED_EDGE('',*,*,#63520,.F.);
#63540=ORIENTED_EDGE('',*,*,#10760,.F.);
#63550=ORIENTED_EDGE('',*,*,#30080,.F.);
#63560=ORIENTED_EDGE('',*,*,#63220,.F.);
#63570=EDGE_LOOP('',(#63560,#63550,#63540,#63530,#63470,#63390,#63380));
#63580=FACE_OUTER_BOUND('',#63570,.T.);
#63590=ADVANCED_FACE('',(#63580),#63320,.T.);
#63600=CARTESIAN_POINT('',(1.65,0.957685914692103,0.152183557544172));
#63610=DIRECTION('',(-1.,0.,0.));
#63620=DIRECTION('',(0.,-1.,1.22460635382238E-16));
#63630=AXIS2_PLACEMENT_3D('',#63600,#63610,#63620);
#63640=PLANE('',#63630);
#63650=ORIENTED_EDGE('',*,*,#9170,.T.);
#63660=ORIENTED_EDGE('',*,*,#26280,.F.);
#63670=CARTESIAN_POINT('',(1.65,0.950000000000076,-1.94382799999998));
#63680=DIRECTION('',(0.,-2.44921270764475E-16,-1.));
#63690=VECTOR('',#63680,1.);
#63700=LINE('',#63670,#63690);
#63710=EDGE_CURVE('',#59100,#26210,#63700,.T.);
#63720=ORIENTED_EDGE('',*,*,#63710,.T.);
#63730=ORIENTED_EDGE('',*,*,#59110,.T.);
#63740=EDGE_LOOP('',(#63730,#63720,#63660,#63650));
#63750=FACE_OUTER_BOUND('',#63740,.T.);
#63760=ADVANCED_FACE('',(#63750),#63640,.T.);
#63770=CARTESIAN_POINT('',(0.775000000000004,-0.760191573472085,
0.849999999999662));
#63780=DIRECTION('',(0.,-1.,0.));
#63790=DIRECTION('',(0.,0.,1.));
#63800=AXIS2_PLACEMENT_3D('',#63770,#63780,#63790);
#63810=CYLINDRICAL_SURFACE('',#63800,0.05);
#63820=CARTESIAN_POINT('',(0.775000000000004,2.09999999999992,
0.849999999999662));
#63830=DIRECTION('',(0.,-1.,0.));
#63840=DIRECTION('',(0.,0.,1.));
#63850=AXIS2_PLACEMENT_3D('',#63820,#63830,#63840);
#63860=CIRCLE('',#63850,0.05);
#63870=CARTESIAN_POINT('',(0.825000000000005,2.09999999999992,
0.849999999999661));
#63880=VERTEX_POINT('',#63870);
#63890=EDGE_CURVE('',#63880,#16700,#63860,.T.);
#63900=ORIENTED_EDGE('',*,*,#63890,.T.);
#63910=CARTESIAN_POINT('',(0.825000000000005,-0.760191573472085,
0.849999999999661));
#63920=DIRECTION('',(0.,-1.,0.));
#63930=VECTOR('',#63920,1.);
#63940=LINE('',#63910,#63930);
#63950=CARTESIAN_POINT('',(0.825000000000005,1.06200274723194,
0.849999999999662));
#63960=VERTEX_POINT('',#63950);
#63970=EDGE_CURVE('',#63880,#63960,#63940,.T.);
#63980=ORIENTED_EDGE('',*,*,#63970,.F.);
#63990=CARTESIAN_POINT('',(0.775000000000004,1.06200274723194,
0.849999999999662));
#64000=DIRECTION('',(0.,0.990334273778511,0.1387012118894));
#64010=DIRECTION('',(0.,-0.1387012118894,0.990334273778511));
#64020=AXIS2_PLACEMENT_3D('',#63990,#64000,#64010);
#64030=ELLIPSE('',#64020,0.0504880032165609,0.05);
#64040=EDGE_CURVE('',#10190,#63960,#64030,.T.);
#64050=ORIENTED_EDGE('',*,*,#64040,.T.);
#64060=ORIENTED_EDGE('',*,*,#16710,.T.);
#64070=EDGE_LOOP('',(#64060,#64050,#63980,#63900));
#64080=FACE_OUTER_BOUND('',#64070,.T.);
#64090=ADVANCED_FACE('',(#64080),#63810,.T.);
#64100=CARTESIAN_POINT('',(0.540000000000004,-0.760191573472085,
0.0299999999998402));
#64110=DIRECTION('',(0.,1.,-8.19714666514907E-14));
#64120=VECTOR('',#64110,1.);
#64130=LINE('',#64100,#64120);
#64140=CARTESIAN_POINT('',(0.540000000000004,0.820000000000121,
0.0299999999997106));
#64150=VERTEX_POINT('',#64140);
#64160=EDGE_CURVE('',#64150,#27230,#64130,.T.);
#64170=ORIENTED_EDGE('',*,*,#64160,.T.);
#64180=CARTESIAN_POINT('',(0.540000000000004,0.820000000000121,
0.882985658773493));
#64190=DIRECTION('',(0.,0.,-1.));
#64200=VECTOR('',#64190,1.);
#64210=LINE('',#64180,#64200);
#64220=CARTESIAN_POINT('',(0.540000000000004,0.820000000000121,
-3.40838468559923E-13));
#64230=VERTEX_POINT('',#64220);
#64240=EDGE_CURVE('',#64150,#64230,#64210,.T.);
#64250=ORIENTED_EDGE('',*,*,#64240,.F.);
#64260=CARTESIAN_POINT('',(0.540000000000004,-0.760191573472085,
-3.40838468559923E-13));
#64270=DIRECTION('',(0.,1.,0.));
#64280=VECTOR('',#64270,1.);
#64290=LINE('',#64260,#64280);
#64300=CARTESIAN_POINT('',(0.540000000000004,1.10000000000001,
-3.40838468559923E-13));
#64310=VERTEX_POINT('',#64300);
#64320=EDGE_CURVE('',#64230,#64310,#64290,.T.);
#64330=ORIENTED_EDGE('',*,*,#64320,.F.);
#64340=CARTESIAN_POINT('',(0.540000000000004,1.98298565877337,
0.882985658773493));
#64350=DIRECTION('',(0.,0.707106781186347,0.707106781186749));
#64360=VECTOR('',#64350,1.);
#64370=LINE('',#64340,#64360);
#64380=CARTESIAN_POINT('',(0.540000000000004,1.15000000000002,
0.0499999999996419));
#64390=VERTEX_POINT('',#64380);
#64400=EDGE_CURVE('',#64310,#64390,#64370,.T.);
#64410=ORIENTED_EDGE('',*,*,#64400,.F.);
#64420=CARTESIAN_POINT('',(0.540000000000004,1.15000000000002,
0.882985658773493));
#64430=DIRECTION('',(0.,0.,1.));
#64440=VECTOR('',#64430,1.);
#64450=LINE('',#64420,#64440);
#64460=CARTESIAN_POINT('',(0.540000000000004,1.14999999999991,
0.109999999999673));
#64470=VERTEX_POINT('',#64460);
#64480=EDGE_CURVE('',#64390,#64470,#64450,.T.);
#64490=ORIENTED_EDGE('',*,*,#64480,.F.);
#64500=CARTESIAN_POINT('',(0.540000000000004,1.19999999999992,
0.109999999999673));
#64510=DIRECTION('',(1.,0.,0.));
#64520=DIRECTION('',(0.,1.,0.));
#64530=AXIS2_PLACEMENT_3D('',#64500,#64510,#64520);
#64540=CIRCLE('',#64530,0.0500000000000114);
#64550=CARTESIAN_POINT('',(0.540000000000004,1.19999999999986,
0.159999999999684));
#64560=VERTEX_POINT('',#64550);
#64570=EDGE_CURVE('',#64560,#64470,#64540,.T.);
#64580=ORIENTED_EDGE('',*,*,#64570,.T.);
#64590=CARTESIAN_POINT('',(0.540000000000004,-0.760191573472085,
0.159999999999684));
#64600=DIRECTION('',(0.,1.,0.));
#64610=VECTOR('',#64600,1.);
#64620=LINE('',#64590,#64610);
#64630=CARTESIAN_POINT('',(0.540000000000004,1.25,0.159999999999684));
#64640=VERTEX_POINT('',#64630);
#64650=EDGE_CURVE('',#64560,#64640,#64620,.T.);
#64660=ORIENTED_EDGE('',*,*,#64650,.F.);
#64670=CARTESIAN_POINT('',(0.540000000000004,1.25000000000004,
0.882985658773493));
#64680=DIRECTION('',(0.,0.,1.));
#64690=VECTOR('',#64680,1.);
#64700=LINE('',#64670,#64690);
#64710=EDGE_CURVE('',#64640,#4820,#64700,.T.);
#64720=ORIENTED_EDGE('',*,*,#64710,.F.);
#64730=ORIENTED_EDGE('',*,*,#4830,.T.);
#64740=ORIENTED_EDGE('',*,*,#27240,.T.);
#64750=EDGE_LOOP('',(#64740,#64730,#64720,#64660,#64580,#64490,#64410,
#64330,#64250,#64170));
#64760=FACE_OUTER_BOUND('',#64750,.T.);
#64770=ADVANCED_FACE('',(#64760),#63320,.T.);
#64780=CARTESIAN_POINT('',(0.540000000000004,0.820000000000121,
-3.40838468559923E-13));
#64790=DIRECTION('',(0.,-1.,0.));
#64800=DIRECTION('',(0.,0.,1.));
#64810=AXIS2_PLACEMENT_3D('',#64780,#64790,#64800);
#64820=PLANE('',#64810);
#64830=CARTESIAN_POINT('',(0.660000000000005,0.820000000000121,
0.882985658773493));
#64840=DIRECTION('',(0.,0.,-1.));
#64850=VECTOR('',#64840,1.);
#64860=LINE('',#64830,#64850);
#64870=CARTESIAN_POINT('',(0.660000000000005,0.820000000000121,
0.0299999999997106));
#64880=VERTEX_POINT('',#64870);
#64890=CARTESIAN_POINT('',(0.660000000000005,0.820000000000121,
-3.40838468559923E-13));
#64900=VERTEX_POINT('',#64890);
#64910=EDGE_CURVE('',#64880,#64900,#64860,.T.);
#64920=ORIENTED_EDGE('',*,*,#64910,.F.);
#64930=CARTESIAN_POINT('',(3.8275,0.820000000000121,
-3.40838468559923E-13));
#64940=DIRECTION('',(-1.,0.,0.));
#64950=VECTOR('',#64940,1.);
#64960=LINE('',#64930,#64950);
#64970=EDGE_CURVE('',#64900,#64230,#64960,.T.);
#64980=ORIENTED_EDGE('',*,*,#64970,.F.);
#64990=ORIENTED_EDGE('',*,*,#64240,.T.);
#65000=CARTESIAN_POINT('',(3.8275,0.820000000000121,0.0299999999997106))
;
#65010=DIRECTION('',(-1.,0.,0.));
#65020=VECTOR('',#65010,1.);
#65030=LINE('',#65000,#65020);
#65040=EDGE_CURVE('',#64880,#64150,#65030,.T.);
#65050=ORIENTED_EDGE('',*,*,#65040,.T.);
#65060=EDGE_LOOP('',(#65050,#64990,#64980,#64920));
#65070=FACE_OUTER_BOUND('',#65060,.T.);
#65080=ADVANCED_FACE('',(#65070),#64820,.T.);
#65090=CARTESIAN_POINT('',(0.540000000000004,1.25000000000004,
0.359999999999673));
#65100=DIRECTION('',(0.,1.,0.));
#65110=DIRECTION('',(0.,0.,-1.));
#65120=AXIS2_PLACEMENT_3D('',#65090,#65100,#65110);
#65130=PLANE('',#65120);
#65140=CARTESIAN_POINT('',(3.8275,1.25000000000001,0.159999999999684));
#65150=DIRECTION('',(-1.,0.,0.));
#65160=VECTOR('',#65150,1.);
#65170=LINE('',#65140,#65160);
#65180=CARTESIAN_POINT('',(0.660000000000005,1.25000000000001,
0.159999999999684));
#65190=VERTEX_POINT('',#65180);
#65200=EDGE_CURVE('',#65190,#64640,#65170,.T.);
#65210=ORIENTED_EDGE('',*,*,#65200,.T.);
#65220=CARTESIAN_POINT('',(0.660000000000005,1.25000000000004,
0.882985658773493));
#65230=DIRECTION('',(0.,0.,1.));
#65240=VECTOR('',#65230,1.);
#65250=LINE('',#65220,#65240);
#65260=EDGE_CURVE('',#65190,#4900,#65250,.T.);
#65270=ORIENTED_EDGE('',*,*,#65260,.F.);
#65280=ORIENTED_EDGE('',*,*,#4910,.T.);
#65290=ORIENTED_EDGE('',*,*,#64710,.T.);
#65300=EDGE_LOOP('',(#65290,#65280,#65270,#65210));
#65310=FACE_OUTER_BOUND('',#65300,.T.);
#65320=ADVANCED_FACE('',(#65310),#65130,.T.);
#65330=CARTESIAN_POINT('',(0.540000000000004,1.25000000000004,
0.159999999999684));
#65340=DIRECTION('',(-0.,-0.,-1.));
#65350=DIRECTION('',(0.,-1.,0.));
#65360=AXIS2_PLACEMENT_3D('',#65330,#65340,#65350);
#65370=PLANE('',#65360);
#65380=CARTESIAN_POINT('',(0.540000000000004,1.19999999999992,
0.159999999999684));
#65390=DIRECTION('',(1.,0.,0.));
#65400=VECTOR('',#65390,1.);
#65410=LINE('',#65380,#65400);
#65420=CARTESIAN_POINT('',(0.660000000000004,1.19999999999992,
0.159999999999684));
#65430=VERTEX_POINT('',#65420);
#65440=EDGE_CURVE('',#64560,#65430,#65410,.T.);
#65450=ORIENTED_EDGE('',*,*,#65440,.F.);
#65460=CARTESIAN_POINT('',(0.660000000000005,-0.760191573472085,
0.159999999999684));
#65470=DIRECTION('',(0.,1.,0.));
#65480=VECTOR('',#65470,1.);
#65490=LINE('',#65460,#65480);
#65500=EDGE_CURVE('',#65430,#65190,#65490,.T.);
#65510=ORIENTED_EDGE('',*,*,#65500,.F.);
#65520=ORIENTED_EDGE('',*,*,#65200,.F.);
#65530=ORIENTED_EDGE('',*,*,#64650,.T.);
#65540=EDGE_LOOP('',(#65530,#65520,#65510,#65450));
#65550=FACE_OUTER_BOUND('',#65540,.T.);
#65560=ADVANCED_FACE('',(#65550),#65370,.T.);
#65570=CARTESIAN_POINT('',(0.540000000000004,1.19999999999992,
0.109999999999673));
#65580=DIRECTION('',(1.,0.,0.));
#65590=DIRECTION('',(0.,1.,0.));
#65600=AXIS2_PLACEMENT_3D('',#65570,#65580,#65590);
#65610=CYLINDRICAL_SURFACE('',#65600,0.0500000000000114);
#65620=CARTESIAN_POINT('',(0.540000000000004,1.14999999999991,
0.109999999999673));
#65630=DIRECTION('',(1.,0.,0.));
#65640=VECTOR('',#65630,1.);
#65650=LINE('',#65620,#65640);
#65660=CARTESIAN_POINT('',(0.660000000000004,1.14999999999991,
0.109999999999673));
#65670=VERTEX_POINT('',#65660);
#65680=EDGE_CURVE('',#64470,#65670,#65650,.T.);
#65690=ORIENTED_EDGE('',*,*,#65680,.F.);
#65700=CARTESIAN_POINT('',(0.660000000000005,1.19999999999992,
0.109999999999673));
#65710=DIRECTION('',(1.,0.,0.));
#65720=DIRECTION('',(0.,1.,0.));
#65730=AXIS2_PLACEMENT_3D('',#65700,#65710,#65720);
#65740=CIRCLE('',#65730,0.0500000000000114);
#65750=EDGE_CURVE('',#65430,#65670,#65740,.T.);
#65760=ORIENTED_EDGE('',*,*,#65750,.T.);
#65770=ORIENTED_EDGE('',*,*,#65440,.T.);
#65780=ORIENTED_EDGE('',*,*,#64570,.F.);
#65790=EDGE_LOOP('',(#65780,#65770,#65760,#65690));
#65800=FACE_OUTER_BOUND('',#65790,.T.);
#65810=ADVANCED_FACE('',(#65800),#65610,.F.);
#65820=CARTESIAN_POINT('',(0.540000000000004,1.15000000000002,
0.109999999999673));
#65830=DIRECTION('',(0.,1.,0.));
#65840=DIRECTION('',(0.,0.,-1.));
#65850=AXIS2_PLACEMENT_3D('',#65820,#65830,#65840);
#65860=PLANE('',#65850);
#65870=CARTESIAN_POINT('',(3.8275,1.14999999999998,0.0499999999996279));
#65880=DIRECTION('',(-1.,0.,0.));
#65890=VECTOR('',#65880,1.);
#65900=LINE('',#65870,#65890);
#65910=CARTESIAN_POINT('',(0.660000000000005,1.14999999999998,
0.0499999999996279));
#65920=VERTEX_POINT('',#65910);
#65930=EDGE_CURVE('',#65920,#64390,#65900,.T.);
#65940=ORIENTED_EDGE('',*,*,#65930,.T.);
#65950=CARTESIAN_POINT('',(0.660000000000005,1.15000000000002,
0.882985658773493));
#65960=DIRECTION('',(0.,0.,1.));
#65970=VECTOR('',#65960,1.);
#65980=LINE('',#65950,#65970);
#65990=EDGE_CURVE('',#65920,#65670,#65980,.T.);
#66000=ORIENTED_EDGE('',*,*,#65990,.F.);
#66010=ORIENTED_EDGE('',*,*,#65680,.T.);
#66020=ORIENTED_EDGE('',*,*,#64480,.T.);
#66030=EDGE_LOOP('',(#66020,#66010,#66000,#65940));
#66040=FACE_OUTER_BOUND('',#66030,.T.);
#66050=ADVANCED_FACE('',(#66040),#65860,.T.);
#66060=CARTESIAN_POINT('',(0.540000000000004,1.15000000000002,
0.0499999999996705));
#66070=DIRECTION('',(0.,0.707106781186749,-0.707106781186347));
#66080=DIRECTION('',(0.,-0.707106781186347,-0.707106781186749));
#66090=AXIS2_PLACEMENT_3D('',#66060,#66070,#66080);
#66100=PLANE('',#66090);
#66110=CARTESIAN_POINT('',(3.8275,1.10000000000004,-3.40838468559923E-13
));
#66120=DIRECTION('',(-1.,0.,0.));
#66130=VECTOR('',#66120,1.);
#66140=LINE('',#66110,#66130);
#66150=CARTESIAN_POINT('',(0.660000000000005,1.10000000000004,
-3.40838468559923E-13));
#66160=VERTEX_POINT('',#66150);
#66170=EDGE_CURVE('',#66160,#64310,#66140,.T.);
#66180=ORIENTED_EDGE('',*,*,#66170,.T.);
#66190=CARTESIAN_POINT('',(0.660000000000005,1.98298565877337,
0.882985658773493));
#66200=DIRECTION('',(0.,0.707106781186347,0.707106781186749));
#66210=VECTOR('',#66200,1.);
#66220=LINE('',#66190,#66210);
#66230=EDGE_CURVE('',#66160,#65920,#66220,.T.);
#66240=ORIENTED_EDGE('',*,*,#66230,.F.);
#66250=ORIENTED_EDGE('',*,*,#65930,.F.);
#66260=ORIENTED_EDGE('',*,*,#64400,.T.);
#66270=EDGE_LOOP('',(#66260,#66250,#66240,#66180));
#66280=FACE_OUTER_BOUND('',#66270,.T.);
#66290=ADVANCED_FACE('',(#66280),#66100,.T.);
#66300=CARTESIAN_POINT('',(0.540000000000004,1.10000000000004,
-3.40838468559923E-13));
#66310=DIRECTION('',(-0.,-0.,-1.));
#66320=DIRECTION('',(0.,-1.,0.));
#66330=AXIS2_PLACEMENT_3D('',#66300,#66310,#66320);
#66340=PLANE('',#66330);
#66350=ORIENTED_EDGE('',*,*,#64970,.T.);
#66360=CARTESIAN_POINT('',(0.660000000000005,-0.760191573472085,
-3.40838468559923E-13));
#66370=DIRECTION('',(0.,1.,0.));
#66380=VECTOR('',#66370,1.);
#66390=LINE('',#66360,#66380);
#66400=EDGE_CURVE('',#64900,#66160,#66390,.T.);
#66410=ORIENTED_EDGE('',*,*,#66400,.F.);
#66420=ORIENTED_EDGE('',*,*,#66170,.F.);
#66430=ORIENTED_EDGE('',*,*,#64320,.T.);
#66440=EDGE_LOOP('',(#66430,#66420,#66410,#66350));
#66450=FACE_OUTER_BOUND('',#66440,.T.);
#66460=ADVANCED_FACE('',(#66450),#66340,.T.);
#66470=CARTESIAN_POINT('',(0.660000000000004,-151.431978693202,
-226.82949028));
#66480=DIRECTION('',(1.,0.,0.));
#66490=DIRECTION('',(0.,1.,0.));
#66500=AXIS2_PLACEMENT_3D('',#66470,#66480,#66490);
#66510=PLANE('',#66500);
#66520=ORIENTED_EDGE('',*,*,#4990,.T.);
#66530=ORIENTED_EDGE('',*,*,#65260,.T.);
#66540=ORIENTED_EDGE('',*,*,#65500,.T.);
#66550=ORIENTED_EDGE('',*,*,#65750,.F.);
#66560=ORIENTED_EDGE('',*,*,#65990,.T.);
#66570=ORIENTED_EDGE('',*,*,#66230,.T.);
#66580=ORIENTED_EDGE('',*,*,#66400,.T.);
#66590=ORIENTED_EDGE('',*,*,#64910,.T.);
#66600=CARTESIAN_POINT('',(0.660000000000004,-0.760191573472085,
0.0299999999998402));
#66610=DIRECTION('',(0.,-1.,8.19714666514907E-14));
#66620=VECTOR('',#66610,1.);
#66630=LINE('',#66600,#66620);
#66640=CARTESIAN_POINT('',(0.660000000000004,1.00000000000007,
0.0299999999996958));
#66650=VERTEX_POINT('',#66640);
#66660=EDGE_CURVE('',#66650,#64880,#66630,.T.);
#66670=ORIENTED_EDGE('',*,*,#66660,.T.);
#66680=CARTESIAN_POINT('',(0.660000000000004,1.00000000000007,
0.882985658773493));
#66690=DIRECTION('',(0.,0.,-1.));
#66700=VECTOR('',#66690,1.);
#66710=LINE('',#66680,#66700);
#66720=EDGE_CURVE('',#4980,#66650,#66710,.T.);
#66730=ORIENTED_EDGE('',*,*,#66720,.T.);
#66740=EDGE_LOOP('',(#66730,#66670,#66590,#66580,#66570,#66560,#66550,
#66540,#66530,#66520));
#66750=FACE_OUTER_BOUND('',#66740,.T.);
#66760=ADVANCED_FACE('',(#66750),#66510,.T.);
#66770=CARTESIAN_POINT('',(-3.1225,1.00000000000007,0.0299999999996958))
;
#66780=DIRECTION('',(-0.,-8.19714666514907E-14,-1.));
#66790=DIRECTION('',(0.,-1.,8.19714666514907E-14));
#66800=AXIS2_PLACEMENT_3D('',#66770,#66780,#66790);
#66810=PLANE('',#66800);
#66820=CARTESIAN_POINT('',(-5.8225,-1.99999999999993,0.0299999999999407)
);
#66830=DIRECTION('',(1.,0.,0.));
#66840=VECTOR('',#66830,1.);
#66850=LINE('',#66820,#66840);
#66860=CARTESIAN_POINT('',(0.840000000000003,-1.99999999999993,
0.0299999999999407));
#66870=VERTEX_POINT('',#66860);
#66880=EDGE_CURVE('',#28620,#66870,#66850,.T.);
#66890=ORIENTED_EDGE('',*,*,#66880,.F.);
#66900=CARTESIAN_POINT('',(0.840000000000003,-0.760191573472085,
0.0299999999998402));
#66910=DIRECTION('',(0.,-1.,8.19714666514907E-14));
#66920=VECTOR('',#66910,1.);
#66930=LINE('',#66900,#66920);
#66940=CARTESIAN_POINT('',(0.840000000000003,-1.64999999999993,
0.0299999999999131));
#66950=VERTEX_POINT('',#66940);
#66960=EDGE_CURVE('',#66950,#66870,#66930,.T.);
#66970=ORIENTED_EDGE('',*,*,#66960,.T.);
#66980=CARTESIAN_POINT('',(3.8275,-1.64999999999993,0.0299999999999131))
;
#66990=DIRECTION('',(1.,0.,0.));
#67000=VECTOR('',#66990,1.);
#67010=LINE('',#66980,#67000);
#67020=CARTESIAN_POINT('',(0.960000000000003,-1.64999999999993,
0.0299999999999131));
#67030=VERTEX_POINT('',#67020);
#67040=EDGE_CURVE('',#66950,#67030,#67010,.T.);
#67050=ORIENTED_EDGE('',*,*,#67040,.F.);
#67060=CARTESIAN_POINT('',(0.960000000000003,-0.760191573472085,
0.0299999999998402));
#67070=DIRECTION('',(0.,1.,-8.19714666514907E-14));
#67080=VECTOR('',#67070,1.);
#67090=LINE('',#67060,#67080);
#67100=CARTESIAN_POINT('',(0.960000000000003,-1.99999999999993,
0.0299999999999407));
#67110=VERTEX_POINT('',#67100);
#67120=EDGE_CURVE('',#67110,#67030,#67090,.T.);
#67130=ORIENTED_EDGE('',*,*,#67120,.T.);
#67140=CARTESIAN_POINT('',(-6.4225,-1.99999999999993,0.0299999999999407)
);
#67150=DIRECTION('',(1.,0.,0.));
#67160=VECTOR('',#67150,1.);
#67170=LINE('',#67140,#67160);
#67180=EDGE_CURVE('',#67110,#60460,#67170,.T.);
#67190=ORIENTED_EDGE('',*,*,#67180,.F.);
#67200=ORIENTED_EDGE('',*,*,#60470,.T.);
#67210=CARTESIAN_POINT('',(1.8,-0.949999999999923,0.0299999999998624));
#67220=DIRECTION('',(1.,0.,0.));
#67230=VECTOR('',#67220,1.);
#67240=LINE('',#67210,#67230);
#67250=CARTESIAN_POINT('',(1.85,-0.949999999999923,0.0299999999998624));
#67260=VERTEX_POINT('',#67250);
#67270=EDGE_CURVE('',#60380,#67260,#67240,.T.);
#67280=ORIENTED_EDGE('',*,*,#67270,.F.);
#67290=CARTESIAN_POINT('',(1.85,-0.358024999999923,0.0299999999998137));
#67300=DIRECTION('',(0.,-1.,8.21081609153341E-14));
#67310=VECTOR('',#67300,1.);
#67320=LINE('',#67290,#67310);
#67330=CARTESIAN_POINT('',(1.85,1.00000000000008,0.0299999999997103));
#67340=VERTEX_POINT('',#67330);
#67350=EDGE_CURVE('',#67340,#67260,#67320,.T.);
#67360=ORIENTED_EDGE('',*,*,#67350,.T.);
#67370=CARTESIAN_POINT('',(-6.1225,1.00000000000007,0.0299999999996958))
;
#67380=DIRECTION('',(-1.,0.,0.));
#67390=VECTOR('',#67380,1.);
#67400=LINE('',#67370,#67390);
#67410=EDGE_CURVE('',#67340,#66650,#67400,.T.);
#67420=ORIENTED_EDGE('',*,*,#67410,.F.);
#67430=ORIENTED_EDGE('',*,*,#66660,.F.);
#67440=ORIENTED_EDGE('',*,*,#65040,.F.);
#67450=ORIENTED_EDGE('',*,*,#64160,.F.);
#67460=ORIENTED_EDGE('',*,*,#27390,.F.);
#67470=ORIENTED_EDGE('',*,*,#58160,.F.);
#67480=ORIENTED_EDGE('',*,*,#52520,.F.);
#67490=ORIENTED_EDGE('',*,*,#54200,.T.);
#67500=ORIENTED_EDGE('',*,*,#54700,.F.);
#67510=ORIENTED_EDGE('',*,*,#52060,.F.);
#67520=ORIENTED_EDGE('',*,*,#51180,.F.);
#67530=ORIENTED_EDGE('',*,*,#54840,.T.);
#67540=ORIENTED_EDGE('',*,*,#55100,.F.);
#67550=ORIENTED_EDGE('',*,*,#56090,.F.);
#67560=ORIENTED_EDGE('',*,*,#58860,.F.);
#67570=ORIENTED_EDGE('',*,*,#56700,.T.);
#67580=ORIENTED_EDGE('',*,*,#6710,.F.);
#67590=ORIENTED_EDGE('',*,*,#43700,.F.);
#67600=ORIENTED_EDGE('',*,*,#44890,.T.);
#67610=ORIENTED_EDGE('',*,*,#7260,.F.);
#67620=CARTESIAN_POINT('',(-1.6225,-1.99999999999993,0.0299999999999407)
);
#67630=DIRECTION('',(1.,0.,0.));
#67640=VECTOR('',#67630,1.);
#67650=LINE('',#67620,#67640);
#67660=EDGE_CURVE('',#7170,#3080,#67650,.T.);
#67670=ORIENTED_EDGE('',*,*,#67660,.F.);
#67680=ORIENTED_EDGE('',*,*,#3090,.T.);
#67690=ORIENTED_EDGE('',*,*,#3760,.F.);
#67700=ORIENTED_EDGE('',*,*,#1330,.T.);
#67710=EDGE_CURVE('',#1300,#19440,#67650,.T.);
#67720=ORIENTED_EDGE('',*,*,#67710,.F.);
#67730=ORIENTED_EDGE('',*,*,#19930,.T.);
#67740=ORIENTED_EDGE('',*,*,#18870,.F.);
#67750=ORIENTED_EDGE('',*,*,#3940,.T.);
#67760=CARTESIAN_POINT('',(-2.2225,-1.99999999999993,0.0299999999999407)
);
#67770=DIRECTION('',(1.,0.,0.));
#67780=VECTOR('',#67770,1.);
#67790=LINE('',#67760,#67780);
#67800=EDGE_CURVE('',#3910,#24410,#67790,.T.);
#67810=ORIENTED_EDGE('',*,*,#67800,.F.);
#67820=ORIENTED_EDGE('',*,*,#24420,.T.);
#67830=ORIENTED_EDGE('',*,*,#20950,.F.);
#67840=ORIENTED_EDGE('',*,*,#23290,.T.);
#67850=EDGE_CURVE('',#23280,#60150,#67790,.T.);
#67860=ORIENTED_EDGE('',*,*,#67850,.F.);
#67870=ORIENTED_EDGE('',*,*,#60160,.F.);
#67880=ORIENTED_EDGE('',*,*,#57990,.F.);
#67890=ORIENTED_EDGE('',*,*,#28690,.F.);
#67900=EDGE_LOOP('',(#67890,#67880,#67870,#67860,#67840,#67830,#67820,
#67810,#67750,#67740,#67730,#67720,#67700,#67690,#67680,#67670,#67610,
#67600,#67590,#67580,#67570,#67560,#67550,#67540,#67530,#67520,#67510,
#67500,#67490,#67480,#67470,#67460,#67450,#67440,#67430,#67420,#67360,
#67280,#67200,#67190,#67130,#67050,#66970,#66890));
#67910=FACE_OUTER_BOUND('',#67900,.T.);
#67920=ADVANCED_FACE('',(#67910),#66810,.T.);
#67930=CARTESIAN_POINT('',(0.540000000000004,0.569999999999922,
0.639999999999674));
#67940=DIRECTION('',(-0.,-0.,-1.));
#67950=DIRECTION('',(0.,-1.,0.));
#67960=AXIS2_PLACEMENT_3D('',#67930,#67940,#67950);
#67970=PLANE('',#67960);
#67980=ORIENTED_EDGE('',*,*,#15050,.T.);
#67990=CARTESIAN_POINT('',(0.660000000000004,-0.149999999999963,
0.639999999999674));
#68000=DIRECTION('',(0.,1.,0.));
#68010=VECTOR('',#68000,1.);
#68020=LINE('',#67990,#68010);
#68030=CARTESIAN_POINT('',(0.660000000000004,0.569999999999922,
0.639999999999674));
#68040=VERTEX_POINT('',#68030);
#68050=EDGE_CURVE('',#14960,#68040,#68020,.T.);
#68060=ORIENTED_EDGE('',*,*,#68050,.F.);
#68070=CARTESIAN_POINT('',(0.540000000000004,0.569999999999922,
0.639999999999674));
#68080=DIRECTION('',(1.,0.,0.));
#68090=VECTOR('',#68080,1.);
#68100=LINE('',#68070,#68090);
#68110=EDGE_CURVE('',#63450,#68040,#68100,.T.);
#68120=ORIENTED_EDGE('',*,*,#68110,.T.);
#68130=ORIENTED_EDGE('',*,*,#63460,.T.);
#68140=EDGE_LOOP('',(#68130,#68120,#68060,#67980));
#68150=FACE_OUTER_BOUND('',#68140,.T.);
#68160=ADVANCED_FACE('',(#68150),#67970,.T.);
#68170=CARTESIAN_POINT('',(0.775000000000004,-0.760191573472085,
0.329373051227086));
#68180=DIRECTION('',(0.,0.961523947640823,0.274721127897377));
#68190=DIRECTION('',(0.,0.274721127897377,-0.961523947640823));
#68200=AXIS2_PLACEMENT_3D('',#68170,#68180,#68190);
#68210=CYLINDRICAL_SURFACE('',#68200,0.05);
#68220=ORIENTED_EDGE('',*,*,#64040,.F.);
#68230=CARTESIAN_POINT('',(0.775000000000004,1.06200274723193,
0.849999999999661));
#68240=DIRECTION('',(0.,0.,-1.));
#68250=DIRECTION('',(0.,1.,0.));
#68260=AXIS2_PLACEMENT_3D('',#68230,#68240,#68250);
#68270=ELLIPSE('',#68260,0.182002747232013,0.05);
#68280=EDGE_CURVE('',#63960,#10170,#68270,.T.);
#68290=ORIENTED_EDGE('',*,*,#68280,.F.);
#68300=ORIENTED_EDGE('',*,*,#10200,.F.);
#68310=EDGE_LOOP('',(#68300,#68290,#68220));
#68320=FACE_OUTER_BOUND('',#68310,.T.);
#68330=ADVANCED_FACE('',(#68320),#68210,.T.);
#68340=CARTESIAN_POINT('',(1.63000000000001,-1.52581448794855,
0.391760616525915));
#68350=DIRECTION('',(1.,0.,0.));
#68360=DIRECTION('',(0.,1.,0.));
#68370=AXIS2_PLACEMENT_3D('',#68340,#68350,#68360);
#68380=PLANE('',#68370);
#68390=ORIENTED_EDGE('',*,*,#29580,.T.);
#68400=CARTESIAN_POINT('',(1.63000000000001,-0.760191573472085,
0.849999999999661));
#68410=DIRECTION('',(0.,-1.,0.));
#68420=VECTOR('',#68410,1.);
#68430=LINE('',#68400,#68420);
#68440=CARTESIAN_POINT('',(1.63000000000001,2.09999999999992,
0.849999999999661));
#68450=VERTEX_POINT('',#68440);
#68460=EDGE_CURVE('',#68450,#29570,#68430,.T.);
#68470=ORIENTED_EDGE('',*,*,#68460,.T.);
#68480=CARTESIAN_POINT('',(1.63000000000001,2.09999999999992,
0.882985658773493));
#68490=DIRECTION('',(0.,1.22460635382238E-16,1.));
#68500=VECTOR('',#68490,1.);
#68510=LINE('',#68480,#68500);
#68520=EDGE_CURVE('',#27970,#68450,#68510,.T.);
#68530=ORIENTED_EDGE('',*,*,#68520,.T.);
#68540=ORIENTED_EDGE('',*,*,#27980,.T.);
#68550=ORIENTED_EDGE('',*,*,#27760,.T.);
#68560=ORIENTED_EDGE('',*,*,#5150,.T.);
#68570=ORIENTED_EDGE('',*,*,#26060,.F.);
#68580=CARTESIAN_POINT('',(1.63000000000001,0.699999999999922,
0.409999999999662));
#68590=DIRECTION('',(1.,0.,0.));
#68600=DIRECTION('',(0.,1.,-1.22460635382238E-16));
#68610=AXIS2_PLACEMENT_3D('',#68580,#68590,#68600);
#68620=CIRCLE('',#68610,0.1);
#68630=EDGE_CURVE('',#11310,#25990,#68620,.T.);
#68640=ORIENTED_EDGE('',*,*,#68630,.T.);
#68650=ORIENTED_EDGE('',*,*,#11320,.F.);
#68660=EDGE_LOOP('',(#68650,#68640,#68570,#68560,#68550,#68540,#68530,
#68470,#68390));
#68670=FACE_OUTER_BOUND('',#68660,.T.);
#68680=ADVANCED_FACE('',(#68670),#68380,.T.);
#68690=CARTESIAN_POINT('',(0.540000000000004,0.691873627038134,
0.658623077883277));
#68700=DIRECTION('',(0.,0.151053108018727,-0.988525648912502));
#68710=DIRECTION('',(0.,-0.988525648912502,-0.151053108018727));
#68720=AXIS2_PLACEMENT_3D('',#68690,#68700,#68710);
#68730=PLANE('',#68720);
#68740=ORIENTED_EDGE('',*,*,#63520,.T.);
#68750=ORIENTED_EDGE('',*,*,#68110,.F.);
#68760=CARTESIAN_POINT('',(0.660000000000004,0.569999999999922,
0.639999999999674));
#68770=DIRECTION('',(0.,0.988525648912502,0.151053108018727));
#68780=VECTOR('',#68770,1.);
#68790=LINE('',#68760,#68780);
#68800=EDGE_CURVE('',#68040,#10830,#68790,.T.);
#68810=ORIENTED_EDGE('',*,*,#68800,.F.);
#68820=ORIENTED_EDGE('',*,*,#10840,.F.);
#68830=EDGE_LOOP('',(#68820,#68810,#68750,#68740));
#68840=FACE_OUTER_BOUND('',#68830,.T.);
#68850=ADVANCED_FACE('',(#68840),#68730,.T.);
#68860=CARTESIAN_POINT('',(1.85,-0.988931388858487,0.811137268153961));
#68870=DIRECTION('',(1.,-0.,0.));
#68880=DIRECTION('',(0.,1.,-4.89842541528951E-16));
#68890=AXIS2_PLACEMENT_3D('',#68860,#68870,#68880);
#68900=PLANE('',#68890);
#68910=CARTESIAN_POINT('',(1.85,-0.358024999999923,-0.0863887499999803))
;
#68920=DIRECTION('',(0.,-0.911921505175107,0.410364677328797));
#68930=VECTOR('',#68920,1.);
#68940=LINE('',#68910,#68930);
#68950=CARTESIAN_POINT('',(1.85,-0.949999999999923,0.180000000000019));
#68960=VERTEX_POINT('',#68950);
#68970=CARTESIAN_POINT('',(1.85,-1.14999999999992,0.270000000000019));
#68980=VERTEX_POINT('',#68970);
#68990=EDGE_CURVE('',#68960,#68980,#68940,.T.);
#69000=ORIENTED_EDGE('',*,*,#68990,.F.);
#69010=CARTESIAN_POINT('',(1.85,-1.14999999999993,-1.94382799999998));
#69020=DIRECTION('',(0.,3.06128628880177E-15,1.));
#69030=VECTOR('',#69020,1.);
#69040=LINE('',#69010,#69030);
#69050=EDGE_CURVE('',#68980,#59340,#69040,.T.);
#69060=ORIENTED_EDGE('',*,*,#69050,.F.);
#69070=ORIENTED_EDGE('',*,*,#59350,.T.);
#69080=CARTESIAN_POINT('',(1.85,1.00000000000008,-1.94382799999998));
#69090=DIRECTION('',(0.,-2.44921270764475E-16,-1.));
#69100=VECTOR('',#69090,1.);
#69110=LINE('',#69080,#69100);
#69120=EDGE_CURVE('',#59260,#67340,#69110,.T.);
#69130=ORIENTED_EDGE('',*,*,#69120,.F.);
#69140=ORIENTED_EDGE('',*,*,#67350,.F.);
#69150=CARTESIAN_POINT('',(1.85,-0.949999999999923,-1.94382799999998));
#69160=DIRECTION('',(0.,1.22460635382238E-16,1.));
#69170=VECTOR('',#69160,1.);
#69180=LINE('',#69150,#69170);
#69190=EDGE_CURVE('',#67260,#68960,#69180,.T.);
#69200=ORIENTED_EDGE('',*,*,#69190,.F.);
#69210=EDGE_LOOP('',(#69200,#69140,#69130,#69070,#69060,#69000));
#69220=FACE_OUTER_BOUND('',#69210,.T.);
#69230=ADVANCED_FACE('',(#69220),#68900,.T.);
#69240=CARTESIAN_POINT('',(1.455,-1.97499999999993,0.565000000000018));
#69250=DIRECTION('',(0.707106781186549,-0.707106781186546,
8.65927457071934E-17));
#69260=DIRECTION('',(-0.707106781186546,-0.707106781186549,
8.65927457071938E-17));
#69270=AXIS2_PLACEMENT_3D('',#69240,#69250,#69260);
#69280=PLANE('',#69270);
#69290=CARTESIAN_POINT('',(1.48,-1.94999999999993,-1.94382799999998));
#69300=DIRECTION('',(0.,1.22460635382238E-16,1.));
#69310=VECTOR('',#69300,1.);
#69320=LINE('',#69290,#69310);
#69330=CARTESIAN_POINT('',(1.48,-1.94999999999993,0.180000000000019));
#69340=VERTEX_POINT('',#69330);
#69350=EDGE_CURVE('',#69340,#59500,#69320,.T.);
#69360=ORIENTED_EDGE('',*,*,#69350,.T.);
#69370=CARTESIAN_POINT('',(3.07197499999999,-0.358024999999923,
0.180000000000019));
#69380=DIRECTION('',(-0.707106781186546,-0.707106781186549,
8.65927457071938E-17));
#69390=VECTOR('',#69380,1.);
#69400=LINE('',#69370,#69390);
#69410=CARTESIAN_POINT('',(1.43,-1.99999999999993,0.180000000000019));
#69420=VERTEX_POINT('',#69410);
#69430=EDGE_CURVE('',#69340,#69420,#69400,.T.);
#69440=ORIENTED_EDGE('',*,*,#69430,.F.);
#69450=CARTESIAN_POINT('',(1.43,-1.99999999999993,-1.94382799999998));
#69460=DIRECTION('',(0.,-1.22460635382238E-16,-1.));
#69470=VECTOR('',#69460,1.);
#69480=LINE('',#69450,#69470);
#69490=EDGE_CURVE('',#59580,#69420,#69480,.T.);
#69500=ORIENTED_EDGE('',*,*,#69490,.T.);
#69510=ORIENTED_EDGE('',*,*,#59590,.T.);
#69520=EDGE_LOOP('',(#69510,#69500,#69440,#69360));
#69530=FACE_OUTER_BOUND('',#69520,.T.);
#69540=ADVANCED_FACE('',(#69530),#69280,.T.);
#69550=CARTESIAN_POINT('',(1.43,-1.99999999999993,0.180000000000019));
#69560=DIRECTION('',(-0.,-1.22460635382238E-16,-1.));
#69570=DIRECTION('',(-1.,0.,0.));
#69580=AXIS2_PLACEMENT_3D('',#69550,#69560,#69570);
#69590=PLANE('',#69580);
#69600=CARTESIAN_POINT('',(1.48,-0.358024999999923,0.180000000000019));
#69610=DIRECTION('',(0.,1.,-1.22460635382238E-16));
#69620=VECTOR('',#69610,1.);
#69630=LINE('',#69600,#69620);
#69640=CARTESIAN_POINT('',(1.48,-0.949999999999923,0.180000000000019));
#69650=VERTEX_POINT('',#69640);
#69660=EDGE_CURVE('',#69340,#69650,#69630,.T.);
#69670=ORIENTED_EDGE('',*,*,#69660,.F.);
#69680=CARTESIAN_POINT('',(-2.33500000000001,-0.949999999999923,
0.180000000000019));
#69690=DIRECTION('',(-1.,0.,0.));
#69700=VECTOR('',#69690,1.);
#69710=LINE('',#69680,#69700);
#69720=EDGE_CURVE('',#69650,#58340,#69710,.T.);
#69730=ORIENTED_EDGE('',*,*,#69720,.F.);
#69740=ORIENTED_EDGE('',*,*,#58350,.T.);
#69750=CARTESIAN_POINT('',(-2.33500000000001,-1.99999999999993,
0.180000000000019));
#69760=DIRECTION('',(1.,0.,0.));
#69770=VECTOR('',#69760,1.);
#69780=LINE('',#69750,#69770);
#69790=EDGE_CURVE('',#58320,#69420,#69780,.T.);
#69800=ORIENTED_EDGE('',*,*,#69790,.F.);
#69810=ORIENTED_EDGE('',*,*,#69430,.T.);
#69820=EDGE_LOOP('',(#69810,#69800,#69740,#69730,#69670));
#69830=FACE_OUTER_BOUND('',#69820,.T.);
#69840=ADVANCED_FACE('',(#69830),#69590,.T.);
#69850=CARTESIAN_POINT('',(1.48,-0.949999999999923,0.180000000000019));
#69860=DIRECTION('',(0.,1.,-1.22460635382238E-16));
#69870=DIRECTION('',(0.,-1.22460635382238E-16,-1.));
#69880=AXIS2_PLACEMENT_3D('',#69850,#69860,#69870);
#69890=PLANE('',#69880);
#69900=ORIENTED_EDGE('',*,*,#69190,.T.);
#69910=ORIENTED_EDGE('',*,*,#67270,.T.);
#69920=ORIENTED_EDGE('',*,*,#60390,.T.);
#69930=ORIENTED_EDGE('',*,*,#58430,.T.);
#69940=ORIENTED_EDGE('',*,*,#69720,.T.);
#69950=CARTESIAN_POINT('',(1.48,-0.949999999999923,0.180000000000019));
#69960=DIRECTION('',(1.,0.,0.));
#69970=VECTOR('',#69960,1.);
#69980=LINE('',#69950,#69970);
#69990=EDGE_CURVE('',#69650,#68960,#69980,.T.);
#70000=ORIENTED_EDGE('',*,*,#69990,.F.);
#70010=EDGE_LOOP('',(#70000,#69940,#69930,#69920,#69910,#69900));
#70020=FACE_OUTER_BOUND('',#70010,.T.);
#70030=ADVANCED_FACE('',(#70020),#69890,.F.);
#70040=CARTESIAN_POINT('',(1.48,0.957685914692103,0.152183557544172));
#70050=DIRECTION('',(-1.,0.,0.));
#70060=DIRECTION('',(0.,-1.,1.22460635382238E-16));
#70070=AXIS2_PLACEMENT_3D('',#70040,#70050,#70060);
#70080=PLANE('',#70070);
#70090=CARTESIAN_POINT('',(1.48,-1.14999999999993,-1.94382799999998));
#70100=DIRECTION('',(0.,3.06128628880177E-15,1.));
#70110=VECTOR('',#70100,1.);
#70120=LINE('',#70090,#70110);
#70130=CARTESIAN_POINT('',(1.48,-1.14999999999992,0.270000000000019));
#70140=VERTEX_POINT('',#70130);
#70150=EDGE_CURVE('',#70140,#59420,#70120,.T.);
#70160=ORIENTED_EDGE('',*,*,#70150,.T.);
#70170=CARTESIAN_POINT('',(1.48,-0.358024999999923,-0.0863887499999803))
;
#70180=DIRECTION('',(0.,-0.911921505175107,0.410364677328797));
#70190=VECTOR('',#70180,1.);
#70200=LINE('',#70170,#70190);
#70210=EDGE_CURVE('',#69650,#70140,#70200,.T.);
#70220=ORIENTED_EDGE('',*,*,#70210,.T.);
#70230=ORIENTED_EDGE('',*,*,#69660,.T.);
#70240=ORIENTED_EDGE('',*,*,#69350,.F.);
#70250=ORIENTED_EDGE('',*,*,#59510,.F.);
#70260=EDGE_LOOP('',(#70250,#70240,#70230,#70220,#70160));
#70270=FACE_OUTER_BOUND('',#70260,.T.);
#70280=ADVANCED_FACE('',(#70270),#70080,.F.);
#70290=CARTESIAN_POINT('',(-3.4225,-1.99999999999993,0.0299999999999407)
);
#70300=DIRECTION('',(0.,-1.,0.));
#70310=DIRECTION('',(0.,0.,1.));
#70320=AXIS2_PLACEMENT_3D('',#70290,#70300,#70310);
#70330=PLANE('',#70320);
#70340=ORIENTED_EDGE('',*,*,#26890,.F.);
#70350=CARTESIAN_POINT('',(4.4275,-1.99999999999993,0.310000000000018));
#70360=DIRECTION('',(1.,0.,0.));
#70370=VECTOR('',#70360,1.);
#70380=LINE('',#70350,#70370);
#70390=CARTESIAN_POINT('',(1.365,-1.99999999999993,0.310000000000018));
#70400=VERTEX_POINT('',#70390);
#70410=EDGE_CURVE('',#26800,#70400,#70380,.T.);
#70420=ORIENTED_EDGE('',*,*,#70410,.F.);
#70430=CARTESIAN_POINT('',(1.365,-1.99999999999993,-1.94382799999998));
#70440=DIRECTION('',(0.,-1.22460635382238E-16,-1.));
#70450=VECTOR('',#70440,1.);
#70460=LINE('',#70430,#70450);
#70470=EDGE_CURVE('',#29090,#70400,#70460,.T.);
#70480=ORIENTED_EDGE('',*,*,#70470,.T.);
#70490=ORIENTED_EDGE('',*,*,#29100,.F.);
#70500=EDGE_LOOP('',(#70490,#70480,#70420,#70340));
#70510=FACE_BOUND('',#70500,.T.);
#70520=ORIENTED_EDGE('',*,*,#69490,.F.);
#70530=ORIENTED_EDGE('',*,*,#69790,.T.);
#70540=ORIENTED_EDGE('',*,*,#58570,.T.);
#70550=ORIENTED_EDGE('',*,*,#60530,.T.);
#70560=ORIENTED_EDGE('',*,*,#67180,.T.);
#70570=CARTESIAN_POINT('',(0.960000000000003,-1.99999999999993,
0.882985658773493));
#70580=DIRECTION('',(0.,0.,-1.));
#70590=VECTOR('',#70580,1.);
#70600=LINE('',#70570,#70590);
#70610=CARTESIAN_POINT('',(0.960000000000003,-1.99999999999993,
0.283333333333331));
#70620=VERTEX_POINT('',#70610);
#70630=EDGE_CURVE('',#70620,#67110,#70600,.T.);
#70640=ORIENTED_EDGE('',*,*,#70630,.T.);
#70650=CARTESIAN_POINT('',(3.8275,-1.99999999999993,0.283333333333331));
#70660=DIRECTION('',(-1.,0.,0.));
#70670=VECTOR('',#70660,1.);
#70680=LINE('',#70650,#70670);
#70690=CARTESIAN_POINT('',(0.840000000000003,-1.99999999999993,
0.283333333333331));
#70700=VERTEX_POINT('',#70690);
#70710=EDGE_CURVE('',#70620,#70700,#70680,.T.);
#70720=ORIENTED_EDGE('',*,*,#70710,.F.);
#70730=CARTESIAN_POINT('',(0.840000000000003,-1.99999999999993,
0.882985658773493));
#70740=DIRECTION('',(0.,0.,1.));
#70750=VECTOR('',#70740,1.);
#70760=LINE('',#70730,#70750);
#70770=EDGE_CURVE('',#66870,#70700,#70760,.T.);
#70780=ORIENTED_EDGE('',*,*,#70770,.T.);
#70790=ORIENTED_EDGE('',*,*,#66880,.T.);
#70800=ORIENTED_EDGE('',*,*,#28630,.F.);
#70810=ORIENTED_EDGE('',*,*,#21130,.F.);
#70820=ORIENTED_EDGE('',*,*,#60220,.F.);
#70830=ORIENTED_EDGE('',*,*,#67850,.T.);
#70840=ORIENTED_EDGE('',*,*,#23650,.T.);
#70850=ORIENTED_EDGE('',*,*,#29380,.F.);
#70860=ORIENTED_EDGE('',*,*,#24480,.T.);
#70870=ORIENTED_EDGE('',*,*,#67800,.T.);
#70880=ORIENTED_EDGE('',*,*,#4650,.T.);
#70890=ORIENTED_EDGE('',*,*,#24790,.F.);
#70900=ORIENTED_EDGE('',*,*,#19470,.T.);
#70910=ORIENTED_EDGE('',*,*,#67710,.T.);
#70920=ORIENTED_EDGE('',*,*,#2040,.T.);
#70930=ORIENTED_EDGE('',*,*,#2200,.F.);
#70940=ORIENTED_EDGE('',*,*,#3150,.T.);
#70950=ORIENTED_EDGE('',*,*,#67660,.T.);
#70960=ORIENTED_EDGE('',*,*,#7180,.F.);
#70970=ORIENTED_EDGE('',*,*,#6870,.F.);
#70980=ORIENTED_EDGE('',*,*,#930,.F.);
#70990=ORIENTED_EDGE('',*,*,#45290,.T.);
#71000=ORIENTED_EDGE('',*,*,#59650,.T.);
#71010=EDGE_LOOP('',(#71000,#70990,#70980,#70970,#70960,#70950,#70940,
#70930,#70920,#70910,#70900,#70890,#70880,#70870,#70860,#70850,#70840,
#70830,#70820,#70810,#70800,#70790,#70780,#70720,#70640,#70560,#70550,
#70540,#70530,#70520));
#71020=FACE_OUTER_BOUND('',#71010,.T.);
#71030=ADVANCED_FACE('',(#70510,#71020),#70330,.T.);
#71040=CARTESIAN_POINT('',(-5.41499999999998,-0.549999999999926,
0.350000000000018));
#71050=DIRECTION('',(-0.,-5.665498452323E-16,-1.));
#71060=DIRECTION('',(0.,-1.,5.665498452323E-16));
#71070=AXIS2_PLACEMENT_3D('',#71040,#71050,#71060);
#71080=PLANE('',#71070);
#71090=CARTESIAN_POINT('',(1.21499999999999,-0.760191573472085,
0.350000000000018));
#71100=DIRECTION('',(0.,-1.,5.665498452323E-16));
#71110=VECTOR('',#71100,1.);
#71120=LINE('',#71090,#71110);
#71130=CARTESIAN_POINT('',(1.21499999999999,-0.549999999999926,
0.350000000000018));
#71140=VERTEX_POINT('',#71130);
#71150=CARTESIAN_POINT('',(1.21499999999999,-0.799999999999924,
0.350000000000018));
#71160=VERTEX_POINT('',#71150);
#71170=EDGE_CURVE('',#71140,#71160,#71120,.T.);
#71180=ORIENTED_EDGE('',*,*,#71170,.F.);
#71190=CARTESIAN_POINT('',(8.6275,-0.799999999999924,0.350000000000018))
;
#71200=DIRECTION('',(1.,0.,0.));
#71210=VECTOR('',#71200,1.);
#71220=LINE('',#71190,#71210);
#71230=EDGE_CURVE('',#21990,#71160,#71220,.T.);
#71240=ORIENTED_EDGE('',*,*,#71230,.T.);
#71250=ORIENTED_EDGE('',*,*,#22000,.T.);
#71260=CARTESIAN_POINT('',(3.8275,-0.549999999999926,0.350000000000018))
;
#71270=DIRECTION('',(1.,0.,0.));
#71280=VECTOR('',#71270,1.);
#71290=LINE('',#71260,#71280);
#71300=EDGE_CURVE('',#21910,#71140,#71290,.T.);
#71310=ORIENTED_EDGE('',*,*,#71300,.F.);
#71320=EDGE_LOOP('',(#71310,#71250,#71240,#71180));
#71330=FACE_OUTER_BOUND('',#71320,.T.);
#71340=ADVANCED_FACE('',(#71330),#71080,.F.);
#71350=CARTESIAN_POINT('',(1.21499999999999,-1.42074181719505,
0.472156209340594));
#71360=DIRECTION('',(1.,0.,0.));
#71370=DIRECTION('',(0.,1.,0.));
#71380=AXIS2_PLACEMENT_3D('',#71350,#71360,#71370);
#71390=PLANE('',#71380);
#71400=CARTESIAN_POINT('',(1.21499999999999,-0.760191573472085,
0.585023946684038));
#71410=DIRECTION('',(0.,0.992277876713668,-0.124034734589209));
#71420=VECTOR('',#71410,1.);
#71430=LINE('',#71400,#71420);
#71440=CARTESIAN_POINT('',(1.21499999999999,-1.19999999999993,
0.640000000000019));
#71450=VERTEX_POINT('',#71440);
#71460=CARTESIAN_POINT('',(1.21499999999999,-0.799999999999929,
0.590000000000018));
#71470=VERTEX_POINT('',#71460);
#71480=EDGE_CURVE('',#71450,#71470,#71430,.T.);
#71490=ORIENTED_EDGE('',*,*,#71480,.T.);
#71500=CARTESIAN_POINT('',(1.21499999999999,-0.760191573472085,
0.640000000000018));
#71510=DIRECTION('',(0.,1.,-2.61238513460382E-16));
#71520=VECTOR('',#71510,1.);
#71530=LINE('',#71500,#71520);
#71540=EDGE_CURVE('',#29170,#71450,#71530,.T.);
#71550=ORIENTED_EDGE('',*,*,#71540,.T.);
#71560=CARTESIAN_POINT('',(1.21499999999999,-1.84999999999993,
0.882985658773493));
#71570=DIRECTION('',(0.,-1.22460635382238E-16,-1.));
#71580=VECTOR('',#71570,1.);
#71590=LINE('',#71560,#71580);
#71600=CARTESIAN_POINT('',(1.21499999999999,-1.84999999999993,
0.310000000000018));
#71610=VERTEX_POINT('',#71600);
#71620=EDGE_CURVE('',#29170,#71610,#71590,.T.);
#71630=ORIENTED_EDGE('',*,*,#71620,.F.);
#71640=CARTESIAN_POINT('',(1.21499999999999,-0.760191573472085,
0.310000000000018));
#71650=DIRECTION('',(0.,-1.,4.00016391538527E-16));
#71660=VECTOR('',#71650,1.);
#71670=LINE('',#71640,#71660);
#71680=CARTESIAN_POINT('',(1.21499999999999,-1.19999999999993,
0.310000000000018));
#71690=VERTEX_POINT('',#71680);
#71700=EDGE_CURVE('',#71690,#71610,#71670,.T.);
#71710=ORIENTED_EDGE('',*,*,#71700,.T.);
#71720=CARTESIAN_POINT('',(1.21499999999999,-0.760191573472085,
0.353980842652802));
#71730=DIRECTION('',(0.,-0.995037190209989,-0.0995037190209983));
#71740=VECTOR('',#71730,1.);
#71750=LINE('',#71720,#71740);
#71760=EDGE_CURVE('',#71160,#71690,#71750,.T.);
#71770=ORIENTED_EDGE('',*,*,#71760,.T.);
#71780=ORIENTED_EDGE('',*,*,#71170,.T.);
#71790=CARTESIAN_POINT('',(1.21499999999999,-0.549999999999926,
0.882985658773493));
#71800=DIRECTION('',(0.,-5.85053562309386E-16,-1.));
#71810=VECTOR('',#71800,1.);
#71820=LINE('',#71790,#71810);
#71830=CARTESIAN_POINT('',(1.21499999999999,-0.549999999999926,
0.590000000000018));
#71840=VERTEX_POINT('',#71830);
#71850=EDGE_CURVE('',#71840,#71140,#71820,.T.);
#71860=ORIENTED_EDGE('',*,*,#71850,.T.);
#71870=CARTESIAN_POINT('',(1.21499999999999,-0.760191573472085,
0.590000000000018));
#71880=DIRECTION('',(0.,1.,-5.665498452323E-16));
#71890=VECTOR('',#71880,1.);
#71900=LINE('',#71870,#71890);
#71910=EDGE_CURVE('',#71470,#71840,#71900,.T.);
#71920=ORIENTED_EDGE('',*,*,#71910,.T.);
#71930=EDGE_LOOP('',(#71920,#71860,#71780,#71770,#71710,#71630,#71550,
#71490));
#71940=FACE_OUTER_BOUND('',#71930,.T.);
#71950=ADVANCED_FACE('',(#71940),#71390,.F.);
#71960=CARTESIAN_POINT('',(1.28999999999999,-1.92499999999993,
0.565000000000018));
#71970=DIRECTION('',(0.707106781186548,0.707106781186548,
-8.65927457071936E-17));
#71980=DIRECTION('',(0.707106781186547,-0.707106781186547,
8.65927457071935E-17));
#71990=AXIS2_PLACEMENT_3D('',#71960,#71970,#71980);
#72000=PLANE('',#71990);
#72010=ORIENTED_EDGE('',*,*,#71620,.T.);
#72020=ORIENTED_EDGE('',*,*,#29180,.T.);
#72030=ORIENTED_EDGE('',*,*,#70470,.F.);
#72040=CARTESIAN_POINT('',(-2.33500000000001,1.70000000000008,
0.310000000000017));
#72050=DIRECTION('',(0.707106781186548,-0.707106781186548,
3.36392926247854E-16));
#72060=VECTOR('',#72050,1.);
#72070=LINE('',#72040,#72060);
#72080=EDGE_CURVE('',#71610,#70400,#72070,.T.);
#72090=ORIENTED_EDGE('',*,*,#72080,.T.);
#72100=EDGE_LOOP('',(#72090,#72030,#72020,#72010));
#72110=FACE_OUTER_BOUND('',#72100,.T.);
#72120=ADVANCED_FACE('',(#72110),#72000,.F.);
#72130=CARTESIAN_POINT('',(-5.41499999999998,-1.19999999999993,
0.310000000000018));
#72140=DIRECTION('',(-0.,-4.00016391538527E-16,-1.));
#72150=DIRECTION('',(0.,-1.,4.00016391538527E-16));
#72160=AXIS2_PLACEMENT_3D('',#72130,#72140,#72150);
#72170=PLANE('',#72160);
#72180=ORIENTED_EDGE('',*,*,#71700,.F.);
#72190=ORIENTED_EDGE('',*,*,#72080,.F.);
#72200=ORIENTED_EDGE('',*,*,#70410,.T.);
#72210=ORIENTED_EDGE('',*,*,#26810,.T.);
#72220=ORIENTED_EDGE('',*,*,#22160,.T.);
#72230=CARTESIAN_POINT('',(-8.41499999999999,-1.19999999999993,
0.310000000000018));
#72240=DIRECTION('',(1.,0.,0.));
#72250=VECTOR('',#72240,1.);
#72260=LINE('',#72230,#72250);
#72270=EDGE_CURVE('',#22070,#71690,#72260,.T.);
#72280=ORIENTED_EDGE('',*,*,#72270,.F.);
#72290=EDGE_LOOP('',(#72280,#72220,#72210,#72200,#72190,#72180));
#72300=FACE_OUTER_BOUND('',#72290,.T.);
#72310=ADVANCED_FACE('',(#72300),#72170,.F.);
#72320=CARTESIAN_POINT('',(-5.41499999999998,-0.799999999999924,
0.350000000000018));
#72330=DIRECTION('',(0.,0.0995037190209983,-0.995037190209989));
#72340=DIRECTION('',(0.,-0.995037190209989,-0.0995037190209983));
#72350=AXIS2_PLACEMENT_3D('',#72320,#72330,#72340);
#72360=PLANE('',#72350);
#72370=ORIENTED_EDGE('',*,*,#71760,.F.);
#72380=ORIENTED_EDGE('',*,*,#72270,.T.);
#72390=ORIENTED_EDGE('',*,*,#22080,.T.);
#72400=ORIENTED_EDGE('',*,*,#71230,.F.);
#72410=EDGE_LOOP('',(#72400,#72390,#72380,#72370));
#72420=FACE_OUTER_BOUND('',#72410,.T.);
#72430=ADVANCED_FACE('',(#72420),#72360,.F.);
#72440=CARTESIAN_POINT('',(-5.41499999999998,-0.549999999999926,
0.590000000000018));
#72450=DIRECTION('',(0.,1.,-5.85053562309386E-16));
#72460=DIRECTION('',(0.,-5.85053562309386E-16,-1.));
#72470=AXIS2_PLACEMENT_3D('',#72440,#72450,#72460);
#72480=PLANE('',#72470);
#72490=ORIENTED_EDGE('',*,*,#21920,.T.);
#72500=CARTESIAN_POINT('',(8.6275,-0.549999999999926,0.590000000000018))
;
#72510=DIRECTION('',(-1.,0.,0.));
#72520=VECTOR('',#72510,1.);
#72530=LINE('',#72500,#72520);
#72540=EDGE_CURVE('',#71840,#21830,#72530,.T.);
#72550=ORIENTED_EDGE('',*,*,#72540,.T.);
#72560=ORIENTED_EDGE('',*,*,#71850,.F.);
#72570=ORIENTED_EDGE('',*,*,#71300,.T.);
#72580=EDGE_LOOP('',(#72570,#72560,#72550,#72490));
#72590=FACE_OUTER_BOUND('',#72580,.T.);
#72600=ADVANCED_FACE('',(#72590),#72480,.F.);
#72610=CARTESIAN_POINT('',(-5.41499999999998,-0.799999999999928,
0.590000000000018));
#72620=DIRECTION('',(0.,5.665498452323E-16,1.));
#72630=DIRECTION('',(0.,1.,-5.665498452323E-16));
#72640=AXIS2_PLACEMENT_3D('',#72610,#72620,#72630);
#72650=PLANE('',#72640);
#72660=ORIENTED_EDGE('',*,*,#21840,.T.);
#72670=CARTESIAN_POINT('',(10.4275,-0.799999999999929,0.590000000000018)
);
#72680=DIRECTION('',(1.,0.,0.));
#72690=VECTOR('',#72680,1.);
#72700=LINE('',#72670,#72690);
#72710=EDGE_CURVE('',#21810,#71470,#72700,.T.);
#72720=ORIENTED_EDGE('',*,*,#72710,.F.);
#72730=ORIENTED_EDGE('',*,*,#71910,.F.);
#72740=ORIENTED_EDGE('',*,*,#72540,.F.);
#72750=EDGE_LOOP('',(#72740,#72730,#72720,#72660));
#72760=FACE_OUTER_BOUND('',#72750,.T.);
#72770=ADVANCED_FACE('',(#72760),#72650,.F.);
#72780=CARTESIAN_POINT('',(-5.41499999999998,-1.19999999999993,
0.640000000000019));
#72790=DIRECTION('',(0.,0.124034734589209,0.992277876713668));
#72800=DIRECTION('',(0.,0.992277876713668,-0.124034734589209));
#72810=AXIS2_PLACEMENT_3D('',#72780,#72790,#72800);
#72820=PLANE('',#72810);
#72830=ORIENTED_EDGE('',*,*,#71480,.F.);
#72840=ORIENTED_EDGE('',*,*,#72710,.T.);
#72850=ORIENTED_EDGE('',*,*,#22380,.T.);
#72860=CARTESIAN_POINT('',(-4.21499999999999,-1.19999999999993,
0.640000000000019));
#72870=DIRECTION('',(1.,0.,0.));
#72880=VECTOR('',#72870,1.);
#72890=LINE('',#72860,#72880);
#72900=EDGE_CURVE('',#22310,#71450,#72890,.T.);
#72910=ORIENTED_EDGE('',*,*,#72900,.F.);
#72920=EDGE_LOOP('',(#72910,#72850,#72840,#72830));
#72930=FACE_OUTER_BOUND('',#72920,.T.);
#72940=ADVANCED_FACE('',(#72930),#72820,.F.);
#72950=CARTESIAN_POINT('',(-5.41499999999998,-1.84999999999993,
0.640000000000019));
#72960=DIRECTION('',(0.,2.61238513460382E-16,1.));
#72970=DIRECTION('',(0.,1.,-2.61238513460382E-16));
#72980=AXIS2_PLACEMENT_3D('',#72950,#72960,#72970);
#72990=PLANE('',#72980);
#73000=ORIENTED_EDGE('',*,*,#22320,.T.);
#73010=ORIENTED_EDGE('',*,*,#29240,.T.);
#73020=ORIENTED_EDGE('',*,*,#71540,.F.);
#73030=ORIENTED_EDGE('',*,*,#72900,.T.);
#73040=EDGE_LOOP('',(#73030,#73020,#73010,#73000));
#73050=FACE_OUTER_BOUND('',#73040,.T.);
#73060=ADVANCED_FACE('',(#73050),#72990,.F.);
#73070=ORIENTED_EDGE('',*,*,#68800,.T.);
#73080=ORIENTED_EDGE('',*,*,#68050,.T.);
#73090=ORIENTED_EDGE('',*,*,#14970,.T.);
#73100=CARTESIAN_POINT('',(0.660000000000004,-0.229999999999926,
0.882985658773493));
#73110=DIRECTION('',(0.,-4.13907103838181E-16,1.));
#73120=VECTOR('',#73110,1.);
#73130=LINE('',#73100,#73120);
#73140=EDGE_CURVE('',#14880,#63070,#73130,.T.);
#73150=ORIENTED_EDGE('',*,*,#73140,.F.);
#73160=ORIENTED_EDGE('',*,*,#63080,.F.);
#73170=ORIENTED_EDGE('',*,*,#29930,.T.);
#73180=ORIENTED_EDGE('',*,*,#10920,.F.);
#73190=EDGE_LOOP('',(#73180,#73170,#73160,#73150,#73090,#73080,#73070));
#73200=FACE_OUTER_BOUND('',#73190,.T.);
#73210=ADVANCED_FACE('',(#73200),#66510,.T.);
#73220=CARTESIAN_POINT('',(0.840000000000003,-2.04999999999983,
0.280000000000001));
#73230=DIRECTION('',(0.,-0.0665190105238304,0.997785157856605));
#73240=DIRECTION('',(0.,0.997785157856605,0.0665190105238304));
#73250=AXIS2_PLACEMENT_3D('',#73220,#73230,#73240);
#73260=PLANE('',#73250);
#73270=ORIENTED_EDGE('',*,*,#70710,.T.);
#73280=CARTESIAN_POINT('',(0.960000000000003,-0.760191573472085,
0.365987228435285));
#73290=DIRECTION('',(0.,-0.997785157856605,-0.0665190105238304));
#73300=VECTOR('',#73290,1.);
#73310=LINE('',#73280,#73300);
#73320=CARTESIAN_POINT('',(0.960000000000003,-2.04999999999981,
0.28000000000003));
#73330=VERTEX_POINT('',#73320);
#73340=EDGE_CURVE('',#70620,#73330,#73310,.T.);
#73350=ORIENTED_EDGE('',*,*,#73340,.F.);
#73360=CARTESIAN_POINT('',(3.8275,-2.04999999999983,0.280000000000001));
#73370=DIRECTION('',(1.,0.,0.));
#73380=VECTOR('',#73370,1.);
#73390=LINE('',#73360,#73380);
#73400=CARTESIAN_POINT('',(0.840000000000003,-2.04999999999983,
0.280000000000001));
#73410=VERTEX_POINT('',#73400);
#73420=EDGE_CURVE('',#73410,#73330,#73390,.T.);
#73430=ORIENTED_EDGE('',*,*,#73420,.T.);
#73440=CARTESIAN_POINT('',(0.840000000000003,-0.760191573472085,
0.365987228435257));
#73450=DIRECTION('',(0.,-0.997785157856605,-0.0665190105238304));
#73460=VECTOR('',#73450,1.);
#73470=LINE('',#73440,#73460);
#73480=EDGE_CURVE('',#70700,#73410,#73470,.T.);
#73490=ORIENTED_EDGE('',*,*,#73480,.T.);
#73500=EDGE_LOOP('',(#73490,#73430,#73350,#73270));
#73510=FACE_OUTER_BOUND('',#73500,.T.);
#73520=ADVANCED_FACE('',(#73510),#73260,.T.);
#73530=CARTESIAN_POINT('',(0.840000000000003,-2.09999999999992,
0.280000000000001));
#73540=DIRECTION('',(0.,-0.,1.));
#73550=DIRECTION('',(0.,1.,0.));
#73560=AXIS2_PLACEMENT_3D('',#73530,#73540,#73550);
#73570=PLANE('',#73560);
#73580=ORIENTED_EDGE('',*,*,#73420,.F.);
#73590=CARTESIAN_POINT('',(0.960000000000003,-0.760191573472085,
0.280000000000001));
#73600=DIRECTION('',(0.,-1.,0.));
#73610=VECTOR('',#73600,1.);
#73620=LINE('',#73590,#73610);
#73630=CARTESIAN_POINT('',(0.960000000000003,-2.09999999999992,
0.280000000000001));
#73640=VERTEX_POINT('',#73630);
#73650=EDGE_CURVE('',#73330,#73640,#73620,.T.);
#73660=ORIENTED_EDGE('',*,*,#73650,.F.);
#73670=CARTESIAN_POINT('',(3.8275,-2.09999999999992,0.280000000000001));
#73680=DIRECTION('',(-1.,0.,0.));
#73690=VECTOR('',#73680,1.);
#73700=LINE('',#73670,#73690);
#73710=CARTESIAN_POINT('',(0.840000000000003,-2.09999999999992,
0.280000000000001));
#73720=VERTEX_POINT('',#73710);
#73730=EDGE_CURVE('',#73640,#73720,#73700,.T.);
#73740=ORIENTED_EDGE('',*,*,#73730,.F.);
#73750=CARTESIAN_POINT('',(0.840000000000003,-0.760191573472085,
0.280000000000001));
#73760=DIRECTION('',(0.,-1.,0.));
#73770=VECTOR('',#73760,1.);
#73780=LINE('',#73750,#73770);
#73790=EDGE_CURVE('',#73410,#73720,#73780,.T.);
#73800=ORIENTED_EDGE('',*,*,#73790,.T.);
#73810=EDGE_LOOP('',(#73800,#73740,#73660,#73580));
#73820=FACE_OUTER_BOUND('',#73810,.T.);
#73830=ADVANCED_FACE('',(#73820),#73570,.T.);
#73840=CARTESIAN_POINT('',(0.840000000000003,-2.09999999999992,
0.129999999999996));
#73850=DIRECTION('',(0.,-1.,0.));
#73860=DIRECTION('',(0.,0.,1.));
#73870=AXIS2_PLACEMENT_3D('',#73840,#73850,#73860);
#73880=PLANE('',#73870);
#73890=ORIENTED_EDGE('',*,*,#73730,.T.);
#73900=CARTESIAN_POINT('',(0.960000000000003,-2.09999999999992,
0.882985658773493));
#73910=DIRECTION('',(0.,0.,-1.));
#73920=VECTOR('',#73910,1.);
#73930=LINE('',#73900,#73920);
#73940=CARTESIAN_POINT('',(0.960000000000003,-2.09999999999992,
0.130000000000024));
#73950=VERTEX_POINT('',#73940);
#73960=EDGE_CURVE('',#73640,#73950,#73930,.T.);
#73970=ORIENTED_EDGE('',*,*,#73960,.F.);
#73980=CARTESIAN_POINT('',(0.840000000000003,-2.09999999999992,
0.130000000000109));
#73990=DIRECTION('',(1.,0.,0.));
#74000=VECTOR('',#73990,1.);
#74010=LINE('',#73980,#74000);
#74020=CARTESIAN_POINT('',(0.840000000000003,-2.09999999999992,
0.130000000000109));
#74030=VERTEX_POINT('',#74020);
#74040=EDGE_CURVE('',#74030,#73950,#74010,.T.);
#74050=ORIENTED_EDGE('',*,*,#74040,.T.);
#74060=CARTESIAN_POINT('',(0.840000000000003,-2.09999999999992,
0.882985658773493));
#74070=DIRECTION('',(0.,0.,-1.));
#74080=VECTOR('',#74070,1.);
#74090=LINE('',#74060,#74080);
#74100=EDGE_CURVE('',#73720,#74030,#74090,.T.);
#74110=ORIENTED_EDGE('',*,*,#74100,.T.);
#74120=EDGE_LOOP('',(#74110,#74050,#73970,#73890));
#74130=FACE_OUTER_BOUND('',#74120,.T.);
#74140=ADVANCED_FACE('',(#74130),#73880,.T.);
#74150=CARTESIAN_POINT('',(0.840000000000003,-2.09999999999992,
0.0800000000000127));
#74160=DIRECTION('',(1.,0.,0.));
#74170=DIRECTION('',(0.,1.,0.));
#74180=AXIS2_PLACEMENT_3D('',#74150,#74160,#74170);
#74190=CYLINDRICAL_SURFACE('',#74180,0.0500000000000966);
#74200=ORIENTED_EDGE('',*,*,#74040,.F.);
#74210=CARTESIAN_POINT('',(0.960000000000003,-2.09999999999994,
0.0800000000000127));
#74220=DIRECTION('',(1.,0.,0.));
#74230=DIRECTION('',(0.,1.,0.));
#74240=AXIS2_PLACEMENT_3D('',#74210,#74220,#74230);
#74250=CIRCLE('',#74240,0.0500000000000966);
#74260=CARTESIAN_POINT('',(0.960000000000003,-2.04999999999983,
0.0800000000000127));
#74270=VERTEX_POINT('',#74260);
#74280=EDGE_CURVE('',#74270,#73950,#74250,.T.);
#74290=ORIENTED_EDGE('',*,*,#74280,.T.);
#74300=CARTESIAN_POINT('',(0.840000000000003,-2.04999999999983,
0.0800000000000127));
#74310=DIRECTION('',(1.,0.,0.));
#74320=VECTOR('',#74310,1.);
#74330=LINE('',#74300,#74320);
#74340=CARTESIAN_POINT('',(0.840000000000003,-2.04999999999983,
0.0800000000000127));
#74350=VERTEX_POINT('',#74340);
#74360=EDGE_CURVE('',#74350,#74270,#74330,.T.);
#74370=ORIENTED_EDGE('',*,*,#74360,.T.);
#74380=CARTESIAN_POINT('',(0.840000000000003,-2.09999999999992,
0.0800000000000127));
#74390=DIRECTION('',(1.,0.,0.));
#74400=DIRECTION('',(0.,1.,0.));
#74410=AXIS2_PLACEMENT_3D('',#74380,#74390,#74400);
#74420=CIRCLE('',#74410,0.0500000000000966);
#74430=EDGE_CURVE('',#74350,#74030,#74420,.T.);
#74440=ORIENTED_EDGE('',*,*,#74430,.F.);
#74450=EDGE_LOOP('',(#74440,#74370,#74290,#74200));
#74460=FACE_OUTER_BOUND('',#74450,.T.);
#74470=ADVANCED_FACE('',(#74460),#74190,.F.);
#74480=CARTESIAN_POINT('',(0.840000000000003,-2.04999999999983,
0.0500000000000116));
#74490=DIRECTION('',(0.,-1.,0.));
#74500=DIRECTION('',(0.,0.,1.));
#74510=AXIS2_PLACEMENT_3D('',#74480,#74490,#74500);
#74520=PLANE('',#74510);
#74530=ORIENTED_EDGE('',*,*,#74360,.F.);
#74540=CARTESIAN_POINT('',(0.960000000000003,-2.04999999999983,
0.882985658773493));
#74550=DIRECTION('',(0.,0.,-1.));
#74560=VECTOR('',#74550,1.);
#74570=LINE('',#74540,#74560);
#74580=CARTESIAN_POINT('',(0.960000000000003,-2.04999999999983,
0.0500000000000116));
#74590=VERTEX_POINT('',#74580);
#74600=EDGE_CURVE('',#74270,#74590,#74570,.T.);
#74610=ORIENTED_EDGE('',*,*,#74600,.F.);
#74620=CARTESIAN_POINT('',(3.8275,-2.04999999999983,0.0500000000000113))
;
#74630=DIRECTION('',(-1.,0.,0.));
#74640=VECTOR('',#74630,1.);
#74650=LINE('',#74620,#74640);
#74660=CARTESIAN_POINT('',(0.840000000000003,-2.04999999999983,
0.0500000000000113));
#74670=VERTEX_POINT('',#74660);
#74680=EDGE_CURVE('',#74590,#74670,#74650,.T.);
#74690=ORIENTED_EDGE('',*,*,#74680,.F.);
#74700=CARTESIAN_POINT('',(0.840000000000003,-2.04999999999983,
0.882985658773493));
#74710=DIRECTION('',(0.,0.,-1.));
#74720=VECTOR('',#74710,1.);
#74730=LINE('',#74700,#74720);
#74740=EDGE_CURVE('',#74350,#74670,#74730,.T.);
#74750=ORIENTED_EDGE('',*,*,#74740,.T.);
#74760=EDGE_LOOP('',(#74750,#74690,#74610,#74530));
#74770=FACE_OUTER_BOUND('',#74760,.T.);
#74780=ADVANCED_FACE('',(#74770),#74520,.T.);
#74790=CARTESIAN_POINT('',(0.840000000000003,-1.99999999999993,
2.22044604925031E-16));
#74800=DIRECTION('',(-0.,-0.707106781187351,-0.707106781185744));
#74810=DIRECTION('',(0.,-0.707106781185744,0.707106781187351));
#74820=AXIS2_PLACEMENT_3D('',#74790,#74800,#74810);
#74830=PLANE('',#74820);
#74840=ORIENTED_EDGE('',*,*,#74680,.T.);
#74850=CARTESIAN_POINT('',(0.960000000000003,-2.88298565877141,
0.882985658773493));
#74860=DIRECTION('',(0.,0.707106781185744,-0.707106781187351));
#74870=VECTOR('',#74860,1.);
#74880=LINE('',#74850,#74870);
#74890=CARTESIAN_POINT('',(0.960000000000003,-1.99999999999993,0.));
#74900=VERTEX_POINT('',#74890);
#74910=EDGE_CURVE('',#74590,#74900,#74880,.T.);
#74920=ORIENTED_EDGE('',*,*,#74910,.F.);
#74930=CARTESIAN_POINT('',(3.8275,-1.99999999999996,2.8421709430404E-14)
);
#74940=DIRECTION('',(-1.,0.,0.));
#74950=VECTOR('',#74940,1.);
#74960=LINE('',#74930,#74950);
#74970=CARTESIAN_POINT('',(0.840000000000003,-1.99999999999996,
2.8421709430404E-14));
#74980=VERTEX_POINT('',#74970);
#74990=EDGE_CURVE('',#74900,#74980,#74960,.T.);
#75000=ORIENTED_EDGE('',*,*,#74990,.F.);
#75010=CARTESIAN_POINT('',(0.840000000000003,-2.88298565877141,
0.882985658773493));
#75020=DIRECTION('',(0.,0.707106781185744,-0.707106781187351));
#75030=VECTOR('',#75020,1.);
#75040=LINE('',#75010,#75030);
#75050=EDGE_CURVE('',#74670,#74980,#75040,.T.);
#75060=ORIENTED_EDGE('',*,*,#75050,.T.);
#75070=EDGE_LOOP('',(#75060,#75000,#74920,#74840));
#75080=FACE_OUTER_BOUND('',#75070,.T.);
#75090=ADVANCED_FACE('',(#75080),#74830,.T.);
#75100=CARTESIAN_POINT('',(0.840000000000003,-1.64999999999993,
2.22044604925031E-16));
#75110=DIRECTION('',(-0.,-0.,-1.));
#75120=DIRECTION('',(0.,-1.,0.));
#75130=AXIS2_PLACEMENT_3D('',#75100,#75110,#75120);
#75140=PLANE('',#75130);
#75150=ORIENTED_EDGE('',*,*,#74990,.T.);
#75160=CARTESIAN_POINT('',(0.960000000000003,-0.760191573472085,
2.8643754035329E-14));
#75170=DIRECTION('',(0.,1.,0.));
#75180=VECTOR('',#75170,1.);
#75190=LINE('',#75160,#75180);
#75200=CARTESIAN_POINT('',(0.960000000000003,-1.64999999999993,
2.8643754035329E-14));
#75210=VERTEX_POINT('',#75200);
#75220=EDGE_CURVE('',#74900,#75210,#75190,.T.);
#75230=ORIENTED_EDGE('',*,*,#75220,.F.);
#75240=CARTESIAN_POINT('',(3.8275,-1.64999999999993,2.22044604925031E-16
));
#75250=DIRECTION('',(-1.,0.,0.));
#75260=VECTOR('',#75250,1.);
#75270=LINE('',#75240,#75260);
#75280=CARTESIAN_POINT('',(0.840000000000003,-1.64999999999993,
2.22044604925031E-16));
#75290=VERTEX_POINT('',#75280);
#75300=EDGE_CURVE('',#75210,#75290,#75270,.T.);
#75310=ORIENTED_EDGE('',*,*,#75300,.F.);
#75320=CARTESIAN_POINT('',(0.840000000000003,-0.760191573472085,
2.22044604925031E-16));
#75330=DIRECTION('',(0.,1.,0.));
#75340=VECTOR('',#75330,1.);
#75350=LINE('',#75320,#75340);
#75360=EDGE_CURVE('',#74980,#75290,#75350,.T.);
#75370=ORIENTED_EDGE('',*,*,#75360,.T.);
#75380=EDGE_LOOP('',(#75370,#75310,#75230,#75150));
#75390=FACE_OUTER_BOUND('',#75380,.T.);
#75400=ADVANCED_FACE('',(#75390),#75140,.T.);
#75410=CARTESIAN_POINT('',(0.840000000000003,-1.64999999999993,
0.0361916848034982));
#75420=DIRECTION('',(0.,1.,0.));
#75430=DIRECTION('',(0.,0.,-1.));
#75440=AXIS2_PLACEMENT_3D('',#75410,#75420,#75430);
#75450=PLANE('',#75440);
#75460=CARTESIAN_POINT('',(0.840000000000003,-1.64999999999993,
0.882985658773493));
#75470=DIRECTION('',(0.,0.,1.));
#75480=VECTOR('',#75470,1.);
#75490=LINE('',#75460,#75480);
#75500=EDGE_CURVE('',#75290,#66950,#75490,.T.);
#75510=ORIENTED_EDGE('',*,*,#75500,.T.);
#75520=ORIENTED_EDGE('',*,*,#75300,.T.);
#75530=CARTESIAN_POINT('',(0.960000000000003,-1.64999999999993,
0.882985658773493));
#75540=DIRECTION('',(0.,0.,1.));
#75550=VECTOR('',#75540,1.);
#75560=LINE('',#75530,#75550);
#75570=EDGE_CURVE('',#75210,#67030,#75560,.T.);
#75580=ORIENTED_EDGE('',*,*,#75570,.F.);
#75590=ORIENTED_EDGE('',*,*,#67040,.T.);
#75600=EDGE_LOOP('',(#75590,#75580,#75520,#75510));
#75610=FACE_OUTER_BOUND('',#75600,.T.);
#75620=ADVANCED_FACE('',(#75610),#75450,.T.);
#75630=ORIENTED_EDGE('',*,*,#70770,.F.);
#75640=ORIENTED_EDGE('',*,*,#73480,.F.);
#75650=ORIENTED_EDGE('',*,*,#73790,.F.);
#75660=ORIENTED_EDGE('',*,*,#74100,.F.);
#75670=ORIENTED_EDGE('',*,*,#74430,.T.);
#75680=ORIENTED_EDGE('',*,*,#74740,.F.);
#75690=ORIENTED_EDGE('',*,*,#75050,.F.);
#75700=ORIENTED_EDGE('',*,*,#75360,.F.);
#75710=ORIENTED_EDGE('',*,*,#75500,.F.);
#75720=ORIENTED_EDGE('',*,*,#66960,.F.);
#75730=EDGE_LOOP('',(#75720,#75710,#75700,#75690,#75680,#75670,#75660,
#75650,#75640,#75630));
#75740=FACE_OUTER_BOUND('',#75730,.T.);
#75750=ADVANCED_FACE('',(#75740),#61440,.F.);
#75760=ORIENTED_EDGE('',*,*,#67120,.F.);
#75770=ORIENTED_EDGE('',*,*,#75570,.T.);
#75780=ORIENTED_EDGE('',*,*,#75220,.T.);
#75790=ORIENTED_EDGE('',*,*,#74910,.T.);
#75800=ORIENTED_EDGE('',*,*,#74600,.T.);
#75810=ORIENTED_EDGE('',*,*,#74280,.F.);
#75820=ORIENTED_EDGE('',*,*,#73960,.T.);
#75830=ORIENTED_EDGE('',*,*,#73650,.T.);
#75840=ORIENTED_EDGE('',*,*,#73340,.T.);
#75850=ORIENTED_EDGE('',*,*,#70630,.F.);
#75860=EDGE_LOOP('',(#75850,#75840,#75830,#75820,#75810,#75800,#75790,
#75780,#75770,#75760));
#75870=FACE_OUTER_BOUND('',#75860,.T.);
#75880=ADVANCED_FACE('',(#75870),#60620,.F.);
#75890=CARTESIAN_POINT('',(1.65,-1.14999999999992,0.370000000000019));
#75900=DIRECTION('',(0.,-1.,3.06128628880177E-15));
#75910=DIRECTION('',(0.,-3.06128628880177E-15,-1.));
#75920=AXIS2_PLACEMENT_3D('',#75890,#75900,#75910);
#75930=PLANE('',#75920);
#75940=ORIENTED_EDGE('',*,*,#69050,.T.);
#75950=CARTESIAN_POINT('',(1.48,-1.14999999999992,0.270000000000019));
#75960=DIRECTION('',(1.,0.,0.));
#75970=VECTOR('',#75960,1.);
#75980=LINE('',#75950,#75970);
#75990=EDGE_CURVE('',#70140,#68980,#75980,.T.);
#76000=ORIENTED_EDGE('',*,*,#75990,.T.);
#76010=ORIENTED_EDGE('',*,*,#70150,.F.);
#76020=ORIENTED_EDGE('',*,*,#59430,.T.);
#76030=EDGE_LOOP('',(#76020,#76010,#76000,#75940));
#76040=FACE_OUTER_BOUND('',#76030,.T.);
#76050=CARTESIAN_POINT('',(1.49,-1.14999999999992,0.882985658773493));
#76060=DIRECTION('',(-5.91645678915759E-31,-3.06128628880177E-15,-1.));
#76070=VECTOR('',#76060,1.);
#76080=LINE('',#76050,#76070);
#76090=CARTESIAN_POINT('',(1.49,-1.14999999999992,0.789999999999992));
#76100=VERTEX_POINT('',#76090);
#76110=CARTESIAN_POINT('',(1.49,-1.14999999999992,0.450000000000017));
#76120=VERTEX_POINT('',#76110);
#76130=EDGE_CURVE('',#76100,#76120,#76080,.T.);
#76140=ORIENTED_EDGE('',*,*,#76130,.F.);
#76150=CARTESIAN_POINT('',(3.8275,-1.14999999999992,0.450000000000017));
#76160=DIRECTION('',(1.,0.,0.));
#76170=VECTOR('',#76160,1.);
#76180=LINE('',#76150,#76170);
#76190=CARTESIAN_POINT('',(1.64,-1.14999999999992,0.450000000000017));
#76200=VERTEX_POINT('',#76190);
#76210=EDGE_CURVE('',#76120,#76200,#76180,.T.);
#76220=ORIENTED_EDGE('',*,*,#76210,.F.);
#76230=CARTESIAN_POINT('',(1.64,-1.14999999999992,0.882985658773493));
#76240=DIRECTION('',(-5.91645678915759E-31,-3.06128628880177E-15,-1.));
#76250=VECTOR('',#76240,1.);
#76260=LINE('',#76230,#76250);
#76270=CARTESIAN_POINT('',(1.64,-1.14999999999992,0.789999999999992));
#76280=VERTEX_POINT('',#76270);
#76290=EDGE_CURVE('',#76280,#76200,#76260,.T.);
#76300=ORIENTED_EDGE('',*,*,#76290,.T.);
#76310=CARTESIAN_POINT('',(3.8275,-1.14999999999992,0.789999999999992));
#76320=DIRECTION('',(-1.,0.,0.));
#76330=VECTOR('',#76320,1.);
#76340=LINE('',#76310,#76330);
#76350=EDGE_CURVE('',#76280,#76100,#76340,.T.);
#76360=ORIENTED_EDGE('',*,*,#76350,.F.);
#76370=EDGE_LOOP('',(#76360,#76300,#76220,#76140));
#76380=FACE_BOUND('',#76370,.T.);
#76390=ADVANCED_FACE('',(#76040,#76380),#75930,.T.);
#76400=CARTESIAN_POINT('',(1.48,-1.14999999999992,0.270000000000019));
#76410=DIRECTION('',(0.,0.410364677328797,0.911921505175107));
#76420=DIRECTION('',(0.,0.911921505175107,-0.410364677328797));
#76430=AXIS2_PLACEMENT_3D('',#76400,#76410,#76420);
#76440=PLANE('',#76430);
#76450=ORIENTED_EDGE('',*,*,#70210,.F.);
#76460=ORIENTED_EDGE('',*,*,#75990,.F.);
#76470=ORIENTED_EDGE('',*,*,#68990,.T.);
#76480=ORIENTED_EDGE('',*,*,#69990,.T.);
#76490=EDGE_LOOP('',(#76480,#76470,#76460,#76450));
#76500=FACE_OUTER_BOUND('',#76490,.T.);
#76510=ADVANCED_FACE('',(#76500),#76440,.F.);
#76520=CARTESIAN_POINT('',(1.49000000000001,146.833017125,-175.638131905
));
#76530=DIRECTION('',(-1.,1.22460635382238E-16,0.));
#76540=DIRECTION('',(-1.22460635382238E-16,-1.,0.));
#76550=AXIS2_PLACEMENT_3D('',#76520,#76530,#76540);
#76560=PLANE('',#76550);
#76570=CARTESIAN_POINT('',(1.49,-1.97999999999992,0.789999999999992));
#76580=DIRECTION('',(1.22460635382238E-16,1.,0.));
#76590=VECTOR('',#76580,1.);
#76600=LINE('',#76570,#76590);
#76610=CARTESIAN_POINT('',(1.49,-1.97999999999992,0.789999999999992));
#76620=VERTEX_POINT('',#76610);
#76630=EDGE_CURVE('',#76620,#76100,#76600,.T.);
#76640=ORIENTED_EDGE('',*,*,#76630,.T.);
#76650=CARTESIAN_POINT('',(1.49,-1.97999999999992,0.490000000000009));
#76660=DIRECTION('',(0.,0.,1.));
#76670=VECTOR('',#76660,1.);
#76680=LINE('',#76650,#76670);
#76690=CARTESIAN_POINT('',(1.49,-1.97999999999992,0.490000000000009));
#76700=VERTEX_POINT('',#76690);
#76710=EDGE_CURVE('',#76700,#76620,#76680,.T.);
#76720=ORIENTED_EDGE('',*,*,#76710,.T.);
#76730=CARTESIAN_POINT('',(1.49,-1.89999999999993,0.490000000000009));
#76740=DIRECTION('',(-1.22460635382238E-16,-1.,0.));
#76750=VECTOR('',#76740,1.);
#76760=LINE('',#76730,#76750);
#76770=CARTESIAN_POINT('',(1.49,-1.89999999999993,0.490000000000009));
#76780=VERTEX_POINT('',#76770);
#76790=EDGE_CURVE('',#76780,#76700,#76760,.T.);
#76800=ORIENTED_EDGE('',*,*,#76790,.T.);
#76810=CARTESIAN_POINT('',(1.49,-1.89999999999993,0.439999999999998));
#76820=DIRECTION('',(-1.,1.22460635382238E-16,0.));
#76830=DIRECTION('',(-1.22460635382238E-16,-1.,0.));
#76840=AXIS2_PLACEMENT_3D('',#76810,#76820,#76830);
#76850=CIRCLE('',#76840,0.0500000000000114);
#76860=CARTESIAN_POINT('',(1.49,-1.84999999999992,0.439999999999998));
#76870=VERTEX_POINT('',#76860);
#76880=EDGE_CURVE('',#76780,#76870,#76850,.T.);
#76890=ORIENTED_EDGE('',*,*,#76880,.F.);
#76900=CARTESIAN_POINT('',(1.49,-1.84999999999992,0.439999999999998));
#76910=DIRECTION('',(0.,0.,-1.));
#76920=VECTOR('',#76910,1.);
#76930=LINE('',#76900,#76920);
#76940=CARTESIAN_POINT('',(1.49,-1.84999999999992,0.390000000000015));
#76950=VERTEX_POINT('',#76940);
#76960=EDGE_CURVE('',#76870,#76950,#76930,.T.);
#76970=ORIENTED_EDGE('',*,*,#76960,.F.);
#76980=CARTESIAN_POINT('',(1.49,-1.89999999999993,0.390000000000015));
#76990=DIRECTION('',(-1.,1.22460635382238E-16,0.));
#77000=DIRECTION('',(-1.22460635382238E-16,-1.,0.));
#77010=AXIS2_PLACEMENT_3D('',#76980,#76990,#77000);
#77020=CIRCLE('',#77010,0.0500000000000114);
#77030=CARTESIAN_POINT('',(1.49,-1.89999999999993,0.340000000000004));
#77040=VERTEX_POINT('',#77030);
#77050=EDGE_CURVE('',#76950,#77040,#77020,.T.);
#77060=ORIENTED_EDGE('',*,*,#77050,.F.);
#77070=CARTESIAN_POINT('',(1.49,-1.89999999999993,0.140000000000015));
#77080=DIRECTION('',(0.,0.,1.));
#77090=VECTOR('',#77080,1.);
#77100=LINE('',#77070,#77090);
#77110=CARTESIAN_POINT('',(1.49,-1.89999999999993,0.140000000000015));
#77120=VERTEX_POINT('',#77110);
#77130=EDGE_CURVE('',#77120,#77040,#77100,.T.);
#77140=ORIENTED_EDGE('',*,*,#77130,.T.);
#77150=CARTESIAN_POINT('',(1.49,-1.89999999999993,0.0900000000000036));
#77160=DIRECTION('',(-1.,1.22460635382238E-16,0.));
#77170=DIRECTION('',(-1.22460635382238E-16,-1.,0.));
#77180=AXIS2_PLACEMENT_3D('',#77150,#77160,#77170);
#77190=CIRCLE('',#77180,0.0500000000000114);
#77200=CARTESIAN_POINT('',(1.49,-1.84999999999992,0.0900000000000036));
#77210=VERTEX_POINT('',#77200);
#77220=EDGE_CURVE('',#77120,#77210,#77190,.T.);
#77230=ORIENTED_EDGE('',*,*,#77220,.F.);
#77240=CARTESIAN_POINT('',(1.49,-1.84999999999992,0.0900000000000036));
#77250=DIRECTION('',(0.,0.,-1.));
#77260=VECTOR('',#77250,1.);
#77270=LINE('',#77240,#77260);
#77280=CARTESIAN_POINT('',(1.49,-1.84999999999992,0.0500000000000116));
#77290=VERTEX_POINT('',#77280);
#77300=EDGE_CURVE('',#77210,#77290,#77270,.T.);
#77310=ORIENTED_EDGE('',*,*,#77300,.F.);
#77320=CARTESIAN_POINT('',(1.49,-1.79999999999994,2.22044604925031E-16))
;
#77330=DIRECTION('',(-8.6592745707169E-17,-0.707106781186347,
0.707106781186749));
#77340=VECTOR('',#77330,1.);
#77350=LINE('',#77320,#77340);
#77360=CARTESIAN_POINT('',(1.49,-1.79999999999994,2.22044604925031E-16))
;
#77370=VERTEX_POINT('',#77360);
#77380=EDGE_CURVE('',#77370,#77290,#77350,.T.);
#77390=ORIENTED_EDGE('',*,*,#77380,.T.);
#77400=CARTESIAN_POINT('',(1.49,-1.29800557106232,0.0200397933029992));
#77410=DIRECTION('',(-1.22363173118996E-16,-0.999204133941186,
-0.0398885787518803));
#77420=VECTOR('',#77410,1.);
#77430=LINE('',#77400,#77420);
#77440=CARTESIAN_POINT('',(1.49,-1.29800557106232,0.0200397933029992));
#77450=VERTEX_POINT('',#77440);
#77460=EDGE_CURVE('',#77450,#77370,#77430,.T.);
#77470=ORIENTED_EDGE('',*,*,#77460,.T.);
#77480=CARTESIAN_POINT('',(1.49,-1.29999999999994,0.0699999999999934));
#77490=DIRECTION('',(-1.,1.22460635382238E-16,0.));
#77500=DIRECTION('',(-1.22460635382238E-16,-1.,0.));
#77510=AXIS2_PLACEMENT_3D('',#77480,#77490,#77500);
#77520=CIRCLE('',#77510,0.0500000000000114);
#77530=CARTESIAN_POINT('',(1.49,-1.24999999999993,0.0699999999999934));
#77540=VERTEX_POINT('',#77530);
#77550=EDGE_CURVE('',#77540,#77450,#77520,.T.);
#77560=ORIENTED_EDGE('',*,*,#77550,.T.);
#77570=CARTESIAN_POINT('',(1.49,-1.24999999999993,0.0699999999999934));
#77580=DIRECTION('',(0.,0.,1.));
#77590=VECTOR('',#77580,1.);
#77600=LINE('',#77570,#77590);
#77610=CARTESIAN_POINT('',(1.49,-1.24999999999993,0.400000000000006));
#77620=VERTEX_POINT('',#77610);
#77630=EDGE_CURVE('',#77540,#77620,#77600,.T.);
#77640=ORIENTED_EDGE('',*,*,#77630,.F.);
#77650=CARTESIAN_POINT('',(1.49,-1.19999999999992,0.400000000000006));
#77660=DIRECTION('',(-1.,1.22460635382238E-16,0.));
#77670=DIRECTION('',(-1.22460635382238E-16,-1.,0.));
#77680=AXIS2_PLACEMENT_3D('',#77650,#77660,#77670);
#77690=CIRCLE('',#77680,0.0500000000000114);
#77700=CARTESIAN_POINT('',(1.49,-1.19999999999992,0.450000000000017));
#77710=VERTEX_POINT('',#77700);
#77720=EDGE_CURVE('',#77620,#77710,#77690,.T.);
#77730=ORIENTED_EDGE('',*,*,#77720,.F.);
#77740=CARTESIAN_POINT('',(1.49,-1.19999999999992,0.450000000000017));
#77750=DIRECTION('',(1.22460635382238E-16,1.,0.));
#77760=VECTOR('',#77750,1.);
#77770=LINE('',#77740,#77760);
#77780=EDGE_CURVE('',#77710,#76120,#77770,.T.);
#77790=ORIENTED_EDGE('',*,*,#77780,.F.);
#77800=ORIENTED_EDGE('',*,*,#76130,.T.);
#77810=EDGE_LOOP('',(#77800,#77790,#77730,#77640,#77560,#77470,#77390,
#77310,#77230,#77140,#77060,#76970,#76890,#76800,#76720,#76640));
#77820=FACE_OUTER_BOUND('',#77810,.T.);
#77830=ADVANCED_FACE('',(#77820),#76560,.T.);
#77840=CARTESIAN_POINT('',(1.64,-1.19999999999992,0.450000000000017));
#77850=DIRECTION('',(0.,0.,-1.));
#77860=DIRECTION('',(1.22460635382238E-16,1.,0.));
#77870=AXIS2_PLACEMENT_3D('',#77840,#77850,#77860);
#77880=PLANE('',#77870);
#77890=ORIENTED_EDGE('',*,*,#77780,.T.);
#77900=CARTESIAN_POINT('',(1.64,-1.19999999999992,0.450000000000017));
#77910=DIRECTION('',(-1.,1.22460635382238E-16,0.));
#77920=VECTOR('',#77910,1.);
#77930=LINE('',#77900,#77920);
#77940=CARTESIAN_POINT('',(1.64,-1.19999999999992,0.450000000000017));
#77950=VERTEX_POINT('',#77940);
#77960=EDGE_CURVE('',#77950,#77710,#77930,.T.);
#77970=ORIENTED_EDGE('',*,*,#77960,.T.);
#77980=CARTESIAN_POINT('',(1.64,-1.19999999999992,0.450000000000017));
#77990=DIRECTION('',(1.22460635382238E-16,1.,0.));
#78000=VECTOR('',#77990,1.);
#78010=LINE('',#77980,#78000);
#78020=EDGE_CURVE('',#77950,#76200,#78010,.T.);
#78030=ORIENTED_EDGE('',*,*,#78020,.F.);
#78040=ORIENTED_EDGE('',*,*,#76210,.T.);
#78050=EDGE_LOOP('',(#78040,#78030,#77970,#77890));
#78060=FACE_OUTER_BOUND('',#78050,.T.);
#78070=ADVANCED_FACE('',(#78060),#77880,.T.);
#78080=CARTESIAN_POINT('',(1.64000000000001,146.833017125,-175.638131905
));
#78090=DIRECTION('',(-1.,1.22460635382238E-16,0.));
#78100=DIRECTION('',(-1.22460635382238E-16,-1.,0.));
#78110=AXIS2_PLACEMENT_3D('',#78080,#78090,#78100);
#78120=PLANE('',#78110);
#78130=ORIENTED_EDGE('',*,*,#78020,.T.);
#78140=CARTESIAN_POINT('',(1.64,-1.19999999999992,0.400000000000006));
#78150=DIRECTION('',(-1.,1.22460635382238E-16,0.));
#78160=DIRECTION('',(-1.22460635382238E-16,-1.,0.));
#78170=AXIS2_PLACEMENT_3D('',#78140,#78150,#78160);
#78180=CIRCLE('',#78170,0.0500000000000114);
#78190=CARTESIAN_POINT('',(1.64,-1.24999999999993,0.400000000000006));
#78200=VERTEX_POINT('',#78190);
#78210=EDGE_CURVE('',#78200,#77950,#78180,.T.);
#78220=ORIENTED_EDGE('',*,*,#78210,.T.);
#78230=CARTESIAN_POINT('',(1.64,-1.24999999999993,0.0699999999999934));
#78240=DIRECTION('',(0.,0.,1.));
#78250=VECTOR('',#78240,1.);
#78260=LINE('',#78230,#78250);
#78270=CARTESIAN_POINT('',(1.64,-1.24999999999993,0.0699999999999934));
#78280=VERTEX_POINT('',#78270);
#78290=EDGE_CURVE('',#78280,#78200,#78260,.T.);
#78300=ORIENTED_EDGE('',*,*,#78290,.T.);
#78310=CARTESIAN_POINT('',(1.64,-1.29999999999994,0.0699999999999934));
#78320=DIRECTION('',(-1.,1.22460635382238E-16,0.));
#78330=DIRECTION('',(-1.22460635382238E-16,-1.,0.));
#78340=AXIS2_PLACEMENT_3D('',#78310,#78320,#78330);
#78350=CIRCLE('',#78340,0.0500000000000114);
#78360=CARTESIAN_POINT('',(1.64,-1.29800557106232,0.0200397933029992));
#78370=VERTEX_POINT('',#78360);
#78380=EDGE_CURVE('',#78280,#78370,#78350,.T.);
#78390=ORIENTED_EDGE('',*,*,#78380,.F.);
#78400=CARTESIAN_POINT('',(1.64,-1.29800557106232,0.0200397933029992));
#78410=DIRECTION('',(-1.22363173118996E-16,-0.999204133941186,
-0.0398885787518803));
#78420=VECTOR('',#78410,1.);
#78430=LINE('',#78400,#78420);
#78440=CARTESIAN_POINT('',(1.64,-1.79999999999994,2.22044604925031E-16))
;
#78450=VERTEX_POINT('',#78440);
#78460=EDGE_CURVE('',#78370,#78450,#78430,.T.);
#78470=ORIENTED_EDGE('',*,*,#78460,.F.);
#78480=CARTESIAN_POINT('',(1.64,-1.79999999999994,2.22044604925031E-16))
;
#78490=DIRECTION('',(-8.6592745707169E-17,-0.707106781186347,
0.707106781186749));
#78500=VECTOR('',#78490,1.);
#78510=LINE('',#78480,#78500);
#78520=CARTESIAN_POINT('',(1.64,-1.84999999999992,0.0500000000000116));
#78530=VERTEX_POINT('',#78520);
#78540=EDGE_CURVE('',#78450,#78530,#78510,.T.);
#78550=ORIENTED_EDGE('',*,*,#78540,.F.);
#78560=CARTESIAN_POINT('',(1.64,-1.84999999999992,0.0900000000000036));
#78570=DIRECTION('',(0.,0.,-1.));
#78580=VECTOR('',#78570,1.);
#78590=LINE('',#78560,#78580);
#78600=CARTESIAN_POINT('',(1.64,-1.84999999999992,0.0900000000000036));
#78610=VERTEX_POINT('',#78600);
#78620=EDGE_CURVE('',#78610,#78530,#78590,.T.);
#78630=ORIENTED_EDGE('',*,*,#78620,.T.);
#78640=CARTESIAN_POINT('',(1.64,-1.89999999999993,0.0900000000000036));
#78650=DIRECTION('',(-1.,1.22460635382238E-16,0.));
#78660=DIRECTION('',(-1.22460635382238E-16,-1.,0.));
#78670=AXIS2_PLACEMENT_3D('',#78640,#78650,#78660);
#78680=CIRCLE('',#78670,0.0500000000000114);
#78690=CARTESIAN_POINT('',(1.64,-1.89999999999993,0.140000000000015));
#78700=VERTEX_POINT('',#78690);
#78710=EDGE_CURVE('',#78700,#78610,#78680,.T.);
#78720=ORIENTED_EDGE('',*,*,#78710,.T.);
#78730=CARTESIAN_POINT('',(1.64,-1.89999999999993,0.140000000000015));
#78740=DIRECTION('',(0.,0.,1.));
#78750=VECTOR('',#78740,1.);
#78760=LINE('',#78730,#78750);
#78770=CARTESIAN_POINT('',(1.64,-1.89999999999993,0.340000000000004));
#78780=VERTEX_POINT('',#78770);
#78790=EDGE_CURVE('',#78700,#78780,#78760,.T.);
#78800=ORIENTED_EDGE('',*,*,#78790,.F.);
#78810=CARTESIAN_POINT('',(1.64,-1.89999999999993,0.390000000000015));
#78820=DIRECTION('',(-1.,1.22460635382238E-16,0.));
#78830=DIRECTION('',(-1.22460635382238E-16,-1.,0.));
#78840=AXIS2_PLACEMENT_3D('',#78810,#78820,#78830);
#78850=CIRCLE('',#78840,0.0500000000000114);
#78860=CARTESIAN_POINT('',(1.64,-1.84999999999992,0.390000000000015));
#78870=VERTEX_POINT('',#78860);
#78880=EDGE_CURVE('',#78870,#78780,#78850,.T.);
#78890=ORIENTED_EDGE('',*,*,#78880,.T.);
#78900=CARTESIAN_POINT('',(1.64,-1.84999999999992,0.439999999999998));
#78910=DIRECTION('',(0.,0.,-1.));
#78920=VECTOR('',#78910,1.);
#78930=LINE('',#78900,#78920);
#78940=CARTESIAN_POINT('',(1.64,-1.84999999999992,0.439999999999998));
#78950=VERTEX_POINT('',#78940);
#78960=EDGE_CURVE('',#78950,#78870,#78930,.T.);
#78970=ORIENTED_EDGE('',*,*,#78960,.T.);
#78980=CARTESIAN_POINT('',(1.64,-1.89999999999993,0.439999999999998));
#78990=DIRECTION('',(-1.,1.22460635382238E-16,0.));
#79000=DIRECTION('',(-1.22460635382238E-16,-1.,0.));
#79010=AXIS2_PLACEMENT_3D('',#78980,#78990,#79000);
#79020=CIRCLE('',#79010,0.0500000000000114);
#79030=CARTESIAN_POINT('',(1.64,-1.89999999999993,0.490000000000009));
#79040=VERTEX_POINT('',#79030);
#79050=EDGE_CURVE('',#79040,#78950,#79020,.T.);
#79060=ORIENTED_EDGE('',*,*,#79050,.T.);
#79070=CARTESIAN_POINT('',(1.64,-1.89999999999993,0.490000000000009));
#79080=DIRECTION('',(-1.22460635382238E-16,-1.,0.));
#79090=VECTOR('',#79080,1.);
#79100=LINE('',#79070,#79090);
#79110=CARTESIAN_POINT('',(1.64,-1.97999999999992,0.490000000000009));
#79120=VERTEX_POINT('',#79110);
#79130=EDGE_CURVE('',#79040,#79120,#79100,.T.);
#79140=ORIENTED_EDGE('',*,*,#79130,.F.);
#79150=CARTESIAN_POINT('',(1.64,-1.97999999999992,0.490000000000009));
#79160=DIRECTION('',(0.,0.,1.));
#79170=VECTOR('',#79160,1.);
#79180=LINE('',#79150,#79170);
#79190=CARTESIAN_POINT('',(1.64,-1.97999999999992,0.789999999999992));
#79200=VERTEX_POINT('',#79190);
#79210=EDGE_CURVE('',#79120,#79200,#79180,.T.);
#79220=ORIENTED_EDGE('',*,*,#79210,.F.);
#79230=CARTESIAN_POINT('',(1.64,-1.97999999999992,0.789999999999992));
#79240=DIRECTION('',(1.22460635382238E-16,1.,0.));
#79250=VECTOR('',#79240,1.);
#79260=LINE('',#79230,#79250);
#79270=EDGE_CURVE('',#79200,#76280,#79260,.T.);
#79280=ORIENTED_EDGE('',*,*,#79270,.F.);
#79290=ORIENTED_EDGE('',*,*,#76290,.F.);
#79300=EDGE_LOOP('',(#79290,#79280,#79220,#79140,#79060,#78970,#78890,
#78800,#78720,#78630,#78550,#78470,#78390,#78300,#78220,#78130));
#79310=FACE_OUTER_BOUND('',#79300,.T.);
#79320=ADVANCED_FACE('',(#79310),#78120,.F.);
#79330=CARTESIAN_POINT('',(1.64,0.850000000000065,0.789999999999992));
#79340=DIRECTION('',(0.,0.,1.));
#79350=DIRECTION('',(-1.22460635382238E-16,-1.,0.));
#79360=AXIS2_PLACEMENT_3D('',#79330,#79340,#79350);
#79370=PLANE('',#79360);
#79380=ORIENTED_EDGE('',*,*,#79270,.T.);
#79390=CARTESIAN_POINT('',(1.64,-1.97999999999992,0.789999999999992));
#79400=DIRECTION('',(-1.,1.22460635382238E-16,0.));
#79410=VECTOR('',#79400,1.);
#79420=LINE('',#79390,#79410);
#79430=EDGE_CURVE('',#79200,#76620,#79420,.T.);
#79440=ORIENTED_EDGE('',*,*,#79430,.F.);
#79450=ORIENTED_EDGE('',*,*,#76630,.F.);
#79460=ORIENTED_EDGE('',*,*,#76350,.T.);
#79470=EDGE_LOOP('',(#79460,#79450,#79440,#79380));
#79480=FACE_OUTER_BOUND('',#79470,.T.);
#79490=ADVANCED_FACE('',(#79480),#79370,.T.);
#79500=CARTESIAN_POINT('',(1.64,-1.97999999999992,0.789999999999992));
#79510=DIRECTION('',(-1.22460635382238E-16,-1.,-0.));
#79520=DIRECTION('',(0.,0.,-1.));
#79530=AXIS2_PLACEMENT_3D('',#79500,#79510,#79520);
#79540=PLANE('',#79530);
#79550=CARTESIAN_POINT('',(1.64,-1.97999999999992,0.490000000000009));
#79560=DIRECTION('',(-1.,1.22460635382238E-16,0.));
#79570=VECTOR('',#79560,1.);
#79580=LINE('',#79550,#79570);
#79590=EDGE_CURVE('',#79120,#76700,#79580,.T.);
#79600=ORIENTED_EDGE('',*,*,#79590,.F.);
#79610=ORIENTED_EDGE('',*,*,#76710,.F.);
#79620=ORIENTED_EDGE('',*,*,#79430,.T.);
#79630=ORIENTED_EDGE('',*,*,#79210,.T.);
#79640=EDGE_LOOP('',(#79630,#79620,#79610,#79600));
#79650=FACE_OUTER_BOUND('',#79640,.T.);
#79660=ADVANCED_FACE('',(#79650),#79540,.T.);
#79670=CARTESIAN_POINT('',(1.64,-1.97999999999992,0.490000000000009));
#79680=DIRECTION('',(0.,0.,-1.));
#79690=DIRECTION('',(1.22460635382238E-16,1.,0.));
#79700=AXIS2_PLACEMENT_3D('',#79670,#79680,#79690);
#79710=PLANE('',#79700);
#79720=CARTESIAN_POINT('',(1.64,-1.89999999999993,0.490000000000009));
#79730=DIRECTION('',(-1.,1.22460635382238E-16,0.));
#79740=VECTOR('',#79730,1.);
#79750=LINE('',#79720,#79740);
#79760=EDGE_CURVE('',#79040,#76780,#79750,.T.);
#79770=ORIENTED_EDGE('',*,*,#79760,.F.);
#79780=ORIENTED_EDGE('',*,*,#76790,.F.);
#79790=ORIENTED_EDGE('',*,*,#79590,.T.);
#79800=ORIENTED_EDGE('',*,*,#79130,.T.);
#79810=EDGE_LOOP('',(#79800,#79790,#79780,#79770));
#79820=FACE_OUTER_BOUND('',#79810,.T.);
#79830=ADVANCED_FACE('',(#79820),#79710,.T.);
#79840=CARTESIAN_POINT('',(1.64,-1.89999999999993,0.439999999999998));
#79850=DIRECTION('',(-1.,1.22460635382238E-16,0.));
#79860=DIRECTION('',(-1.22460635382238E-16,-1.,0.));
#79870=AXIS2_PLACEMENT_3D('',#79840,#79850,#79860);
#79880=CYLINDRICAL_SURFACE('',#79870,0.0500000000000114);
#79890=CARTESIAN_POINT('',(1.64,-1.84999999999992,0.439999999999998));
#79900=DIRECTION('',(-1.,1.22460635382238E-16,0.));
#79910=VECTOR('',#79900,1.);
#79920=LINE('',#79890,#79910);
#79930=EDGE_CURVE('',#78950,#76870,#79920,.T.);
#79940=ORIENTED_EDGE('',*,*,#79930,.F.);
#79950=ORIENTED_EDGE('',*,*,#76880,.T.);
#79960=ORIENTED_EDGE('',*,*,#79760,.T.);
#79970=ORIENTED_EDGE('',*,*,#79050,.F.);
#79980=EDGE_LOOP('',(#79970,#79960,#79950,#79940));
#79990=FACE_OUTER_BOUND('',#79980,.T.);
#80000=ADVANCED_FACE('',(#79990),#79880,.F.);
#80010=CARTESIAN_POINT('',(1.64,-1.84999999999992,0.439999999999998));
#80020=DIRECTION('',(-1.22460635382238E-16,-1.,-0.));
#80030=DIRECTION('',(0.,0.,-1.));
#80040=AXIS2_PLACEMENT_3D('',#80010,#80020,#80030);
#80050=PLANE('',#80040);
#80060=CARTESIAN_POINT('',(1.64,-1.84999999999992,0.390000000000015));
#80070=DIRECTION('',(-1.,1.22460635382238E-16,0.));
#80080=VECTOR('',#80070,1.);
#80090=LINE('',#80060,#80080);
#80100=EDGE_CURVE('',#78870,#76950,#80090,.T.);
#80110=ORIENTED_EDGE('',*,*,#80100,.F.);
#80120=ORIENTED_EDGE('',*,*,#76960,.T.);
#80130=ORIENTED_EDGE('',*,*,#79930,.T.);
#80140=ORIENTED_EDGE('',*,*,#78960,.F.);
#80150=EDGE_LOOP('',(#80140,#80130,#80120,#80110));
#80160=FACE_OUTER_BOUND('',#80150,.T.);
#80170=ADVANCED_FACE('',(#80160),#80050,.T.);
#80180=CARTESIAN_POINT('',(1.64,-1.89999999999993,0.390000000000015));
#80190=DIRECTION('',(-1.,1.22460635382238E-16,0.));
#80200=DIRECTION('',(-1.22460635382238E-16,-1.,0.));
#80210=AXIS2_PLACEMENT_3D('',#80180,#80190,#80200);
#80220=CYLINDRICAL_SURFACE('',#80210,0.0500000000000114);
#80230=CARTESIAN_POINT('',(1.64,-1.89999999999993,0.340000000000004));
#80240=DIRECTION('',(-1.,1.22460635382238E-16,0.));
#80250=VECTOR('',#80240,1.);
#80260=LINE('',#80230,#80250);
#80270=EDGE_CURVE('',#78780,#77040,#80260,.T.);
#80280=ORIENTED_EDGE('',*,*,#80270,.F.);
#80290=ORIENTED_EDGE('',*,*,#77050,.T.);
#80300=ORIENTED_EDGE('',*,*,#80100,.T.);
#80310=ORIENTED_EDGE('',*,*,#78880,.F.);
#80320=EDGE_LOOP('',(#80310,#80300,#80290,#80280));
#80330=FACE_OUTER_BOUND('',#80320,.T.);
#80340=ADVANCED_FACE('',(#80330),#80220,.F.);
#80350=CARTESIAN_POINT('',(1.64,-1.89999999999993,0.340000000000004));
#80360=DIRECTION('',(-1.22460635382238E-16,-1.,-0.));
#80370=DIRECTION('',(0.,0.,-1.));
#80380=AXIS2_PLACEMENT_3D('',#80350,#80360,#80370);
#80390=PLANE('',#80380);
#80400=CARTESIAN_POINT('',(1.64,-1.89999999999993,0.140000000000015));
#80410=DIRECTION('',(-1.,1.22460635382238E-16,0.));
#80420=VECTOR('',#80410,1.);
#80430=LINE('',#80400,#80420);
#80440=EDGE_CURVE('',#78700,#77120,#80430,.T.);
#80450=ORIENTED_EDGE('',*,*,#80440,.F.);
#80460=ORIENTED_EDGE('',*,*,#77130,.F.);
#80470=ORIENTED_EDGE('',*,*,#80270,.T.);
#80480=ORIENTED_EDGE('',*,*,#78790,.T.);
#80490=EDGE_LOOP('',(#80480,#80470,#80460,#80450));
#80500=FACE_OUTER_BOUND('',#80490,.T.);
#80510=ADVANCED_FACE('',(#80500),#80390,.T.);
#80520=CARTESIAN_POINT('',(1.64,-1.89999999999993,0.0900000000000036));
#80530=DIRECTION('',(-1.,1.22460635382238E-16,0.));
#80540=DIRECTION('',(-1.22460635382238E-16,-1.,0.));
#80550=AXIS2_PLACEMENT_3D('',#80520,#80530,#80540);
#80560=CYLINDRICAL_SURFACE('',#80550,0.0500000000000114);
#80570=CARTESIAN_POINT('',(1.64,-1.84999999999992,0.0900000000000036));
#80580=DIRECTION('',(-1.,1.22460635382238E-16,0.));
#80590=VECTOR('',#80580,1.);
#80600=LINE('',#80570,#80590);
#80610=EDGE_CURVE('',#78610,#77210,#80600,.T.);
#80620=ORIENTED_EDGE('',*,*,#80610,.F.);
#80630=ORIENTED_EDGE('',*,*,#77220,.T.);
#80640=ORIENTED_EDGE('',*,*,#80440,.T.);
#80650=ORIENTED_EDGE('',*,*,#78710,.F.);
#80660=EDGE_LOOP('',(#80650,#80640,#80630,#80620));
#80670=FACE_OUTER_BOUND('',#80660,.T.);
#80680=ADVANCED_FACE('',(#80670),#80560,.F.);
#80690=CARTESIAN_POINT('',(1.64,-1.84999999999992,0.0900000000000036));
#80700=DIRECTION('',(-1.22460635382238E-16,-1.,-0.));
#80710=DIRECTION('',(0.,0.,-1.));
#80720=AXIS2_PLACEMENT_3D('',#80690,#80700,#80710);
#80730=PLANE('',#80720);
#80740=CARTESIAN_POINT('',(1.64,-1.84999999999992,0.0500000000000116));
#80750=DIRECTION('',(-1.,1.22460635382238E-16,0.));
#80760=VECTOR('',#80750,1.);
#80770=LINE('',#80740,#80760);
#80780=EDGE_CURVE('',#78530,#77290,#80770,.T.);
#80790=ORIENTED_EDGE('',*,*,#80780,.F.);
#80800=ORIENTED_EDGE('',*,*,#77300,.T.);
#80810=ORIENTED_EDGE('',*,*,#80610,.T.);
#80820=ORIENTED_EDGE('',*,*,#78620,.F.);
#80830=EDGE_LOOP('',(#80820,#80810,#80800,#80790));
#80840=FACE_OUTER_BOUND('',#80830,.T.);
#80850=ADVANCED_FACE('',(#80840),#80730,.T.);
#80860=CARTESIAN_POINT('',(1.64,-1.84999999999992,0.0500000000000116));
#80870=DIRECTION('',(-8.65927457072182E-17,-0.707106781186749,
-0.707106781186347));
#80880=DIRECTION('',(8.6592745707169E-17,0.707106781186347,
-0.707106781186749));
#80890=AXIS2_PLACEMENT_3D('',#80860,#80870,#80880);
#80900=PLANE('',#80890);
#80910=CARTESIAN_POINT('',(1.64,-1.79999999999994,2.22044604925031E-16))
;
#80920=DIRECTION('',(-1.,1.22460635382238E-16,0.));
#80930=VECTOR('',#80920,1.);
#80940=LINE('',#80910,#80930);
#80950=EDGE_CURVE('',#78450,#77370,#80940,.T.);
#80960=ORIENTED_EDGE('',*,*,#80950,.F.);
#80970=ORIENTED_EDGE('',*,*,#77380,.F.);
#80980=ORIENTED_EDGE('',*,*,#80780,.T.);
#80990=ORIENTED_EDGE('',*,*,#78540,.T.);
#81000=EDGE_LOOP('',(#80990,#80980,#80970,#80960));
#81010=FACE_OUTER_BOUND('',#81000,.T.);
#81020=ADVANCED_FACE('',(#81010),#80900,.T.);
#81030=CARTESIAN_POINT('',(1.64,-1.79999999999994,2.22044604925031E-16))
;
#81040=DIRECTION('',(4.88478069844969E-18,0.0398885787518803,
-0.999204133941186));
#81050=DIRECTION('',(1.22363173118996E-16,0.999204133941186,
0.0398885787518803));
#81060=AXIS2_PLACEMENT_3D('',#81030,#81040,#81050);
#81070=PLANE('',#81060);
#81080=CARTESIAN_POINT('',(1.64,-1.29800557106232,0.0200397933029992));
#81090=DIRECTION('',(-1.,1.22460635382238E-16,0.));
#81100=VECTOR('',#81090,1.);
#81110=LINE('',#81080,#81100);
#81120=EDGE_CURVE('',#78370,#77450,#81110,.T.);
#81130=ORIENTED_EDGE('',*,*,#81120,.F.);
#81140=ORIENTED_EDGE('',*,*,#77460,.F.);
#81150=ORIENTED_EDGE('',*,*,#80950,.T.);
#81160=ORIENTED_EDGE('',*,*,#78460,.T.);
#81170=EDGE_LOOP('',(#81160,#81150,#81140,#81130));
#81180=FACE_OUTER_BOUND('',#81170,.T.);
#81190=ADVANCED_FACE('',(#81180),#81070,.T.);
#81200=CARTESIAN_POINT('',(1.64,-1.29999999999994,0.0699999999999934));
#81210=DIRECTION('',(-1.,1.22460635382238E-16,0.));
#81220=DIRECTION('',(-1.22460635382238E-16,-1.,0.));
#81230=AXIS2_PLACEMENT_3D('',#81200,#81210,#81220);
#81240=CYLINDRICAL_SURFACE('',#81230,0.0500000000000114);
#81250=CARTESIAN_POINT('',(1.64,-1.24999999999993,0.0699999999999934));
#81260=DIRECTION('',(-1.,1.22460635382238E-16,0.));
#81270=VECTOR('',#81260,1.);
#81280=LINE('',#81250,#81270);
#81290=EDGE_CURVE('',#78280,#77540,#81280,.T.);
#81300=ORIENTED_EDGE('',*,*,#81290,.F.);
#81310=ORIENTED_EDGE('',*,*,#77550,.F.);
#81320=ORIENTED_EDGE('',*,*,#81120,.T.);
#81330=ORIENTED_EDGE('',*,*,#78380,.T.);
#81340=EDGE_LOOP('',(#81330,#81320,#81310,#81300));
#81350=FACE_OUTER_BOUND('',#81340,.T.);
#81360=ADVANCED_FACE('',(#81350),#81240,.T.);
#81370=CARTESIAN_POINT('',(1.64,-1.24999999999993,0.0699999999999934));
#81380=DIRECTION('',(1.22460635382238E-16,1.,-0.));
#81390=DIRECTION('',(0.,0.,1.));
#81400=AXIS2_PLACEMENT_3D('',#81370,#81380,#81390);
#81410=PLANE('',#81400);
#81420=CARTESIAN_POINT('',(1.64,-1.24999999999993,0.400000000000006));
#81430=DIRECTION('',(-1.,1.22460635382238E-16,0.));
#81440=VECTOR('',#81430,1.);
#81450=LINE('',#81420,#81440);
#81460=EDGE_CURVE('',#78200,#77620,#81450,.T.);
#81470=ORIENTED_EDGE('',*,*,#81460,.F.);
#81480=ORIENTED_EDGE('',*,*,#77630,.T.);
#81490=ORIENTED_EDGE('',*,*,#81290,.T.);
#81500=ORIENTED_EDGE('',*,*,#78290,.F.);
#81510=EDGE_LOOP('',(#81500,#81490,#81480,#81470));
#81520=FACE_OUTER_BOUND('',#81510,.T.);
#81530=ADVANCED_FACE('',(#81520),#81410,.T.);
#81540=CARTESIAN_POINT('',(1.64,-1.19999999999992,0.400000000000006));
#81550=DIRECTION('',(-1.,1.22460635382238E-16,0.));
#81560=DIRECTION('',(-1.22460635382238E-16,-1.,0.));
#81570=AXIS2_PLACEMENT_3D('',#81540,#81550,#81560);
#81580=CYLINDRICAL_SURFACE('',#81570,0.0500000000000114);
#81590=ORIENTED_EDGE('',*,*,#77960,.F.);
#81600=ORIENTED_EDGE('',*,*,#77720,.T.);
#81610=ORIENTED_EDGE('',*,*,#81460,.T.);
#81620=ORIENTED_EDGE('',*,*,#78210,.F.);
#81630=EDGE_LOOP('',(#81620,#81610,#81600,#81590));
#81640=FACE_OUTER_BOUND('',#81630,.T.);
#81650=ADVANCED_FACE('',(#81640),#81580,.F.);
#81660=CARTESIAN_POINT('',(0.972500000000004,-1.64999999999993,
0.0799999999999186));
#81670=DIRECTION('',(1.,-0.,0.));
#81680=DIRECTION('',(0.,1.,-5.5511151231258E-16));
#81690=AXIS2_PLACEMENT_3D('',#81660,#81670,#81680);
#81700=PLANE('',#81690);
#81710=ORIENTED_EDGE('',*,*,#9330,.F.);
#81720=ORIENTED_EDGE('',*,*,#59020,.F.);
#81730=CARTESIAN_POINT('',(0.972500000000004,-0.229999999999926,
0.882985658773493));
#81740=DIRECTION('',(0.,4.13907103838181E-16,-1.));
#81750=VECTOR('',#81740,1.);
#81760=LINE('',#81730,#81750);
#81770=EDGE_CURVE('',#59010,#14800,#81760,.T.);
#81780=ORIENTED_EDGE('',*,*,#81770,.F.);
#81790=ORIENTED_EDGE('',*,*,#14810,.F.);
#81800=EDGE_LOOP('',(#81790,#81780,#81720,#81710));
#81810=FACE_OUTER_BOUND('',#81800,.T.);
#81820=ADVANCED_FACE('',(#81810),#81700,.F.);
#81830=CARTESIAN_POINT('',(5.1725,-0.229999999999926,1.08823000000002));
#81840=DIRECTION('',(0.,-1.,-4.13907103838181E-16));
#81850=DIRECTION('',(0.,4.13907103838181E-16,-1.));
#81860=AXIS2_PLACEMENT_3D('',#81830,#81840,#81850);
#81870=PLANE('',#81860);
#81880=ORIENTED_EDGE('',*,*,#50670,.T.);
#81890=ORIENTED_EDGE('',*,*,#14660,.T.);
#81900=ORIENTED_EDGE('',*,*,#34530,.F.);
#81910=ORIENTED_EDGE('',*,*,#35230,.T.);
#81920=ORIENTED_EDGE('',*,*,#35000,.T.);
#81930=ORIENTED_EDGE('',*,*,#14380,.T.);
#81940=ORIENTED_EDGE('',*,*,#38060,.F.);
#81950=ORIENTED_EDGE('',*,*,#39050,.T.);
#81960=ORIENTED_EDGE('',*,*,#38530,.T.);
#81970=ORIENTED_EDGE('',*,*,#14100,.T.);
#81980=ORIENTED_EDGE('',*,*,#41590,.F.);
#81990=ORIENTED_EDGE('',*,*,#42600,.T.);
#82000=ORIENTED_EDGE('',*,*,#42140,.T.);
#82010=ORIENTED_EDGE('',*,*,#15190,.T.);
#82020=ORIENTED_EDGE('',*,*,#63370,.T.);
#82030=ORIENTED_EDGE('',*,*,#63160,.T.);
#82040=ORIENTED_EDGE('',*,*,#73140,.T.);
#82050=ORIENTED_EDGE('',*,*,#14890,.T.);
#82060=ORIENTED_EDGE('',*,*,#81770,.T.);
#82070=ORIENTED_EDGE('',*,*,#59800,.F.);
#82080=EDGE_LOOP('',(#82070,#82060,#82050,#82040,#82030,#82020,#82010,
#82000,#81990,#81980,#81970,#81960,#81950,#81940,#81930,#81920,#81910,
#81900,#81890,#81880));
#82090=FACE_OUTER_BOUND('',#82080,.T.);
#82100=ADVANCED_FACE('',(#82090),#81870,.F.);
#82110=CARTESIAN_POINT('',(2.64000000000001,2.09999999999992,
0.579999999999661));
#82120=DIRECTION('',(0.,-1.,1.22460635382238E-16));
#82130=DIRECTION('',(0.,1.22460635382238E-16,1.));
#82140=AXIS2_PLACEMENT_3D('',#82110,#82120,#82130);
#82150=PLANE('',#82140);
#82160=ORIENTED_EDGE('',*,*,#17600,.T.);
#82170=CARTESIAN_POINT('',(11.0275,2.09999999999992,0.849999999999661));
#82180=DIRECTION('',(1.,0.,0.));
#82190=VECTOR('',#82180,1.);
#82200=LINE('',#82170,#82190);
#82210=EDGE_CURVE('',#51730,#17520,#82200,.T.);
#82220=ORIENTED_EDGE('',*,*,#82210,.T.);
#82230=ORIENTED_EDGE('',*,*,#51740,.F.);
#82240=ORIENTED_EDGE('',*,*,#28060,.F.);
#82250=ORIENTED_EDGE('',*,*,#68520,.F.);
#82260=CARTESIAN_POINT('',(3.2275,2.09999999999992,0.849999999999661));
#82270=DIRECTION('',(-1.,0.,0.));
#82280=VECTOR('',#82270,1.);
#82290=LINE('',#82260,#82280);
#82300=EDGE_CURVE('',#68450,#63880,#82290,.T.);
#82310=ORIENTED_EDGE('',*,*,#82300,.F.);
#82320=ORIENTED_EDGE('',*,*,#63890,.F.);
#82330=ORIENTED_EDGE('',*,*,#16860,.F.);
#82340=EDGE_LOOP('',(#82330,#82320,#82310,#82250,#82240,#82230,#82220,
#82160));
#82350=FACE_OUTER_BOUND('',#82340,.T.);
#82360=ADVANCED_FACE('',(#82350),#82150,.F.);
#82370=CARTESIAN_POINT('',(4.5725,0.699999999999921,0.849999999999661));
#82380=DIRECTION('',(0.,0.,-1.));
#82390=DIRECTION('',(0.,1.,0.));
#82400=AXIS2_PLACEMENT_3D('',#82370,#82380,#82390);
#82410=PLANE('',#82400);
#82420=ORIENTED_EDGE('',*,*,#51800,.F.);
#82430=ORIENTED_EDGE('',*,*,#82210,.F.);
#82440=ORIENTED_EDGE('',*,*,#17530,.T.);
#82450=ORIENTED_EDGE('',*,*,#28280,.T.);
#82460=ORIENTED_EDGE('',*,*,#10280,.F.);
#82470=ORIENTED_EDGE('',*,*,#68280,.T.);
#82480=ORIENTED_EDGE('',*,*,#63970,.T.);
#82490=ORIENTED_EDGE('',*,*,#82300,.T.);
#82500=ORIENTED_EDGE('',*,*,#68460,.F.);
#82510=ORIENTED_EDGE('',*,*,#31910,.F.);
#82520=EDGE_LOOP('',(#82510,#82500,#82490,#82480,#82470,#82460,#82450,
#82440,#82430,#82420));
#82530=FACE_OUTER_BOUND('',#82520,.T.);
#82540=ADVANCED_FACE('',(#82530),#82410,.F.);
#82550=CARTESIAN_POINT('',(1.65,1.00000000000008,0.309999999999661));
#82560=DIRECTION('',(0.,1.,0.));
#82570=DIRECTION('',(0.,0.,1.));
#82580=AXIS2_PLACEMENT_3D('',#82550,#82560,#82570);
#82590=PLANE('',#82580);
#82600=ORIENTED_EDGE('',*,*,#5070,.T.);
#82610=ORIENTED_EDGE('',*,*,#66720,.F.);
#82620=ORIENTED_EDGE('',*,*,#67410,.T.);
#82630=ORIENTED_EDGE('',*,*,#69120,.T.);
#82640=ORIENTED_EDGE('',*,*,#59270,.T.);
#82650=CARTESIAN_POINT('',(1.7,1.00000000000008,-1.94382799999998));
#82660=DIRECTION('',(8.71576399210523E-33,-2.44921270764475E-16,-1.));
#82670=VECTOR('',#82660,1.);
#82680=LINE('',#82650,#82670);
#82690=EDGE_CURVE('',#59180,#26130,#82680,.T.);
#82700=ORIENTED_EDGE('',*,*,#82690,.F.);
#82710=ORIENTED_EDGE('',*,*,#26140,.F.);
#82720=EDGE_LOOP('',(#82710,#82700,#82640,#82630,#82620,#82610,#82600));
#82730=FACE_OUTER_BOUND('',#82720,.T.);
#82740=ADVANCED_FACE('',(#82730),#82590,.T.);
#82750=CARTESIAN_POINT('',(-6.075,0.699999999999922,0.409999999999662));
#82760=DIRECTION('',(1.,0.,0.));
#82770=DIRECTION('',(0.,1.,-1.22460635382238E-16));
#82780=AXIS2_PLACEMENT_3D('',#82750,#82760,#82770);
#82790=CYLINDRICAL_SURFACE('',#82780,0.1);
#82800=ORIENTED_EDGE('',*,*,#51620,.T.);
#82810=ORIENTED_EDGE('',*,*,#11400,.F.);
#82820=ORIENTED_EDGE('',*,*,#68630,.F.);
#82830=ORIENTED_EDGE('',*,*,#26000,.T.);
#82840=EDGE_LOOP('',(#82830,#82820,#82810,#82800));
#82850=FACE_OUTER_BOUND('',#82840,.T.);
#82860=ADVANCED_FACE('',(#82850),#82790,.T.);
#82870=CARTESIAN_POINT('',(1.675,0.975000000000076,0.625000000000018));
#82880=DIRECTION('',(-0.707106781186549,0.707106781186546,
-1.73185491414387E-16));
#82890=DIRECTION('',(-0.707106781186546,-0.707106781186549,
8.65927457071938E-17));
#82900=AXIS2_PLACEMENT_3D('',#82870,#82880,#82890);
#82910=PLANE('',#82900);
#82920=ORIENTED_EDGE('',*,*,#82690,.T.);
#82930=ORIENTED_EDGE('',*,*,#59190,.T.);
#82940=ORIENTED_EDGE('',*,*,#63710,.F.);
#82950=ORIENTED_EDGE('',*,*,#26220,.F.);
#82960=EDGE_LOOP('',(#82950,#82940,#82930,#82920));
#82970=FACE_OUTER_BOUND('',#82960,.T.);
#82980=ADVANCED_FACE('',(#82970),#82910,.T.);
#82990=CLOSED_SHELL('',(#44200,#44760,#45000,#45170,#45410,#45810,#46230
,#46630,#46960,#47180,#47580,#48000,#48720,#48890,#49060,#49300,#49480,
#49730,#49970,#50310,#50430,#50550,#50790,#50910,#51220,#51390,#51510,
#51860,#52160,#52560,#52960,#53270,#53600,#53910,#54130,#54430,#54600,
#54770,#55070,#55220,#55530,#56140,#56380,#56630,#57090,#57310,#57480,
#57600,#57720,#58030,#58210,#58610,#58730,#58900,#59840,#60010,#60260,
#60570,#61220,#61390,#61990,#62160,#62330,#62500,#62670,#62840,#62960,
#63270,#63590,#63760,#64090,#64770,#65080,#65320,#65560,#65810,#66050,
#66290,#66460,#66760,#67920,#68160,#68330,#68680,#68850,#69230,#69540,
#69840,#70030,#70280,#71030,#71340,#71950,#72120,#72310,#72430,#72600,
#72770,#72940,#73060,#73210,#73520,#73830,#74140,#74470,#74780,#75090,
#75400,#75620,#75750,#75880,#76390,#76510,#77830,#78070,#79320,#79490,
#79660,#79830,#80000,#80170,#80340,#80510,#80680,#80850,#81020,#81190,
#81360,#81530,#81650,#81820,#82100,#82360,#82540,#82740,#82860,#82980,
#43810,#400,#710,#1190,#2080,#2390,#3190,#3410,#3630,#3800,#4690,#6290,
#6750,#7060,#7370,#7770,#8080,#8390,#8720,#9030,#9660,#10060,#10460,
#13380,#16590,#16900,#17320,#17650,#18050,#18360,#18670,#18910,#19330,
#19970,#20370,#20590,#20990,#21300,#21700,#22420,#22640,#22950,#23170,
#23690,#24000,#24520,#24690,#24860,#25450,#25770,#26330,#26450,#26570,
#26690,#27000,#27120,#27430,#27550,#27860,#28170,#28340,#28730,#28970,
#29280,#29450,#31950,#32260,#32840,#33090,#33590,#33760,#33930,#34100,
#34220,#34340,#34730,#35120,#35290,#35460,#35580,#36180,#36500,#36740,
#36990,#37230,#37400,#37630,#37750,#37870,#38260,#38650,#38820,#38940,
#39110,#39710,#40030,#40270,#40520,#40760,#40930,#41160,#41280,#41400,
#41790,#42180,#42350,#42470,#42640,#42820,#42990,#43220,#43340));
#83000=MANIFOLD_SOLID_BREP('',#82990);
#83010=CARTESIAN_POINT('',(0.,0.,0.));
#83020=DIRECTION('',(0.,0.,1.));
#83030=DIRECTION('',(1.,0.,0.));
#83040=AXIS2_PLACEMENT_3D('',#83010,#83020,#83030);
#83050=APPLICATION_CONTEXT(' ');
#83060=APPLICATION_PROTOCOL_DEFINITION(' ','automotive_design',1998,
#83050);
#83070=PRODUCT_CONTEXT('',#83050,'mechanical');
#83080=PRODUCT_DEFINITION_CONTEXT('part definition',#83050,'design');
#83090=PRODUCT('FH35-9S-03SHW','FH35-9S-03SHW','',(#83070));
#83100=PRODUCT_RELATED_PRODUCT_CATEGORY('part',' ',(#83090));
#83110=PRODUCT_DEFINITION_FORMATION_WITH_SPECIFIED_SOURCE('','',#83090,
.BOUGHT.);
#83120=PRODUCT_DEFINITION('',' ',#83110,#83080);
#83130=PRODUCT_DEFINITION_SHAPE('','',#83120);
#83140=DIMENSIONAL_EXPONENTS(1.,0.,0.,0.,0.,0.,0.);
#83150=DIMENSIONAL_EXPONENTS(0.,0.,0.,0.,0.,0.,0.);
#83160=DIMENSIONAL_EXPONENTS(0.,0.,0.,0.,0.,0.,0.);
#83170=(LENGTH_UNIT() NAMED_UNIT(*) SI_UNIT(.MILLI.,.METRE.));
#83180=(NAMED_UNIT(*) PLANE_ANGLE_UNIT() SI_UNIT($,.RADIAN.));
#83190=(NAMED_UNIT(*) SI_UNIT($,.STERADIAN.) SOLID_ANGLE_UNIT());
#83200=(GEOMETRIC_REPRESENTATION_CONTEXT(3) 
GLOBAL_UNCERTAINTY_ASSIGNED_CONTEXT((#83210)) 
GLOBAL_UNIT_ASSIGNED_CONTEXT((#83170,#83180,#83190)) 
REPRESENTATION_CONTEXT('',''));
#83210=UNCERTAINTY_MEASURE_WITH_UNIT(LENGTH_MEASURE(1.E-6),#83170,
'distance_accuracy_value','maximum gap value');
#83220=ADVANCED_BREP_SHAPE_REPRESENTATION('',(#83040,#83000),#83200);
#83230=SHAPE_DEFINITION_REPRESENTATION(#83130,#83220);
#83240=COLOUR_RGB('',0.956862807273865,0.890196144580841,
0.717647075653076);
#83250=FILL_AREA_STYLE_COLOUR('',#83240);
#83260=FILL_AREA_STYLE('',(#83250));
#83270=SURFACE_STYLE_FILL_AREA(#83260);
#83280=SURFACE_SIDE_STYLE('',(#83270));
#83290=SURFACE_STYLE_USAGE(.BOTH.,#83280);
#83300=PRESENTATION_STYLE_ASSIGNMENT((#83290));
#83310=STYLED_ITEM('',(#83300),#83000);
#83320=DRAUGHTING_MODEL('',(#83310),#83200);
ENDSEC;
END-ISO-10303-21;
